{
  "assortativity": -0.06046000571750458,
  "betweenness_centrality": 329.70198675496687,
  "degree_distribution": [
    [
      0.0,
      2
    ],
    [
      4.0,
      2
    ],
    [
      5.0,
      2
    ],
    [
      6.0,
      4
    ],
    [
      7.0,
      4
    ],
    [
      8.0,
      6
    ],
    [
      9.0,
      6
    ],
    [
      10.0,
      8
    ],
    [
      11.0,
      11
    ],
    [
      12.0,
      12
    ],
    [
      13.0,
      16
    ],
    [
      14.0,
      17
    ],
    [
      15.0,
      12
    ],
    [
      16.0,
      18
    ],
    [
      17.0,
      13
    ],
    [
      18.0,
      10
    ],
    [
      19.0,
      12
    ],
    [
      20.0,
      10
    ],
    [
      21.0,
      10
    ],
    [
      22.0,
      15
    ],
    [
      23.0,
      6
    ],
    [
      24.0,
      7
    ],
    [
      25.0,
      6
    ],
    [
      26.0,
      10
    ],
    [
      27.0,
      3
    ],
    [
      28.0,
      6
    ],
    [
      29.0,
      4
    ],
    [
      30.0,
      4
    ],
    [
      31.0,
      5
    ],
    [
      32.0,
      6
    ],
    [
      33.0,
      3
    ],
    [
      34.0,
      5
    ],
    [
      35.0,
      3
    ],
    [
      36.0,
      5
    ],
    [
      37.0,
      2
    ],
    [
      38.0,
      3
    ],
    [
      39.0,
      5
    ],
    [
      40.0,
      4
    ],
    [
      42.0,
      1
    ],
    [
      43.0,
      2
    ],
    [
      44.0,
      2
    ],
    [
      45.0,
      3
    ],
    [
      46.0,
      1
    ],
    [
      47.0,
      2
    ],
    [
      48.0,
      2
    ],
    [
      49.0,
      1
    ],
    [
      57.0,
      1
    ],
    [
      59.0,
      1
    ],
    [
      63.0,
      3
    ],
    [
      64.0,
      1
    ],
    [
      70.0,
      1
    ],
    [
      75.0,
      1
    ],
    [
      82.0,
      1
    ],
    [
      97.0,
      1
    ],
    [
      98.0,
      1
    ]
  ],
  "density": 0.07555389320366988,
  "global_efficiency": 0.5004913716603228,
  "mean_clustering": 0.13878679544316133,
  "modularity": 0.09643009848471501,
  "path_length": 2.102953267705162,
  "small_worldness": 1.0084914032736105,
  "transitivity": 0.12843142873517108
}