{
  "assortativity": -0.05998388948536262,
  "betweenness_centrality": 330.52649006622516,
  "degree_distribution": [
    [
      0.0,
      2
    ],
    [
      3.0,
      1
    ],
    [
      4.0,
      1
    ],
    [
      5.0,
      2
    ],
    [
      6.0,
      4
    ],
    [
      7.0,
      4
    ],
    [
      8.0,
      8
    ],
    [
      9.0,
      2
    ],
    [
      10.0,
      11
    ],
    [
      11.0,
      9
    ],
    [
      12.0,
      13
    ],
    [
      13.0,
      17
    ],
    [
      14.0,
      16
    ],
    [
      15.0,
      9
    ],
    [
      16.0,
      22
    ],
    [
      17.0,
      12
    ],
    [
      18.0,
      8
    ],
    [
      19.0,
      14
    ],
    [
      20.0,
      10
    ],
    [
      21.0,
      9
    ],
    [
      22.0,
      15
    ],
    [
      23.0,
      7
    ],
    [
      24.0,
      9
    ],
    [
      25.0,
      5
    ],
    [
      26.0,
      9
    ],
    [
      27.0,
      3
    ],
    [
      28.0,
      7
    ],
    [
      29.0,
      3
    ],
    [
      30.0,
      4
    ],
    [
      31.0,
      4
    ],
    [
      32.0,
      4
    ],
    [
      33.0,
      7
    ],
    [
      34.0,
      3
    ],
    [
      35.0,
      4
    ],
    [
      36.0,
      6
    ],
    [
      37.0,
      2
    ],
    [
      38.0,
      3
    ],
    [
      39.0,
      5
    ],
    [
      40.0,
      2
    ],
    [
      41.0,
      1
    ],
    [
      42.0,
      1
    ],
    [
      43.0,
      1
    ],
    [
      44.0,
      4
    ],
    [
      45.0,
      3
    ],
    [
      46.0,
      1
    ],
    [
      48.0,
      3
    ],
    [
      49.0,
      1
    ],
    [
      57.0,
      1
    ],
    [
      61.0,
      1
    ],
    [
      62.0,
      2
    ],
    [
      64.0,
      1
    ],
    [
      65.0,
      1
    ],
    [
      71.0,
      1
    ],
    [
      76.0,
      1
    ],
    [
      82.0,
      1
    ],
    [
      96.0,
      1
    ],
    [
      97.0,
      1
    ]
  ],
  "density": 0.07564190006820531,
  "global_efficiency": 0.5000440034322676,
  "mean_clustering": 0.1361442476086683,
  "modularity": 0.0724292936009567,
  "path_length": 2.1057198728917137,
  "small_worldness": 0.9877868694550624,
  "transitivity": 0.1306485130777499
}