{
  "assortativity": -0.060597868805803555,
  "betweenness_centrality": [
    495.43078548694785,
    555.9939110980562,
    549.9693031754166,
    331.74824092635976,
    223.46490214544048,
    277.66478209393904,
    456.54987062086565,
    369.5498295974821,
    48.331389927659,
    60.66785097522913,
    338.8593687811922,
    172.99762165968673,
    1029.2027231233299,
    1044.5029232322888,
    133.9718533143697,
    390.92174315559095,
    122.56704147130476,
    113.15569105650142,
    273.195916890525,
    123.49509396278934,
    461.1369668494272,
    523.3575932585496,
    101.38453079117589,
    232.03870823142714,
    62.48103893362317,
    45.83735147907604,
    81.03327539979594,
    281.715084792272,
    83.96117380165127,
    91.84620967581014,
    332.6020192743954,
    125.05865506197117,
    26.21739848067916,
    76.04193786441634,
    34.15439910243073,
    10.451036059387743,
    23.741433439878342,
    10.554673040178011,
    18.150085056110154,
    286.6608069220818,
    282.3646714588945,
    60.45778336339404,
    159.96430312228392,
    287.95911110123245,
    476.2515941656363,
    255.23387587278364,
    72.17121562699198,
    87.89094862229067,
    18.655918830405408,
    45.905069607177296,
    176.30476097309148,
    141.63676790055015,
    192.64144151968708,
    4742.538762673298,
    4781.752398274468,
    3178.698028656738,
    3219.3288089325038,
    1619.0711677999293,
    1667.5927932636228,
    1841.7101235182415,
    2460.284984983042,
    614.6983414977846,
    338.12291366522254,
    485.85290477766813,
    806.7262547933875,
    920.0789252697401,
    698.9971557810989,
    619.5575898952221,
    573.6495330424866,
    602.5817898475025,
    621.2512824221682,
    223.93610468233834,
    58.15320907249665,
    167.8018979701193,
    299.0348598290554,
    215.2017302789332,
    218.80136997461716,
    297.9124155140791,
    243.0461476041762,
    158.819654248013,
    245.53743308985688,
    155.13609716513065,
    0.0,
    0.0,
    735.382337589152,
    248.06036896645074,
    342.01636450941885,
    510.77184511407154,
    65.56178256124517,
    200.00492119625014,
    104.76294797504123,
    105.71727776235832,
    135.53623177778226,
    72.81511659924817,
    69.04827799743072,
    465.36868233823355,
    240.32851649864793,
    65.31400034854576,
    157.34312561583772,
    361.7660158414684,
    97.42020489035211,
    70.6724003015561,
    77.56297257753515,
    216.7787973915833,
    379.86334599629487,
    235.98341584093615,
    33.755313521169896,
    21.345679075112784,
    38.736889995730714,
    340.8594182048401,
    2661.417174117904,
    95.96491627203217,
    681.9190179977631,
    130.60056090180566,
    198.49798478230628,
    309.7156377529741,
    898.7500579717591,
    76.876496512436,
    98.29322855398377,
    37.538044955764136,
    65.01915885182315,
    48.93722618757438,
    51.70712010820586,
    94.42337358884387,
    28.41872338552262,
    67.05575212502995,
    63.84680313125009,
    56.56537803577979,
    157.3221444180445,
    95.64847084115256,
    88.55375716481166,
    89.99304174791493,
    81.34991797386554,
    300.51555896251216,
    92.2984207700161,
    52.04000760335695,
    124.47937013705729,
    95.34064576647597,
    161.04074680278268,
    31.97980314748359,
    57.90194965660011,
    57.15965855151173,
    66.17621787508199,
    53.447243497027586,
    79.55219723013738,
    1.381507406122569,
    20.117604378850874,
    6.091195968482456,
    58.57452088280471,
    89.54883840257261,
    67.19674940484612,
    188.95192831075207,
    589.6905569387992,
    69.28975658038613,
    221.98022227442263,
    213.9097577071735,
    170.32364628574197,
    18.790689927652284,
    72.44183713902981,
    45.76607846713235,
    86.59703022308412,
    98.21816643233159,
    100.70919769264968,
    133.82353888538262,
    161.38951851060796,
    100.66519517497176,
    55.988816672930135,
    7.827410567523749,
    6.880378964184048,
    42.71013324899962,
    6.436905025008548,
    108.97862780468729,
    1711.5221332925014,
    1691.320717123519,
    105.74586816480625,
    190.02118517638937,
    38.641363045134966,
    293.77548509985894,
    874.2758200857394,
    750.3466129213886,
    927.5433962555243,
    282.40101584162954,
    600.230747731345,
    948.6940836892957,
    729.7421690043495,
    118.61919509721133,
    142.6389814295396,
    982.2312050726946,
    854.3590236292287,
    648.178248305969,
    736.0662904989813,
    509.92394095520194,
    786.991097670568,
    283.06163345625424,
    200.51476536751306,
    360.43319515875044,
    634.9019931866384,
    605.0389958363143,
    708.6866646696337,
    603.3558643505738,
    769.8591486890928,
    186.7733147296446,
    180.32731715564728,
    463.43875594183635,
    449.44592406162263,
    157.0093626770402,
    183.845886565642,
    707.5115979441949,
    315.364276411178,
    664.177767741775,
    415.8250616321314,
    312.7827108596918,
    482.65883672935973,
    190.603556370913,
    104.08040435226573,
    88.29545494220176,
    306.1445153832593,
    140.3620644181831,
    54.925378452216904,
    878.3288750595266,
    612.7269211743154,
    289.4350658083151,
    259.82664897369034,
    318.0961999667086,
    182.6242752801556,
    473.8233602071339,
    222.17111589725818,
    75.01897246050534,
    53.54918062090158,
    42.55810997962063,
    210.86766305386072,
    178.61664868388482,
    174.88963626955126,
    178.70061980233464,
    82.83571562027886,
    88.3708649563596,
    41.53580277438521,
    96.22116755572031,
    660.9640489982868,
    250.1353413522575,
    328.53754861539653,
    333.1661663877918,
    285.0693088721432,
    260.51970823741027,
    532.9036400215308,
    424.997835064807,
    336.88516779253194,
    365.91850795948994,
    31.95052018457503,
    26.19601188449936,
    169.1409425573937,
    127.30887972463255,
    358.7366083662461,
    324.24661854524487,
    463.14424511087844,
    437.93116580064884,
    118.07994963400238,
    94.00011064936494,
    279.9368785130678,
    186.1334189950639,
    33.51604634311281,
    123.35366437335885,
    382.3763853891407,
    327.4205558646712,
    156.82093115201792,
    247.85914755959232,
    99.84750347968334,
    30.578426837140416,
    114.28869707485823,
    57.01758321173621,
    71.21042579507461,
    37.21812901119525,
    316.64169177291694,
    107.18870739877303,
    122.76345986377864,
    118.8383651595936,
    43.10496422471262,
    157.289231400505,
    28.599214788842602,
    103.80951039673258,
    39.245141131575465,
    27.290880122353162,
    72.64349576896237,
    160.96899189868745,
    124.25111553068258,
    201.1785350092132,
    7.16193326417439,
    39.20050401187043,
    66.96046707505003,
    118.61152183822546,
    51.44058099992415,
    229.8292804625445,
    226.36615958126976,
    267.2409370433787,
    171.6193794641437,
    102.73213807633786,
    107.23954837458977,
    156.97826550872486,
    94.10587017197734,
    62.38655151970836,
    45.94812046232608,
    184.68621896194043
  ],