{
  "assortativity": -0.07214421649448576,
  "betweenness_centrality": 329.6026490066225,
  "degree_distribution": [
    [
      0.0,
      2
    ],
    [
      4.0,
      2
    ],
    [
      5.0,
      3
    ],
    [
      6.0,
      2
    ],
    [
      7.0,
      6
    ],
    [
      8.0,
      6
    ],
    [
      9.0,
      5
    ],
    [
      10.0,
      7
    ],
    [
      11.0,
      11
    ],
    [
      12.0,
      12
    ],
    [
      13.0,
      17
    ],
    [
      14.0,
      16
    ],
    [
      15.0,
      9
    ],
    [
      16.0,
      21
    ],
    [
      17.0,
      15
    ],
    [
      18.0,
      8
    ],
    [
      19.0,
      12
    ],
    [
      20.0,
      11
    ],
    [
      21.0,
      13
    ],
    [
      22.0,
      10
    ],
    [
      23.0,
      7
    ],
    [
      24.0,
      8
    ],
    [
      25.0,
      5
    ],
    [
      26.0,
      10
    ],
    [
      27.0,
      3
    ],
    [
      28.0,
      7
    ],
    [
      29.0,
      4
    ],
    [
      30.0,
      3
    ],
    [
      31.0,
      3
    ],
    [
      32.0,
      7
    ],
    [
      33.0,
      7
    ],
    [
      34.0,
      1
    ],
    [
      35.0,
      7
    ],
    [
      36.0,
      4
    ],
    [
      37.0,
      2
    ],
    [
      38.0,
      4
    ],
    [
      39.0,
      2
    ],
    [
      40.0,
      5
    ],
    [
      42.0,
      2
    ],
    [
      43.0,
      3
    ],
    [
      44.0,
      2
    ],
    [
      45.0,
      2
    ],
    [
      46.0,
      2
    ],
    [
      48.0,
      1
    ],
    [
      49.0,
      2
    ],
    [
      57.0,
      1
    ],
    [
      61.0,
      1
    ],
    [
      62.0,
      1
    ],
    [
      63.0,
      2
    ],
    [
      64.0,
      1
    ],
    [
      71.0,
      1
    ],
    [
      75.0,
      1
    ],
    [
      82.0,
      1
    ],
    [
      96.0,
      1
    ],
    [
      98.0,
      1
    ]
  ],
  "density": 0.07568590350047304,
  "global_efficiency": 0.5005738780958247,
  "mean_clustering": 0.13315844607785204,
  "modularity": 0.1044095400576373,
  "path_length": 2.1026199417790714,
  "small_worldness": 0.9673522941180099,
  "transitivity": 0.12548580934761722
}