{
  "assortativity": -0.08758446785164692,
  "betweenness_centrality": [
    446.87731078034153,
    416.0749887670605,
    539.2765292814887,
    255.75645501634838,
    231.63697820057354,
    295.9010876360397,
    334.7720668724064,
    531.8684580065495,
    61.234446816564706,
    85.20486774993626,
    404.5344130534187,
    216.33472358596435,
    716.7898303680143,
    1021.1652416930152,
    232.3432427320156,
    320.9765672199544,
    107.40778215720714,
    189.26981912353003,
    139.4023218720737,
    203.24787932666908,
    690.6591192719682,
    422.90152835464727,
    85.32169556111407,
    254.9582926215101,
    124.18758411847253,
    28.058617360308464,
    71.09701619691029,
    282.462171381296,
    73.86564344790897,
    83.24784419218317,
    258.64625916686384,
    73.62436293996237,
    44.35929204799289,
    67.18835661181028,
    19.684187078756853,
    40.490182658616014,
    23.848667750663214,
    22.99682914334239,
    14.861618980190729,
    427.57998335463634,
    215.53528484042164,
    35.55230009270353,
    72.65911646629864,
    357.1222073395863,
    582.0952265144566,
    209.33559429164,
    89.67483298573589,
    61.811084901516246,
    21.76206473957941,
    58.28619112951936,
    250.46206744229448,
    131.48174430343875,
    78.37283342776811,
    4850.689825424443,
    4941.895030733505,
    3262.8082969543784,
    3627.1820486799456,
    1686.7063135397475,
    1881.935298571609,
    1950.75336231786,
    1744.9849787091957,
    533.8648612940548,
    242.4685957781908,
    655.3375123512291,
    818.7964732206325,
    893.2570837651633,
    659.8255568758243,
    623.1982018620834,
    659.2235781877398,
    453.8397500796391,
    754.7116017053233,
    309.79297880036876,
    46.05090938572134,
    206.84408278151696,
    319.38916605724745,
    145.44379937217593,
    247.48860312514577,
    295.0355700436338,
    309.78878974233623,
    182.0805036909669,
    74.64032664834541,
    128.77802520607784,
    0.0,
    0.0,
    488.17796984563216,
    338.798075615458,
    251.41830694459088,
    704.9743691239529,
    95.19143820464464,
    159.92288379029517,
    201.32075364475932,
    73.6459723752979,
    161.39724370955977,
    50.370957594960984,
    140.26692305081525,
    456.3681597494038,
    187.98177604961842,
    66.29099815495637,
    190.14247594308466,
    241.280222189221,
    106.8812886108143,
    63.17918792504921,
    62.20910241202363,
    278.9097373047743,
    360.41508956835065,
    243.8007871008182,
    40.24396056855025,
    32.9525938081605,
    85.5927892558608,
    280.1747828559749,
    2579.120147491476,
    84.72466919717533,
    499.9312694255272,
    361.243703705721,
    250.86191779885212,
    419.66825392927666,
    892.4190144374367,
    50.657088820934064,
    131.4994609891618,
    15.29357047722511,
    96.85076252816813,
    73.78754431539647,
    69.88651146526026,
    84.25626564555165,
    50.99495799382807,
    60.87424293002982,
    84.8400655608821,
    83.67637905324906,
    183.83672518713135,
    94.87911460340024,
    50.61124283620722,
    46.15266236404364,
    103.16357135916012,
    253.2067662256238,
    86.18072653014488,
    35.18618815795061,
    106.57561735820543,
    108.34172972671124,
    143.92298410402802,
    25.0242409818178,
    39.62737370785092,
    34.95897254214845,
    51.40259747396474,
    52.85127978894988,
    41.393937864586434,
    0.9127536877536877,
    10.769488075276282,
    11.994590443114644,
    56.3620339888504,
    43.21475940416698,
    59.12013356693834,
    182.31391189107217,
    537.8015785829778,
    188.45606266104735,
    152.93957194228454,
    188.77428069313547,
    96.59844430260335,
    51.794680226825825,
    41.16665085569461,
    50.8984358855447,
    45.081370064648574,
    66.32716459691753,
    92.44235016735364,
    133.83870016268241,
    132.12432511545077,
    70.12767410982435,
    106.45432243501102,
    9.453735451803908,
    10.171112564821492,
    16.64959666309041,
    8.46002956640342,
    172.64185638696435,
    1688.8603125922368,
    2029.689153901446,
    86.44431231917225,
    98.30145887021148,
    41.778402307874515,
    359.08014672078747,
    1006.3132442296491,
    651.0548513063073,
    733.7021082154199,
    212.91239761861038,
    592.5264519929525,
    951.6079567400975,
    976.4536294680495,
    152.73548943196488,
    98.90917828797879,
    885.2024160860054,
    972.3231854224665,
    684.8854021346821,
    906.8308451254863,
    578.4076631951726,
    682.5377093571283,
    328.23674341437544,
    200.9861106531316,
    368.84510246679866,
    729.5617549192363,
    430.25125151323414,
    878.717205346155,
    549.5616425672961,
    594.5848358129723,
    181.421638148256,
    146.162323075317,
    440.9451493717661,
    574.9304064349784,
    221.27255681878248,
    202.97673282781514,
    438.379736018638,
    302.89883272517113,
    598.8531094329353,
    465.92857540044525,
    376.956973114677,
    335.8559338636529,
    111.1824459086673,
    115.61571961598122,
    154.50830442817528,
    349.18684504105914,
    250.65376858799252,
    80.54809488701541,
    911.2676076396845,
    698.6289998177484,
    248.08547980090526,
    251.66043753763296,
    194.93993494830212,
    182.67538351867344,
    384.3583939641626,
    180.59022721044485,
    80.46664688845294,
    64.00981547839582,
    41.485274201155846,
    161.90222347650186,
    104.36788125540369,
    157.51369828410884,
    136.21520710497902,
    47.558616956950665,
    99.65020939967656,
    78.47423337601008,
    41.50301634935362,
    185.2380331141616,
    365.7819261832192,
    258.9427944115509,
    227.06477707982845,
    334.89242234592984,
    527.4476303380242,
    566.104656493371,
    408.6054116686169,
    677.2535320042875,
    411.49799536517986,
    29.470220982281145,
    21.18691956687095,
    129.1189610068952,
    132.90663037592225,
    143.21063553349833,
    337.61222254728517,
    329.78611038504124,
    683.030985952569,
    142.2363396265335,
    217.09618871168553,
    266.1134380907075,
    147.7866053427691,
    73.43580745132505,
    391.2697497171439,
    350.35446639979983,
    273.3799800136562,
    135.8705186343075,
    147.3756288068368,
    117.73091406127332,
    41.73026410599046,
    91.87447176137009,
    46.92503025493177,
    56.826598867857115,
    88.69782791563267,
    223.3915594532219,
    95.33825641596958,
    131.87647107543637,
    150.70338835601427,
    85.5396668363977,
    142.78383197448585,
    13.83650923197329,
    81.52466287367618,
    26.849930711171986,
    78.08131288271714,
    49.85872549525703,
    110.02625635070551,
    127.58640606447706,
    270.2829235522254,
    10.18856032743011,
    13.219658481509589,
    16.167521855230465,
    124.6257829845704,
    65.52278721985147,
    166.88726703699788,
    196.81255993925467,
    182.9313382913285,
    183.44373349945678,
    140.30959957208347,
    126.98985768042472,
    114.97401855571064,
    132.3749378425321,
    57.65599803536575,
    22.788322955074737,
    94.86611306298279
  ],