{
  "assortativity": -0.06907323978702856,
  "betweenness_centrality": [
    531.0743785472787,
    510.4751734213765,
    564.9961011955241,
    550.3669438381652,
    331.8854372958353,
    308.05399362056545,
    323.48156140255554,
    477.17807279458316,
    77.20075290770191,
    55.2972853529511,
    400.37842271234257,
    133.24242707343782,
    933.5250839490576,
    1130.872503203016,
    119.27731915455534,
    345.96718691095765,
    122.51399415110275,
    145.4767688549499,
    184.0283408617228,
    162.69230390663043,
    567.2269307091818,
    385.1517788945939,
    58.581115730157656,
    232.58578004191224,
    47.21368355252937,
    46.03183487602112,
    73.97645913849883,
    300.32637743855446,
    72.80060894844935,
    83.19071820500368,
    199.81107516786986,
    90.74711919610854,
    9.381144075309873,
    75.90604033558762,
    25.356804020902846,
    13.932506583028934,
    14.746225636652168,
    15.6741911116306,
    17.692558216356602,
    317.63255698697276,
    228.42761838905713,
    110.13465852874185,
    121.9682670831532,
    278.002412563076,
    502.8462335575806,
    200.37174441424335,
    97.82978875000857,
    106.44693250509825,
    14.323896038506694,
    65.46307337118708,
    166.56422980352943,
    201.02356190192268,
    141.11461429073455,
    5053.396155120895,
    5369.46515626595,
    2465.4203219318274,
    3237.344253853318,
    1419.3158282010222,
    1949.930289725673,
    2054.651371158067,
    1922.749062794866,
    521.0679693294559,
    362.33948605835724,
    626.7021832873396,
    781.3788896484941,
    1110.2487755797156,
    788.9427017229191,
    755.8952599771111,
    568.7857887144053,
    458.6152806431727,
    457.22244046831565,
    218.76809226428242,
    64.33404942135878,
    240.29022527746991,
    176.75853308120708,
    203.03540491845888,
    188.63107583067531,
    191.55307394706352,
    306.0780942988553,
    153.96454807761774,
    88.2474983440709,
    185.60000803342353,
    0.0,
    0.0,
    578.7161141080938,
    354.7459988579588,
    273.1894076286706,
    534.2546658207546,
    77.44174912861988,
    190.31922597585293,
    233.17626326230754,
    79.93796572562708,
    156.41113355061302,
    59.28558146245796,
    97.79450006732186,
    488.3506283064248,
    207.2329420015155,
    51.238467351436036,
    176.06251333171016,
    340.65003097114027,
    127.80435446700328,
    85.71224801841129,
    59.38515619326293,
    262.7815577660347,
    404.58875302190665,
    230.97857374439653,
    26.54679934297833,
    55.95358613352524,
    71.78969396427206,
    386.0033286644277,
    2287.210593213206,
    122.2925964813991,
    627.7316723557445,
    169.86988224080005,
    174.32356062814083,
    395.7738511946462,
    1099.7832342841261,
    49.043432785963574,
    96.54394084573742,
    41.04566873840963,
    108.26796060386862,
    59.42485730958654,
    50.430014966980515,
    162.0049623392622,
    14.525621451708963,
    78.05885720920335,
    108.17491780044476,
    145.13928126237104,
    180.94753614882129,
    70.65496289250589,
    79.15841720756626,
    97.05406130804253,
    44.286577002492535,
    178.36618126324964,
    110.58932980317614,
    52.13114635899815,
    95.8448303996045,
    104.0043318613667,
    111.73210549933052,
    29.912932557549524,
    46.73214901983924,
    39.23144581974122,
    108.27239499676499,
    57.01834757507589,
    31.374151038890744,
    0.3747392675236478,
    27.67378469112435,
    10.601470561432054,
    75.62057876827888,
    63.96687701484168,
    55.9652264324833,
    230.56236627205868,
    410.5776963435526,
    98.25123380413415,
    237.09794101739965,
    191.69022400700442,
    88.21920512651155,
    48.7867372349828,
    43.88029914849227,
    70.96361192383772,
    73.11778157381785,
    84.59115784523767,
    54.4001844585113,
    215.18423611211045,
    175.36083828725555,
    82.52214129520304,
    90.19918864621711,
    14.660046999201777,
    17.2450746735715,
    47.24916952652235,
    5.623473298141796,
    131.3269148969285,
    1826.1782964090096,
    1808.6493522981411,
    84.93094855497824,
    160.35544025436252,
    69.80230493066584,
    624.1343431582068,
    1039.068731041534,
    761.785366856756,
    656.3812255563753,
    161.14162114666928,
    629.645206619898,
    824.6110583100818,
    1014.3183999925433,
    118.68311577164069,
    126.92359754340738,
    979.0471723064575,
    983.0810173691339,
    881.2875915885492,
    597.0518913943212,
    378.05753610711594,
    707.1269663146559,
    213.51749830704338,
    109.12460320900244,
    457.376714540946,
    532.2661959630683,
    434.237537366277,
    627.4370820397501,
    528.3724734885375,
    620.4797081661893,
    262.3071879174719,
    174.9970301285678,
    475.0288874530013,
    448.89756261956626,
    188.428083668951,
    301.07627552187347,
    509.61187505576555,
    313.3542204787328,
    731.8242983936179,
    470.27929231443585,
    272.9742236556062,
    497.5017109410986,
    173.14567010771395,
    118.19939919042693,
    80.05003684370175,
    504.30379890919033,
    188.22636811443024,
    129.95785907530836,
    918.5304620794016,
    654.0864299719392,
    202.93872394509737,
    141.97658573854167,
    248.59811713188324,
    223.8175673717409,
    533.6745905758987,
    161.79853700620862,
    102.66475786852916,
    41.605369550998255,
    49.17967761374694,
    157.1448153113361,
    130.0575111374213,
    73.92309467133494,
    144.8266478606365,
    168.7322896346496,
    107.38609198537374,
    72.47396885875146,
    100.38431407849608,
    308.652694587153,
    358.3180982223931,
    285.9935048671587,
    409.63726025760286,
    231.5036829711258,
    187.5563665950729,
    432.38111847038465,
    487.27856881989743,
    457.5407278803091,
    327.65697313614965,
    22.031765582061638,
    19.538697428203896,
    73.30965459915953,
    105.79402456050938,
    242.03864743250426,
    334.88506059047086,
    366.53596062087,
    526.531623702135,
    78.51428856192216,
    139.37170702802862,
    258.0912716113716,
    150.09569224426036,
    62.52411926236264,
    190.3663537622207,
    290.28412387766735,
    328.50280202909596,
    186.1707674264098,
    181.6204213286553,
    100.63607617135591,
    47.92911274814781,
    128.6872706959475,
    63.275386131265016,
    66.76447768870155,
    72.74881313766163,
    302.6222305903701,
    42.12736650548875,
    128.87855245888747,
    145.47915659258567,
    68.31282639105629,
    223.67845832134523,
    21.60985341443136,
    82.37693002935892,
    27.22667151985646,
    92.63498370741426,
    60.14370995980248,
    100.75761887765547,
    293.1161578659226,
    197.29927834389156,
    1.9168339209223724,
    10.91583784443204,
    63.3860461612843,
    82.0099802489126,
    64.39007200366713,
    149.76204648739468,
    373.1193922067992,
    246.05001198172297,
    145.0266506822858,
    147.44308953429262,
    147.89440402725086,
    273.9916523761983,
    130.16175422773162,
    52.60871041789033,
    35.07298109056634,
    75.9656450460121
  ],