{
  "assortativity": -0.05638317672534093,
  "betweenness_centrality": [
    592.125301733623,
    523.9401687543349,
    637.5055564178583,
    415.729536027835,
    242.14951063019416,
    291.3783522905587,
    296.20339045562935,
    478.4700058275497,
    120.50322247773862,
    106.47403590429866,
    308.8621984608277,
    116.89807180152356,
    981.4298950331814,
    1024.2767328496031,
    166.04606995892246,
    435.5988348323989,
    133.75563630576642,
    194.52247517585204,
    144.61025280631557,
    213.88674269002107,
    740.6687318589243,
    301.1983184198475,
    116.57496313112274,
    201.2921429149014,
    83.71003440861057,
    25.68249411952025,
    69.81964133687588,
    254.55623375822998,
    82.89333004314577,
    95.65711874139731,
    244.1395504371221,
    81.68709985932531,
    25.81266532400467,
    48.48555067339265,
    18.827871805917603,
    26.647891008642738,
    10.304928349593673,
    16.889416936551108,
    12.28337081145025,
    287.2126841636527,
    354.1803422700361,
    53.655513601232656,
    120.12304087050073,
    176.3722749517149,
    667.9035699387889,
    208.5695935747349,
    111.38436563784342,
    76.79426040362482,
    29.57694652434143,
    88.38781811627798,
    203.00145279380024,
    150.75198996472406,
    134.79476417224527,
    4702.204080529991,
    5019.532559162945,
    2858.003522410908,
    3209.9762675456554,
    1468.385598252441,
    1859.700768608925,
    1680.1174138957697,
    1926.6561538996393,
    610.2652623575725,
    309.79304911268747,
    694.1468598609997,
    947.950093699985,
    976.3982015544981,
    682.1218813249872,
    743.6180835946085,
    662.3642309093802,
    427.0089087009202,
    694.487214347126,
    317.6451317150171,
    42.97299686443299,
    117.21450892933001,
    207.000860798603,
    218.52899810915105,
    219.00124854526078,
    216.7938492330888,
    268.63549122772645,
    161.34951718882255,
    111.02622477138098,
    156.36917533615625,
    0.0,
    0.0,
    548.0062766586165,
    314.9986020227458,
    268.46903051343406,
    537.6681881017345,
    63.390232544536715,
    128.3669657584853,
    164.04459699968206,
    103.68024265215561,
    198.7292286283919,
    72.0547828229005,
    182.7408068791778,
    431.05292830809395,
    317.88541926315554,
    124.44867529243731,
    193.96847171552307,
    346.06964677075456,
    140.0136063537475,
    88.7121965383338,
    68.71904879288638,
    262.5985702905509,
    434.9534716267605,
    221.13290473819603,
    64.01758353011205,
    27.497706348974333,
    34.8022762179729,
    435.3473751639412,
    2007.7167923624604,
    106.1992626148205,
    623.4247896960283,
    186.64786307772326,
    182.71079589183097,
    290.8397459000969,
    904.8898665283734,
    43.65305600444499,
    80.77183140074794,
    26.676806837608034,
    83.61012050683435,
    65.93573801279724,
    41.520213830538296,
    100.18600112746685,
    11.707790558730846,
    51.442992017479156,
    57.896102484300684,
    127.59500487191056,
    172.70571506858263,
    87.57197477003795,
    59.125279076079366,
    66.00828768539519,
    89.87303681994815,
    180.3150851331773,
    127.94940664542618,
    53.470261275022054,
    169.3093739641757,
    99.25048761511206,
    72.93676695452524,
    37.41596505168701,
    39.51044601490234,
    30.935158813909705,
    48.851363204412934,
    65.5404321688902,
    35.40939666984981,
    0.0,
    12.592640096450998,
    8.735451212712997,
    87.03598147601915,
    72.60340377694962,
    44.80569893787139,
    344.3814170264979,
    420.94408479236847,
    98.71786096521673,
    135.23634626741898,
    199.73038299248998,
    204.2686824687199,
    75.448776187847,
    30.1685221415798,
    45.89741548545717,
    55.41455474141351,
    36.113223959902285,
    89.99500885609424,
    167.25236022106316,
    105.65678320941787,
    91.80282311636668,
    86.73705097585423,
    2.4284230406714458,
    8.047395031883747,
    64.70193643677376,
    5.52997187971104,
    120.0809288734271,
    1573.9308098451286,
    2083.2553276943813,
    67.00405483928039,
    67.25519529902834,
    29.636399951134756,
    415.5433374656594,
    1227.6231448376263,
    762.864538232845,
    797.646308939602,
    183.32314247329475,
    557.4840571977866,
    820.584536860168,
    1011.5201578462476,
    81.33438818443003,
    133.24362004958456,
    991.2099966360418,
    876.6861673031868,
    832.7644296109266,
    848.9418690753674,
    488.06745209183714,
    692.0753401765525,
    355.8711046930439,
    103.66796900256362,
    465.28669411011646,
    756.3198724314714,
    594.9744675529195,
    645.5778854683637,
    730.3943847963856,
    736.7750179914991,
    186.31590485338666,
    201.33264940193177,
    472.0802756528592,
    526.9561218583731,
    184.11095652362056,
    204.78094525005955,
    487.945222432808,
    332.87797243050574,
    691.576165887298,
    444.6014873368708,
    432.5702090345563,
    543.3426917925215,
    174.22281381296742,
    145.46108685316912,
    83.57828393184532,
    285.5231656129638,
    235.0495887455329,
    103.37598178085636,
    841.2105796284503,
    694.0299630845908,
    362.3156875577126,
    154.74574374651445,
    317.2902015396571,
    298.1586136553214,
    427.5852585155737,
    190.0964810958879,
    96.23654198091549,
    37.861353256237976,
    28.72567565293579,
    244.2171957246005,
    148.82256575871273,
    131.51409233160877,
    258.90945233145356,
    76.46494775803626,
    124.83077475388443,
    31.429053084606007,
    102.42667119818448,
    234.82453352978,
    378.44904340739606,
    264.2273796142368,
    387.24823197531765,
    308.97114832382186,
    236.50384236492062,
    476.98790315485866,
    555.6677993221659,
    413.23566548070204,
    424.2913366741986,
    7.601117792831925,
    26.130460356870902,
    123.70988638298199,
    128.4386855686013,
    208.38468708464848,
    387.86195488513306,
    468.16487930040046,
    686.6731115479788,
    125.17640922337353,
    167.39111886015348,
    291.32622768293106,
    307.85441161296467,
    67.0673848324113,
    119.4993782269358,
    306.3732982768429,
    297.01044124227457,
    191.0755199004777,
    179.3688401705975,
    91.07393767824597,
    54.69583016130118,
    123.22224437340772,
    44.29318452402907,
    67.66422158040281,
    109.703568187502,
    157.31921605000073,
    50.06873915001591,
    135.6058503625077,
    140.12105598612317,
    64.63963616392695,
    147.87654899640376,
    24.140910613139322,
    77.76754056362232,
    26.009775629949054,
    70.951772634831,
    52.31897829398897,
    104.27621792490537,
    169.42812702587617,
    223.68524029381973,
    2.8631266669138737,
    26.783925519116757,
    17.652681770258784,
    95.31092216861452,
    47.46367238940534,
    209.0378358404078,
    239.88680039885588,
    198.43188077200574,
    114.61751499824081,
    129.37049314832404,
    141.0712081857404,
    191.59224737062513,
    127.45922512923767,
    74.37390822517466,
    41.35035343863564,
    96.1495812822114
  ],