{
  "assortativity": -0.0628476961729167,
  "betweenness_centrality": 328.85099337748346,
  "degree_distribution": [
    [
      0.0,
      2
    ],
    [
      4.0,
      2
    ],
    [
      5.0,
      2
    ],
    [
      6.0,
      3
    ],
    [
      7.0,
      6
    ],
    [
      8.0,
      5
    ],
    [
      9.0,
      4
    ],
    [
      10.0,
      11
    ],
    [
      11.0,
      10
    ],
    [
      12.0,
      10
    ],
    [
      13.0,
      16
    ],
    [
      14.0,
      17
    ],
    [
      15.0,
      13
    ],
    [
      16.0,
      18
    ],
    [
      17.0,
      14
    ],
    [
      18.0,
      10
    ],
    [
      19.0,
      9
    ],
    [
      20.0,
      13
    ],
    [
      21.0,
      10
    ],
    [
      22.0,
      13
    ],
    [
      23.0,
      9
    ],
    [
      24.0,
      6
    ],
    [
      25.0,
      9
    ],
    [
      26.0,
      6
    ],
    [
      27.0,
      6
    ],
    [
      28.0,
      5
    ],
    [
      29.0,
      4
    ],
    [
      30.0,
      3
    ],
    [
      31.0,
      2
    ],
    [
      32.0,
      7
    ],
    [
      33.0,
      6
    ],
    [
      34.0,
      4
    ],
    [
      35.0,
      4
    ],
    [
      36.0,
      4
    ],
    [
      37.0,
      3
    ],
    [
      38.0,
      7
    ],
    [
      39.0,
      1
    ],
    [
      40.0,
      2
    ],
    [
      41.0,
      1
    ],
    [
      42.0,
      1
    ],
    [
      43.0,
      1
    ],
    [
      44.0,
      4
    ],
    [
      45.0,
      2
    ],
    [
      46.0,
      1
    ],
    [
      47.0,
      1
    ],
    [
      48.0,
      2
    ],
    [
      49.0,
      2
    ],
    [
      57.0,
      1
    ],
    [
      61.0,
      1
    ],
    [
      62.0,
      2
    ],
    [
      63.0,
      1
    ],
    [
      65.0,
      1
    ],
    [
      70.0,
      1
    ],
    [
      75.0,
      1
    ],
    [
      80.0,
      1
    ],
    [
      98.0,
      2
    ]
  ],
  "density": 0.07564190006820531,
  "global_efficiency": 0.5009882437496792,
  "mean_clustering": 0.1365762721740077,
  "modularity": 0.09824802665083585,
  "path_length": 2.1000977756049863,
  "small_worldness": 0.9936319270619146,
  "transitivity": 0.12808267588683642
}