{
  "assortativity": -0.07698957970773007,
  "betweenness_centrality": 328.476821192053,
  "degree_distribution": [
    [
      0.0,
      2
    ],
    [
      4.0,
      2
    ],
    [
      5.0,
      2
    ],
    [
      6.0,
      3
    ],
    [
      7.0,
      5
    ],
    [
      8.0,
      7
    ],
    [
      9.0,
      3
    ],
    [
      10.0,
      9
    ],
    [
      11.0,
      11
    ],
    [
      12.0,
      13
    ],
    [
      13.0,
      14
    ],
    [
      14.0,
      16
    ],
    [
      15.0,
      16
    ],
    [
      16.0,
      19
    ],
    [
      17.0,
      10
    ],
    [
      18.0,
      7
    ],
    [
      19.0,
      13
    ],
    [
      20.0,
      15
    ],
    [
      21.0,
      9
    ],
    [
      22.0,
      12
    ],
    [
      23.0,
      7
    ],
    [
      24.0,
      10
    ],
    [
      25.0,
      5
    ],
    [
      26.0,
      7
    ],
    [
      27.0,
      4
    ],
    [
      28.0,
      7
    ],
    [
      29.0,
      4
    ],
    [
      30.0,
      3
    ],
    [
      31.0,
      8
    ],
    [
      32.0,
      6
    ],
    [
      33.0,
      1
    ],
    [
      34.0,
      4
    ],
    [
      35.0,
      4
    ],
    [
      36.0,
      6
    ],
    [
      37.0,
      5
    ],
    [
      38.0,
      2
    ],
    [
      39.0,
      1
    ],
    [
      40.0,
      3
    ],
    [
      41.0,
      2
    ],
    [
      42.0,
      1
    ],
    [
      43.0,
      2
    ],
    [
      44.0,
      3
    ],
    [
      45.0,
      1
    ],
    [
      46.0,
      2
    ],
    [
      48.0,
      3
    ],
    [
      49.0,
      2
    ],
    [
      57.0,
      1
    ],
    [
      61.0,
      1
    ],
    [
      62.0,
      1
    ],
    [
      63.0,
      3
    ],
    [
      70.0,
      1
    ],
    [
      76.0,
      1
    ],
    [
      82.0,
      1
    ],
    [
      96.0,
      1
    ],
    [
      98.0,
      1
    ]
  ],
  "density": 0.07570790521660689,
  "global_efficiency": 0.5012100943873621,
  "mean_clustering": 0.13509203506755788,
  "modularity": 0.08595921905537453,
  "path_length": 2.0988422479500457,
  "small_worldness": 0.9833214086816211,
  "transitivity": 0.125109135929695
}