{
  "assortativity": -0.07898569890261786,
  "betweenness_centrality": [
    502.01199630742235,
    502.0724944494197,
    523.4542100676982,
    481.2895717799199,
    173.56309491053824,
    268.71825380244843,
    375.9229777922073,
    489.69833928775523,
    69.94472788260074,
    62.36840522082768,
    361.6628570231801,
    81.61850357962464,
    998.9038766927413,
    1225.7037717392243,
    175.66644178679755,
    190.66606669970773,
    178.69951551454963,
    167.0009183430193,
    195.59062598152718,
    260.8466264441855,
    510.3601768890188,
    398.38668625798283,
    71.03242928037729,
    206.69363383568626,
    61.921736687569464,
    42.76655996976676,
    68.06220053026713,
    322.7392937796624,
    125.161932758624,
    58.15054677411628,
    293.70081746133235,
    113.70203425519482,
    25.553510317153048,
    40.6884991626994,
    31.405256665770604,
    30.017175069205422,
    20.362878967739285,
    15.668022150767971,
    9.296488927406676,
    272.3866323267665,
    329.5577829917149,
    46.33560705847149,
    83.6272693211816,
    295.61928751863064,
    515.7058511239075,
    175.37091901568013,
    63.8951202343668,
    82.54964825532389,
    11.485048769744804,
    40.92609975206556,
    170.67111847900668,
    137.35403954577743,
    103.48068888501169,
    4967.344796562962,
    4861.241052158834,
    2756.65922882571,
    3166.9690233809592,
    1648.6042188591387,
    2041.2359865826986,
    1665.4349322897456,
    2014.6178290227037,
    577.5515236614154,
    225.72445872047064,
    600.702524280284,
    1038.0124769308018,
    849.1424639581949,
    739.0195350676103,
    1173.2778922102075,
    678.3225603504835,
    411.8465449329884,
    566.5193544608181,
    163.38401322969887,
    51.69379731282312,
    155.06585670487664,
    261.4288867086705,
    243.8565009586742,
    190.480612428606,
    227.6293213254697,
    202.82851824639823,
    151.0271806791728,
    71.16037178296999,
    161.11759585559935,
    0.0,
    0.0,
    503.050786054272,
    274.95095112184845,
    332.50013864652914,
    530.0442125594452,
    60.46258689194714,
    199.91107125811044,
    125.27624771438923,
    170.1359721276035,
    109.00329837385411,
    79.1491700113556,
    75.93102993660517,
    480.9959617082904,
    219.90174163191324,
    119.08162999422645,
    156.27341558967007,
    333.6237603009024,
    57.54713409910516,
    52.39696773139025,
    52.67700942478531,
    236.1076103930897,
    314.7550356013592,
    256.3873445750771,
    39.87146847495002,
    33.41467327193583,
    59.18375685577296,
    367.66741246434793,
    2009.453464941388,
    122.21261856259883,
    658.9579447756946,
    151.1189724819529,
    205.16111481353062,
    305.2702457398989,
    820.7971971952437,
    45.985239159636016,
    69.76293824354153,
    38.7267275263197,
    63.660736772546514,
    81.18779439557356,
    52.66876054752918,
    144.58077590193588,
    35.08234867404859,
    62.62330392732337,
    77.19310030699286,
    95.92244697391952,
    141.32901662985097,
    67.08001718734981,
    55.54702582477979,
    100.36256782805727,
    95.98099254767605,
    175.29200759355487,
    97.6914848194346,
    47.543963277353335,
    169.76712709970076,
    102.29778362742391,
    159.41864551200246,
    12.97084628794977,
    26.40268603167029,
    59.199344203807115,
    56.370966805994314,
    33.23510912571416,
    53.045880561144195,
    0.0,
    16.54146832653649,
    5.091476763291517,
    45.19833689410361,
    57.71824554953116,
    65.50511168233515,
    191.96638907457304,
    386.1945575630842,
    128.44260736821715,
    182.25286638978832,
    131.14705132159813,
    196.19449496627425,
    52.14999429533799,
    58.8859124637091,
    94.13311946736998,
    90.72051919603635,
    112.74478457387376,
    88.99484781412808,
    185.7860060553286,
    101.54044355394686,
    113.9542686345179,
    83.35177037684336,
    12.417094935641195,
    8.532238595662024,
    54.367549263021935,
    18.483160966561442,
    197.9119661803481,
    2001.5720493356157,
    1754.6184882547775,
    94.70325660202288,
    102.55463353839285,
    48.53657511010762,
    395.30786392843476,
    1180.5047266853867,
    1308.047269427116,
    743.783953700333,
    191.0236267411285,
    558.3564003273058,
    1009.3160428382683,
    1000.944809008519,
    94.55415397925593,
    106.79960195130263,
    1108.4030772158221,
    801.3367380278245,
    865.4006976197211,
    653.3967320904725,
    530.3277557239772,
    630.0274052106172,
    295.8633624183471,
    152.26719169992793,
    422.42824049898036,
    687.6725861773019,
    514.6200673291703,
    689.6103508451685,
    782.8256528531268,
    775.5282088594334,
    197.84099408804667,
    226.21170338005513,
    412.8694652802014,
    572.2620036094188,
    167.99120520535223,
    220.18355874709914,
    527.89145020251,
    318.09252729338465,
    694.956434093807,
    551.7681368928374,
    461.487050007539,
    431.19081980318094,
    143.13331020695057,
    114.28818525762352,
    108.18007958608622,
    339.19371202556437,
    177.61412853171157,
    99.39593588888805,
    891.8111031067909,
    579.5104174334496,
    403.9335657722293,
    206.89478607971873,
    389.5534198956466,
    228.44452640724543,
    512.6048045970689,
    212.94078902044998,
    165.2550761676358,
    27.120006036604575,
    25.022103605779094,
    165.88067622628753,
    187.0254467404765,
    135.3249332842885,
    216.73505558106106,
    134.92202907655744,
    142.97888974704708,
    62.781562828838425,
    54.61074830226782,
    289.12882556124373,
    219.66472886240135,
    308.05894462006376,
    322.9213673122074,
    201.59919100593999,
    269.1690871403187,
    461.37557485164143,
    482.085876166893,
    489.99369271436285,
    335.95364239478823,
    31.870474457722644,
    54.68809313769646,
    60.69304398681976,
    78.6411036582779,
    305.8382296384818,
    343.37760151480455,
    449.596464105257,
    446.2298042954142,
    75.33529621164124,
    225.63167774687162,
    243.38045970517118,
    322.6695192074894,
    35.52637775585849,
    137.9176786478214,
    319.86823111925224,
    337.71352953754206,
    226.98017025515165,
    174.49624267529495,
    68.7158682567936,
    23.550415168114,
    190.66567938177315,
    28.24193104476812,
    59.67394597123356,
    86.93587576726198,
    258.4949780951464,
    150.82625575177735,
    103.99270860346725,
    94.80062438638763,
    52.480813301593,
    136.52665447472222,
    17.054675684418825,
    56.15530907233674,
    53.14452895470155,
    76.1549261243997,
    46.907060529568994,
    125.08024006649033,
    168.71630719624267,
    173.6697389751676,
    3.5996870535831524,
    15.863565902922861,
    48.08135598282243,
    81.505044151754,
    38.18845082720968,
    190.71561554042802,
    182.80916186404156,
    224.82496823000147,
    189.50417285777593,
    110.06218131854543,
    149.70600647516508,
    128.71134171097606,
    197.77340737316624,
    53.29702030459239,
    35.748722165452435,
    124.81848434127082
  ],