{
  "assortativity": -0.03456166404615303,
  "betweenness_centrality": [
    523.8318766329023,
    345.0532420097532,
    574.7398807541655,
    544.3621859311133,
    380.85981518322745,
    316.64269571880817,
    331.26339225554307,
    432.2016516803578,
    69.77873886047678,
    69.04327447683659,
    373.6231867320454,
    134.1008586264662,
    1057.8293130334819,
    1052.8508366591848,
    168.29636420206006,
    391.75979846107236,
    208.58242227603262,
    243.91998973958792,
    149.8807369847054,
    161.06363661868153,
    573.6709977474379,
    543.3046690918202,
    75.13231143101889,
    274.9383482181736,
    71.57557542423582,
    52.658022836658006,
    89.49111669988874,
    326.4662849994122,
    55.04610211907074,
    98.73834933235315,
    172.34186076372612,
    96.7686744331372,
    13.826825954848793,
    60.59256963168453,
    29.427431704186084,
    12.594259884584874,
    25.065631242087203,
    12.435028874919807,
    14.16465034596566,
    333.3011295266308,
    320.4631656370848,
    66.65167602813153,
    167.29552050140367,
    359.9065474454555,
    633.493171038354,
    142.97035126365637,
    100.21862409461437,
    95.05128448914817,
    16.023583475521047,
    63.33133662260716,
    168.34274628550145,
    247.50554304665738,
    76.89693129142444,
    4636.85373489468,
    4043.3888695491696,
    2745.4384432493875,
    3076.3687788991992,
    1291.4837672005378,
    2242.3326205500634,
    1984.5971269549298,
    1612.166954682271,
    411.88589149343056,
    352.1541851794209,
    752.7830763988594,
    948.088976629883,
    969.8203117430529,
    720.2325239963188,
    807.8142699306501,
    645.9510001453605,
    499.2913792653219,
    684.9340885531254,
    233.14461753190108,
    83.1558223103759,
    214.25609843987618,
    268.968686025291,
    254.19832751099253,
    246.02304702443573,
    140.08883670687618,
    386.77606767918405,
    170.55200966513115,
    69.82365088026448,
    115.58255060582783,
    0.0,
    0.0,
    428.608965491637,
    485.3264593091639,
    357.3857418477252,
    511.96831659985116,
    91.49165940313269,
    222.53092549564067,
    165.33712709834566,
    120.84605263460305,
    171.94448307644694,
    41.6031243609204,
    202.72846375056335,
    373.62534466510533,
    214.83064203261065,
    65.52474484462576,
    144.14409102442795,
    259.21069540497695,
    134.89118798949278,
    70.54721686425057,
    82.38025071245367,
    184.93429532427044,
    397.35424646025587,
    264.4984647852684,
    34.03713655447906,
    37.95237192235138,
    102.93640464885856,
    367.8466849063462,
    2239.957017406848,
    73.56082610691047,
    593.8159364491419,
    257.06921023924934,
    301.98347241940235,
    300.0846788915323,
    803.2952715843394,
    83.47510125051838,
    104.8581936376372,
    43.52363218970454,
    73.2470266210788,
    61.463110012262504,
    30.485702140198928,
    68.78524961840367,
    36.36407681827985,
    112.73207961880863,
    51.844881187788616,
    111.53912933793664,
    157.13371047906875,
    78.48313152652275,
    52.41342706927004,
    96.1665637518513,
    75.89475008371525,
    266.54714999057376,
    70.77822684941717,
    47.10339029316164,
    93.74633203604337,
    109.597518972718,
    141.761346526827,
    22.814630396290323,
    74.91244535990403,
    22.887777276612656,
    80.18574799634689,
    78.39667976137771,
    39.80966413490649,
    0.4491895991535501,
    16.884920865218298,
    10.920724905504771,
    79.4078588158703,
    52.251313566921915,
    42.04060158511673,
    202.697973151731,
    569.2716011202822,
    123.77072232130323,
    173.38766022528276,
    135.81975151700928,
    138.97209119835924,
    53.83722489573602,
    37.973033821348615,
    55.15712542896294,
    58.001347792281635,
    135.37989146078812,
    110.2033083358388,
    162.91491353765804,
    168.51541511324078,
    145.78717690788943,
    91.31595868564054,
    18.082848422264682,
    12.975080729910701,
    43.52750912164488,
    13.58805655550312,
    168.14840432743458,
    1851.5141607530559,
    1659.4596057757283,
    86.3373281133902,
    115.47732073841283,
    19.624653346022075,
    446.44857006692035,
    1341.0523106952462,
    1031.882202806432,
    773.7432403726008,
    198.636590886969,
    665.2633068892716,
    1083.407583439905,
    824.3486667280079,
    93.52183652540856,
    109.31153323993502,
    943.0975870732757,
    1131.1871602486372,
    877.0723333365376,
    642.1299841100948,
    426.01876659678464,
    652.169087844694,
    293.88077766027936,
    106.804848535479,
    486.61164035585614,
    635.1469884046878,
    670.9403455969234,
    717.1888146768056,
    551.1007763176543,
    712.0134142591783,
    252.31789482933831,
    211.75000460534778,
    571.8061335848099,
    373.57535944760554,
    201.76989780255244,
    245.5965293981783,
    330.67096665280616,
    312.5167762333478,
    560.5441813952913,
    559.5636447380962,
    439.76676636183856,
    420.75054780103454,
    117.34645212566899,
    132.78332368738788,
    129.68660454728484,
    406.5443919617212,
    222.71647600261466,
    64.5576331354246,
    1206.4133818978673,
    665.879034995134,
    397.29359305088184,
    217.72379143030372,
    242.95836586892653,
    185.79105915170405,
    565.10784301933,
    113.38609083653549,
    77.73077215480448,
    60.1762417734616,
    35.59116159240232,
    168.88679618648723,
    146.0211959984506,
    111.48692678325511,
    282.237250498779,
    67.694502583032,
    131.40477667942432,
    108.03850267017773,
    136.41038560241475,
    270.9078870465295,
    232.0307229610519,
    229.27722008054022,
    306.4820418451043,
    277.68187756330457,
    343.98982877395474,
    571.8267919388724,
    556.4270906773789,
    465.3692297973685,
    409.74262596671673,
    39.90651169037814,
    8.57432023511794,
    108.86921383442274,
    105.93713310532007,
    148.352780142411,
    394.10515010531816,
    466.7062021657905,
    560.4849373134767,
    169.32016628885177,
    197.4768636237602,
    264.04881640573313,
    172.48422702906484,
    64.78376435997455,
    111.2621891380509,
    240.10277222531647,
    569.9496558886055,
    228.9301082310677,
    219.19497388430244,
    69.929349596597,
    33.91106918600474,
    83.4791526953762,
    53.497871895249396,
    55.261213173849185,
    133.34239555066526,
    204.86490449089746,
    126.55761674692283,
    180.04117760706362,
    89.01234799797231,
    76.90538493187505,
    126.28404297275601,
    48.80667717725033,
    77.57683971985794,
    35.28654322761285,
    59.79978702003884,
    28.11495899795785,
    132.7194347013705,
    178.45391954861304,
    201.12730919757965,
    7.757350721978131,
    23.45970222563613,
    66.69257403560906,
    88.1586947684008,
    49.667878494306215,
    206.21788005648256,
    317.9649618227782,
    312.54214811701365,
    167.1197321090643,
    93.75273113241578,
    197.3638200448,
    260.79572595358337,
    132.63919223066569,
    69.27133597164945,
    31.60604826677264,
    109.89261155356839
  ],