{
  "assortativity": -0.05376618881895675,
  "betweenness_centrality": 330.1523178807947,
  "degree_distribution": [
    [
      0.0,
      2
    ],
    [
      4.0,
      2
    ],
    [
      5.0,
      2
    ],
    [
      6.0,
      3
    ],
    [
      7.0,
      5
    ],
    [
      8.0,
      6
    ],
    [
      9.0,
      5
    ],
    [
      10.0,
      9
    ],
    [
      11.0,
      10
    ],
    [
      12.0,
      11
    ],
    [
      13.0,
      19
    ],
    [
      14.0,
      14
    ],
    [
      15.0,
      13
    ],
    [
      16.0,
      21
    ],
    [
      17.0,
      11
    ],
    [
      18.0,
      6
    ],
    [
      19.0,
      17
    ],
    [
      20.0,
      10
    ],
    [
      21.0,
      8
    ],
    [
      22.0,
      15
    ],
    [
      23.0,
      8
    ],
    [
      24.0,
      9
    ],
    [
      25.0,
      3
    ],
    [
      26.0,
      8
    ],
    [
      27.0,
      7
    ],
    [
      28.0,
      6
    ],
    [
      29.0,
      2
    ],
    [
      30.0,
      3
    ],
    [
      31.0,
      3
    ],
    [
      32.0,
      9
    ],
    [
      33.0,
      4
    ],
    [
      34.0,
      6
    ],
    [
      35.0,
      2
    ],
    [
      36.0,
      5
    ],
    [
      37.0,
      1
    ],
    [
      38.0,
      5
    ],
    [
      39.0,
      2
    ],
    [
      40.0,
      3
    ],
    [
      41.0,
      2
    ],
    [
      43.0,
      3
    ],
    [
      44.0,
      3
    ],
    [
      45.0,
      3
    ],
    [
      48.0,
      3
    ],
    [
      49.0,
      2
    ],
    [
      57.0,
      1
    ],
    [
      62.0,
      3
    ],
    [
      63.0,
      1
    ],
    [
      65.0,
      1
    ],
    [
      69.0,
      1
    ],
    [
      76.0,
      1
    ],
    [
      82.0,
      1
    ],
    [
      95.0,
      1
    ],
    [
      96.0,
      1
    ]
  ],
  "density": 0.07564190006820531,
  "global_efficiency": 0.5002548532118839,
  "mean_clustering": 0.13388482422859818,
  "modularity": 0.09734184198347107,
  "path_length": 2.1044643452367726,
  "small_worldness": 0.9718195202179004,
  "transitivity": 0.126550726024448
}