{
  "assortativity": -0.0765261373689768,
  "betweenness_centrality": 328.27152317880797,
  "degree_distribution": [
    [
      0.0,
      2
    ],
    [
      4.0,
      2
    ],
    [
      5.0,
      2
    ],
    [
      6.0,
      4
    ],
    [
      7.0,
      4
    ],
    [
      8.0,
      6
    ],
    [
      9.0,
      4
    ],
    [
      10.0,
      9
    ],
    [
      11.0,
      11
    ],
    [
      12.0,
      14
    ],
    [
      13.0,
      12
    ],
    [
      14.0,
      20
    ],
    [
      15.0,
      15
    ],
    [
      16.0,
      15
    ],
    [
      17.0,
      15
    ],
    [
      18.0,
      7
    ],
    [
      19.0,
      10
    ],
    [
      20.0,
      15
    ],
    [
      21.0,
      8
    ],
    [
      22.0,
      12
    ],
    [
      23.0,
      9
    ],
    [
      24.0,
      7
    ],
    [
      25.0,
      6
    ],
    [
      26.0,
      8
    ],
    [
      27.0,
      5
    ],
    [
      28.0,
      7
    ],
    [
      29.0,
      4
    ],
    [
      30.0,
      6
    ],
    [
      31.0,
      1
    ],
    [
      32.0,
      7
    ],
    [
      33.0,
      2
    ],
    [
      34.0,
      5
    ],
    [
      35.0,
      4
    ],
    [
      36.0,
      5
    ],
    [
      37.0,
      4
    ],
    [
      38.0,
      5
    ],
    [
      40.0,
      5
    ],
    [
      43.0,
      2
    ],
    [
      44.0,
      1
    ],
    [
      45.0,
      5
    ],
    [
      46.0,
      2
    ],
    [
      47.0,
      2
    ],
    [
      48.0,
      2
    ],
    [
      57.0,
      1
    ],
    [
      61.0,
      1
    ],
    [
      62.0,
      1
    ],
    [
      63.0,
      2
    ],
    [
      65.0,
      1
    ],
    [
      71.0,
      1
    ],
    [
      75.0,
      1
    ],
    [
      82.0,
      1
    ],
    [
      97.0,
      2
    ]
  ],
  "density": 0.07568590350047304,
  "global_efficiency": 0.5013036016809311,
  "mean_clustering": 0.13465081526254438,
  "modularity": 0.11051042636434119,
  "path_length": 2.0981533743694585,
  "small_worldness": 0.9804033858502402,
  "transitivity": 0.1260873926938676
}