{
  "assortativity": -0.055357577328272414,
  "betweenness_centrality": 329.6291390728477,
  "degree_distribution": [
    [
      0.0,
      2
    ],
    [
      4.0,
      3
    ],
    [
      5.0,
      1
    ],
    [
      6.0,
      3
    ],
    [
      7.0,
      5
    ],
    [
      8.0,
      7
    ],
    [
      9.0,
      5
    ],
    [
      10.0,
      9
    ],
    [
      11.0,
      9
    ],
    [
      12.0,
      13
    ],
    [
      13.0,
      17
    ],
    [
      14.0,
      14
    ],
    [
      15.0,
      12
    ],
    [
      16.0,
      21
    ],
    [
      17.0,
      12
    ],
    [
      18.0,
      5
    ],
    [
      19.0,
      18
    ],
    [
      20.0,
      10
    ],
    [
      21.0,
      9
    ],
    [
      22.0,
      12
    ],
    [
      23.0,
      9
    ],
    [
      24.0,
      12
    ],
    [
      26.0,
      9
    ],
    [
      27.0,
      4
    ],
    [
      28.0,
      8
    ],
    [
      29.0,
      4
    ],
    [
      30.0,
      5
    ],
    [
      31.0,
      4
    ],
    [
      32.0,
      4
    ],
    [
      33.0,
      3
    ],
    [
      34.0,
      5
    ],
    [
      35.0,
      4
    ],
    [
      36.0,
      5
    ],
    [
      37.0,
      1
    ],
    [
      38.0,
      7
    ],
    [
      39.0,
      1
    ],
    [
      40.0,
      4
    ],
    [
      41.0,
      1
    ],
    [
      42.0,
      2
    ],
    [
      43.0,
      1
    ],
    [
      45.0,
      4
    ],
    [
      46.0,
      2
    ],
    [
      47.0,
      2
    ],
    [
      48.0,
      2
    ],
    [
      49.0,
      1
    ],
    [
      57.0,
      1
    ],
    [
      62.0,
      1
    ],
    [
      63.0,
      3
    ],
    [
      65.0,
      1
    ],
    [
      69.0,
      1
    ],
    [
      74.0,
      1
    ],
    [
      83.0,
      1
    ],
    [
      97.0,
      1
    ],
    [
      98.0,
      1
    ]
  ],
  "density": 0.07572990693274076,
  "global_efficiency": 0.5005665441904469,
  "mean_clustering": 0.13704701294074215,
  "modularity": 0.1013218443689925,
  "path_length": 2.1027088286926956,
  "small_worldness": 0.9958403014765004,
  "transitivity": 0.12867736358570633
}