{
  "assortativity": -0.06067869105455181,
  "betweenness_centrality": 329.88079470198676,
  "degree_distribution": [
    [
      0.0,
      2
    ],
    [
      4.0,
      3
    ],
    [
      5.0,
      1
    ],
    [
      6.0,
      3
    ],
    [
      7.0,
      6
    ],
    [
      8.0,
      5
    ],
    [
      9.0,
      5
    ],
    [
      10.0,
      9
    ],
    [
      11.0,
      9
    ],
    [
      12.0,
      12
    ],
    [
      13.0,
      16
    ],
    [
      14.0,
      16
    ],
    [
      15.0,
      11
    ],
    [
      16.0,
      22
    ],
    [
      17.0,
      14
    ],
    [
      18.0,
      5
    ],
    [
      19.0,
      15
    ],
    [
      20.0,
      12
    ],
    [
      21.0,
      8
    ],
    [
      22.0,
      15
    ],
    [
      23.0,
      8
    ],
    [
      24.0,
      7
    ],
    [
      25.0,
      7
    ],
    [
      26.0,
      7
    ],
    [
      27.0,
      5
    ],
    [
      28.0,
      6
    ],
    [
      29.0,
      4
    ],
    [
      30.0,
      3
    ],
    [
      31.0,
      5
    ],
    [
      32.0,
      3
    ],
    [
      33.0,
      6
    ],
    [
      34.0,
      8
    ],
    [
      35.0,
      1
    ],
    [
      36.0,
      5
    ],
    [
      37.0,
      2
    ],
    [
      38.0,
      3
    ],
    [
      39.0,
      5
    ],
    [
      40.0,
      2
    ],
    [
      41.0,
      1
    ],
    [
      42.0,
      2
    ],
    [
      44.0,
      4
    ],
    [
      45.0,
      3
    ],
    [
      46.0,
      1
    ],
    [
      48.0,
      3
    ],
    [
      49.0,
      1
    ],
    [
      56.0,
      1
    ],
    [
      60.0,
      1
    ],
    [
      61.0,
      1
    ],
    [
      62.0,
      1
    ],
    [
      63.0,
      1
    ],
    [
      64.0,
      1
    ],
    [
      71.0,
      1
    ],
    [
      75.0,
      1
    ],
    [
      81.0,
      1
    ],
    [
      96.0,
      1
    ],
    [
      98.0,
      1
    ]
  ],
  "density": 0.0755978966359376,
  "global_efficiency": 0.5004051982721318,
  "mean_clustering": 0.13370533440955473,
  "modularity": 0.1023969080084778,
  "path_length": 2.103553254372125,
  "small_worldness": 0.970928566430887,
  "transitivity": 0.1258752325960598
}