{
  "assortativity": -0.08522166084451427,
  "betweenness_centrality": 326.9039735099338,
  "degree_distribution": [
    [
      0.0,
      2
    ],
    [
      4.0,
      2
    ],
    [
      5.0,
      2
    ],
    [
      6.0,
      3
    ],
    [
      7.0,
      7
    ],
    [
      8.0,
      4
    ],
    [
      9.0,
      7
    ],
    [
      10.0,
      6
    ],
    [
      11.0,
      11
    ],
    [
      12.0,
      15
    ],
    [
      13.0,
      14
    ],
    [
      14.0,
      14
    ],
    [
      15.0,
      13
    ],
    [
      16.0,
      19
    ],
    [
      17.0,
      14
    ],
    [
      18.0,
      9
    ],
    [
      19.0,
      11
    ],
    [
      20.0,
      13
    ],
    [
      21.0,
      10
    ],
    [
      22.0,
      14
    ],
    [
      23.0,
      7
    ],
    [
      24.0,
      7
    ],
    [
      25.0,
      6
    ],
    [
      26.0,
      8
    ],
    [
      27.0,
      7
    ],
    [
      28.0,
      3
    ],
    [
      29.0,
      3
    ],
    [
      30.0,
      5
    ],
    [
      31.0,
      5
    ],
    [
      32.0,
      6
    ],
    [
      33.0,
      3
    ],
    [
      34.0,
      6
    ],
    [
      35.0,
      3
    ],
    [
      36.0,
      4
    ],
    [
      37.0,
      2
    ],
    [
      38.0,
      5
    ],
    [
      39.0,
      3
    ],
    [
      40.0,
      2
    ],
    [
      41.0,
      2
    ],
    [
      42.0,
      1
    ],
    [
      43.0,
      1
    ],
    [
      44.0,
      4
    ],
    [
      45.0,
      2
    ],
    [
      46.0,
      1
    ],
    [
      47.0,
      1
    ],
    [
      48.0,
      2
    ],
    [
      49.0,
      2
    ],
    [
      57.0,
      1
    ],
    [
      60.0,
      1
    ],
    [
      61.0,
      1
    ],
    [
      63.0,
      3
    ],
    [
      71.0,
      1
    ],
    [
      74.0,
      1
    ],
    [
      82.0,
      1
    ],
    [
      98.0,
      1
    ],
    [
      99.0,
      1
    ]
  ],
  "density": 0.07561989835207146,
  "global_efficiency": 0.5020461596004487,
  "mean_clustering": 0.14122178218577955,
  "modularity": 0.11025081031469304,
  "path_length": 2.093564587453612,
  "small_worldness": 1.0310156702180264,
  "transitivity": 0.12684828988440133
}