{
  "assortativity": -0.05918875381418286,
  "betweenness_centrality": 330.29801324503313,
  "degree_distribution": [
    [
      0.0,
      2
    ],
    [
      4.0,
      2
    ],
    [
      5.0,
      2
    ],
    [
      6.0,
      3
    ],
    [
      7.0,
      6
    ],
    [
      8.0,
      5
    ],
    [
      9.0,
      4
    ],
    [
      10.0,
      10
    ],
    [
      11.0,
      10
    ],
    [
      12.0,
      12
    ],
    [
      13.0,
      14
    ],
    [
      14.0,
      20
    ],
    [
      15.0,
      10
    ],
    [
      16.0,
      21
    ],
    [
      17.0,
      12
    ],
    [
      18.0,
      6
    ],
    [
      19.0,
      17
    ],
    [
      20.0,
      12
    ],
    [
      21.0,
      8
    ],
    [
      22.0,
      13
    ],
    [
      23.0,
      5
    ],
    [
      24.0,
      10
    ],
    [
      25.0,
      5
    ],
    [
      26.0,
      9
    ],
    [
      27.0,
      6
    ],
    [
      28.0,
      6
    ],
    [
      29.0,
      2
    ],
    [
      30.0,
      3
    ],
    [
      31.0,
      6
    ],
    [
      32.0,
      4
    ],
    [
      33.0,
      6
    ],
    [
      34.0,
      3
    ],
    [
      35.0,
      5
    ],
    [
      36.0,
      5
    ],
    [
      37.0,
      3
    ],
    [
      38.0,
      2
    ],
    [
      39.0,
      4
    ],
    [
      40.0,
      2
    ],
    [
      41.0,
      2
    ],
    [
      43.0,
      5
    ],
    [
      44.0,
      1
    ],
    [
      45.0,
      1
    ],
    [
      46.0,
      2
    ],
    [
      47.0,
      2
    ],
    [
      48.0,
      1
    ],
    [
      49.0,
      2
    ],
    [
      56.0,
      1
    ],
    [
      61.0,
      1
    ],
    [
      62.0,
      1
    ],
    [
      63.0,
      2
    ],
    [
      64.0,
      1
    ],
    [
      70.0,
      1
    ],
    [
      76.0,
      1
    ],
    [
      82.0,
      1
    ],
    [
      97.0,
      2
    ]
  ],
  "density": 0.07568590350047304,
  "global_efficiency": 0.5001906815398267,
  "mean_clustering": 0.1409696406334197,
  "modularity": 0.09413323439353985,
  "path_length": 2.104953223261705,
  "small_worldness": 1.0235324081072397,
  "transitivity": 0.13129118517811098
}