{
  "assortativity": -0.06712723084134857,
  "betweenness_centrality": [
    383.0893381952988,
    523.4235949113355,
    402.2613155788916,
    451.9128070201049,
    204.02270218305134,
    292.4562072619948,
    516.154843153364,
    457.3101116654109,
    72.07316842989448,
    119.83336790527915,
    246.50255748754196,
    117.5313774531966,
    978.6107156438745,
    1234.1799248159805,
    176.3545358965213,
    395.4775776532673,
    126.87529340215598,
    260.5248656676241,
    157.33684549579226,
    225.52271389924627,
    796.0027773771282,
    427.47816387279255,
    58.56355821181047,
    236.38349877918984,
    61.57212469216423,
    25.398316768713503,
    80.86298221367923,
    352.81280984556463,
    63.75302530887508,
    96.04079723679081,
    274.37544056324833,
    92.76539414677129,
    23.849510437446348,
    61.68916034631243,
    32.797373033078216,
    23.210888395742817,
    24.01496098028718,
    14.906970505967289,
    22.60195333139953,
    235.7209321880655,
    162.01468948585796,
    46.96620784962189,
    103.27763036224528,
    324.04662178809855,
    503.76532292642884,
    198.215755223106,
    86.792205903281,
    60.147225510457424,
    12.649034138800708,
    86.28512865749849,
    251.67624235906294,
    143.63630892418186,
    109.60686230975804,
    4959.815513447887,
    4601.1951990558255,
    2567.4726358126322,
    3233.2514199654756,
    1689.8988772126665,
    1895.9430195989391,
    1858.6938448417498,
    1681.1332683360129,
    495.78246067068665,
    256.6300659169954,
    795.7006984286003,
    906.722916000461,
    835.6991875874111,
    772.6935235534469,
    969.1420070408832,
    755.854332971357,
    440.46102777488835,
    548.501260090252,
    197.17154715864626,
    37.76112416960441,
    181.62805766035615,
    288.18261331786545,
    179.2500894865113,
    203.5814889496269,
    202.26345382725108,
    205.57700113577212,
    163.06280610497507,
    67.26573686178102,
    105.62926536998862,
    0.0,
    0.0,
    528.8123896955193,
    334.3104400556241,
    358.97830814344775,
    422.91418485089275,
    67.90114251219758,
    155.02717010667305,
    253.37201801561162,
    94.98652739531049,
    181.59995798924916,
    97.58102259226192,
    136.9347986782144,
    386.86204548496835,
    227.76876570803972,
    102.41673635444951,
    207.8735891810831,
    277.0090451428813,
    94.81366635529491,
    78.60359680087821,
    64.35032642841033,
    227.7898193471612,
    292.97760648159255,
    183.26089410125397,
    55.2886519451934,
    26.15402223518966,
    65.96972379334562,
    279.9227339449674,
    2536.620361900758,
    118.2141707040826,
    677.5437737385041,
    180.1496041292849,
    228.11675455957126,
    351.08756415776503,
    960.7967887833612,
    37.73387697233426,
    125.60356309356713,
    47.25096067275396,
    82.01775502814145,
    60.27621377382407,
    52.979850760289075,
    107.98067640881791,
    50.352211465423586,
    108.45839223436117,
    54.1323045876213,
    101.5975915469556,
    195.38300293577828,
    80.87634074852575,
    62.08169157040902,
    87.60643491391376,
    123.54105586454675,
    184.01037692640492,
    118.42899360347634,
    53.25345806975148,
    104.05873947448455,
    83.56074083264066,
    170.27043679591947,
    13.768309233881201,
    93.57076804103359,
    40.35326115414311,
    55.66922833268301,
    45.589684938644844,
    28.557005124346567,
    0.9136708884095643,
    23.459976922418132,
    15.413730828182386,
    91.33389218404658,
    82.44149457495188,
    48.238250569639135,
    159.67652033178993,
    417.2642320286601,
    94.26975221819444,
    174.020343652333,
    135.24891366031088,
    204.9875825269396,
    97.39501053155463,
    32.371475924361555,
    43.02825155186046,
    68.52175790721734,
    105.07087665165498,
    84.41112856929806,
    128.59356484045364,
    117.77875710013582,
    69.85915952059455,
    60.21784174926894,
    10.811177087823598,
    21.45978653665851,
    32.77978296927944,
    16.153210151854903,
    186.26528721873322,
    1824.7332287232452,
    1880.7171610419869,
    79.97867656017858,
    83.76151941531508,
    52.90389386382712,
    419.5757145449394,
    841.328644006355,
    843.5866058475293,
    848.9169236197347,
    200.39931205269994,
    489.8262322885132,
    959.7625613364494,
    866.8322290449704,
    114.57526910846963,
    120.79059141705255,
    1064.2057703261166,
    1086.1656010403094,
    809.2159581417044,
    824.7428535147661,
    417.59513093189406,
    820.6205421878209,
    270.0084626390615,
    132.68647328370733,
    436.9192438571825,
    659.7621154980568,
    529.4601542188633,
    678.0509482513118,
    722.980411932849,
    668.0976644450869,
    195.99887557983078,
    171.13591074169244,
    766.7911533797433,
    453.2421608762631,
    191.1350877724845,
    328.4164178078308,
    400.03631903270986,
    204.2092139950668,
    784.8244355159775,
    662.9577982525711,
    347.845735670152,
    531.7973856632913,
    168.21906948520584,
    85.35280185678272,
    113.45704939030942,
    320.2180880227792,
    211.2399458370836,
    59.74947245681541,
    777.4301917593509,
    705.7837579390283,
    393.7666754849638,
    163.72694297492174,
    250.41546090697972,
    211.1790010044224,
    647.7556343157671,
    131.1414707128848,
    66.89670086090045,
    43.753449392658354,
    38.72863750536156,
    166.89903195841143,
    149.68204484228352,
    87.92966270789513,
    192.15521209166587,
    61.68501064782328,
    80.86912101004575,
    112.12955052803386,
    119.4451540459213,
    294.538333298616,
    334.94082254670445,
    314.02426616257384,
    531.0501389862258,
    254.04754221539335,
    213.44893795044618,
    447.1101780904757,
    415.48767840626107,
    435.3416037026633,
    512.9159630503723,
    33.58686514928573,
    18.47259268698022,
    123.9484925391305,
    127.4337861852888,
    247.18470732122108,
    324.76206136921036,
    419.85222241702985,
    621.2533959619126,
    137.46442522824623,
    281.34674234497385,
    191.72483162317903,
    202.720858124414,
    90.62828683121337,
    282.00971473511777,
    286.4808889008203,
    344.81083184399193,
    209.97256382544026,
    209.21234565605505,
    77.0858185992726,
    70.72816051963267,
    124.34734799301442,
    45.407922747262916,
    74.31125294165162,
    97.00832832220351,
    197.64561831028047,
    100.67888507676963,
    106.65622853600262,
    120.67755498394861,
    66.91527368434708,
    121.67377166071887,
    17.87524851646929,
    119.63674925499423,
    71.6871111125543,
    34.347715487166,
    48.812112993487176,
    118.1867499953456,
    107.53847939647416,
    236.10277860894976,
    3.9384856481793338,
    12.494819455822206,
    37.691405877167085,
    94.70446494658184,
    30.32770162239358,
    164.67143310189587,
    241.12885993341132,
    271.5586361311079,
    124.1353810694561,
    130.46205428310526,
    144.93442232048457,
    176.11725416547358,
    206.74132849227817,
    60.00435037781626,
    23.821820257605847,
    83.71913640139833
  ],