{
  "assortativity": -0.044953243492984296,
  "betweenness_centrality": 330.65231788079467,
  "degree_distribution": [
    [
      0.0,
      2
    ],
    [
      4.0,
      2
    ],
    [
      5.0,
      4
    ],
    [
      6.0,
      1
    ],
    [
      7.0,
      5
    ],
    [
      8.0,
      7
    ],
    [
      9.0,
      3
    ],
    [
      10.0,
      10
    ],
    [
      11.0,
      11
    ],
    [
      12.0,
      13
    ],
    [
      13.0,
      15
    ],
    [
      14.0,
      16
    ],
    [
      15.0,
      13
    ],
    [
      16.0,
      20
    ],
    [
      17.0,
      10
    ],
    [
      18.0,
      9
    ],
    [
      19.0,
      11
    ],
    [
      20.0,
      16
    ],
    [
      21.0,
      6
    ],
    [
      22.0,
      14
    ],
    [
      23.0,
      9
    ],
    [
      24.0,
      7
    ],
    [
      25.0,
      5
    ],
    [
      26.0,
      10
    ],
    [
      27.0,
      4
    ],
    [
      28.0,
      7
    ],
    [
      29.0,
      2
    ],
    [
      30.0,
      4
    ],
    [
      31.0,
      3
    ],
    [
      32.0,
      7
    ],
    [
      33.0,
      5
    ],
    [
      34.0,
      3
    ],
    [
      35.0,
      5
    ],
    [
      36.0,
      4
    ],
    [
      37.0,
      2
    ],
    [
      38.0,
      3
    ],
    [
      39.0,
      4
    ],
    [
      40.0,
      4
    ],
    [
      41.0,
      1
    ],
    [
      43.0,
      3
    ],
    [
      44.0,
      1
    ],
    [
      45.0,
      3
    ],
    [
      46.0,
      2
    ],
    [
      47.0,
      2
    ],
    [
      48.0,
      2
    ],
    [
      49.0,
      1
    ],
    [
      56.0,
      1
    ],
    [
      61.0,
      2
    ],
    [
      62.0,
      1
    ],
    [
      63.0,
      1
    ],
    [
      64.0,
      1
    ],
    [
      70.0,
      1
    ],
    [
      76.0,
      1
    ],
    [
      81.0,
      1
    ],
    [
      97.0,
      1
    ],
    [
      98.0,
      1
    ]
  ],
  "density": 0.07564190006820531,
  "global_efficiency": 0.4999844154510718,
  "mean_clustering": 0.1378941729099743,
  "modularity": 0.09795742651087441,
  "path_length": 2.1061420857314284,
  "small_worldness": 1.0004080037822523,
  "transitivity": 0.13257984179540272
}