{
  "assortativity": -0.08403351887750916,
  "betweenness_centrality": [
    531.7894701169762,
    394.3318585598801,
    589.6354599946629,
    368.6398268769726,
    244.04574454952754,
    299.55164914243863,
    372.5355686350063,
    439.44979196253206,
    68.70005761965234,
    64.82542891704625,
    448.8127564393407,
    114.56057314767042,
    949.5869619747245,
    1196.663795402768,
    175.62622663207623,
    297.6043574924872,
    157.44437565463085,
    190.07847963629484,
    121.46921869448816,
    158.13033441566833,
    605.0779160627353,
    444.9742847051443,
    128.1869764367741,
    200.94673248768285,
    51.01016265172841,
    44.4971405223179,
    92.56203481996731,
    382.80204983333925,
    71.24908446684175,
    84.17919500398872,
    217.69990068813382,
    81.10573329375818,
    20.47181937312467,
    83.33497394139884,
    10.887450495168283,
    27.771280643702394,
    12.253092394157933,
    25.82313566767523,
    12.41584012105902,
    257.9738644690677,
    281.0633088756927,
    45.72381617664585,
    212.25630926856442,
    242.88196039484257,
    521.6333542768726,
    234.10295302532515,
    119.86659244650357,
    43.376207424987456,
    8.630506737138171,
    58.25877163905764,
    193.59066669385103,
    188.1634203510515,
    127.95930510087393,
    5122.42548537365,
    5137.072551364932,
    3144.6102315540866,
    3070.7641278901715,
    1635.5924898555436,
    2258.7894466115213,
    1944.8886640398237,
    2034.071868875862,
    501.55772466746646,
    257.20477946748326,
    637.2109236508779,
    893.8118260907477,
    856.1566692044526,
    865.8715295958501,
    679.5102849858918,
    692.8926982842742,
    385.74781999227883,
    791.1246282441814,
    159.30344465895547,
    41.322643822138744,
    167.19581107698744,
    226.98927157102486,
    181.7555861849903,
    253.49214273439208,
    189.7073433075934,
    241.46390246776008,
    113.6760173800821,
    52.760810352295366,
    172.618532387795,
    0.0,
    0.0,
    533.0709950008434,
    357.61764710331323,
    295.1612904309964,
    543.3270107559845,
    70.28651819258211,
    207.87734823911538,
    159.39712455107554,
    155.33241906403097,
    206.51383448842788,
    51.121899488901136,
    137.97297194297016,
    436.5099202315983,
    245.7035564507887,
    111.80013472494564,
    175.25344058269664,
    328.0205605508102,
    133.36563308978032,
    74.38906012792393,
    48.4848623290479,
    220.64783972944213,
    255.39059534108722,
    149.83473506599478,
    37.348429094119304,
    28.21846163744704,
    59.88770412110244,
    398.3980748215662,
    2184.7057643327803,
    95.18374169425162,
    564.2540180645926,
    149.19869908684996,
    213.60791193426482,
    320.0460233099644,
    1013.6246818242771,
    40.37635567331719,
    65.74438733455318,
    31.373393078734047,
    53.36021118838537,
    43.63914979085522,
    44.92969515868164,
    95.73055145510209,
    35.641361950657576,
    73.97826379287262,
    87.53515944225573,
    100.82891577824431,
    168.94890256943415,
    74.26497879934254,
    55.12466590164301,
    100.23098369184488,
    93.18635409001534,
    124.36540865557856,
    149.74030170300455,
    35.11718984235076,
    100.55360318301875,
    94.40511692227693,
    92.76766528568551,
    8.459615215147856,
    18.622282066817277,
    25.33810592931703,
    44.380651372050124,
    46.779791596858544,
    38.521778686194786,
    2.051282051282051,
    15.252587173103677,
    7.722740309243022,
    75.39567839280335,
    52.188702589721416,
    67.0534391108573,
    207.09352387807277,
    423.20114452486655,
    100.46022180117728,
    164.84305687398714,
    141.51425124919928,
    148.8776940780194,
    54.821360907267234,
    87.96126670968388,
    69.11769450029922,
    116.41646663097612,
    80.71136436761125,
    122.70299282934704,
    192.5616017201609,
    187.444474891667,
    121.09222185695847,
    71.37207185456926,
    19.652343892724286,
    16.360681417859002,
    31.68952095784501,
    13.789128919600378,
    163.63153190656686,
    1565.520126172537,
    2134.1443378834138,
    100.09471894217803,
    62.66808032011878,
    61.718658996402766,
    405.69961207221604,
    815.4685558177305,
    948.8178385440141,
    930.6944469952222,
    185.5567805327584,
    464.1482215069542,
    1102.0592562343709,
    938.8106020225209,
    139.60375486441941,
    132.9083448651098,
    1020.1535168163364,
    918.353210330849,
    676.7114955750453,
    673.1418627577558,
    659.9927690422492,
    556.4361197752097,
    227.43749418705588,
    119.89300679964316,
    343.0810849434763,
    590.9617969227178,
    514.6053518412722,
    664.8319035996394,
    705.8515206039049,
    551.2411808561081,
    174.20502448749642,
    248.577832400578,
    458.72554265735596,
    602.4636354787516,
    178.19742941705013,
    157.76246489671806,
    403.3083596896592,
    289.73720979139074,
    607.2248047943544,
    472.20294165628235,
    363.9912837287638,
    630.450804860704,
    146.00188213061978,
    113.22349364053436,
    131.47633701821363,
    275.10742904863724,
    294.43547343926735,
    84.49656372101364,
    782.6480070891823,
    596.7831928169192,
    318.16304865790823,
    288.0507583151971,
    380.0217960946836,
    178.15838039001565,
    735.9704101059893,
    138.06160814147952,
    89.96354592180022,
    37.921343339824794,
    33.81185027037191,
    209.87192401904196,
    163.55830877656692,
    92.77255236111644,
    207.6650069211741,
    116.73730213112347,
    181.50272150798267,
    60.14966621754813,
    85.4046297494696,
    348.60541282853393,
    268.14311441632833,
    172.3523283222058,
    499.92310741140824,
    273.7286261750662,
    186.77287102623436,
    412.29241440303747,
    484.430199280846,
    452.03050153575776,
    449.8120205602763,
    16.339724697773455,
    11.191038996301888,
    86.98149588306025,
    96.17843982273398,
    184.96346212900312,
    361.3304761948442,
    404.16515515146295,
    520.7662578683442,
    86.86768376843679,
    122.02713139329161,
    237.3969467046782,
    247.31002930862454,
    58.02025757579627,
    171.35204837877654,
    261.5192423784403,
    217.09876279852077,
    116.58413878853118,
    168.1555414568687,
    62.639488979793136,
    50.983137078082066,
    113.3129199171299,
    45.42197339392517,
    68.33819619584521,
    106.76053486752984,
    290.99944852813906,
    77.97986421287072,
    115.55764132948647,
    78.50102995543725,
    140.70357265830148,
    107.46145565173391,
    21.543526447568834,
    87.72740701671643,
    23.082266824395138,
    37.75363363873439,
    79.3559254771472,
    94.48896008640399,
    174.2758971591242,
    175.20503814621316,
    2.1680585876298353,
    17.86522011668236,
    21.21728524096966,
    75.04297911140085,
    51.671351594208225,
    379.7038006261197,
    190.13939501653059,
    258.0085900279168,
    152.32081259921756,
    147.01030117737773,
    115.00201158735369,
    176.38002431170236,
    94.5966299088635,
    54.8485975944667,
    46.23793052325354,
    67.66862465011803
  ],