{
  "assortativity": -0.05146105405926859,
  "betweenness_centrality": [
    427.0766422713969,
    470.37128112778345,
    568.3299152324569,
    455.1179983197808,
    371.897240548959,
    261.1429110021775,
    429.38762229638303,
    367.1947613094867,
    76.25209788348866,
    87.6529422569445,
    378.63580603243463,
    131.5015577397184,
    948.7200373559589,
    958.1570585355436,
    171.75402307618486,
    386.17460964878427,
    127.33135999854025,
    212.20753424459582,
    195.652267276104,
    326.57242879928714,
    658.9473331271145,
    495.7161050352421,
    114.08422694636528,
    249.48803984259555,
    89.32990680118965,
    32.416375429717945,
    75.4973806615262,
    327.3115029835731,
    79.6227297047154,
    77.84692346661795,
    216.4904760972472,
    76.89285086882863,
    29.688673188907128,
    55.788146526477966,
    22.54389109659288,
    25.28446438001054,
    18.37244696607574,
    6.651377898345983,
    12.044301170438082,
    244.15206138161489,
    300.3886986695833,
    49.086322517864886,
    160.47175547647564,
    178.9929523936171,
    416.3525879414598,
    167.07959792104495,
    57.743440447487465,
    70.4097384483955,
    20.584345312150393,
    57.2356528216053,
    125.35074105763587,
    170.2218213417516,
    136.83062382430887,
    4222.80582418836,
    4481.952622075342,
    2577.314815264939,
    3591.632087546556,
    1471.6374233340512,
    1936.8351143408709,
    1624.029868283026,
    2035.4382482856158,
    804.2840458436149,
    332.01797493151986,
    568.8334169658525,
    1151.851404281893,
    981.266184094038,
    794.1908229229649,
    814.9688497409679,
    853.4902664885876,
    467.50770891820264,
    691.4006322771514,
    131.0114947998792,
    66.84920121137367,
    119.63415908617371,
    231.87802767827176,
    189.90775841582368,
    273.08645286258184,
    158.30457386493498,
    263.0238094886632,
    150.12369212406028,
    57.24030636984922,
    132.11999108097731,
    0.0,
    0.0,
    527.749775093,
    292.31225203915386,
    377.9905269012262,
    699.5040318751717,
    83.45006363148879,
    179.71395540365066,
    249.84623306078257,
    85.16052468579532,
    265.1836205054848,
    57.69998559379411,
    144.7452775451688,
    521.7485573250931,
    325.0204202946274,
    95.39685250111135,
    158.37562628780032,
    476.5454014362028,
    154.8959456966203,
    57.01513139887629,
    48.64286746484181,
    170.50641149904806,
    315.45584383764566,
    218.25950333949282,
    61.33520942012468,
    25.97735696290808,
    54.96323166825999,
    483.4833803358865,
    2648.5745253387704,
    108.62051235938016,
    572.1290966941895,
    207.17556098218193,
    264.82684631472637,
    272.1309526781002,
    869.7323047554576,
    55.6144766126493,
    94.77847895108141,
    33.87766615687682,
    59.36705949136957,
    55.284967828530206,
    75.2461619368438,
    135.30260840776165,
    37.578912930772205,
    84.9508009360535,
    56.44094483005699,
    102.8310680704667,
    146.0449163925187,
    75.6685195273141,
    88.33479055487716,
    81.46378983610653,
    83.5126075818272,
    170.5473716301589,
    115.65524503830041,
    63.44443407645128,
    99.45698696571904,
    110.93401829392437,
    213.60614814255575,
    33.42448044868583,
    63.231246842877326,
    23.00202128174041,
    85.70608124632643,
    58.76577208654083,
    40.57042565928441,
    0.8553653757851148,
    24.79533748857655,
    11.861207414013418,
    74.59052148293992,
    47.274163566210945,
    57.25373310214796,
    220.5561616330561,
    411.76171329534907,
    102.01745322137837,
    169.95516661800056,
    206.60418749791847,
    138.79430842123685,
    90.09658969047098,
    75.28429048574927,
    21.791087832898857,
    44.751535167506006,
    124.70846356874887,
    90.89568842418745,
    122.61568345114173,
    166.94215578774117,
    141.4050178591929,
    87.45182065233911,
    7.467055122697335,
    8.889047320601092,
    69.2797854553302,
    8.21259421697073,
    110.1461847582234,
    1831.0140418456633,
    1937.0658288178722,
    70.0344028499822,
    161.89630025429102,
    56.103912219745766,
    368.3893174566967,
    867.328810924665,
    755.9312393713025,
    975.3526098353761,
    156.20562847632831,
    638.9913621250284,
    884.6400281657901,
    806.2672295118057,
    131.1163908280358,
    101.94498122665301,
    986.4194990883564,
    1043.1926163226453,
    695.6964397811216,
    809.4743279380988,
    681.9124258316072,
    467.684206942517,
    245.37477873792682,
    153.5760535665374,
    410.2258813599245,
    602.9886243924947,
    635.5258780872424,
    622.7612986297851,
    658.3077076750887,
    850.6824287488782,
    241.85345806895793,
    217.24735210778277,
    474.22546351630723,
    506.6604262533504,
    133.94124943346608,
    227.3557682509628,
    702.8241753670306,
    336.54341976413207,
    704.1858518205012,
    445.81692753251406,
    408.35778918956424,
    505.18240748626033,
    123.87792113764041,
    72.92197087089481,
    93.99779798789672,
    307.2340482424908,
    302.5171639763888,
    60.28643482222139,
    867.9148356153486,
    983.4227608354954,
    270.69203429205413,
    357.59019594658133,
    235.6578440132787,
    278.92812542770383,
    486.8825271077129,
    131.7580837101176,
    112.36289847397117,
    27.299947216525318,
    73.7429035561542,
    110.70702156659813,
    119.84424509720048,
    82.82860373437823,
    153.59509204146227,
    69.16663360112192,
    84.27524386508692,
    51.59343558743126,
    71.50812276299516,
    391.9961731901848,
    302.6195338539988,
    371.59908696530624,
    376.544570787272,
    340.1006938198015,
    247.31346087475225,
    331.1906606511263,
    628.7475563320228,
    581.6593160266297,
    370.0168962005311,
    14.61762978233961,
    36.00827241893806,
    91.58447602482866,
    97.97980939420454,
    265.33009573949744,
    340.6446775840393,
    316.9023024118815,
    645.3932256965521,
    142.30237946522894,
    191.57467331803562,
    395.5493723373828,
    197.34761078983908,
    81.46193889974562,
    98.4606850049445,
    279.72030322227835,
    218.4496190413579,
    115.51219557553651,
    236.91781347207845,
    82.7854418637482,
    50.787831851635715,
    139.43811982752158,
    55.91653146666051,
    72.17399295601025,
    62.68717606659259,
    230.89286689236312,
    100.9607801374897,
    100.22448576729204,
    111.64331521812211,
    92.14460094131422,
    153.0674924219852,
    21.685818863118797,
    81.35509137644948,
    43.65904411961038,
    43.702339633193006,
    45.6196849676048,
    134.5529487096248,
    170.99101462800328,
    176.1799300973395,
    4.96124491243602,
    16.019328332186564,
    30.942938043955515,
    82.8687060510654,
    44.767332019387496,
    127.1005406084026,
    282.7801812617171,
    247.10409223391738,
    99.52854500922969,
    121.04754890602224,
    180.86937627656417,
    132.65549338836524,
    136.26819152201838,
    84.55415281364668,
    41.51961599556524,
    136.3442755855941
  ],