{
  "assortativity": -0.0730304056738134,
  "betweenness_centrality": [
    578.6799304890868,
    510.33305701953225,
    583.0504007537058,
    453.6801296931654,
    193.84435840330454,
    375.7242471568276,
    386.98409449641946,
    719.9202456528848,
    131.39345404595105,
    55.9787636162071,
    297.38186841728907,
    160.2505358452592,
    1234.444353503102,
    1501.3084035815375,
    148.25630760949983,
    300.46795295555785,
    154.46808996559747,
    169.52092606437506,
    316.4240118736396,
    198.86098773825833,
    714.9058710455313,
    529.3734247673867,
    81.69912927152357,
    154.09697181712903,
    93.03663329298051,
    37.710187253700944,
    51.55891449559837,
    398.3751601860871,
    60.24240119117206,
    78.38690316409381,
    149.7842649331686,
    90.20585304797692,
    19.640811069868597,
    79.10160846805732,
    25.399113263448502,
    16.1811294626469,
    16.182690193681868,
    8.900614060527326,
    13.884207804280864,
    268.0872812397328,
    234.74840982700275,
    58.061565872369066,
    197.5887266274221,
    325.81082171991426,
    507.2618204015066,
    162.055252933783,
    76.43412175233165,
    112.84543932820365,
    9.25394351409875,
    78.2795381103511,
    136.10203429172202,
    106.84746014175545,
    71.88552693020227,
    4585.327818056652,
    5010.520074513313,
    2657.491911368103,
    3318.3668661640554,
    1577.8704148674685,
    1829.1202105275167,
    1682.7289928590017,
    2047.3816031772021,
    506.33144201272665,
    332.68995073322765,
    625.9448007876327,
    1026.9605813765172,
    861.0426279479284,
    782.4335268131438,
    801.8838122375886,
    782.6072345831594,
    413.4588089579529,
    573.6632756430841,
    217.16552833472298,
    40.58263795926298,
    210.31149535052853,
    231.09770802477198,
    132.53242272632804,
    307.43736909617235,
    208.07248561499352,
    266.2208120539224,
    147.9834932471584,
    83.99173403702083,
    111.8992023415549,
    0.0,
    0.0,
    633.3481867862934,
    240.6277054563097,
    428.28796843272204,
    437.93304454737404,
    52.54061228580978,
    175.57191135715584,
    146.182362739535,
    78.23445505060944,
    169.2226049855404,
    54.34863511109546,
    79.89478530238951,
    467.59099049417824,
    212.7659558488778,
    93.3903014201427,
    158.90916252256872,
    356.71134825272424,
    133.3741500958764,
    89.9778353813227,
    68.23152239491145,
    243.89359711839694,
    207.6838684976109,
    205.35184617052073,
    40.84434017757329,
    28.474083274088038,
    48.439238713490525,
    434.0974660312876,
    2570.5047902128335,
    148.15370926245677,
    456.76048941862416,
    149.2311080742228,
    250.2044214876476,
    281.70682868770297,
    818.9173781724248,
    71.67781113512619,
    70.12684574999183,
    36.107115582649065,
    39.79305399118684,
    67.5401581357768,
    49.87883640506544,
    105.60548213044683,
    32.94777336406159,
    78.43895865081976,
    108.8454106802018,
    107.2111794412609,
    153.62156342243867,
    131.9572947705731,
    43.37829725020218,
    86.53975305752049,
    65.81142038203059,
    197.52079357977414,
    95.2449105170891,
    24.220019878647655,
    103.08860993933602,
    85.60821933310929,
    73.70648399265406,
    27.601757233391275,
    68.15734070897118,
    8.976857728945884,
    61.49191406022766,
    61.32670234744798,
    41.73917764309813,
    0.0,
    22.36828161905574,
    9.627225002129899,
    58.53721897949224,
    53.25322369654438,
    37.003272939615734,
    152.28920279607556,
    398.8786458613321,
    112.72702833433542,
    174.20931709074003,
    280.4537130931098,
    146.73834736793782,
    58.47212116381102,
    26.78326756443624,
    57.1976291295859,
    37.329752956874145,
    63.314958192736604,
    120.67455702511378,
    147.97671517646407,
    160.36193803711978,
    123.08583580319032,
    88.21668929558292,
    8.692197581919825,
    7.147183734901014,
    34.07222628623948,
    6.9339801880425345,
    179.4682532703325,
    1427.529311942544,
    1966.600177849486,
    68.46738240418289,
    85.22214927677842,
    42.663222299737924,
    407.24804915142664,
    929.38720215449,
    910.057134948838,
    859.9791687768985,
    206.60708042789474,
    554.6737617573654,
    813.7771112038864,
    783.044346404093,
    133.1828049782999,
    191.26688093153453,
    918.8878528031793,
    1046.0058568213744,
    630.1251208598777,
    686.7986813499836,
    486.07030668282846,
    962.1420048730066,
    225.64163821190462,
    149.66507080727283,
    441.60532966401615,
    633.024813528767,
    519.0784937148976,
    755.3428488388322,
    604.2465196772139,
    572.4077044608246,
    178.93839696613747,
    209.09756391280968,
    448.29241357437394,
    499.52947992859873,
    191.0159644152991,
    289.91177611990895,
    428.9017006655872,
    288.0974767518608,
    775.9873821558356,
    500.9376741580108,
    442.7946090861105,
    433.44178044692734,
    139.3710478081687,
    106.2513168500403,
    97.90753491286875,
    256.853879251411,
    327.6154580373532,
    79.64592827973118,
    866.8488316414764,
    618.6179229060782,
    277.7370468744607,
    410.6742741106308,
    441.8402351950567,
    223.77508453091244,
    455.3109983285606,
    153.70193150470286,
    92.24923845554169,
    33.30726529972375,
    37.56706883889929,
    130.88663691488122,
    147.20756297968157,
    94.32024162684904,
    220.88650566674974,
    92.8228552351402,
    119.14627368131315,
    108.00893223480313,
    87.89974202512511,
    279.47272884205796,
    354.8313120443536,
    273.4041200233611,
    392.2230168023951,
    249.8283882290767,
    219.09781239116228,
    484.3812093838216,
    450.55804883211675,
    498.83731708552216,
    481.3027368025044,
    39.94967840238026,
    24.71985501751025,
    93.19197944659288,
    95.76696056282887,
    258.0667391509245,
    282.14232776120156,
    342.07401938718147,
    711.2900797192289,
    121.28225824622854,
    194.213171718909,
    116.49509991858339,
    266.4619442017005,
    54.118601144868364,
    155.22126738252413,
    282.1339803977813,
    264.59134726461,
    179.05564861509205,
    180.28721816013123,
    103.5006997713626,
    58.16154122415635,
    104.67343734094703,
    63.60858162474356,
    63.933510658825234,
    107.46822145059592,
    235.89007898999702,
    78.38596847739203,
    156.08832760025476,
    129.41016823210333,
    74.43866972588488,
    144.1406329004212,
    16.823745872208114,
    53.480019593608326,
    35.734038059424066,
    26.200644863773515,
    62.368354703264224,
    165.1164220368565,
    146.24866670240527,
    242.39073965066618,
    3.857129585679782,
    29.568290677000032,
    46.412266612503785,
    117.73189550538456,
    88.93576457883904,
    202.96438505304013,
    246.615882641183,
    195.29083298610996,
    122.12067605002669,
    128.18580358875585,
    91.0965940768236,
    164.4648538361049,
    182.64646634570673,
    70.76295805564367,
    29.892250143111628,
    110.84253684125622
  ],