{
  "assortativity": -0.05253331341925545,
  "betweenness_centrality": [
    614.4655591610162,
    376.22246551791244,
    530.7746012933296,
    314.23647873467564,
    235.55195540727016,
    233.8851578737984,
    447.289685759989,
    420.32765571709615,
    88.96053567285604,
    88.42536868273662,
    247.19755181370817,
    181.56041791033775,
    830.3519993364762,
    1347.244094003023,
    108.4763787642909,
    427.81058039385226,
    122.09453258331513,
    241.6462055884686,
    182.3602509011323,
    169.457176548544,
    382.85159948155285,
    420.60377448472656,
    95.09171011132325,
    284.51292148967855,
    83.18210758797575,
    40.74897946030568,
    106.06635603241554,
    204.49133221465672,
    138.87396333294285,
    98.06419878670297,
    244.58298072430364,
    56.98605422042933,
    36.1988506886824,
    48.80996094850933,
    44.07158774935782,
    31.00641510506018,
    12.971025950725744,
    32.28623872079263,
    13.572232061583781,
    224.6371357676851,
    266.0790555495788,
    77.75292067241368,
    156.44196178644412,
    195.2974320080045,
    687.0965962968118,
    198.35649725235493,
    121.8565787079875,
    68.35988192849918,
    11.509554640003856,
    47.80963756896501,
    147.82805108964268,
    157.3034166076109,
    177.13667560381978,
    4693.176187302426,
    4049.023394596309,
    2410.898816174743,
    3372.815419465307,
    1458.154284152533,
    2283.395458417185,
    2099.7647117487695,
    2031.6151570050304,
    434.10037746568554,
    284.3209840312226,
    535.8288168294125,
    877.7681106186282,
    921.1130659998861,
    617.2843877570804,
    746.6099938969493,
    649.7910494784442,
    462.8781331667112,
    620.1286443428276,
    195.97602623933452,
    71.32220529231023,
    164.93474432095087,
    200.91124469365687,
    215.06137059353958,
    204.26960366337255,
    239.3655169420588,
    206.62690907646257,
    165.75296956894044,
    88.41085423457726,
    93.21278358829755,
    0.0,
    0.0,
    635.046877571541,
    243.10442768817757,
    328.2560769866422,
    552.0747337870099,
    50.934446677479,
    226.92315811363972,
    219.45978004499344,
    65.06254613990474,
    142.8918890434781,
    75.32721005468501,
    105.08211489277544,
    490.5705508296829,
    253.82358825215113,
    71.15770453526633,
    165.29953375197425,
    303.88197258293275,
    123.57893465924982,
    83.77177299237579,
    71.06610755338684,
    242.19175002285633,
    272.7823190039494,
    196.92476806953715,
    44.72280583011418,
    51.2263087487289,
    74.21863951346705,
    345.5289251873922,
    2695.948269902431,
    53.46256639279005,
    531.8175522031773,
    217.73976627864252,
    205.19839472307015,
    373.5202468320386,
    926.2955631361187,
    61.0772929115014,
    120.09239051647091,
    55.2432260241697,
    69.52394993745281,
    52.35295075768653,
    46.16264139182559,
    181.72192667199468,
    75.45819833388441,
    93.43554177364541,
    105.21564568634271,
    123.51996538019482,
    221.56637467880935,
    146.433759500053,
    115.0625794822651,
    33.598164510193705,
    80.00759930490973,
    186.7477171559691,
    122.75743778893026,
    36.505121648992706,
    73.58966534469447,
    81.4610319446573,
    102.57265408944825,
    25.47806876619845,
    57.633246367189585,
    33.87788285684369,
    135.44545650834672,
    47.262622165574,
    49.79916297180697,
    0.0,
    19.495074905667202,
    13.535566349384398,
    111.61490388991356,
    73.56113262666277,
    71.52486371685046,
    187.1292469360176,
    363.22057238928295,
    98.46094855793162,
    163.3170843485919,
    117.0318150664383,
    148.67036788601135,
    37.38849206836115,
    31.13535038758477,
    79.61737876835613,
    92.41961010056116,
    71.77634144959299,
    81.83057430956266,
    199.75531646717576,
    119.56256855644108,
    54.622865894154934,
    84.21449778658189,
    4.631179659029644,
    19.799771372839054,
    73.55035892397677,
    12.04673069072531,
    112.38595101560287,
    1741.3064979832848,
    1710.7372636204027,
    94.71653229307775,
    105.93759689884287,
    60.371892976667084,
    335.50760604675764,
    1058.0713874812152,
    1044.2036416277672,
    1010.8278069224295,
    131.31163560643043,
    708.3310836986785,
    982.8263412364366,
    1174.4872692789559,
    180.92922187145666,
    128.45024608577913,
    906.6060099892899,
    1091.5026260685738,
    971.7630055395797,
    1028.493941223977,
    467.38345152177567,
    622.4890742869026,
    270.4289169569952,
    163.84208813190295,
    357.17622396653053,
    701.6423573616491,
    543.4250114127856,
    648.2959165672573,
    813.5667953715509,
    825.9098611200435,
    204.1728716716916,
    281.201137804268,
    481.54467747717405,
    394.1899442844938,
    192.33943206961152,
    191.59265748594265,
    382.5828025562802,
    336.7962108822732,
    826.2395204728016,
    560.4840843285795,
    421.8427693752961,
    567.0744347846745,
    127.19793188515197,
    111.72100793634381,
    187.68803819075387,
    335.55479350142895,
    193.04452568524746,
    59.46713351962183,
    1012.1940326842781,
    634.7547371322019,
    236.94000983928143,
    161.73312721532645,
    387.89925286404423,
    277.2614965981751,
    479.75490962413676,
    164.0969032436661,
    110.76851040844237,
    90.75033088174763,
    48.97837752948995,
    153.82637550504563,
    199.7657832226128,
    240.90669167017475,
    159.417843316032,
    123.46801561827878,
    70.77334582485629,
    61.834971253939116,
    82.24813863252135,
    415.01203895882196,
    346.86244035902155,
    333.437588500286,
    287.7463839902075,
    289.4822294772684,
    195.68371119865188,
    445.41111472056997,
    439.35950549952616,
    358.07240876227684,
    479.519406320895,
    21.665722744256797,
    14.64579948372819,
    61.76895058619738,
    85.7572218099342,
    225.39299521065192,
    354.0828976003894,
    504.67177894325533,
    594.424805661261,
    149.88420842119206,
    208.09630632843403,
    336.22037139316325,
    230.34205294965,
    24.601286963236586,
    156.8420675734677,
    271.7991155703204,
    398.9054936061098,
    159.81160397245475,
    232.92024083517163,
    78.05999293447725,
    43.303678512465545,
    122.92392358456277,
    57.00496194465798,
    78.10486601292509,
    75.13276766476824,
    211.64747626633917,
    59.520795415939,
    108.6108689571284,
    122.55587237082005,
    55.3897933293489,
    203.2860852616691,
    20.74020114198403,
    60.45323044521959,
    24.716391602475532,
    31.946867584337298,
    59.117776352075595,
    81.30204810279909,
    207.96757651160794,
    178.11879676417615,
    1.7075102110891935,
    39.496939274493876,
    44.93247994209851,
    156.42648815946978,
    34.23509768786066,
    186.3853506537003,
    182.4637525500284,
    203.31213346879127,
    104.82708282659542,
    108.75875012108543,
    159.73853572149545,
    243.63570988195397,
    176.12560815973612,
    78.88295344384184,
    25.393153511528986,
    110.62690851013491
  ],