{
  "assortativity": -0.07398616508904095,
  "betweenness_centrality": [
    517.0103580725746,
    513.4525837469073,
    550.768990840067,
    446.6408208711307,
    284.36665933071686,
    374.60116302218853,
    444.8953790290209,
    474.04286090989416,
    76.41855083377531,
    110.96082052256398,
    305.15633526571526,
    134.18723586055788,
    837.6162961638713,
    1089.795521637224,
    230.06637764998482,
    276.8055509677181,
    166.97210647352213,
    188.5390130926415,
    171.3827427235322,
    170.17637312729153,
    687.4329880291947,
    458.3881292011082,
    72.47961671771301,
    179.76084723712566,
    86.22522403825661,
    69.3896217648575,
    97.73079687800305,
    262.8902013629011,
    94.76389005246811,
    83.84576074782225,
    213.61356267433575,
    78.34079652661474,
    28.94408924741478,
    63.47608812299159,
    12.370220997275212,
    24.098615424763956,
    15.786246427854492,
    52.10929811334029,
    33.10051463594269,
    353.3308872789785,
    176.39706365233565,
    56.84203807615129,
    110.90090418110455,
    219.80123522299849,
    481.0927883578833,
    171.5488702114914,
    76.67625125038522,
    78.7052990091519,
    19.815231986099516,
    37.06924009388104,
    99.80288131497842,
    118.69950039989732,
    120.4991591485695,
    4843.010979639488,
    4603.057424937905,
    2639.899190879175,
    3177.9999185322936,
    1654.8094781350778,
    1694.9511964145186,
    2049.640747912688,
    1885.6329958837678,
    585.2034365483123,
    314.32966715413556,
    688.9131192353626,
    970.1191921113427,
    925.2673348868273,
    647.5122395314127,
    793.6530954795949,
    669.8692791080692,
    505.46165440931344,
    759.3700101013634,
    228.97632856915948,
    49.67228249173495,
    149.58882161507395,
    170.5888783497903,
    259.91296382453964,
    179.05800340373747,
    196.28554348113312,
    241.08410206062604,
    123.24663649012159,
    72.05542627422554,
    194.7164641380829,
    0.0,
    0.0,
    545.6183041614416,
    261.21040075233446,
    244.09588987501883,
    572.8568257732157,
    82.2295255375127,
    208.48292344443607,
    214.75719024384622,
    69.9839254031474,
    137.85829241114897,
    46.588495593985385,
    243.50862275134008,
    697.5305245856498,
    144.5739809870764,
    102.56581899447353,
    146.11327747260876,
    278.4056652930511,
    116.89229207915993,
    61.445949191449,
    108.57063295892378,
    210.5023834169541,
    476.25042408991516,
    336.0084482074502,
    46.10076654679138,
    18.98736318718169,
    62.51754718692441,
    386.961763973876,
    2677.674743175278,
    97.9348927522008,
    630.4702792175079,
    196.18406583973334,
    235.2185779739466,
    346.9471801466994,
    874.4991746904396,
    42.31542160359348,
    74.17265149200736,
    33.7874672804747,
    62.76770587325671,
    58.20625197785586,
    58.17549407691255,
    97.326526544693,
    32.748360477253414,
    73.08505869851038,
    53.03374503178981,
    138.57847088544352,
    231.54703648405945,
    85.52758541263844,
    78.42814328718192,
    63.95569063510287,
    77.90393743704631,
    145.86664301621212,
    77.23425959626007,
    119.25596248327953,
    124.37281401671527,
    74.35583049427365,
    153.09237725393646,
    15.039800891889723,
    25.96639931830791,
    27.629336429452756,
    51.71133785834297,
    41.967869650297224,
    63.00260445082274,
    2.1827226507713884,
    66.04237168531394,
    6.33063639241765,
    79.8903297564391,
    79.09803124186743,
    51.72915633020745,
    129.57344122073982,
    326.52470174580174,
    102.43696310846899,
    134.18491180369793,
    135.57983037332914,
    161.7276194357702,
    59.55785522102224,
    35.50070744272613,
    82.43369626146877,
    45.83937663695557,
    70.03998255156213,
    106.20050005352185,
    178.9603421046147,
    144.23073278541423,
    87.4812002157916,
    71.63743467209592,
    24.503847064991355,
    10.712612905486138,
    47.58002816136882,
    10.293434811030767,
    182.71920204630857,
    1907.027542349334,
    1864.7889381980785,
    94.12275235261333,
    98.028300980335,
    25.305137828381785,
    346.86645897884745,
    1063.3697619097593,
    938.0094076823913,
    857.1307049785345,
    169.5757392437643,
    526.9703442766846,
    929.4112593175325,
    989.5133347691645,
    93.84764323178743,
    136.0963979125245,
    819.4583550059381,
    1152.1067634530193,
    825.3576091500436,
    586.6258506937781,
    492.3890239502799,
    709.3352359893998,
    353.6835608762073,
    154.5795271328592,
    359.8521674168091,
    639.8122293251765,
    418.0011774562132,
    707.121639616948,
    655.0150859903229,
    786.6666127516912,
    176.88941162564169,
    253.89790078958185,
    576.6639701710136,
    401.0078479341546,
    169.76840335758607,
    209.78073324024064,
    520.6117413305244,
    286.65081692689154,
    638.4981255737197,
    615.5867861060937,
    325.86482310266206,
    491.5258181302027,
    188.35072527670442,
    95.02026044948425,
    123.20485324211687,
    459.020645103033,
    176.35943609365395,
    58.183274711012025,
    1062.9144350034212,
    562.1430564194968,
    280.1806696909955,
    226.17420273179613,
    346.59703725994837,
    213.90345091688854,
    327.6111510296596,
    242.17045661990437,
    94.34054098236545,
    39.19065474483373,
    23.12259632030378,
    173.6305358078367,
    195.1935948123135,
    118.39231268583389,
    110.34869484884476,
    117.9127773154396,
    104.7849872388414,
    70.05424075049214,
    351.7705654740824,
    281.14205132272576,
    285.71961575210264,
    324.79442203655515,
    200.7373119241971,
    220.97836928608933,
    189.1036014089177,
    427.6797263118582,
    369.4399487027109,
    443.95161481157345,
    442.1648274567681,
    17.522057553149946,
    22.82041533158236,
    90.52678780019853,
    166.10593782654954,
    192.7386709222033,
    375.12073825041915,
    447.6924250905401,
    522.1829014863395,
    104.1639956633465,
    159.3786950753815,
    403.72576694080107,
    302.21619189142024,
    87.65105010175975,
    90.38854628235006,
    357.9207831063856,
    338.6939177231173,
    161.808140575397,
    164.48247047619557,
    349.9984158795314,
    28.49738944630706,
    118.4646297841105,
    40.11452301255291,
    85.37221380644547,
    78.1913415433619,
    371.5887528486685,
    88.3307319000006,
    79.66061862008408,
    90.43388849621316,
    62.81412993146504,
    153.31365875084114,
    21.96616836582443,
    106.74355301380805,
    40.068460493144634,
    48.690563069528544,
    58.157714873456015,
    84.36245411505246,
    157.50697768915916,
    284.4433257269862,
    6.441376233552188,
    20.054798816701382,
    39.69705777705062,
    103.38328622182799,
    42.78707046421852,
    209.18543406591226,
    291.33198195856284,
    224.61364781917533,
    114.06514099271352,
    128.1829818316349,
    87.86072155392965,
    150.99846458289488,
    259.33597863741846,
    58.44618611735531,
    30.56462079223424,
    144.82805364643576
  ],