{
  "assortativity": -0.2100053461464638,
  "betweenness_centrality": [
    114.57293044191101,
    177.51327772744565,
    5185.133475162416,
    4998.822453828065,
    1463.0954833281314,
    1487.9438012229482,
    122.87934062904826,
    94.56445986131544,
    12.623577321021212,
    16.870373004718044,
    84.89231143748277,
    64.52113362350025,
    235.79383859144374,
    317.8740073319837,
    82.51319693067053,
    117.6542360327874,
    57.054956845804696,
    55.39060488161899,
    133.36391377105997,
    115.14041721958256,
    138.69147880516527,
    71.23332892418892,
    13.716931878666804,
    57.741428370647526,
    36.637312513855036,
    22.429347904849507,
    29.747304608712827,
    37.13680269784076,
    17.59848132979684,
    29.076404951353368,
    109.22535617418129,
    33.159775256547604,
    19.757077249314236,
    36.294888558736645,
    25.48857409300073,
    17.436974591959444,
    24.15430293054764,
    14.58910054029381,
    18.798673946591954,
    111.19756073645483,
    112.2434501911106,
    21.21329445622049,
    54.60185221943799,
    79.90238684119505,
    114.91965042449381,
    68.56995373049885,
    53.86683098867221,
    25.222683773265903,
    1.9497365306067738,
    36.607220734641864,
    57.33764288921123,
    86.10153619962641,
    49.54872847226684,
    1265.310874248429,
    1219.457546925712,
    597.8304233370645,
    786.3253758380714,
    337.15064676581244,
    493.5480101287453,
    405.04247491952594,
    480.4616635688403,
    86.43396736363528,
    47.755798666348916,
    101.00481843395794,
    175.78897586387436,
    184.26488801454076,
    195.04583460497173,
    211.96221496959734,
    147.26390110090043,
    55.970970122203596,
    260.27919781679714,
    93.58243085320701,
    3.6922313040414925,
    28.18504189331352,
    73.41807389769883,
    50.135896271622265,
    43.15024971986274,
    34.19237901596658,
    39.904044440206754,
    45.190927842206634,
    30.66112206631548,
    33.940759946009784,
    5.014822473725859,
    5.173510567129776,
    5163.046477297508,
    4929.042244515756,
    5231.751591785727,
    5304.942291290891,
    30.06333898787323,
    105.27463776523197,
    59.72211996362784,
    20.671075629919052,
    45.14941321921791,
    19.25063592958702,
    54.38748687128464,
    118.16485680445993,
    124.51311778402636,
    24.411092095832746,
    71.26476362721897,
    120.17556828720451,
    86.64208326820702,
    59.783709670660905,
    63.125896829029514,
    70.49431589773853,
    171.41948717342044,
    98.69566675237513,
    38.92920562678333,
    31.86300119551104,
    67.0368790346087,
    171.36383088162552,
    825.8459386369929,
    14.061757308080324,
    187.6290436991677,
    27.49214556708625,
    40.70697516752216,
    1620.933357691263,
    1907.9716242745944,
    26.597021295856422,
    31.8031156590298,
    36.28130038794612,
    45.93795064125702,
    32.60897576420062,
    25.90295622389568,
    12.315975522550513,
    22.81453885617595,
    25.12100038044386,
    17.31259753434023,
    14.700671742183163,
    39.33962609162547,
    18.328567776837463,
    13.656792850767358,
    23.174794948928568,
    35.32900087820339,
    64.5455151024268,
    62.804734044964036,
    26.671603329862457,
    53.80341619288346,
    20.49606450636901,
    34.89430192199814,
    13.0889145774968,
    21.360618859883218,
    7.962723710292674,
    21.64570235696385,
    17.792601150623234,
    21.77330027871563,
    23.48662563552611,
    9.413225508019497,
    7.152054565202375,
    30.658561998885308,
    1297.8556385176255,
    1183.5712033263424,
    61.051907696487085,
    136.2468275398564,
    10.02648639831633,
    26.491149480252236,
    36.982633789389105,
    24.008499816981256,
    31.077981683414677,
    5.812394674195909,
    4273.796954278082,
    3986.995789851518,
    43.24936497675483,
    50.511291777770474,
    73.55332797187752,
    57.215939129408476,
    29.963837248020827,
    44.17606997256449,
    6.091609563714293,
    8.613067492544213,
    23.459809464127545,
    8.79395236237784,
    36.5423605582345,
    443.83626554613693,
    464.6381460458621,
    49.96599605992252,
    41.99049487761143,
    6.7416678460368775,
    76.51940203710126,
    257.2138516964881,
    186.10176165480613,
    222.67589640503283,
    152.99004247028313,
    254.1173522891998,
    141.60047912188475,
    389.98825352974995,
    24.10715392633015,
    20.519163551346974,
    385.6910912074848,
    349.16491470663453,
    315.36831886339,
    275.02670977929273,
    411.7742789023434,
    481.47391952978654,
    139.5174134339095,
    32.281705554477455,
    141.1893890783412,
    122.63927506328068,
    71.55877739562271,
    116.58919594233762,
    2730.853872701672,
    3106.19899299368,
    46.105554411778265,
    28.910960620289167,
    105.63284188292292,
    195.771410739452,
    22.9840922314949,
    48.83647414064382,
    140.45896919086985,
    104.61816042341755,
    165.9318523139311,
    189.85196901729387,
    131.93201683155576,
    170.93007776749351,
    67.48083876825402,
    57.524776097003965,
    67.65569369752676,
    120.39104691077198,
    55.079118911028026,
    45.14528793205988,
    198.4482448323457,
    144.8382619577085,
    95.91253392056952,
    96.99548311539334,
    53.557485382071256,
    79.78295276050312,
    141.56775409739748,
    31.314808212111917,
    12.23998576929495,
    9.688628790935883,
    6.956375169950222,
    52.18289888484028,
    29.41318851993357,
    89.67616178873307,
    80.27122144331473,
    57.05569316365804,
    78.64735941934083,
    29.378358314359108,
    23.323088688634584,
    87.97001113169868,
    79.725341814203,
    57.06166696764703,
    74.94558142113856,
    47.36269697246803,
    63.95078001461111,
    76.22267657293033,
    88.12873506145301,
    65.68683545240926,
    77.05055093882412,
    6.813471267508129,
    5.406036556036556,
    7.47785608321074,
    12.590603235886443,
    70.81795577850734,
    62.432201868874614,
    47.313910244343745,
    90.18713884909143,
    28.784770497275293,
    43.188093783150904,
    92.26300544507548,
    59.5481262945564,
    28.07342620189556,
    83.12572817203173,
    91.53779436188623,
    81.85888940483919,
    40.03317261372058,
    77.12556722033989,
    32.85999363426836,
    30.17838123702254,
    32.42131219613886,
    46.3592074980163,
    15.934176289641385,
    37.51236660425606,
    112.90200470466544,
    30.397516066795653,
    44.09492338344777,
    57.63435479253983,
    43.50090909655931,
    41.08306450314006,
    11.667680325761703,
    41.688303073865185,
    24.248936678508368,
    36.36530258607278,
    26.51405438552984,
    13.320577013161193,
    29.011555647105336,
    19.870776658840338,
    0.5134099616858236,
    7.328223274553709,
    5.292289317415793,
    117.62345412092935,
    65.38546102486602,
    128.45534101597087,
    131.84761175735377,
    128.02538779547874,
    140.825615349851,
    89.51944913300453,
    88.6198890512425,
    108.349780950635,
    100.50448242557556,
    78.5528907876762,
    34.13255687633747,
    103.70921414603498
  ],