{
  "assortativity": -0.20940974462431028,
  "betweenness_centrality": [
    151.68820694363197,
    115.10192820021027,
    5424.05444027475,
    5406.76468504305,
    1534.5956116173027,
    1539.9051068361464,
    112.99629335547782,
    96.9677934795351,
    20.920478364090492,
    12.393889195504892,
    88.16717790083517,
    36.69985735064494,
    266.08776068259357,
    344.3203291603605,
    66.40274114172288,
    99.91098465040318,
    69.09392760147189,
    35.611022164198666,
    124.47385339913191,
    116.58579134599356,
    137.70584226981407,
    123.68310042515841,
    6.661767984655127,
    57.54561310451015,
    25.263425153235033,
    40.325494671845924,
    39.026642490047884,
    44.249502150063265,
    46.58860954035937,
    31.414054613169178,
    58.3126852218065,
    45.62348259449939,
    18.33889139927315,
    24.45995208904205,
    11.27348697833762,
    15.07680869747208,
    7.1948355072555135,
    15.435899635215433,
    7.287908629164743,
    77.12480917259037,
    136.58553449729476,
    42.744666285926826,
    61.87237984957816,
    82.88891850186415,
    157.10558609377583,
    68.45408304441062,
    62.826798376635494,
    19.55732569238641,
    1.7136035591042655,
    65.65442980593167,
    83.9873909075895,
    72.01055154612635,
    43.65183024389864,
    1292.6485058779053,
    1163.127322265957,
    657.474327330907,
    991.8427935198857,
    289.474830578275,
    520.8752591811109,
    350.48785264222045,
    406.72533371783595,
    93.44140999944248,
    72.72947109852063,
    121.05988919851261,
    216.12650901900318,
    214.16165137452552,
    183.47467423475496,
    186.16792901212023,
    186.12534061269557,
    73.63357913828986,
    172.1182949177532,
    107.73988452483312,
    9.055517910167453,
    14.580723421418096,
    87.86685316682419,
    83.79399858580318,
    47.74133167998704,
    35.36440543628462,
    83.76800515727376,
    39.41779338636285,
    58.69528453745164,
    33.55840548837542,
    6.770777648045897,
    4.819757468025533,
    5300.788939920703,
    4848.9345134940895,
    4867.798291837761,
    4947.514192229576,
    27.510447918410552,
    75.61410568386253,
    54.256529450301755,
    46.91935733320318,
    55.87137422380731,
    21.360033286702627,
    60.93606633747439,
    201.66426368347553,
    83.0780142824046,
    44.70019287965683,
    35.222329930112956,
    158.49902897829546,
    24.043061361097273,
    25.800161601144172,
    36.594877675876106,
    114.75138392495937,
    125.53908449960191,
    101.29388411848689,
    57.968349512912425,
    32.745574431992054,
    74.66091084738055,
    156.01412559499354,
    855.6924069737831,
    13.466755478352825,
    168.76619577703735,
    27.402275951301732,
    53.69868198039752,
    1487.6790441562753,
    1845.339753354334,
    32.08237280406317,
    34.33479602551331,
    23.544408401924766,
    43.83877942672055,
    32.54833711984551,
    26.972631393270838,
    13.266822771379527,
    9.597736995414756,
    8.507262837503957,
    13.884155442470723,
    40.43567893071344,
    41.13556956263377,
    26.53654314641617,
    8.337516361913725,
    33.34230137302995,
    27.319979867789446,
    57.04896299032879,
    38.83504675401329,
    35.299689581365705,
    38.214137002170986,
    10.43108166814184,
    28.527076580858655,
    12.701188014151946,
    15.476165445959461,
    7.965270615861278,
    17.413616423746134,
    13.652109492256443,
    33.42964921417404,
    18.02087526334212,
    22.08904352269649,
    12.274360482033783,
    19.182716987333624,
    1119.282203592045,
    1275.4226415507583,
    77.4078475300206,
    158.45247757995355,
    20.96198486612241,
    39.55427312503829,
    29.516832128989098,
    27.666115150065725,
    33.62938797897064,
    12.12758050841582,
    4239.407733658989,
    4269.910641474448,
    44.14110516658206,
    74.01255271614494,
    68.14806537889433,
    59.73441425611582,
    43.36042018412257,
    35.855868936284544,
    10.498831518288593,
    7.291570457740675,
    33.3552478094142,
    12.980864386577625,
    51.742884069885406,
    399.0317562428045,
    445.8290256456759,
    51.58243665772159,
    47.18472778302447,
    25.471743852515395,
    75.33630954734583,
    233.9876309660907,
    171.55597820548317,
    269.4439124918557,
    88.71092533569417,
    226.94542823165384,
    194.09149299062466,
    444.23083869298347,
    19.246096390266498,
    21.881660319459986,
    405.438598395042,
    377.7615518419138,
    361.1188423507557,
    279.0830180469113,
    424.4808412231328,
    564.6486196206339,
    156.9748106347053,
    76.49822773493432,
    125.9273018602103,
    125.01182422879502,
    88.30845308716863,
    87.96702947511658,
    2766.149953653237,
    2709.2155123438333,
    38.943924405572886,
    48.1587637351856,
    103.20916961487717,
    124.65056604429721,
    63.74727331026448,
    32.764277673096665,
    128.46974216077692,
    80.9982457951579,
    212.37744789383328,
    142.2976346034935,
    90.3781815971904,
    169.96057064913757,
    38.59318541882922,
    68.36344007898158,
    60.694398453942505,
    129.10812926847981,
    62.880143657108995,
    16.909064780706984,
    177.05607324373324,
    103.7308492012221,
    88.21157480759963,
    111.62036543175132,
    62.18707429463011,
    48.83370128105853,
    74.67356026595645,
    29.221508066483892,
    12.901716788911662,
    12.324196646232705,
    9.583846256523312,
    21.960270376288257,
    29.466049706459977,
    63.91601513617197,
    71.02111564541363,
    39.09296678470201,
    56.02520155883265,
    39.96249681953803,
    29.57915720567455,
    125.84324749567024,
    117.72822168658155,
    38.61469407999791,
    58.388800137074135,
    62.62629474126583,
    35.507577204401244,
    115.85209414494992,
    99.80547046643115,
    60.33849335588297,
    87.86711749167507,
    1.116296058103425,
    4.281644246344585,
    19.730944503786226,
    19.981579952781708,
    34.791717100521936,
    66.34644511196733,
    76.89652816548347,
    109.88175137995444,
    47.30906506619807,
    43.87820923798665,
    89.78817553091561,
    63.14844221750439,
    16.139085220760094,
    38.67798691734719,
    87.80046026573038,
    125.16004057592504,
    47.96016293691101,
    46.322988299155725,
    36.97399941956893,
    16.078606167398323,
    37.13172572131848,
    35.56622010503231,
    17.69538245916357,
    32.222981148609705,
    82.37259245673275,
    19.622040414136322,
    51.94702565146368,
    55.979658902877716,
    28.879969672533072,
    61.72918117102124,
    38.626255036423544,
    36.02637727760406,
    40.44536545365497,
    21.064855941454912,
    35.54567465033967,
    15.031782532023097,
    18.09335648139808,
    31.112076230696715,
    1.878395734163074,
    3.429497196426929,
    4.226050230150568,
    117.35480654693473,
    50.61822514543454,
    169.18347342689893,
    149.3537008610535,
    166.65686646288142,
    95.90264289303042,
    97.42833365449265,
    122.0604732633215,
    93.78181408689964,
    95.68449994773206,
    62.107684339721764,
    47.92640762462081,
    75.40488479142581
  ],