{
  "assortativity": -0.06393042435921924,
  "betweenness_centrality": [
    33.56737432838038,
    123.3284078076585,
    34.81209897188158,
    183.58956958940684,
    450.3013876963559,
    476.897098207075,
    120.40273829309119,
    118.39070046740329,
    324.5011923681425,
    321.23983699141723,
    491.3063117950478,
    356.07162724197707,
    1462.3365548312274,
    703.6838300495057,
    15.614256114256111,
    46.830221033597525,
    64.59041120396934,
    297.19590774959124,
    65.71726460361275,
    232.37782814851954,
    415.0798402524537,
    227.43048926840717,
    133.6092415268905,
    128.1327426584152,
    224.3086138959275,
    35.735947184478086,
    113.06360544368303,
    186.0368701301187,
    206.96409481732763,
    309.888287249093,
    790.4907060451881,
    46.511985252127644,
    0.0,
    33.453315105946686,
    37.26249539933751,
    101.75070744581593,
    0.0,
    0.0,
    0.0,
    142.2911332665161,
    44.78180748973456,
    242.22770066522668,
    360.29139513377083,
    338.4400782807498,
    664.9745317410166,
    8.676471567648038,
    45.4924014909157,
    181.11820424970588,
    15.583710246443932,
    348.28946540048395,
    797.887361608472,
    243.58795249481585,
    139.72944406343774,
    10673.178152129152,
    8482.833061901936,
    5083.065181117175,
    4253.239953360749,
    1912.412091617237,
    1287.5620226014046,
    1567.806199883234,
    2066.4507705292954,
    1135.2713620970796,
    499.1407811947313,
    1913.601698066381,
    2224.8734608413415,
    3369.90438147227,
    2194.717887768258,
    1961.6959300457158,
    2326.5603921739257,
    1143.9100030202849,
    2196.6424335421925,
    84.47949213248813,
    15.610107376283846,
    57.50116887162141,
    92.47568193223346,
    275.83136056133156,
    96.07732818933054,
    295.5962399434718,
    103.21913793507788,
    60.58363565738827,
    9.749938017085723,
    46.80941057252762,
    0.0,
    0.0,
    0.0,
    0.0,
    30.40247822226083,
    38.20458349171904,
    645.3619588012335,
    616.4599490384676,
    433.779257809681,
    82.46717049580693,
    191.94118218424757,
    18.27526429239984,
    370.2006128369783,
    1870.6660178297784,
    1033.7711469936855,
    176.61431286723754,
    160.52238410055764,
    266.5374171507776,
    139.37343135152906,
    64.06220793685276,
    119.46720338193522,
    849.4248728236405,
    231.64111560169394,
    108.12269297086152,
    63.72540291332074,
    20.978181467525175,
    181.52877320946988,
    1710.3070753341574,
    3503.63047520698,
    1313.7269961561747,
    1824.8639003053197,
    267.1667967471951,
    246.391720935255,
    90.83632618894652,
    231.15174404905753,
    177.00329021543746,
    143.50609336715803,
    25.875218765239044,
    160.68251555228946,
    36.67634629397236,
    38.544872704880575,
    27.096218483573296,
    0.0,
    26.459364500949057,
    84.97798014012857,
    144.93249797611568,
    6.872162091800039,
    616.3365836403077,
    238.19837862720436,
    0.0,
    5.540209252391914,
    876.0445528300842,
    15.889402279169406,
    0.0,
    22.460670176837983,
    295.5651296087541,
    1111.0682625692982,
    13.977518955975262,
    52.72321631935033,
    670.7018462773749,
    219.4274241005759,
    5.397517188693659,
    79.4509102391977,
    15.876107315623445,
    0.0,
    113.45121142361303,
    319.93051376302003,
    19.76691729323308,
    96.60826729970279,
    35.93288655788657,
    4.955196532694406,
    77.8819896504837,
    176.63210739332024,
    114.06417400584913,
    173.93905593476546,
    503.07340875422176,
    680.6397989100599,
    899.4254833264695,
    714.7970496187055,
    397.01464571670385,
    328.0852508437735,
    469.2709160891585,
    682.7728526558511,
    438.52917978360904,
    696.9813219386389,
    126.13758643386782,
    248.30038688254996,
    500.0189292783163,
    26.022012899983824,
    1071.9996410483432,
    2649.338324693192,
    4682.235642684422,
    831.3090663099915,
    151.41168347543046,
    275.6059793807591,
    1241.7847679267504,
    2718.1615576115005,
    5374.097487014922,
    4126.434154989361,
    975.8852679068303,
    2122.723359801822,
    2459.1176390564133,
    4183.5367734963875,
    879.9819774340117,
    1119.6116027487953,
    47.07341808614553,
    304.68600449482796,
    1590.6155655813184,
    867.4994688457662,
    54.2701519203884,
    96.45535662557131,
    183.4570220200526,
    31.86888556983546,
    113.31074201086453,
    1685.3749118345397,
    1156.9006382091902,
    125.43614112027515,
    334.8053484212318,
    643.444759143603,
    646.4337082187617,
    56.29367893460855,
    4.339102564102564,
    745.2679141831433,
    303.38217937067435,
    227.9013068208452,
    307.88092757428774,
    637.5106842330794,
    409.6062053514291,
    86.02255560404478,
    457.7521627900171,
    888.827449414367,
    207.7270651199692,
    24.320076413361736,
    114.19614054846781,
    618.1542138934605,
    124.3508606200292,
    0.0,
    767.6319240951457,
    609.2788988215324,
    88.4866822806606,
    26.97629208325522,
    106.71475651994034,
    44.839565335705394,
    315.1541036569864,
    581.8847919882055,
    114.26433121756511,
    0.0,
    15.46923748757093,
    94.32189833431251,
    511.3330128650351,
    201.34748803579296,
    481.41056534687704,
    226.03732125380873,
    266.3776342054237,
    160.47607209163465,
    137.50354340460524,
    1936.6677044951164,
    600.3729860936825,
    407.9423383918329,
    601.2061430814022,
    56.73181211113609,
    416.0639245176107,
    826.6787358225966,
    786.3411011190705,
    374.70536169483563,
    192.938058145067,
    0.0,
    15.89234256717094,
    130.09220692032304,
    0.0,
    254.65802127596712,
    199.1405212188746,
    11.521579100169758,
    116.9578656644974,
    7.52519417307141,
    44.317001353766074,
    0.0,
    0.0,
    89.62027589858948,
    314.62285847741396,
    1319.6513897996854,
    1545.6426577811449,
    171.15165993431165,
    646.3765412724987,
    189.99132727001677,
    8.660141057772636,
    124.05728720521965,
    27.805971324163927,
    16.29078570319989,
    9.719359748152318,
    29.584122065086866,
    1070.637234134087,
    467.8377186916725,
    107.17457524677205,
    408.8768710332929,
    397.34851067279743,
    89.88147624082214,
    187.9723981678341,
    68.48439560058554,
    39.30395503258147,
    114.02549483609734,
    50.348967165251544,
    28.523014469639183,
    90.19826870242973,
    76.97989203778681,
    22.289960020652625,
    337.6652059608549,
    473.11778429431666,
    15.460103850600744,
    963.3674532703025,
    1396.7901751503719,
    1932.0487952509923,
    196.04043397848517,
    255.26314475728364,
    595.9806276233282,
    103.60471539983925,
    91.16626521626519,
    4.054843304843304,
    6.074405924405924,
    256.8857819700437
  ],