{
  "assortativity": -0.18763125439214812,
  "betweenness_centrality": [
    254.5574725307615,
    70.52139810957388,
    2539.015756649201,
    1979.4837191905358,
    1083.431144367913,
    1135.015660887184,
    268.00127486866427,
    628.6244451065985,
    115.7830470520022,
    114.75397049147965,
    114.92830525795074,
    110.32376591620654,
    50.397328254724826,
    96.95987916218047,
    543.5296822541283,
    758.3005665478664,
    2.6640406600306537,
    3.383859766493894,
    398.5084698030712,
    317.40214204624067,
    90.82377551074498,
    51.62526988523089,
    5.573162362891916,
    107.14074086157865,
    77.2177351602701,
    3.1468942470116827,
    3.8363738920688943,
    185.6583400210399,
    13.86592432323248,
    2.360605993347501,
    4.047781716803616,
    4.041081054413279,
    18.16000824877974,
    2.4569665543911294,
    13.637529562090144,
    9.110576398931611,
    7.910652575058486,
    2.1304349711316597,
    4.717266086037107,
    624.8157058885478,
    854.1690244199651,
    1111.3915149607017,
    1093.18372596631,
    430.9115852417802,
    560.0872699232128,
    635.784126659717,
    883.0134708536333,
    285.1124173350342,
    267.49986269307385,
    776.6572825579003,
    526.8749941712958,
    100.15159518563081,
    102.94662013269966,
    964.6711812101736,
    1082.5339570151941,
    347.5844426854919,
    491.6004587565831,
    361.58586097803607,
    501.3746989022281,
    157.38105945109197,
    140.4389104868917,
    62.0660034700094,
    82.78144940035575,
    98.06297661077626,
    9.472900541374624,
    17.95259143535482,
    26.131860208206067,
    45.12721089549077,
    88.03666637020238,
    54.33772842381008,
    19.996605499445405,
    148.88134983239524,
    39.294977656612915,
    32.8315275972373,
    171.1717002543209,
    64.27708381924178,
    12.44865797340471,
    8.93060853311742,
    133.87662948407706,
    57.41543604240778,
    474.7930810168048,
    789.0651699803769,
    1.0268870903666352,
    1.854536678710725,
    1281.4896945858402,
    1528.9665285299084,
    1381.255143585136,
    1164.7427052999706,
    16.783457433012313,
    10.79678714650293,
    17.102094658147305,
    14.890839982266746,
    9.631020413539282,
    3.182183186503171,
    7.8245458928233536,
    5.347475313167403,
    4.736498691597052,
    15.018736660003288,
    110.17957766548713,
    37.4794099592339,
    11.285749753490833,
    6.781664468092062,
    1.9172645248896663,
    6.260235281065778,
    309.0719462563698,
    287.7224327907937,
    309.68613933454293,
    192.83548502946715,
    256.11659729956733,
    215.64637811636032,
    927.9335641767981,
    4.63489000315979,
    40.78224191984782,
    495.79793358776874,
    450.7543582825927,
    607.6151877983494,
    681.3369460144995,
    140.311884276312,
    146.99907471532615,
    417.0437470216965,
    442.5805928893073,
    10.581524967939197,
    8.794898813033946,
    203.97643380036772,
    26.690609478176697,
    6.346961407208863,
    5.726646123141321,
    1.4299262832948139,
    9.132885854155056,
    0.8509387708808251,
    2.2839899149535903,
    45.93342154961933,
    39.7767278327028,
    58.57800767152673,
    76.41553551330227,
    80.20042260770558,
    61.045694415378485,
    38.788619303392224,
    56.127412304684015,
    24.722362755339187,
    241.8078997710509,
    240.7712601489294,
    280.1879969326194,
    450.88260119637215,
    156.30786916260323,
    89.98421405264594,
    240.2688834265865,
    207.06691928766548,
    11.577862877492443,
    543.0621524745271,
    393.3856890968883,
    111.43634937679155,
    109.32957502722735,
    241.1791652184134,
    187.53045441154774,
    259.91043109814865,
    293.41707887894535,
    4.7395525089989405,
    0.14409937888198757,
    1255.2833626568722,
    1160.889723350406,
    1313.9559287911406,
    1215.0937390519086,
    1329.353732541718,
    1530.5948337048376,
    9.48200963520092,
    2.4520523921406134,
    73.35377770158313,
    95.95895592050698,
    1.3552842730299846,
    2.337939636832186,
    1244.0807588452014,
    167.8865689676996,
    173.96804573090893,
    16.06467395753345,
    10.205926738650279,
    143.39584280503,
    66.29510289535472,
    98.82187437510765,
    169.02976621653588,
    137.69292189774424,
    307.872779739684,
    446.01559707232815,
    90.94923477884383,
    259.82960228820633,
    190.29653172217903,
    179.7238026791052,
    131.78776240305038,
    137.48706975641667,
    49.85533373203727,
    82.72720767204792,
    282.08923845817156,
    394.192309738483,
    218.89825991905602,
    63.719027464245634,
    141.17953815601498,
    338.97083704142835,
    313.78373186259336,
    275.8850677608258,
    1909.472868070439,
    2372.382447751312,
    11.266239360329466,
    5.011724584555711,
    5.640886884547218,
    126.36575739584153,
    197.55340660793144,
    181.6063847467271,
    20.576269180018638,
    23.003246400755913,
    36.81678952499286,
    18.96313782968624,
    26.122808373211097,
    24.33197753809698,
    282.2001169759705,
    377.82824853257944,
    419.6812662720283,
    284.428115620221,
    18.995641594780576,
    4.740409496400386,
    880.4034145974426,
    755.7375273373545,
    16.298497590607308,
    9.826045842254647,
    218.62076108011078,
    179.40756302167733,
    53.94984568020197,
    91.12205989785683,
    2.4922558429491413,
    2.894419219072268,
    0.7841236495742092,
    60.19531352493386,
    84.82536312694853,
    44.14058416534865,
    86.03647654191955,
    76.15398458106917,
    52.38651221373096,
    0.9773916454160114,
    5.132431069458333,
    2.1674602375309893,
    5.533065387399288,
    67.54962495907402,
    105.28653463640205,
    0.5121001551676404,
    3.029316686944553,
    8.713763052849727,
    5.5791010371504175,
    5.8102250024030475,
    6.7549766179774124,
    212.89982471682595,
    169.57267392603686,
    169.55843885999045,
    146.9729479424332,
    2.32901463062,
    3.2678864284756877,
    700.0281653281365,
    571.4020894472686,
    81.50609304173547,
    160.05467258408277,
    123.66645103207144,
    147.90699186429902,
    4.908161026051825,
    6.725623666907629,
    14.615434060454286,
    19.737150947225913,
    10.679164833314282,
    13.186965404683784,
    4.298917003910439,
    5.608327401819405,
    7.888416636575096,
    7.350165743687355,
    41.03393547508199,
    11.035940549788585,
    19.642799245645243,
    5.539787755085604,
    3.6358230706913677,
    10.576301719406414,
    21.905027840038144,
    6.4739158661943055,
    4.04682615439744,
    8.882325219594657,
    5.0463502767339765,
    5.232497287871201,
    20.32411535923398,
    22.736811641685986,
    35.126987729324334,
    20.685158238495973,
    324.66616881366184,
    274.9806393793622,
    4.337903379111308,
    227.45316799230457,
    183.07842348272868,
    124.98425980538752,
    207.94244917804974,
    147.64846403556646,
    217.1237595382803,
    238.4792473307069,
    179.56024667599894,
    225.80657219362695,
    194.7302994935437,
    145.99193274577695,
    99.34748998112023,
    186.0720216732411
  ],