{
  "assortativity": -0.20458301558341652,
  "betweenness_centrality": [
    100.79504470814419,
    89.65217887316858,
    2301.346792538949,
    2244.069407231521,
    1060.8893377163708,
    1132.445963632565,
    304.58872425361585,
    332.31688321554327,
    53.36202136838083,
    115.52693601399214,
    105.35006713690156,
    166.542941953398,
    42.51702296511659,
    76.22313277685397,
    628.546776660604,
    573.6478197386588,
    4.849608377761259,
    6.066594477975921,
    434.8837174553953,
    507.8535609280974,
    74.49536483407984,
    50.99879598497552,
    2.4576984458138464,
    100.24159310784894,
    88.28016328874207,
    9.50740728364477,
    3.93282143008738,
    230.07160108683098,
    9.711368999164451,
    2.7532263529647416,
    5.8536768868257,
    9.85515819241859,
    8.727703678018104,
    5.759759807597169,
    7.657341132331053,
    6.451456758974439,
    2.335162204700916,
    1.6641012009071583,
    2.663568366997099,
    736.8140002829149,
    616.6173011290415,
    892.57311022948,
    1083.0081062819809,
    494.88705580152384,
    612.0708030842724,
    917.9056411041942,
    748.2547680492265,
    235.0400705404693,
    260.31047777997725,
    702.453516787257,
    829.1391273087193,
    228.314933925674,
    99.74643656984748,
    1323.0976820861488,
    1073.1386242707201,
    342.5440956382219,
    276.3130552369519,
    321.4145374134126,
    315.1107567371548,
    117.47561854805922,
    192.9697206292698,
    64.90269558549818,
    68.72251760576721,
    64.88204932706103,
    14.709275235171791,
    6.256524175504411,
    21.853771957672198,
    76.7735562530495,
    78.4409977775205,
    57.410573907966864,
    27.866347922730128,
    124.31685395285096,
    40.95976598162614,
    59.722245509178286,
    45.390260952334195,
    47.54355009563996,
    8.06353306982992,
    8.620561754709318,
    57.899772020220475,
    83.513579743768,
    458.3049643195313,
    548.940896443501,
    4.377646671997052,
    1.2662387794879144,
    1348.357645691939,
    1748.2478488358781,
    1182.703805493588,
    1400.6868524444797,
    9.898288812399255,
    6.631369598490951,
    5.318285748547987,
    11.070537932590613,
    6.260026739467719,
    3.581824912164661,
    1.7481296093022527,
    3.5355767956081943,
    17.846277636864922,
    8.63771771769255,
    145.36543425483583,
    16.794749267126274,
    5.133775739467456,
    5.809392499404527,
    1.7438392650273058,
    18.821085684526043,
    211.8872666346197,
    322.5801803148516,
    287.1441720734635,
    208.1103476316055,
    191.94739256888403,
    240.29730195506,
    1096.745443007444,
    2.12587037927543,
    73.77066008342739,
    458.5014846475756,
    447.15933323440703,
    722.9155278613895,
    505.28775242163863,
    232.21893366367135,
    157.87489004938138,
    358.9175229198442,
    400.40016724366956,
    7.963871749021307,
    22.986458265947142,
    218.91616512224277,
    11.210913449992809,
    0.9131917639602857,
    0.44271959354239987,
    0.7822551503494547,
    6.954715344125048,
    4.263374400561917,
    2.4675947696955904,
    40.81410293775422,
    41.48372611685443,
    67.79406680509678,
    86.26637736869216,
    62.456822425211655,
    33.80508199463763,
    40.0829189038015,
    46.1742388677141,
    6.438129174458596,
    297.76193811462383,
    347.8019162541748,
    355.4795362160098,
    303.0327729639571,
    172.2562043553034,
    112.95766567490945,
    200.6549219413125,
    237.58186990023214,
    7.226511111293905,
    399.0171973409796,
    520.1731248309025,
    94.60187985534787,
    102.33314990279412,
    231.42380807981067,
    272.2489926115005,
    259.7939877749805,
    221.9037441043375,
    2.0354664890679666,
    0.11466011466011466,
    1172.0240097666654,
    1307.7844540982783,
    1465.2503798617715,
    1649.8948021715103,
    1615.2409537163837,
    1750.8960483540238,
    2.560707206874766,
    9.462546509925524,
    91.18115172678613,
    78.24509104429282,
    2.8493991832779,
    2.397084477032521,
    1167.3398730066383,
    224.74174374686368,
    272.65653234907643,
    3.924343996251542,
    16.331990069672777,
    111.07473083578682,
    52.20483276109667,
    107.67063432635655,
    68.07474901340079,
    91.73645340866177,
    418.3253160800265,
    353.93378726276484,
    144.96950764851397,
    251.20433307357982,
    247.74218519020948,
    387.3660178938809,
    132.71606793709202,
    84.63957822587092,
    86.41434538116651,
    61.054663034179825,
    341.70488169802604,
    278.8339327257075,
    160.39298831108437,
    78.6282651903078,
    110.40676558164827,
    356.64224762289075,
    373.3630254499829,
    293.59007838535416,
    1808.4625583715958,
    1486.764586006779,
    3.5803663138974144,
    2.592849270913011,
    6.297295735906502,
    334.91813122554294,
    134.40787423992435,
    107.89404794269817,
    19.651373253427185,
    31.856269491555132,
    32.45323302223266,
    31.867556588717378,
    44.50432715742647,
    22.36849271759069,
    268.71709562619077,
    417.304749687715,
    319.3816468675351,
    300.75215294362243,
    6.964959071706931,
    7.9250761853008855,
    899.2951258940104,
    683.8287111078695,
    9.814998834349762,
    13.266755891466243,
    194.6231885027473,
    200.80906697464943,
    46.65822696065963,
    71.69038003953509,
    1.5953991970749566,
    2.173243945732139,
    2.5472727734303553,
    87.07747968006576,
    108.74204094961797,
    64.72997031757438,
    90.72945679249462,
    54.52456810480022,
    103.14880171205596,
    1.116910979130667,
    3.6992007009066135,
    10.085005594947997,
    4.2215423133367445,
    54.94315879405154,
    60.8969625866408,
    0.5547689142296766,
    2.217097601840024,
    3.1007731013966033,
    5.466087978455833,
    5.6739196275537855,
    2.119189183055503,
    118.97676481881685,
    77.52210091997571,
    179.2081419255014,
    137.25927903871116,
    10.477655529418376,
    1.5678235089271115,
    537.4559823453314,
    666.9319047434311,
    158.33557649243227,
    145.78368384737118,
    114.94401420443081,
    92.13839168151884,
    8.546073332672028,
    3.9759602302442048,
    25.913102151640754,
    26.161415093236386,
    17.189425979349963,
    12.04924552459777,
    6.427933942422177,
    9.330168404561565,
    6.802435677731431,
    14.48770520796984,
    5.611860173725506,
    16.0541024542946,
    24.524826772511794,
    11.336898633675448,
    4.334385362435406,
    18.33327547298957,
    4.505007636699942,
    11.732043313671232,
    18.9007214779538,
    18.13334808968571,
    2.9511159783888523,
    12.017328459075499,
    12.169940746109287,
    18.748928066156427,
    43.267581114422086,
    42.45505510808742,
    321.7699304110053,
    468.0797272584242,
    7.20726124803586,
    201.76699914748554,
    149.2047078872053,
    119.38540308127565,
    148.3809449239549,
    157.14160088188052,
    266.1483155742822,
    177.82310774460805,
    211.1719036533906,
    284.3489505785763,
    157.48049130278878,
    207.73683915051515,
    128.2406994311641,
    118.54456641580204
  ],