{
  "assortativity": -0.19255750095424476,
  "betweenness_centrality": [
    113.99501067810512,
    145.3986907496694,
    2530.602674046366,
    2523.7407090982642,
    1070.7813848002822,
    1030.3981295936367,
    523.6947389392029,
    256.5676059289508,
    72.08015558814908,
    104.63115582320304,
    104.71850137689198,
    105.82627796706524,
    55.52889660830011,
    49.28692108617067,
    821.8696640073636,
    549.5531464843472,
    6.395235625780061,
    5.685181997696147,
    327.47386368326494,
    433.80030725363747,
    55.76631230682756,
    51.752317063050526,
    1.162130156419583,
    99.17849651876709,
    57.44418282892297,
    1.2441371714623506,
    8.925233332581897,
    267.09007899861103,
    14.381138860862599,
    9.548439703468812,
    2.7313489188191493,
    2.783042163184041,
    7.75480825511003,
    8.370818012577347,
    27.06579349558155,
    4.729929822702129,
    6.0561765686622975,
    5.740994054654626,
    5.153225386190083,
    871.9126857923271,
    572.810470138185,
    1300.1197400414057,
    890.289017977007,
    434.38383046078275,
    571.2709967190395,
    647.013837060071,
    650.5462248153492,
    264.5972595865115,
    145.03353599065053,
    548.0963724643823,
    569.9417480938131,
    74.90389651874655,
    111.81279083341045,
    894.8631842920207,
    934.8961444920087,
    273.4322702197166,
    282.95736367639256,
    378.7489622185005,
    400.7535439891037,
    127.70139573333729,
    186.55442556608668,
    124.2140374141532,
    52.306805048948085,
    61.4269450218472,
    21.84153153896273,
    6.350228326290793,
    45.6098140033483,
    35.975002110261514,
    80.95558788604384,
    60.468861169658176,
    34.15133541603131,
    120.55989691451884,
    21.48868841475918,
    39.925774632431185,
    77.84043881903563,
    59.024903024069154,
    5.908783345667928,
    5.941849451605873,
    85.07267239950976,
    79.34911638483673,
    608.6613978848591,
    579.0328966156897,
    1.852351641250124,
    1.3585324533853946,
    1527.3387923838227,
    1579.9099108019084,
    1486.9089532799335,
    1448.0110548945227,
    11.58283197484107,
    10.320126602078224,
    7.788903434133967,
    8.374190160832988,
    11.684265307393945,
    6.234070716139016,
    4.352332190290763,
    11.72463727524696,
    19.594313353004246,
    11.383635583135709,
    90.45106201551181,
    15.532765334447143,
    9.14853294873991,
    4.199038668044008,
    3.170438036740713,
    3.2556215988081916,
    317.69030902133846,
    290.5758808795763,
    286.88867627082595,
    273.6321921092393,
    293.92463424083087,
    172.1622023256714,
    891.8352271769295,
    1.0159074700696074,
    42.95030186688264,
    403.38745499218663,
    464.0246054653817,
    485.79118835814336,
    426.91628248141984,
    147.1538732089486,
    193.59973315885597,
    488.82316085274084,
    446.67434170078684,
    7.521224486256569,
    23.42598739846198,
    255.5865331286788,
    29.633838018414934,
    4.626701561376454,
    3.578023486017337,
    4.255395840625254,
    5.772155830553673,
    1.9868391085970216,
    1.8812324630977078,
    54.41337698302966,
    24.671373377436655,
    56.301681940450905,
    57.167495513824555,
    60.588866194942966,
    52.30249286407514,
    72.78956503541306,
    64.55636345620933,
    10.95739118440838,
    352.5872011678881,
    289.2837192703368,
    362.0418161497971,
    265.7931733222562,
    238.44387292482438,
    118.78504751724358,
    217.18319037936047,
    252.9667049200811,
    5.263464435660553,
    368.70398314474886,
    469.6119738169683,
    105.95809366901732,
    160.8603443609868,
    233.9197193180574,
    276.7955312458413,
    383.255956710022,
    317.30225373179513,
    2.2726186755634545,
    0.0879120879120879,
    1473.149442510395,
    1434.903320812427,
    1392.4060689700268,
    1413.5510927421442,
    1459.8964706600802,
    1789.4477270869538,
    2.103512741429749,
    2.0334500888644644,
    123.01836282171269,
    116.9168473317457,
    1.2196806358071393,
    0.8216567888835573,
    1128.5193474015978,
    236.8623150512038,
    233.47861034917779,
    5.432280569535931,
    3.8826999454096103,
    125.44130399740506,
    74.31300513164346,
    93.68733905607826,
    71.90275817359088,
    78.80010777278441,
    381.6325442202746,
    353.32634297680767,
    117.40412742949081,
    213.0538031721076,
    258.3608868551122,
    232.62515374915583,
    128.6163080597083,
    132.56513258673726,
    64.84850384796654,
    47.72618630853265,
    333.65087856645516,
    277.66933864442353,
    185.45847020746612,
    148.21675287778368,
    122.2241429419857,
    490.7133773423105,
    272.7133497532969,
    324.4366998153242,
    1736.2155299463425,
    1578.8845138010524,
    9.518811124769426,
    3.7829627622092,
    12.256892761513258,
    197.8666212101459,
    126.08013423057719,
    118.47869368071261,
    20.278364523198903,
    19.831616441412567,
    27.80973540484019,
    18.879689537641667,
    28.50817659566501,
    45.655218349078474,
    290.09543663619587,
    413.41639804908624,
    344.23401629167756,
    377.08364705200995,
    29.915878305943533,
    15.787570641100958,
    703.0693878951749,
    629.3923345189082,
    6.569507466825258,
    6.889798711986894,
    177.1395878630012,
    248.85905179782205,
    61.081396853366385,
    64.64854077742189,
    2.4521634132517365,
    1.3400837772516139,
    1.3189768212188282,
    104.73939282512195,
    125.34378047418691,
    103.87998369531778,
    84.2172938810189,
    90.0219653315584,
    105.80762400450006,
    0.8704887016820514,
    1.4332070214316888,
    3.2474200226452163,
    1.8652133775734918,
    36.73695533180119,
    97.38339899257114,
    2.9832068921043455,
    1.026351554474723,
    6.367032683631288,
    5.765823320006568,
    5.706012563532391,
    2.883547073682482,
    166.24508155582922,
    152.5571868228743,
    269.5077578759603,
    166.4493884680483,
    1.7996916617590277,
    1.8403901299852758,
    601.5579580143376,
    572.4957834948158,
    149.27880229613427,
    118.39747647867368,
    179.89672273392753,
    274.53831747214394,
    8.287094158115238,
    3.9707623750031784,
    10.807662449817746,
    11.378995331849614,
    8.407391853360629,
    13.557901941513988,
    12.044416504880639,
    5.2899705617379915,
    6.177897342045424,
    8.293645943572118,
    10.987881290803141,
    7.119313253006097,
    30.063989927457826,
    14.468365287947446,
    5.576602180133345,
    7.108819720067829,
    3.0124147504089542,
    5.833437821409854,
    7.894638870034674,
    8.369523448595361,
    2.1176983073425975,
    11.958005705447675,
    9.312333796754078,
    25.007837780860115,
    14.705942291444487,
    29.165681085273697,
    328.94093552903576,
    282.87932223585955,
    4.267277288444188,
    158.55303484667573,
    103.06012322964052,
    140.97267548788687,
    226.98961194972875,
    204.06019161082756,
    213.4800250953884,
    179.4406585528366,
    189.23681388367947,
    186.62267946148776,
    237.7602115209517,
    228.611953130937,
    183.11178177859134,
    147.87252402211
  ],