{
  "assortativity": -0.19713208755851838,
  "betweenness_centrality": [
    98.92997784875783,
    143.27361265280956,
    2297.1454481631326,
    2442.4529768226816,
    977.7877067493129,
    995.9511204305297,
    368.9690545763129,
    287.54507347588554,
    69.568314574269,
    111.97782810010222,
    160.3177276074477,
    216.2220646149246,
    32.62317518670692,
    62.948709190683374,
    639.8937822241502,
    670.6572981682149,
    6.343994431817988,
    4.353345995967248,
    358.50026173730674,
    387.38445760964777,
    39.987191406566374,
    64.26535525060908,
    4.888589526047342,
    95.50632411190088,
    109.4237724776697,
    6.630681100971048,
    2.6730633896551828,
    188.35762604335844,
    9.993450246963622,
    10.120145167256622,
    7.785567072632101,
    6.075575071037217,
    5.292077649105808,
    4.099787578205333,
    15.281821249253152,
    11.579090362505159,
    5.217426461987367,
    0.7546833645465316,
    2.441482284491013,
    655.3974868233352,
    722.1721306242636,
    980.5904632288897,
    1125.0057576393835,
    521.043673301075,
    529.6425113688146,
    634.9188167431042,
    768.0786771499336,
    207.22029388284878,
    152.2473270068237,
    607.978709122627,
    521.1417594997552,
    76.70803050313029,
    94.42147922812872,
    862.2022778222488,
    942.9022511674801,
    248.76073147271387,
    442.2950772932166,
    414.41751548950634,
    543.9976819036624,
    158.59945687417428,
    156.45353813589196,
    124.2308318220487,
    83.98518259394562,
    67.66418101018799,
    8.67061125384649,
    18.58783335692017,
    23.425566926783233,
    47.60091976225772,
    60.540773569296036,
    40.095696854390056,
    21.710151593502506,
    141.44283681280044,
    23.085336079533153,
    68.40910932923885,
    70.7831768772133,
    50.29280882888278,
    7.573313660168396,
    12.556205951638345,
    58.64301104478374,
    68.0766491097628,
    715.1152810951843,
    480.80572142770825,
    0.2060398641490344,
    1.177752085698753,
    1493.3877962220886,
    1618.6473022941595,
    1317.4240289032432,
    1073.6552509932649,
    8.847868493234934,
    16.509287794780743,
    9.037705143422674,
    4.281304970922378,
    12.08887988897468,
    16.284231692919697,
    3.589266069805367,
    4.9451534381022455,
    17.927928069985537,
    13.490380101944819,
    104.8297140456882,
    17.39243371217256,
    19.89555180822482,
    3.3342828011210477,
    5.2326988303315485,
    4.372136603506893,
    271.4410030280205,
    295.91563628360564,
    207.05281168860583,
    261.60429329253833,
    209.3274707725167,
    270.5931937348394,
    868.8245127441147,
    0.8629799685316555,
    37.96441338363495,
    379.02570656831625,
    655.2256561700389,
    443.23389885040456,
    720.7373054228286,
    256.1424384395493,
    172.2217070351205,
    337.5705150224858,
    422.08697484673525,
    12.157205494861666,
    10.385886687770506,
    269.538821411817,
    15.898581679317001,
    2.3965354379233483,
    3.3006780685050288,
    8.07403224450563,
    5.781910562818527,
    1.3060621859885848,
    2.547666176471839,
    36.535324095646864,
    34.58226283396941,
    77.17696314260274,
    94.43506937794747,
    55.03100097544132,
    38.29277897187425,
    63.852801069652585,
    38.15842747488942,
    19.3854600409857,
    280.59002887979983,
    314.561037496662,
    346.84578747519674,
    371.24172505611597,
    192.88111972155107,
    76.64218223532772,
    343.425903374926,
    194.46422551833817,
    3.3102090709511423,
    415.08172177777374,
    430.4741804862305,
    165.02735210036732,
    107.13343214875864,
    214.03219828017387,
    254.51936928993464,
    262.04622112232425,
    322.4144015633751,
    3.5044493296562043,
    0.054238505747126436,
    1235.5403076572447,
    1841.7665678268645,
    1354.8050728646622,
    1737.9581294434395,
    1878.6974766559274,
    1782.660098100688,
    9.356725354867846,
    8.05585873929288,
    56.43916116019468,
    132.33819527122745,
    4.11551189007628,
    5.671173111348461,
    1265.1595136855601,
    297.7617034615931,
    255.57645879345907,
    4.920530472920819,
    23.967138532312653,
    144.33700029267797,
    78.44039001217661,
    122.58832411063892,
    127.56830497148127,
    153.55954223546266,
    358.11799892464495,
    382.7212398264193,
    105.86565238677544,
    211.47376931541632,
    159.12426269177328,
    166.4562755714728,
    164.78802352244944,
    116.59089906138452,
    74.57146208812559,
    66.42467255607761,
    250.7361023980372,
    396.30171873041746,
    210.14159315980484,
    76.4914954840943,
    84.66093371929331,
    437.5860861957905,
    273.3809582446974,
    282.2553582396393,
    1738.5521206158817,
    1843.6403132417645,
    18.714854780007137,
    1.0466404917711725,
    11.197898472088347,
    213.08185191451824,
    149.0141692852268,
    99.49373193129354,
    30.792552762667523,
    40.19970753180398,
    31.633831809129866,
    29.61240743930502,
    20.191916692665764,
    58.25108640567059,
    244.0342656331258,
    246.0420744832012,
    277.6509321780337,
    403.48488848070065,
    9.55958450104827,
    6.346735067248955,
    748.9297057541778,
    620.4034725845592,
    14.87025928730393,
    11.850475570471593,
    373.31680009137233,
    339.08835741961377,
    58.64989793701726,
    47.797058698064795,
    4.4182470916968235,
    1.20229933504759,
    1.3320660757826033,
    121.77647749037163,
    105.09876860979496,
    95.65671404324046,
    118.97903525780481,
    96.91597888347073,
    73.57407834846875,
    0.992093016030664,
    2.1679227724472456,
    9.471750172040366,
    2.259269136695555,
    45.39837320758151,
    75.18192634776224,
    1.2966665486018305,
    1.4760846525598235,
    2.8964169312383397,
    4.241262712731573,
    2.9169441984630735,
    2.8462737448980633,
    126.50938124092981,
    211.39117319336316,
    116.96467498930355,
    161.12597220623692,
    0.6458754344579771,
    0.5769408183168361,
    577.1595189567755,
    772.1264908287292,
    138.1022076564467,
    122.39911160916529,
    108.8961514038403,
    139.2945912517595,
    11.178744447656225,
    8.66155512926005,
    22.431413591748655,
    9.957296297576738,
    10.88443277140952,
    6.561240500548542,
    11.529719617940739,
    18.783495783514013,
    4.883256329044739,
    9.952165407106381,
    7.161857047043596,
    8.920820646050283,
    21.8546837912771,
    5.36398970434276,
    6.14639465936194,
    5.903583924758864,
    2.198350030290978,
    10.266404268812042,
    3.264694185071538,
    13.222537243365592,
    11.330133311256878,
    8.833275904005607,
    14.07256954995783,
    13.18394463768307,
    14.205638592663433,
    27.635475443246442,
    224.33787030949296,
    318.135137774509,
    10.042156991114995,
    160.87254921241782,
    114.37377083605588,
    114.82805117577291,
    219.54400537355113,
    193.30396048753423,
    193.45191099409996,
    152.46464381804967,
    171.48050456065218,
    185.24273978658258,
    153.0844637287668,
    129.1585283789933,
    137.00900678455372,
    116.38776332427489
  ],