{
  "assortativity": -0.2081609247556698,
  "betweenness_centrality": [
    101.87907804682983,
    97.15130831242125,
    4158.703039855963,
    4417.058865335061,
    1207.7386127405018,
    1177.962172065519,
    71.21997534779702,
    85.73588673021843,
    16.468502713914507,
    16.175366289495493,
    103.95076522589635,
    76.04488715205244,
    245.95205187578668,
    332.4279542847711,
    1262.0907692277563,
    1348.811977182937,
    34.6198369374207,
    49.70896162432898,
    152.66072220333524,
    178.28688664024727,
    166.3024221236641,
    114.02477446679333,
    5.766564411161992,
    52.905374994445665,
    46.92393466453219,
    31.234276729873365,
    17.77526877611804,
    37.76654427883821,
    31.57481466252814,
    27.757750004190143,
    84.58346190262095,
    31.353094431677896,
    6.605902456808446,
    15.163728671223065,
    11.766444463293725,
    7.657675583619742,
    6.543289235206219,
    16.042684148924714,
    9.606702175054465,
    78.93287180470004,
    76.91322241004919,
    912.0579833219335,
    1095.468328510401,
    103.1827562698668,
    168.24473834928145,
    56.079856041584755,
    42.097804061829656,
    13.408531571930249,
    4.094251613688954,
    16.84363328176351,
    41.91460912514145,
    62.52890133470657,
    49.673670591810506,
    1062.2982665977545,
    849.5688776036083,
    516.5589698102774,
    548.0724626404658,
    260.71982476912893,
    317.22289074330223,
    330.91605422972503,
    417.75057825801713,
    91.76359442016425,
    34.59427287821506,
    119.83850396841447,
    175.09233070620712,
    164.7344503519562,
    199.57098400025157,
    232.14879334052662,
    87.22366813214289,
    93.42213947887805,
    223.1928211379675,
    57.496709774395974,
    6.325615158315287,
    36.511465721539615,
    99.2872235069896,
    83.19957800908573,
    34.797827787894754,
    36.51321539902445,
    38.89393081470816,
    44.10037984679276,
    30.145164325896133,
    41.867337639683946,
    4.760122295551911,
    4.47056756393173,
    4117.005829439647,
    4187.70071874898,
    4109.006807237235,
    4440.970316427807,
    42.45848147464094,
    86.66977999433587,
    33.99249013720552,
    35.747198992502895,
    39.19279991848084,
    26.42407051800934,
    35.41861491804253,
    128.1491541205489,
    103.51985281671826,
    15.087251720792363,
    55.75423170439751,
    74.02589815283255,
    37.38360309438222,
    14.301674939797122,
    33.338149043129434,
    48.56503693365082,
    180.54284606045402,
    143.4116059434358,
    78.52078472970521,
    61.379724590902626,
    83.54675961568459,
    255.81890024789047,
    872.942118890079,
    5.772522719628495,
    199.67448081074227,
    19.720542852831606,
    18.319053807159356,
    1034.630373320114,
    1687.1207740841621,
    29.89316305342666,
    26.88266466521372,
    74.07400492114655,
    69.29936686626206,
    49.83352216666675,
    40.31463406892045,
    768.8192520646537,
    41.37791250785837,
    8.221695888835857,
    18.865703891270883,
    16.51557705725654,
    15.476354926518514,
    14.31336618270078,
    9.427833974759869,
    19.75168189499898,
    29.147390273002483,
    27.45857982075474,
    38.934415473659826,
    15.480290483888462,
    43.94593752649214,
    32.14681888835172,
    37.660254533523435,
    43.79427943452077,
    51.536517331943884,
    25.544571074389623,
    47.9388240900677,
    32.636202548889415,
    41.76049086841044,
    59.10599376729666,
    46.32820654485964,
    20.60187800059904,
    17.182145173319313,
    1265.0139302496102,
    1078.4059833957615,
    60.160250206962644,
    97.28827019656994,
    9.398289923832383,
    28.361796419886748,
    27.988203753430092,
    16.32528866281957,
    14.587909033644078,
    6.826962460128379,
    3534.114292190369,
    3567.0171834368334,
    26.74761919165823,
    46.16246399654517,
    1391.7607358705209,
    1219.9222187406588,
    28.415306017128355,
    24.886764403111492,
    1.135753822813969,
    18.781200926629484,
    31.116723324864907,
    11.454672580969037,
    59.108162656874285,
    374.91095357688187,
    434.6491733301249,
    43.40205405072852,
    41.93973149273185,
    3.500271192913031,
    46.774086515146834,
    146.5584300676007,
    87.97408799496168,
    247.77075070178853,
    168.00470238195462,
    285.340765480258,
    155.35929745630392,
    410.5394515315886,
    13.590600860365683,
    15.57038357180516,
    324.2553608055661,
    310.91375517810224,
    369.15366080147663,
    299.81056097515466,
    415.64695384559604,
    575.0410197761598,
    214.14992845613278,
    39.23077538100744,
    116.90922557829388,
    78.93137789862627,
    67.31652463642573,
    1170.7014329208928,
    1892.0024481209512,
    1889.6031104533977,
    31.269415676434267,
    36.396626693851296,
    70.59503073273474,
    278.3193658099556,
    23.849374600870217,
    18.270723302360555,
    177.436384226688,
    87.65981181725112,
    223.63041603701842,
    244.65890694017114,
    117.50044304493146,
    214.89752120479747,
    90.23112397333888,
    79.81541441389295,
    79.9610538111593,
    194.35413577831278,
    98.34110933052835,
    51.72468684935795,
    125.05103013525535,
    106.04682422097213,
    195.92116002156487,
    151.14085234825208,
    55.57335607747054,
    45.90525686062242,
    92.89689410521707,
    9.269312075489891,
    18.32728755052257,
    7.562316424899771,
    5.9258486492710585,
    66.18239547417357,
    30.072092158313993,
    46.57905624128919,
    61.74284927511453,
    35.316506250556564,
    66.31074714877684,
    25.72062036100739,
    22.908328903640054,
    65.90952483631312,
    66.82659329245061,
    25.589237685882264,
    52.42701891611761,
    30.33720831626354,
    22.1563817768436,
    94.39979615926687,
    39.32050457761005,
    49.708911605729355,
    47.0812185823126,
    7.77802295351537,
    4.534728376908911,
    9.574838305207889,
    4.5074999855750475,
    18.3353974367639,
    35.79823463398714,
    62.03485159716067,
    92.45303264934141,
    73.20305461891428,
    84.26421478317215,
    106.72996651901023,
    88.34360931936568,
    13.852051547170836,
    39.752798070382276,
    59.47924881839339,
    73.56805373677027,
    69.993656765866,
    80.35644293691175,
    27.354609274714058,
    8.877634259234384,
    45.44824953865134,
    22.6937603086292,
    24.090332459135226,
    42.460141646202956,
    51.18160076835011,
    25.409560992194585,
    31.34834957073729,
    34.441407779986356,
    21.86551243385719,
    57.62225278427708,
    12.51668964764787,
    20.734106562229396,
    18.52873836464239,
    23.73647154657218,
    20.79423215553466,
    21.705095850077416,
    17.80431765122632,
    25.98008169339482,
    677.0544548263315,
    645.4941847160636,
    2.759113265078139,
    107.68964154308352,
    103.42488399363026,
    135.77552312201033,
    194.55889261093026,
    175.45724821337237,
    130.79852525714037,
    103.95563896942758,
    137.5588241789608,
    129.99929507646382,
    120.52594880629603,
    84.81117633806797,
    58.510742270172415,
    87.93744255911683
  ],