{
  "assortativity": -0.20860482855111406,
  "betweenness_centrality": [
    112.6843240287863,
    114.09199678529349,
    4672.148690505904,
    3964.3216812437727,
    1120.3599589930352,
    1203.5358968292962,
    70.85468722993319,
    56.20684227066073,
    3.7278672732360487,
    23.717068720115545,
    120.98799174422913,
    62.0919780446727,
    245.26672368354835,
    331.0294738036492,
    1075.3964943219826,
    1261.754305473684,
    47.38881000974937,
    42.38606587169309,
    141.97413134229492,
    165.4266631196959,
    129.7772384491215,
    118.85527904171158,
    11.246188003051136,
    42.861825712680975,
    30.658006222237244,
    28.068138027768626,
    23.793419487218163,
    18.43641219643275,
    31.134278818474158,
    17.52963220692074,
    55.961268665811374,
    23.262401950146735,
    15.619483330945922,
    23.884774827249327,
    21.10439946140934,
    11.623097080286396,
    17.312633408062247,
    18.89350692700578,
    9.498488896436598,
    72.16163170720297,
    100.96569606349985,
    980.7713239510144,
    913.7308509674122,
    131.52359491376222,
    157.42683113471116,
    27.91556869535735,
    42.08395666596543,
    19.12211148016193,
    0.3852781205722382,
    25.141630007009486,
    44.152166041737445,
    74.38572594703416,
    40.30765313754047,
    840.853837716396,
    921.9284617246526,
    524.8597795877896,
    701.7215915204612,
    323.9691328173074,
    375.3239857645177,
    343.6635606810863,
    369.02531475527906,
    68.02819768943566,
    19.992105405774346,
    77.97264275745621,
    130.84536732180842,
    207.08644947940175,
    230.9508290957993,
    245.94749355841802,
    84.04397135728178,
    36.37166456704149,
    129.16973092648809,
    62.61284415748065,
    6.1245511608569,
    28.35929666935518,
    69.37418468532849,
    80.71372091997992,
    22.52765880435781,
    53.117168077387895,
    46.5008985101827,
    10.23364299208577,
    20.51664564097177,
    45.686862531710645,
    2.291000001734789,
    5.778126616009537,
    4507.943174236655,
    4044.1570835700422,
    4198.653097317555,
    4521.684504161567,
    21.579910913114045,
    63.80359289880334,
    48.758648093989564,
    23.806569058547577,
    42.5348658654525,
    22.16848044650587,
    28.30302044286496,
    118.71326790009353,
    118.66551623366796,
    27.595918895035148,
    73.59763799702809,
    79.01500788710123,
    21.6905680438502,
    12.002959866184398,
    31.622843404517187,
    90.35281886149009,
    206.5664488362012,
    173.13827753313825,
    65.01453206592049,
    61.550822328140555,
    142.7337706510269,
    230.57956748704405,
    761.1430456745904,
    13.545420331286598,
    260.12231470907574,
    27.03972989457281,
    24.992474995898352,
    1019.4696572816699,
    1472.0207481702937,
    17.49647955922668,
    36.68105645605977,
    105.0013484292838,
    69.82870723670389,
    32.53818975870074,
    61.949805242861956,
    759.8850231155207,
    44.854794558503635,
    25.67650402797761,
    17.08316214838157,
    13.371423145594292,
    21.14112087391813,
    10.246184547911156,
    8.766814608456771,
    18.290894797108344,
    28.063451298902677,
    55.00185532767969,
    26.614087674150273,
    20.255571006521595,
    13.916431723939274,
    12.368137909237083,
    21.13227004369845,
    27.342770681539196,
    47.902237976261794,
    31.362064895111285,
    31.71813373787928,
    29.42519973079237,
    24.29981156719523,
    45.10120393739747,
    30.333766045066245,
    42.117655686763506,
    28.151679136720098,
    1091.3948445727597,
    1140.0586152846192,
    51.4240327606351,
    71.07307787361633,
    6.475964727490889,
    15.835719214959713,
    23.621038832148173,
    31.64763320577689,
    38.757605348292465,
    6.094739448928508,
    3656.621559384915,
    3661.9986805727763,
    24.05514893965342,
    40.74432115626302,
    1304.1335740154877,
    1131.9386344796021,
    37.609128945395604,
    34.062898530761196,
    5.921211024196792,
    14.573993504524335,
    25.53464763753,
    4.375582436880676,
    46.09411328315094,
    365.1344983933619,
    406.0683487560624,
    33.60893513512756,
    31.19578460481905,
    5.2201677214224285,
    87.25481911950435,
    177.01325286354754,
    198.972148052861,
    251.84010862471348,
    164.36412413352082,
    247.36010662514573,
    184.61514604891659,
    390.8287115861398,
    29.04595448003013,
    25.708360634613335,
    369.6025785175377,
    451.86810300721675,
    286.65607784415283,
    334.4324050449629,
    357.94323361989024,
    478.0432712824826,
    226.65661972195517,
    31.980714828405866,
    125.43281071358132,
    115.99139340249606,
    89.54132284557511,
    1151.9853642604473,
    1861.7385183449526,
    1908.594178230084,
    47.465807341103805,
    22.613775994394253,
    71.30196358139445,
    201.39841386799702,
    14.31766966249715,
    28.983106328226196,
    180.3227554949751,
    138.1012500064363,
    208.18955801335503,
    145.94116762121388,
    210.68084211038627,
    214.30396043840753,
    77.55511890283599,
    122.29035122505418,
    80.7880598633905,
    174.6412075155994,
    116.39083750657677,
    50.668281326322756,
    201.7870384361426,
    75.48442350697822,
    150.241223633402,
    176.9272191561139,
    37.11287258857584,
    30.13982859851862,
    74.92629115987114,
    14.895013138090373,
    12.199731685847091,
    6.884571688131273,
    9.855782625251573,
    27.008061723747904,
    13.714766540367561,
    47.69974987533433,
    33.56532694041035,
    40.752063519087514,
    41.09167172606028,
    18.758226654998136,
    28.014503081478836,
    75.07106641205695,
    76.80184416657056,
    35.03806454685357,
    61.64948957697229,
    74.08829365250457,
    46.355658274823156,
    84.31539999197238,
    136.27013449474165,
    59.887053075915304,
    67.82621879066626,
    5.926346381149791,
    3.8932022307022307,
    22.31143339367964,
    11.576797554394693,
    57.171663103466734,
    49.514302819935345,
    43.31897089297825,
    60.81628284610347,
    75.06372680793469,
    86.02732681503427,
    114.82950485486747,
    126.65133928684315,
    22.93819013184451,
    41.53891458358915,
    44.51401359202928,
    78.48107855859193,
    41.46670097646808,
    48.19438392833157,
    45.07730782195492,
    16.331445819290117,
    54.929765764405104,
    22.04240846785504,
    19.628995241575005,
    19.739692138322184,
    48.338663079923776,
    25.54918949406278,
    23.948873598355593,
    33.49311592319507,
    19.89679714145869,
    66.54700296428882,
    5.802800150849278,
    22.079066441058817,
    29.657699254982045,
    41.84447036436441,
    30.43994106097262,
    13.600209562121316,
    18.176288614051497,
    26.680182984390804,
    751.5857177599294,
    726.4434480212965,
    5.132047807945924,
    89.25282509555755,
    95.04009312194654,
    195.4621761789692,
    135.5373051838714,
    190.630119140684,
    115.60931217963007,
    126.54785782997658,
    113.35513567168624,
    157.7944559768248,
    105.07212493739252,
    115.53254878747327,
    101.3014952688672,
    123.58470943395743
  ],