{
  "assortativity": -0.2154294009360336,
  "betweenness_centrality": [
    124.97100116136659,
    77.05433623039718,
    4615.475620677316,
    4065.882066135528,
    1225.0004333298273,
    1286.6157822824994,
    54.39133750156072,
    105.44236066248342,
    16.33648037719172,
    17.43773950022007,
    70.09946439168256,
    50.27698752953297,
    277.244177864368,
    321.9994357824646,
    1129.454177029439,
    1366.4095146770605,
    29.608931491900293,
    71.88357750083428,
    197.08838391863264,
    154.79041503235953,
    149.4089848307924,
    155.2771188477837,
    7.862339853619539,
    55.90565862071501,
    24.099528666629528,
    24.744360237727047,
    17.58260144270416,
    30.93883319584294,
    16.607110999489255,
    38.58882714363171,
    62.67763845929412,
    19.549825735358176,
    10.452412921262276,
    19.86042607396211,
    6.40299744806798,
    9.467754779637572,
    8.96042709139553,
    9.395284600689024,
    10.475029457921739,
    67.65534519359169,
    98.00397141953867,
    1010.4494740558306,
    1146.005169932344,
    65.39978266503749,
    167.50198846510102,
    65.1838665654091,
    25.392374259404203,
    23.168185812562175,
    5.898075258608528,
    35.08227549857001,
    70.29353205824327,
    53.922138724405016,
    38.62686740014978,
    945.4118203125882,
    893.4772127402641,
    467.23671448860875,
    568.818759358119,
    238.27620031970753,
    331.31938444120414,
    393.46756441231287,
    369.5104912821381,
    50.23893810265926,
    33.183040238503125,
    83.83513324803042,
    128.19370641483442,
    208.47372874488656,
    223.27764798401265,
    163.69124243210814,
    66.760371878504,
    57.89623949516216,
    187.01256869300494,
    70.30928067165507,
    4.105486761820192,
    27.43740909910096,
    78.5393930452128,
    75.91423743861269,
    32.243484179805556,
    81.08295306231625,
    38.75982026975742,
    21.97755573189336,
    18.7804186816653,
    60.570044361675,
    5.840825458072528,
    1.0108337016708684,
    4146.326245733234,
    4067.1795784472133,
    4078.951517689187,
    4222.893661557853,
    19.729741251896982,
    53.43619362694574,
    30.638430913840327,
    27.17079036739236,
    36.83732595139467,
    13.228752999763488,
    55.47971913494692,
    109.55696186041553,
    61.06452640610117,
    23.48728142942854,
    48.63359630804202,
    69.76008531645354,
    33.94585605743135,
    25.958689272878008,
    29.492943520213863,
    56.664618530855655,
    215.2466155997291,
    185.62081209192064,
    89.18323273870806,
    56.76147115341983,
    101.37090173178677,
    232.87924403288955,
    986.1079181921996,
    8.171529258717722,
    220.51386522654767,
    16.75768597014411,
    37.636660958947964,
    1376.5321565979011,
    1638.899479266981,
    27.811673894546313,
    17.232306180381038,
    76.76874070376195,
    81.39527588745989,
    38.03890605747118,
    20.350446909998162,
    626.0688870121382,
    30.26369992781309,
    9.840255938419737,
    19.484340916653025,
    15.850936082057382,
    31.276363445260866,
    22.140136932550337,
    14.88937081120306,
    29.342163472707412,
    26.710536121548575,
    54.848344280952126,
    30.662189087731594,
    18.32002664442476,
    26.339420204297163,
    14.267949454487677,
    43.43437848720502,
    17.11727657003321,
    50.53766048665928,
    17.431892357056583,
    37.95044717305944,
    32.02422236769986,
    22.796760982526777,
    26.720455619200337,
    26.359940022273626,
    25.477847808275097,
    11.842042733879554,
    1082.479485276344,
    1127.097050874957,
    45.96110035070922,
    100.09490466496435,
    15.74783539834173,
    23.284567650239374,
    27.491564351792018,
    32.36561100448027,
    28.806006004625754,
    5.675405969921059,
    3458.8736470887825,
    3566.543900448799,
    44.753921576851816,
    39.85839604407029,
    1404.2356930639248,
    1148.1084429271111,
    20.635783972624857,
    38.15784159370109,
    5.606571676916865,
    4.558776250657834,
    24.940919722772616,
    10.707036945488271,
    53.56583053557899,
    309.7351532077501,
    355.9557069254481,
    40.87296168765913,
    45.41752993827326,
    6.01651707802972,
    78.94975652502164,
    166.30488228054645,
    137.53877884059682,
    193.57744716826167,
    201.63059946837785,
    222.57327041228206,
    131.3695540176683,
    505.3767141416483,
    10.775259908017327,
    15.6198476100061,
    343.79322885236604,
    324.910666584159,
    309.0818517761487,
    296.97591437750185,
    437.00650040555996,
    503.0352890254445,
    203.27452925359586,
    29.028992114378134,
    95.1796150628883,
    124.55596407020961,
    76.23774883499614,
    1395.3018934838346,
    2090.854972843236,
    2021.7822204436907,
    16.064567189720194,
    51.1807443158975,
    70.0609416046667,
    230.69351468584972,
    19.32172413317591,
    28.109260923304404,
    172.8824238560005,
    131.16364961465575,
    203.84662972073818,
    197.125890680209,
    194.73994985178513,
    230.68220682218052,
    87.27697728196881,
    88.82077565836731,
    58.987677520427376,
    150.05061631329193,
    90.83565913248604,
    47.40402504776412,
    140.142138020113,
    71.8398147067057,
    123.91166919103355,
    183.37492600560233,
    61.11969563317223,
    36.3519330350832,
    55.02564816028756,
    20.527917721110647,
    11.134606958591302,
    3.4327703890392733,
    5.882882415006483,
    17.90043744416823,
    14.536997119990755,
    56.580923482344126,
    56.190526015723336,
    44.654119924180634,
    45.04034510437164,
    13.736006148256687,
    35.949905479732266,
    93.09250105243528,
    74.85149399693589,
    32.84681172669584,
    40.72039282320688,
    29.806162626861795,
    28.650344459987043,
    88.50096896095309,
    56.137749321998555,
    77.30688143181233,
    55.25820919716864,
    4.369518248048542,
    0.8488981103813219,
    14.179207446546727,
    16.764504923186465,
    40.527721878019605,
    34.875389203404936,
    73.65698339900163,
    95.26699606164449,
    52.08379441482668,
    91.64349849335895,
    99.42580887223156,
    82.82452698781475,
    16.57057910174261,
    26.68194356425964,
    95.70531620059988,
    65.30859654123125,
    41.51668580325468,
    59.194242644209496,
    25.38203878489135,
    11.512610198677494,
    60.873753397467176,
    15.194763731185967,
    28.113975317233,
    21.626158909049504,
    75.65697569002012,
    44.159490447892885,
    28.266812656120862,
    30.783675230886782,
    22.97147012574994,
    27.942929540974767,
    9.268439266686743,
    24.53795935894852,
    25.793058858127946,
    14.151268197616513,
    21.423848047717414,
    10.311038075744738,
    13.009168917383935,
    25.35147379398226,
    532.0538987725005,
    805.8057414753697,
    2.927581345206364,
    83.00569468259306,
    60.75426011382689,
    172.33377725212605,
    188.1845368644524,
    149.04208705808495,
    119.311288839985,
    153.28040683991398,
    113.11361899492076,
    125.46111754180903,
    156.60614395431318,
    114.71334237399137,
    82.3829317140111,
    116.54485748944458
  ],