{
  "assortativity": 0.07647868393921665,
  "betweenness_centrality": [
    694.822267765725,
    257.2602055212549,
    155.84397764475898,
    915.9695607279087,
    2635.929906692207,
    703.6727659028743,
    423.0574484352179,
    75.64875656564804,
    1149.0384882869478,
    948.702276343103,
    1065.74961957712,
    566.2194661773099,
    4997.861164096438,
    1678.995494164166,
    22.326719657807534,
    608.1260079127501,
    155.00386527004176,
    932.3183093538828,
    306.35965974904934,
    424.47318898802985,
    1421.4672714318233,
    887.4332272659059,
    670.6676434250356,
    497.78941742065587,
    186.6828819737942,
    5.8449134199134205,
    264.09110014937244,
    250.25562755318617,
    403.6499033600208,
    242.8670236830523,
    324.05773679360505,
    11.63790093921673,
    0.0,
    0.5151515151515151,
    11.052502934706439,
    54.50177966603656,
    0.0,
    0.0,
    0.0,
    215.73503208777012,
    241.22902699717653,
    431.63703203024386,
    425.4662743632698,
    641.2182893100817,
    2403.562568761929,
    25.971962188138658,
    52.37156303837352,
    639.6717664711222,
    113.88029086422566,
    552.6876233394253,
    986.9186090577094,
    423.03042916343804,
    204.14816657132266,
    7175.896532643856,
    12067.964276131455,
    5328.0938711127865,
    4199.338941739978,
    1311.258409968895,
    1688.2452672196505,
    3210.211526191872,
    2954.954530141118,
    507.1305284170956,
    539.8458231452058,
    642.2484844150114,
    1067.2229853269907,
    1072.1276135659284,
    607.3116999628534,
    966.9691356890328,
    3695.883722885437,
    2552.21005680058,
    508.47918591186436,
    53.239802684488964,
    86.32456733440111,
    78.06165029195012,
    328.00662899721215,
    344.6325425650552,
    165.6894827670292,
    80.92120826370056,
    514.306656738767,
    316.2643152410171,
    20.13860445442251,
    24.024330361365568,
    0.0,
    0.0,
    0.0,
    0.0,
    152.08455226690518,
    545.1130809196981,
    83.6109611176163,
    549.5184371316072,
    397.8055162369108,
    22.895871837310285,
    16.437447313608303,
    0.0,
    80.74454040598282,
    291.58851490036216,
    255.67805200014814,
    52.68630924128513,
    9.276571147478588,
    540.1161963836008,
    323.34334881825964,
    2.1523809523809523,
    18.296912763063496,
    279.1727907326631,
    936.8627190399786,
    411.0498340232757,
    358.3380137814974,
    30.766376823451985,
    435.2852424352688,
    665.712142054293,
    3416.6049483699812,
    516.2110183170239,
    1638.56592317994,
    1081.8277846408519,
    342.02642116552096,
    82.45199476157623,
    240.85675056686722,
    6832.217778809817,
    3097.782221190168,
    3394.2158223097495,
    464.74145651960254,
    718.1923128692208,
    729.5279757002803,
    351.61071526610715,
    0.0,
    139.071780025966,
    848.3342227394135,
    436.9301188183162,
    242.2069663517055,
    1272.977106458956,
    789.0146595875475,
    0.0,
    113.10864661654138,
    983.116506994472,
    49.79345237356967,
    0.0,
    115.24082797533235,
    177.2128385139431,
    308.976103139343,
    1.0,
    1637.6878466094663,
    762.6273643952261,
    121.3422975282108,
    11.666666666666666,
    845.0559514005602,
    2.0,
    0.0,
    1223.9834389213243,
    18.0,
    121.3422975282108,
    533.4862451350136,
    130.19584412298784,
    24.41713074487842,
    829.2356735756471,
    938.5887169464772,
    393.14972416715835,
    685.6836330245982,
    33.00652384889368,
    41.99621016485184,
    1917.4753204904578,
    691.3971887135311,
    163.582868778994,
    212.12113217849182,
    310.24429870414116,
    478.4197870288743,
    108.19642208408223,
    149.50801663365993,
    101.69803256473946,
    123.2023507740784,
    53.99654026302141,
    4.765534755099972,
    97.96914368877826,
    1093.4524873321486,
    2564.9608606071774,
    50.477999109674755,
    570.6834287473018,
    468.32227556060116,
    966.1914496732146,
    1118.0885281396265,
    3383.084283647046,
    3674.6333128783313,
    842.3019230574271,
    1566.2832532018354,
    1658.6941549883636,
    9327.176826152085,
    169.113892664089,
    308.1309531807373,
    608.8726282974676,
    167.82014347147117,
    2815.671146791318,
    1734.268491387198,
    165.23897340038064,
    316.5877496725492,
    139.80153356897375,
    60.58436531147088,
    322.602059939105,
    3505.599800695897,
    3085.3219718027685,
    456.6203398703452,
    687.8580164623273,
    1369.4627002454317,
    8284.62761809011,
    3602.782221190167,
    0.0,
    732.1021195471513,
    580.2185515333015,
    156.67198548863553,
    1209.8946623849292,
    540.1165464068442,
    636.8569688724967,
    24.515021794073284,
    935.3796092181987,
    2260.8170513639384,
    5690.043276767949,
    38.389769380945864,
    256.50992155771905,
    4268.922979446874,
    294.1273925886008,
    0.0,
    1701.8039919810476,
    2213.162455031355,
    221.78489130247428,
    6.943569284745754,
    65.96387379709226,
    40.308278995779,
    340.92819943414634,
    910.4894567842797,
    158.06801434833199,
    0.0,
    235.23400686608719,
    67.45210614904018,
    1555.3864442363752,
    248.00456831271143,
    407.89517734016306,
    312.8450355255714,
    353.0712257867471,
    57.12488332349096,
    100.35810537396699,
    1667.9640131475126,
    695.2414823289786,
    420.1294756088782,
    575.818938498653,
    14.237420927739755,
    900.8890629060851,
    770.9140399014018,
    740.0961509207406,
    592.2614022687793,
    269.38232755735413,
    0.0,
    150.38782655253246,
    5693.693773591709,
    0.0,
    390.16626986626403,
    267.18765459207157,
    0.0,
    124.84676789336712,
    165.0446605669986,
    839.6195159421925,
    0.0,
    0.0,
    0.0,
    46.4848330800805,
    359.27359114145,
    176.10446611917928,
    221.47912467307876,
    1021.8578689192956,
    335.6767368835801,
    0.0,
    28.7271370462737,
    0.0,
    0.0,
    0.0,
    92.81520628879514,
    339.0519605194883,
    241.68695170183491,
    20.196038841583466,
    63.54577870185227,
    74.24133812601521,
    0.6666666666666666,
    6.789510489510489,
    0.6666666666666666,
    1.495654077723043,
    46.840794142395865,
    317.2098608905328,
    46.16983254390374,
    680.6824474122799,
    6.293354598617756,
    118.10887115513484,
    260.2207502835688,
    814.8855764713737,
    37.67353490195105,
    738.2738651350395,
    194.67568676595576,
    255.95783661265844,
    335.93959780004803,
    594.5881393671358,
    27.621424373127162,
    113.5119417189752,
    1014.1587724919464,
    16.077090230031406,
    34.57555430984973,
    656.3706138158724
  ],