{
  "assortativity": -0.7840490981042052,
  "betweenness_centrality": 188.11258278145695,
  "degree_distribution": [
    [
      0.0,
      61
    ],
    [
      2.0,
      33
    ],
    [
      4.0,
      2
    ],
    [
      6.0,
      26
    ],
    [
      8.0,
      92
    ],
    [
      10.0,
      33
    ],
    [
      12.0,
      6
    ],
    [
      14.0,
      25
    ],
    [
      16.0,
      6
    ],
    [
      37.0,
      2
    ],
    [
      92.0,
      4
    ],
    [
      95.0,
      2
    ],
    [
      105.0,
      2
    ],
    [
      158.0,
      8
    ]
  ],
  "density": 0.04312336362236254,
  "global_efficiency": 0.33440775047120347,
  "mean_clustering": 0.7470340691798346,
  "modularity": 0.0489514785506039,
  "path_length": 1.9718963915929966,
  "small_worldness": 0.997544201487298,
  "transitivity": 0.17786495859677187
}