{
  "assortativity": -0.784382724413406,
  "betweenness_centrality": 186.41721854304635,
  "degree_distribution": [
    [
      0.0,
      61
    ],
    [
      2.0,
      33
    ],
    [
      4.0,
      2
    ],
    [
      6.0,
      26
    ],
    [
      8.0,
      92
    ],
    [
      10.0,
      33
    ],
    [
      12.0,
      6
    ],
    [
      14.0,
      25
    ],
    [
      16.0,
      6
    ],
    [
      37.0,
      2
    ],
    [
      92.0,
      4
    ],
    [
      95.0,
      2
    ],
    [
      105.0,
      2
    ],
    [
      158.0,
      8
    ]
  ],
  "density": 0.04312336362236254,
  "global_efficiency": 0.33534649035958136,
  "mean_clustering": 0.7474028069238028,
  "modularity": 0.014456997084548107,
  "path_length": 1.9630903649685254,
  "small_worldness": 1.002563438741677,
  "transitivity": 0.17774085233423195
}