{
  "assortativity": -0.7839241948362878,
  "betweenness_centrality": 187.54966887417223,
  "degree_distribution": [
    [
      0.0,
      61
    ],
    [
      2.0,
      33
    ],
    [
      4.0,
      2
    ],
    [
      6.0,
      26
    ],
    [
      8.0,
      92
    ],
    [
      10.0,
      33
    ],
    [
      12.0,
      6
    ],
    [
      14.0,
      25
    ],
    [
      16.0,
      6
    ],
    [
      37.0,
      2
    ],
    [
      92.0,
      4
    ],
    [
      95.0,
      2
    ],
    [
      105.0,
      2
    ],
    [
      158.0,
      8
    ]
  ],
  "density": 0.04312336362236254,
  "global_efficiency": 0.33471944144976645,
  "mean_clustering": 0.7467340132187597,
  "modularity": 0.03060677842565597,
  "path_length": 1.96897251556534,
  "small_worldness": 0.9986350973221084,
  "transitivity": 0.17778222108841193
}