{
  "assortativity": -0.7845506000721757,
  "betweenness_centrality": 187.2980132450331,
  "degree_distribution": [
    [
      0.0,
      61
    ],
    [
      2.0,
      33
    ],
    [
      4.0,
      2
    ],
    [
      6.0,
      26
    ],
    [
      8.0,
      92
    ],
    [
      10.0,
      33
    ],
    [
      12.0,
      6
    ],
    [
      14.0,
      25
    ],
    [
      16.0,
      6
    ],
    [
      37.0,
      2
    ],
    [
      92.0,
      4
    ],
    [
      95.0,
      2
    ],
    [
      105.0,
      2
    ],
    [
      158.0,
      8
    ]
  ],
  "density": 0.04312336362236254,
  "global_efficiency": 0.3348587856519475,
  "mean_clustering": 0.7463203432884425,
  "modularity": 0.05035831424406497,
  "path_length": 1.96766537098827,
  "small_worldness": 0.9987460262234716,
  "transitivity": 0.17763743044878202
}