{
  "assortativity": -0.7837437540728941,
  "betweenness_centrality": 187.83112582781456,
  "degree_distribution": [
    [
      0.0,
      61
    ],
    [
      2.0,
      33
    ],
    [
      4.0,
      2
    ],
    [
      6.0,
      26
    ],
    [
      8.0,
      92
    ],
    [
      10.0,
      33
    ],
    [
      12.0,
      6
    ],
    [
      13.0,
      1
    ],
    [
      14.0,
      24
    ],
    [
      15.0,
      1
    ],
    [
      16.0,
      5
    ],
    [
      39.0,
      2
    ],
    [
      92.0,
      4
    ],
    [
      96.0,
      2
    ],
    [
      104.0,
      1
    ],
    [
      105.0,
      1
    ],
    [
      159.0,
      8
    ]
  ],
  "density": 0.043343380783701126,
  "global_efficiency": 0.3345672629131739,
  "mean_clustering": 0.897010849089233,
  "modularity": 0.054881648658126544,
  "path_length": 1.9704344535791682,
  "small_worldness": 0.9976557412995755,
  "transitivity": 0.19155616990051025
}