{
  "assortativity": -0.7852494427172694,
  "betweenness_centrality": 187.64900662251654,
  "degree_distribution": [
    [
      0.0,
      61
    ],
    [
      1.0,
      1
    ],
    [
      2.0,
      32
    ],
    [
      4.0,
      2
    ],
    [
      6.0,
      26
    ],
    [
      7.0,
      1
    ],
    [
      8.0,
      91
    ],
    [
      10.0,
      33
    ],
    [
      12.0,
      6
    ],
    [
      14.0,
      25
    ],
    [
      16.0,
      6
    ],
    [
      38.0,
      1
    ],
    [
      39.0,
      1
    ],
    [
      92.0,
      4
    ],
    [
      96.0,
      2
    ],
    [
      105.0,
      2
    ],
    [
      158.0,
      2
    ],
    [
      159.0,
      5
    ],
    [
      160.0,
      1
    ]
  ],
  "density": 0.043343380783701126,
  "global_efficiency": 0.3346644371594318,
  "mean_clustering": 0.8848208421585231,
  "modularity": 0.044777758353890286,
  "path_length": 1.9694884936878676,
  "small_worldness": 0.9844416331206896,
  "transitivity": 0.190220434586651
}