{
  "assortativity": -0.7833734767921835,
  "betweenness_centrality": 186.64238410596028,
  "degree_distribution": [
    [
      0.0,
      61
    ],
    [
      2.0,
      33
    ],
    [
      4.0,
      2
    ],
    [
      6.0,
      26
    ],
    [
      8.0,
      92
    ],
    [
      10.0,
      33
    ],
    [
      12.0,
      6
    ],
    [
      14.0,
      25
    ],
    [
      16.0,
      6
    ],
    [
      38.0,
      2
    ],
    [
      92.0,
      4
    ],
    [
      96.0,
      2
    ],
    [
      104.0,
      1
    ],
    [
      105.0,
      1
    ],
    [
      159.0,
      8
    ]
  ],
  "density": 0.04336538249983499,
  "global_efficiency": 0.33522181396815615,
  "mean_clustering": 0.9038120703843775,
  "modularity": 0.031460526698109156,
  "path_length": 1.9642599153795879,
  "small_worldness": 1.0084880543120966,
  "transitivity": 0.1914844224742423
}