{
  "assortativity": -0.7841239456201404,
  "betweenness_centrality": 186.90728476821195,
  "degree_distribution": [
    [
      0.0,
      61
    ],
    [
      2.0,
      33
    ],
    [
      4.0,
      2
    ],
    [
      6.0,
      26
    ],
    [
      8.0,
      92
    ],
    [
      10.0,
      33
    ],
    [
      12.0,
      6
    ],
    [
      14.0,
      25
    ],
    [
      16.0,
      6
    ],
    [
      37.0,
      2
    ],
    [
      92.0,
      4
    ],
    [
      95.0,
      2
    ],
    [
      105.0,
      2
    ],
    [
      158.0,
      8
    ]
  ],
  "density": 0.04312336362236254,
  "global_efficiency": 0.3350751358605971,
  "mean_clustering": 0.7469305917424568,
  "modularity": 0.07620002082465639,
  "path_length": 1.9656358570396615,
  "small_worldness": 1.0006132307404256,
  "transitivity": 0.17798906485931176
}