{
  "assortativity": -0.7833967574797939,
  "betweenness_centrality": 188.2715231788079,
  "degree_distribution": [
    [
      0.0,
      61
    ],
    [
      2.0,
      33
    ],
    [
      4.0,
      2
    ],
    [
      6.0,
      26
    ],
    [
      8.0,
      92
    ],
    [
      10.0,
      33
    ],
    [
      12.0,
      6
    ],
    [
      14.0,
      25
    ],
    [
      16.0,
      6
    ],
    [
      38.0,
      2
    ],
    [
      92.0,
      4
    ],
    [
      96.0,
      2
    ],
    [
      105.0,
      2
    ],
    [
      158.0,
      1
    ],
    [
      159.0,
      7
    ]
  ],
  "density": 0.04336538249983499,
  "global_efficiency": 0.334319743606668,
  "mean_clustering": 0.8919953387651054,
  "modularity": 0.059690174461379426,
  "path_length": 1.9727219565890406,
  "small_worldness": 0.9908601732543898,
  "transitivity": 0.19170872977384962
}