{
  "assortativity": -0.7839976950659993,
  "betweenness_centrality": 186.81788079470198,
  "degree_distribution": [
    [
      0.0,
      61
    ],
    [
      2.0,
      33
    ],
    [
      4.0,
      2
    ],
    [
      6.0,
      26
    ],
    [
      8.0,
      92
    ],
    [
      10.0,
      33
    ],
    [
      11.0,
      1
    ],
    [
      12.0,
      5
    ],
    [
      13.0,
      1
    ],
    [
      14.0,
      24
    ],
    [
      16.0,
      6
    ],
    [
      38.0,
      1
    ],
    [
      39.0,
      1
    ],
    [
      92.0,
      4
    ],
    [
      96.0,
      2
    ],
    [
      105.0,
      2
    ],
    [
      158.0,
      1
    ],
    [
      159.0,
      6
    ],
    [
      160.0,
      1
    ]
  ],
  "density": 0.04336538249983499,
  "global_efficiency": 0.33512830667458726,
  "mean_clustering": 0.8850411693383811,
  "modularity": 0.04594525211384555,
  "path_length": 1.9651714767293866,
  "small_worldness": 0.9868739866530357,
  "transitivity": 0.18999849868293547
}