{
  "assortativity": -0.7839549213620916,
  "betweenness_centrality": 186.25827814569536,
  "degree_distribution": [
    [
      0.0,
      61
    ],
    [
      2.0,
      33
    ],
    [
      4.0,
      2
    ],
    [
      6.0,
      26
    ],
    [
      7.0,
      1
    ],
    [
      8.0,
      91
    ],
    [
      10.0,
      33
    ],
    [
      12.0,
      6
    ],
    [
      14.0,
      25
    ],
    [
      16.0,
      6
    ],
    [
      38.0,
      1
    ],
    [
      39.0,
      1
    ],
    [
      92.0,
      4
    ],
    [
      95.0,
      1
    ],
    [
      96.0,
      1
    ],
    [
      105.0,
      2
    ],
    [
      159.0,
      8
    ]
  ],
  "density": 0.04336538249983499,
  "global_efficiency": 0.33543449722411683,
  "mean_clustering": 0.9057595261504475,
  "modularity": 0.07707127548274384,
  "path_length": 1.9622647999724812,
  "small_worldness": 1.0117208726272118,
  "transitivity": 0.19174954437171077
}