{
  "assortativity": -0.7825057846861565,
  "betweenness_centrality": 188.04635761589404,
  "degree_distribution": [
    [
      0.0,
      61
    ],
    [
      2.0,
      33
    ],
    [
      4.0,
      2
    ],
    [
      6.0,
      26
    ],
    [
      8.0,
      92
    ],
    [
      10.0,
      33
    ],
    [
      12.0,
      6
    ],
    [
      14.0,
      25
    ],
    [
      16.0,
      6
    ],
    [
      38.0,
      2
    ],
    [
      91.0,
      1
    ],
    [
      92.0,
      3
    ],
    [
      96.0,
      2
    ],
    [
      105.0,
      2
    ],
    [
      159.0,
      8
    ]
  ],
  "density": 0.04336538249983499,
  "global_efficiency": 0.3344444199980932,
  "mean_clustering": 0.8906741170227863,
  "modularity": 0.07032413171989135,
  "path_length": 1.9715524061779781,
  "small_worldness": 0.9899707425258734,
  "transitivity": 0.19144694621571065
}