{
  "assortativity": -0.7843048074409811,
  "betweenness_centrality": 187.52317880794698,
  "degree_distribution": [
    [
      0.0,
      61
    ],
    [
      2.0,
      33
    ],
    [
      4.0,
      2
    ],
    [
      6.0,
      26
    ],
    [
      8.0,
      92
    ],
    [
      10.0,
      33
    ],
    [
      12.0,
      6
    ],
    [
      14.0,
      25
    ],
    [
      16.0,
      6
    ],
    [
      37.0,
      2
    ],
    [
      92.0,
      4
    ],
    [
      95.0,
      2
    ],
    [
      105.0,
      2
    ],
    [
      158.0,
      8
    ]
  ],
  "density": 0.04312336362236254,
  "global_efficiency": 0.33473410926052233,
  "mean_clustering": 0.7466588136903108,
  "modularity": 0.0005174927113702522,
  "path_length": 1.9688349213993326,
  "small_worldness": 0.9986040069761726,
  "transitivity": 0.17784427421968188
}