{
  "assortativity": -0.7847322887974556,
  "betweenness_centrality": 186.6291390728477,
  "degree_distribution": [
    [
      0.0,
      61
    ],
    [
      2.0,
      33
    ],
    [
      4.0,
      2
    ],
    [
      6.0,
      26
    ],
    [
      8.0,
      92
    ],
    [
      9.0,
      1
    ],
    [
      10.0,
      32
    ],
    [
      12.0,
      6
    ],
    [
      13.0,
      1
    ],
    [
      14.0,
      24
    ],
    [
      16.0,
      6
    ],
    [
      38.0,
      1
    ],
    [
      39.0,
      1
    ],
    [
      91.0,
      1
    ],
    [
      92.0,
      3
    ],
    [
      96.0,
      1
    ],
    [
      97.0,
      1
    ],
    [
      105.0,
      2
    ],
    [
      158.0,
      1
    ],
    [
      159.0,
      7
    ]
  ],
  "density": 0.043343380783701126,
  "global_efficiency": 0.33522914787353414,
  "mean_clustering": 0.897546346528302,
  "modularity": 0.05622049997086417,
  "path_length": 1.9641911182965843,
  "small_worldness": 1.0014621263282115,
  "transitivity": 0.19070464665227962
}