{
  "assortativity": -0.7845359611258413,
  "betweenness_centrality": 187.31788079470195,
  "degree_distribution": [
    [
      0.0,
      61
    ],
    [
      2.0,
      33
    ],
    [
      4.0,
      2
    ],
    [
      6.0,
      26
    ],
    [
      8.0,
      92
    ],
    [
      10.0,
      33
    ],
    [
      12.0,
      6
    ],
    [
      14.0,
      25
    ],
    [
      16.0,
      6
    ],
    [
      37.0,
      2
    ],
    [
      92.0,
      4
    ],
    [
      95.0,
      2
    ],
    [
      105.0,
      2
    ],
    [
      158.0,
      8
    ]
  ],
  "density": 0.04312336362236254,
  "global_efficiency": 0.33484778479388055,
  "mean_clustering": 0.747195361575064,
  "modularity": 0.0035502134527280313,
  "path_length": 1.9677685666127755,
  "small_worldness": 0.9998757540837174,
  "transitivity": 0.17784427421968188
}