{
  "assortativity": -0.7843940577912132,
  "betweenness_centrality": 186.60264900662253,
  "degree_distribution": [
    [
      0.0,
      61
    ],
    [
      2.0,
      33
    ],
    [
      4.0,
      2
    ],
    [
      6.0,
      26
    ],
    [
      8.0,
      92
    ],
    [
      10.0,
      33
    ],
    [
      12.0,
      6
    ],
    [
      14.0,
      25
    ],
    [
      16.0,
      6
    ],
    [
      37.0,
      2
    ],
    [
      92.0,
      4
    ],
    [
      95.0,
      2
    ],
    [
      105.0,
      2
    ],
    [
      158.0,
      8
    ]
  ],
  "density": 0.04312336362236254,
  "global_efficiency": 0.33524381568429,
  "mean_clustering": 0.7465453159820911,
  "modularity": 0.04834430966264056,
  "path_length": 1.9640535241305768,
  "small_worldness": 1.0009057179238032,
  "transitivity": 0.1778029054655019
}