{
  "assortativity": -0.7845890863343128,
  "betweenness_centrality": 186.4966887417218,
  "degree_distribution": [
    [
      0.0,
      61
    ],
    [
      2.0,
      33
    ],
    [
      4.0,
      2
    ],
    [
      6.0,
      26
    ],
    [
      8.0,
      92
    ],
    [
      10.0,
      33
    ],
    [
      12.0,
      6
    ],
    [
      14.0,
      25
    ],
    [
      16.0,
      6
    ],
    [
      37.0,
      2
    ],
    [
      92.0,
      4
    ],
    [
      95.0,
      2
    ],
    [
      105.0,
      2
    ],
    [
      158.0,
      8
    ]
  ],
  "density": 0.04312336362236254,
  "global_efficiency": 0.33530248692731374,
  "mean_clustering": 0.7464581491101114,
  "modularity": 0.06020707517700957,
  "path_length": 1.9635031474665474,
  "small_worldness": 1.0010710100831237,
  "transitivity": 0.17796838048222177
}