{
  "assortativity": -0.09185991301742322,
  "betweenness_centrality": [
    1076.2365380345407,
    284.5781212219703,
    30.844266440428363,
    0.0,
    0.0,
    165.9154206904207,
    153.0971737313156,
    0.0,
    27.212698412698405,
    77.25504514074413,
    26.98603238866396,
    739.8646886824904,
    457.0642251423514,
    1757.602667908277,
    0.0,
    0.0,
    334.1007562871168,
    284.8186851332363,
    44.47460317460319,
    0.0,
    469.9110223110219,
    1277.875899504692,
    0.0,
    47.13552127752895,
    0.0,
    0.0,
    0.0,
    926.0566410352437,
    352.0355568408199,
    24.582692917677438,
    0.0,
    5.510044544827154,
    690.5863410434324,
    0.0,
    2683.3983986038756,
    390.754337170584,
    635.0346672356704,
    138.08596958596965,
    210.73087993805336,
    0.0,
    0.0,
    84.3952380952381,
    66.23679256162096,
    468.297990510055,
    908.375847775887,
    30.44367880485527,
    349.61356421356413,
    0.0,
    0.0,
    269.12247465297,
    248.65874507591087,
    123.33625689456895,
    103.25409455525555,
    18041.337593305867,
    16025.70838124128,
    10536.451662619742,
    10365.730897262743,
    685.4292790023575,
    2365.765831554067,
    613.7563561329075,
    628.0657600711304,
    415.64413698043694,
    686.2217779296728,
    45.82257923236184,
    266.84270594949567,
    71.9446367358132,
    1051.478149544727,
    534.0,
    3971.0753714346592,
    1455.037031953511,
    359.59265216095844,
    143.4577543371661,
    54.0318199916026,
    181.48497367092475,
    599.4665047512875,
    417.4308136308134,
    0.0,
    0.0,
    1446.6756351835295,
    135.24153036505982,
    0.0,
    0.0,
    0.0,
    0.0,
    30.54387556887557,
    534.0,
    32.10404040404039,
    48.88847818847818,
    296.99036193985035,
    1431.3283841865261,
    52.80661339402761,
    735.1486452200379,
    572.4330190429395,
    329.4955156614744,
    0.0,
    27.575448371174573,
    196.64915691075,
    2362.7233513902365,
    352.1442912827127,
    940.1571580880494,
    915.5827729516116,
    166.07524306838295,
    65.7715134538664,
    7.487179487179486,
    380.2111784327258,
    913.8264679764684,
    352.14159174159175,
    427.13927597644613,
    0.0,
    0.0,
    404.3683042399619,
    1457.2071806590388,
    1504.7294164366388,
    232.96310951652856,
    982.2778070141078,
    0.0,
    336.26673462890517,
    1630.97038681346,
    1058.4995212561773,
    235.17229437229437,
    129.36303549391786,
    271.26988952739737,
    106.24578754578759,
    646.4808774558776,
    54.8967032967033,
    1045.9107542928134,
    377.9475887675803,
    38.58669467787115,
    61.22026277815752,
    498.64514375933817,
    239.03008204617754,
    0.0,
    0.0,
    0.0,
    124.70373200899142,
    0.0,
    0.0,
    263.2554238078535,
    112.50782077399727,
    461.4844393592674,
    857.917184488622,
    2281.5375494136133,
    1047.5702754471326,
    465.7112535513007,
    404.2304340344898,
    310.78207795504215,
    1093.208752699372,
    525.3101245945578,
    2089.098896947258,
    0.0,
    0.0,
    133.8232476244086,
    295.1596588910295,
    380.97164566885937,
    766.3976054990757,
    1464.0770265892556,
    706.9721791683837,
    0.0,
    29.145617248248822,
    84.06946782319646,
    461.4779026529027,
    0.0,
    534.0,
    0.0,
    21.98752848458731,
    873.9809038092519,
    545.0357142857143,
    259.83828623017274,
    82.09908310643607,
    0.0,
    0.0,
    0.0,
    1825.2186593205251,
    1789.7227748541027,
    0.0,
    0.0,
    57.23315295815297,
    46.11880341880342,
    0.0,
    2665.580350163362,
    1178.6115478882455,
    57.25721893906037,
    470.79132524856794,
    426.14415231717857,
    1638.4685864563683,
    0.0,
    0.0,
    0.0,
    0.0,
    3215.98332662343,
    3809.849686447813,
    909.7191021396899,
    127.56904761904762,
    602.6441302909479,
    11.15795870795871,
    0.0,
    3640.4034315421864,
    3508.2184749990824,
    653.1194124459304,
    1271.3701465201464,
    1098.6626229629294,
    218.81482961482973,
    86.94702022824247,
    58.6874395779951,
    2359.9849463360574,
    416.14779154454095,
    213.59478152566388,
    397.04059423615803,
    306.93636769682996,
    25.938095238095237,
    0.0,
    1558.9919256264736,
    1090.7628050374233,
    252.1392763565599,
    194.84078699078697,
    0.0,
    757.9104378987049,
    0.0,
    0.0,
    807.3162131796927,
    837.1674019736711,
    1064.0,
    0.0,
    0.0,
    0.0,
    24.643377878160486,
    534.0,
    372.29109470514504,
    130.16452339930595,
    90.13963886990207,
    0.0,
    1164.1182882870316,
    0.0,
    0.0,
    0.0,
    0.0,
    34.0734126984127,
    1106.8844131272922,
    788.5910619136632,
    241.67658755932746,
    1003.4070467441061,
    153.31168161903454,
    0.0,
    518.3353892839184,
    190.42867331327085,
    349.33464792288316,
    693.1743956891323,
    974.6785304135151,
    0.0,
    0.0,
    0.0,
    0.0,
    38.845033893309775,
    308.2540922295528,
    0.0,
    186.93350342468008,
    105.53564213564215,
    8.897691197691199,
    0.0,
    15.567288267288266,
    54.78849206349205,
    118.27252757182295,
    11.675824175824177,
    103.79681984681983,
    429.0557727929845,
    242.6955592567048,
    1273.9484139946221,
    554.0732244147171,
    325.46748251748244,
    394.27204266321917,
    1493.1726104785262,
    1944.049816828311,
    896.693601798472,
    206.7244614970845,
    139.84883595338567,
    1638.1640843071891,
    386.12222753946094,
    566.6820373890939,
    372.56496870003065,
    160.93765450236037,
    195.12780737190982,
    587.3474629224293,
    2183.5774070462826,
    150.2580686427436,
    82.88629743899517,
    636.0148717337786,
    570.3608150019915,
    34.4939504939505,
    0.0,
    1718.572658969582,
    676.834689081129,
    0.0,
    0.0,
    0.0,
    1083.5468677693136,
    60.02834942834944,
    168.57362245597545,
    633.478206327142,
    35.30238095238096,
    534.0,
    307.43306451541775,
    0.0
  ],