{
  "assortativity": -0.0780649302064994,
  "betweenness_centrality": [
    614.2521541324172,
    483.85553320355535,
    82.45051518529779,
    0.0,
    0.0,
    103.32992007992013,
    253.71849894458268,
    0.0,
    100.47493911317441,
    2.0,
    577.4873237873237,
    553.4297483476279,
    1146.5268459167148,
    3291.2462441430853,
    0.0,
    0.0,
    280.0186283566738,
    578.4756715506716,
    27.33804528804529,
    398.4370851370852,
    153.95115440115433,
    250.5507761250749,
    0.0,
    57.850449550449575,
    0.0,
    0.0,
    0.0,
    822.7111218016017,
    178.42368370421016,
    42.63202712320362,
    0.0,
    59.339357864357865,
    827.4655781267242,
    0.0,
    73.35559703155612,
    1135.4055515384111,
    431.5782618603188,
    27.490981240981235,
    289.379174420351,
    0.0,
    0.0,
    39.18876678876681,
    53.14126984126986,
    167.71007789939677,
    991.3012491692351,
    532.0,
    58.9858871233013,
    0.0,
    0.0,
    231.36521387109624,
    705.4491884104885,
    557.1206321456322,
    30.898781773781756,
    17836.451345580663,
    13394.486707800768,
    6312.4410372366665,
    14307.574407136748,
    127.00082972582976,
    136.18431013431018,
    384.02486485523553,
    1599.3385183668122,
    202.72725271804237,
    740.6995306465127,
    40.164418622313356,
    608.6867850244008,
    247.74453125694544,
    933.1952970422977,
    28.945551494350873,
    3481.1565087652843,
    1979.9218964957652,
    182.351615781879,
    98.98187335540278,
    85.77206943383413,
    1588.0,
    88.61088967791754,
    346.20567472946715,
    0.0,
    0.0,
    298.1918858188547,
    99.06435786435789,
    0.0,
    0.0,
    0.0,
    0.0,
    4.5,
    0.0,
    106.414541014541,
    48.174978616155116,
    382.2017991812107,
    834.5061876188773,
    106.17337662337665,
    492.30674043019275,
    404.6687601839223,
    95.80023853716548,
    0.0,
    4.666666666666666,
    76.27327672327674,
    1992.142217867892,
    245.37518641489248,
    528.6421900374631,
    696.0512353368056,
    109.90961780102316,
    49.82510442773602,
    0.0,
    662.9331612831617,
    1326.8391192141191,
    95.70658785658783,
    101.30508103008104,
    0.0,
    0.0,
    396.51066141322326,
    674.8561859708919,
    851.5989690999705,
    222.0716763628529,
    385.1764878624315,
    0.0,
    532.0,
    935.4076897117221,
    984.8934985979405,
    404.99971177773057,
    110.41675166938327,
    152.24528771881714,
    340.4325099736865,
    371.46960694851737,
    52.56170671433831,
    258.2035489808817,
    514.397950089127,
    0.0,
    532.0,
    553.3301587301587,
    187.48665223665225,
    0.0,
    0.0,
    0.0,
    123.97666403644662,
    0.0,
    0.0,
    213.26617353235,
    38.97063492063492,
    981.7736961089395,
    1215.1174426109185,
    2073.3016750966394,
    821.4783830421495,
    562.7120386149799,
    446.17187432450584,
    738.2357899410532,
    392.8763307525263,
    581.7721525869242,
    3042.2204223210024,
    0.0,
    0.0,
    555.8869194530962,
    181.62921308710784,
    826.488557154994,
    788.0838543809132,
    820.7682417399141,
    447.7161923044275,
    0.0,
    143.45815825861465,
    58.79029859029865,
    197.14365345197763,
    0.0,
    100.08528138528139,
    0.0,
    7.694444444444444,
    350.3589578721933,
    178.3922010909626,
    425.97555957381405,
    327.56237060041394,
    0.0,
    0.0,
    0.0,
    968.5024008006172,
    3802.655310829371,
    0.0,
    0.0,
    96.25799477381092,
    201.00612486928293,
    0.0,
    2204.9915753432165,
    1031.8452686202688,
    117.1280765128591,
    563.8348875754446,
    561.5801165922516,
    923.9809527940115,
    0.0,
    0.0,
    0.0,
    0.0,
    4785.700302704939,
    5973.811494958759,
    246.2562576312576,
    86.15403485403482,
    271.96854534354543,
    414.72222222222246,
    0.0,
    5104.378825557271,
    2766.1938109779394,
    1324.5253111508375,
    871.7351222781018,
    883.3080030690556,
    80.4928571428572,
    177.1432400932401,
    28.239316239316224,
    802.828817242327,
    491.6445892342954,
    214.41470751470746,
    1093.491107911696,
    313.54429610759945,
    31.66587301587301,
    0.0,
    783.7324313609863,
    2480.7195177484223,
    185.38071006838743,
    532.0,
    0.0,
    1923.2874568242219,
    0.0,
    0.0,
    1217.128760647955,
    1240.7282564179116,
    6.4,
    0.0,
    0.0,
    0.0,
    63.29469141969145,
    39.89440574593691,
    213.83716332686913,
    659.9946275946279,
    187.59802327359606,
    0.0,
    763.6360809073967,
    0.0,
    0.0,
    0.0,
    0.0,
    198.9689602794866,
    275.71722488038284,
    767.0610390813182,
    285.2417773683218,
    320.3485215764628,
    553.2462576952817,
    0.0,
    338.9158730158727,
    1123.53228993229,
    897.9883880825057,
    688.4299577873105,
    267.611199036957,
    0.0,
    0.0,
    0.0,
    0.0,
    151.53261183261185,
    75.39525900140454,
    0.0,
    81.74602897102895,
    40.17126092861388,
    64.75549470250283,
    48.62881840381841,
    70.0678847296494,
    92.58579165932106,
    44.0205285053111,
    34.05404040404039,
    313.43586875113164,
    2183.1209623709624,
    659.5805989590049,
    767.0253960835529,
    1314.0353063603054,
    0.0,
    359.64150831530753,
    1941.9643163366663,
    1551.2299904345607,
    74.64552073313685,
    558.2920478569455,
    207.6803002553003,
    1056.8314432740744,
    591.6473789910152,
    869.0882474508633,
    883.6582588060746,
    239.79582801300134,
    215.97943722943722,
    1129.4394358937705,
    2687.240276547586,
    92.9251312125455,
    521.0565934065932,
    953.4288705102946,
    27.480158730158724,
    38.806888373064844,
    0.0,
    1500.9442170115053,
    590.9105306028678,
    0.0,
    0.0,
    0.0,
    1231.954069906701,
    167.26736041736044,
    684.3121318973743,
    580.9232672556201,
    35.199068415244895,
    8.278339234031833,
    45.547549672549664,
    34.34052695670342
  ],