{
  "assortativity": -0.09748970339756864,
  "betweenness_centrality": [
    435.0723114976504,
    356.5805991820057,
    107.03653182902414,
    0.0,
    0.0,
    70.7695374800638,
    176.76414953295753,
    0.0,
    92.02183912775722,
    29.85645188145187,
    877.6757671153317,
    789.6297100236309,
    1057.97345300898,
    1482.0489428690407,
    0.0,
    0.0,
    598.7067938371594,
    184.52828640228012,
    52.981841778867,
    19.286652236652234,
    81.34751082251083,
    369.96020264232624,
    0.0,
    51.93579842058103,
    0.0,
    0.0,
    0.0,
    1006.0895401719382,
    614.0256120841826,
    0.0,
    0.0,
    122.74264069264065,
    311.7302104010761,
    0.0,
    93.79210678210676,
    1146.691889551672,
    613.5268872286764,
    59.273271173271205,
    730.102281371879,
    0.0,
    0.0,
    37.18809523809524,
    47.794473740913375,
    711.5920977715097,
    468.979537653609,
    55.321716149347736,
    71.2192947403474,
    0.0,
    0.0,
    217.88680887874546,
    711.1314710163365,
    524.5144597473392,
    514.2850507679454,
    17197.856866981605,
    14022.085060115827,
    7852.198073113173,
    10192.017407654454,
    332.72522589897187,
    440.6486600144964,
    1432.4758478191918,
    790.3965663563492,
    239.6826302352618,
    225.31391909260338,
    76.05040135303298,
    799.5964859701705,
    160.19855168788953,
    961.8131133250747,
    68.57053554434256,
    4800.730672127555,
    1738.2434099360373,
    170.13594405594407,
    378.77781677024063,
    114.79389294915607,
    322.1455716193784,
    79.88138528138532,
    1018.5501498501499,
    0.0,
    0.0,
    181.3742646242646,
    258.6152612093787,
    0.0,
    0.0,
    0.0,
    0.0,
    20.47936507936508,
    155.71341750985346,
    17.166666666666664,
    76.31949892213052,
    699.0420568841076,
    543.1635617547227,
    37.80344739736858,
    574.7773264499184,
    442.52494916205416,
    291.7058441558443,
    0.0,
    180.50061327561335,
    234.68236208236215,
    1596.9050928820234,
    78.77948162948161,
    562.2717491114546,
    667.6802540530452,
    140.46163354386738,
    186.7474946622005,
    158.43803894763647,
    343.6905638304952,
    196.20685367264318,
    138.52846086661873,
    76.61428571428576,
    0.0,
    0.0,
    439.35233351100226,
    893.0744080480924,
    2209.2720930735472,
    152.99748841666369,
    304.9368908868907,
    0.0,
    590.636568986569,
    1304.7403743487337,
    1247.3694017817181,
    280.36335623440885,
    118.36387583005231,
    631.0892180918498,
    35.0738242150007,
    369.83755233262025,
    16.0,
    298.05962060814994,
    401.5410677125784,
    213.95198032961193,
    172.94811102957573,
    735.1314036840354,
    87.78149819773229,
    0.0,
    0.0,
    0.0,
    74.55993891729193,
    0.0,
    0.0,
    156.32207558523342,
    37.58712121212121,
    892.5034651049655,
    821.8159028349772,
    2979.4259869284474,
    622.6606242226987,
    273.2629870013576,
    467.3973448670352,
    908.1261726657939,
    1419.1809166226867,
    433.7748065172506,
    3027.076695883256,
    0.0,
    0.0,
    135.07485269821933,
    219.28192268212337,
    1575.6031971210755,
    951.605002039512,
    1405.860114823804,
    1289.7404560465995,
    0.0,
    258.5869713619715,
    33.15295815295814,
    759.3904272198392,
    0.0,
    534.0,
    0.0,
    46.31931623931623,
    1628.7016483516486,
    311.9110783334311,
    425.8601822154451,
    66.62916820219156,
    0.0,
    0.0,
    0.0,
    1441.735182908901,
    2643.9662012758345,
    0.0,
    0.0,
    301.66323182175046,
    122.03021978021981,
    0.0,
    2796.550346989327,
    622.8818456052503,
    376.83208180708186,
    516.8567931107481,
    857.4851762186903,
    1142.8938509890631,
    0.0,
    0.0,
    0.0,
    0.0,
    5241.823509588205,
    5599.567000747383,
    315.8847515487608,
    243.49484126984134,
    1982.605074804423,
    13.720657120657119,
    0.0,
    3544.3132595677525,
    1891.1581265116731,
    568.3615072495916,
    1686.7256355962938,
    1365.0447395678452,
    200.16612422665042,
    423.0796864813896,
    0.0,
    954.3531503553107,
    766.1532509578484,
    613.1967779511642,
    752.024515835043,
    595.6195111904082,
    84.5870959449907,
    0.0,
    2221.2443777697554,
    1210.1884265034316,
    363.61376856717385,
    6.757936507936508,
    0.0,
    896.3086750061136,
    0.0,
    0.0,
    1407.5126162135641,
    1172.9324636768238,
    534.0,
    0.0,
    0.0,
    0.0,
    48.5733015606018,
    61.921918432444755,
    492.24506150920575,
    51.297186147186146,
    48.73175777438935,
    0.0,
    1150.5112766294146,
    0.0,
    0.0,
    0.0,
    0.0,
    89.12866022866022,
    841.3464839993919,
    381.27172333170813,
    237.4564463659894,
    316.56811667864275,
    294.12167475087887,
    0.0,
    244.20083498372983,
    537.1501951952416,
    544.1107660590991,
    674.5247573605161,
    448.1350289955336,
    0.0,
    0.0,
    0.0,
    0.0,
    20.493483709273175,
    201.20115440115435,
    0.0,
    109.530490032843,
    44.54510156510157,
    12.445818070818072,
    0.0,
    201.97063492063498,
    39.753887452416876,
    17.62037948267973,
    39.33130643865939,
    133.19387921521803,
    557.6981511740181,
    589.1800504051527,
    498.0138359326507,
    451.7347642495771,
    213.54188311688318,
    150.21711694738016,
    1997.1836363515931,
    1602.6514936383305,
    543.6138410177524,
    368.7051089777095,
    100.56343392188938,
    1808.8336400750563,
    239.94173154249296,
    1024.5469528822846,
    498.1491179989688,
    425.0213405875171,
    317.61742549504135,
    377.09157752648855,
    2167.693003521856,
    134.31603898337644,
    534.0,
    696.4587662337666,
    123.96969696969705,
    0.0,
    0.0,
    2811.9774750921774,
    531.0641313626079,
    0.0,
    0.0,
    0.0,
    695.9065540238909,
    222.19839761545646,
    328.292178252145,
    293.05543926661556,
    90.26202131202132,
    30.710501107578903,
    534.0,
    0.0
  ],