{
  "assortativity": -0.08858585052684212,
  "betweenness_centrality": [
    865.7274755049443,
    432.46243649038786,
    538.0,
    0.0,
    0.0,
    0.0,
    401.7091535084929,
    0.0,
    135.28087993626042,
    130.91420898297494,
    99.27984042101687,
    674.955698651287,
    1045.4537875437259,
    1602.7724593033356,
    0.0,
    0.0,
    1979.6490262575396,
    39.198088023088026,
    30.0562205910032,
    538.0,
    168.6561146545557,
    1098.8444025496347,
    0.0,
    426.8181860193472,
    0.0,
    0.0,
    0.0,
    695.783583735031,
    700.8181233081696,
    257.1097004302887,
    0.0,
    538.0,
    133.09078655549246,
    0.0,
    179.6161149308209,
    314.90105629664447,
    1211.0497076023394,
    70.40238095238097,
    72.33112606347905,
    0.0,
    0.0,
    314.4515868462462,
    44.81613386613386,
    695.305964090575,
    296.8854621352298,
    364.3556215026804,
    104.69028940540925,
    0.0,
    0.0,
    142.81566391692985,
    163.3967865467866,
    222.87363747363744,
    482.3657729697203,
    19298.48567654974,
    16193.56668936831,
    8248.102124840547,
    12846.488827780116,
    549.8125591966945,
    152.94206262723787,
    797.5491985561498,
    665.1487149451854,
    1921.767095911484,
    873.1390863522442,
    391.04430014430056,
    469.8247822353084,
    113.14262959262962,
    800.9590356062888,
    0.0,
    3504.8097822732166,
    1661.4549211550573,
    626.3212073873839,
    478.1196303696304,
    0.0,
    224.1859270631331,
    321.8316063021943,
    553.9327374254669,
    0.0,
    0.0,
    82.10194425457588,
    266.03671860606016,
    0.0,
    0.0,
    0.0,
    0.0,
    0.0,
    2.0,
    17.879387279387284,
    103.83827927032263,
    822.3070249421613,
    3460.3705651943847,
    80.00997335997336,
    429.04271661953527,
    314.85555403775214,
    71.12693385046329,
    0.0,
    108.26830489771667,
    281.9324453324454,
    1363.882102831494,
    271.9027036972689,
    435.6560199432491,
    1266.492261923376,
    501.46147186147203,
    143.111002559532,
    101.35732600732601,
    88.14521215499475,
    101.67703222703224,
    0.0,
    693.9040472599297,
    0.0,
    0.0,
    820.9678776060608,
    326.0085858585859,
    1674.8324450178593,
    103.27163392163392,
    364.7655315272965,
    0.0,
    144.95569985569992,
    1506.564972361735,
    1767.886393685208,
    542.2412649837089,
    229.48122792240443,
    229.63656066156065,
    5.000000000000001,
    119.80587966945484,
    0.0,
    196.8072275075258,
    292.19953680650264,
    67.16153846153847,
    171.60024028259318,
    279.6093747755512,
    179.87384217090096,
    0.0,
    0.0,
    0.0,
    350.90434876297877,
    0.0,
    0.0,
    81.12448107448107,
    494.7555884747065,
    382.2888350402039,
    1210.512078317974,
    2132.7203969800526,
    316.87127378125825,
    926.0230305642074,
    291.42149370237587,
    1032.8025698683805,
    479.0327402933714,
    500.76017005869966,
    3069.350019287425,
    0.0,
    0.0,
    113.80667012725837,
    178.88863636363635,
    1038.3926423650882,
    475.82714321474333,
    1381.3388922419635,
    479.9667584327721,
    0.0,
    42.06094773962421,
    108.12218454060563,
    799.2458367054347,
    0.0,
    56.10826599403796,
    0.0,
    91.27800696035989,
    149.3747344159109,
    95.89421493539145,
    111.16848710714817,
    237.26143856143852,
    0.0,
    0.0,
    0.0,
    1666.332528593236,
    2401.5147871613103,
    0.0,
    0.0,
    157.20845080845083,
    7.333333333333332,
    0.0,
    3601.73431848834,
    822.579674564454,
    181.49368551984648,
    1273.738770440534,
    839.8822652385459,
    1156.0508563221304,
    0.0,
    0.0,
    0.0,
    0.0,
    3644.7079545593515,
    2849.9152722369604,
    395.1730363461786,
    53.78116883116884,
    509.2517672850025,
    19.643600843600836,
    0.0,
    3692.7478890786597,
    3171.2526592045133,
    997.9671826985553,
    990.8799209161799,
    679.1767071164135,
    598.075125815035,
    512.7643230199748,
    10.2,
    2110.768215876839,
    782.1746849555675,
    292.92158908709433,
    1178.5420754082518,
    820.4652762584178,
    145.42935639239988,
    0.0,
    2012.5719899877042,
    1719.540780932341,
    468.3508806041925,
    76.28356365856366,
    0.0,
    2208.3835366422004,
    0.0,
    0.0,
    1530.7290857329704,
    779.5364497767941,
    538.0,
    0.0,
    0.0,
    0.0,
    177.18241708411992,
    24.077605727605725,
    585.2253393665158,
    350.8462039422569,
    98.67278832278832,
    0.0,
    427.00780175493713,
    0.0,
    0.0,
    0.0,
    0.0,
    0.0,
    123.38106960727053,
    486.87320514452887,
    224.4019361566777,
    226.20023357537156,
    1278.2317874076384,
    0.0,
    58.49841269841276,
    504.71562589452617,
    1548.2186445603159,
    545.8228222246638,
    280.83996531736534,
    0.0,
    0.0,
    0.0,
    0.0,
    42.2466033966034,
    585.4363747363749,
    0.0,
    53.8453181201148,
    8.916666666666666,
    15.45803412274,
    43.950057143865195,
    33.891439531687205,
    505.3265639589171,
    190.13412698412694,
    72.0141130455372,
    441.97159311276954,
    627.9967795962681,
    200.33156798444517,
    899.8402943461771,
    922.6235137755264,
    43.19920634920634,
    263.60834472395584,
    1468.422546789343,
    1698.3633148151855,
    677.3083910757287,
    558.3045287959377,
    264.6031553413906,
    1199.7716669265199,
    219.57658615893905,
    900.9512534963833,
    569.423569023569,
    266.7166830245778,
    1055.65237185185,
    350.43604308230476,
    2014.020732903919,
    86.76519555996272,
    26.35800865800865,
    610.8688638159227,
    445.9603115408843,
    234.76560367621704,
    0.0,
    982.8569340767519,
    410.7217508669518,
    0.0,
    0.0,
    0.0,
    708.2268189327015,
    877.8047008718838,
    657.8419663669663,
    73.79954443704447,
    1072.0,
    103.36823242117364,
    113.5249545775862,
    34.700230951539005
  ],