{
  "assortativity": -0.7552416117672007,
  "betweenness_centrality": [
    0.0,
    0.0,
    128.63515230152058,
    115.00094809282787,
    48.69673684277265,
    159.15912036007947,
    0.0,
    0.0,
    0.0,
    0.0,
    0.0,
    0.0,
    0.0,
    0.0,
    0.0,
    0.0,
    0.0,
    0.0,
    0.0,
    0.0,
    0.0,
    0.0,
    0.0,
    0.0,
    0.0,
    0.0,
    0.0,
    0.0,
    0.0,
    0.0,
    0.0,
    0.0,
    0.0,
    0.0,
    0.0,
    0.0,
    0.0,
    0.0,
    0.0,
    0.0,
    0.0,
    0.0,
    0.0,
    0.0,
    0.0,
    0.0,
    0.0,
    0.0,
    0.0,
    0.0,
    0.0,
    0.0,
    0.0,
    0.0,
    0.0,
    0.0,
    0.0,
    0.0,
    0.0,
    0.0,
    0.0,
    0.0,
    0.0,
    0.0,
    0.0,
    0.0,
    0.0,
    0.0,
    0.0,
    0.0,
    0.0,
    0.0,
    0.0,
    0.0,
    0.0,
    0.0,
    0.0,
    0.0,
    0.0,
    0.0,
    0.0,
    0.0,
    0.0,
    0.0,
    260.92551687916136,
    193.15630970336852,
    187.2010677231265,
    131.03185574726493,
    0.0,
    0.0,
    0.0,
    0.0,
    0.0,
    0.0,
    0.0,
    0.0,
    0.0,
    0.0,
    0.0,
    0.0,
    0.0,
    0.0,
    0.0,
    0.0,
    0.0,
    0.0,
    0.0,
    0.0,
    0.0,
    0.0,
    0.0,
    0.0,
    0.0,
    0.0,
    0.0,
    108.89975551586808,
    66.76498052009562,
    0.0,
    0.0,
    0.0,
    0.0,
    0.0,
    0.0,
    0.0,
    0.0,
    0.0,
    0.0,
    0.0,
    0.0,
    0.0,
    0.0,
    0.0,
    0.0,
    0.0,
    0.0,
    0.0,
    0.0,
    0.0,
    0.0,
    0.0,
    0.0,
    0.0,
    0.0,
    0.0,
    0.0,
    0.0,
    0.0,
    0.0,
    0.0,
    87.60168410021352,
    43.75235124352771,
    0.0,
    0.0,
    0.0,
    0.0,
    0.0,
    0.0,
    0.0,
    0.0,
    132.42307063969469,
    204.94254681332683,
    0.0,
    0.0,
    0.0,
    0.0,
    0.0,
    0.0,
    0.0,
    0.0,
    0.0,
    0.0,
    0.0,
    0.0,
    0.0,
    0.0,
    0.0,
    0.0,
    0.0,
    0.0,
    0.0,
    0.0,
    0.0,
    0.0,
    0.0,
    0.0,
    0.0,
    0.0,
    0.0,
    0.0,
    0.0,
    0.0,
    22.04685771744595,
    28.273845598845597,
    0.0,
    0.0,
    0.0,
    0.0,
    0.0,
    0.0,
    134.95258805795888,
    123.53561214290116,
    0.0,
    0.0,
    0.0,
    0.0,
    0.0,
    0.0,
    0.0,
    0.0,
    0.0,
    0.0,
    0.0,
    0.0,
    0.0,
    0.0,
    0.0,
    0.0,
    0.0,
    0.0,
    0.0,
    0.0,
    0.0,
    0.0,
    0.0,
    0.0,
    0.0,
    0.0,
    0.0,
    0.0,
    0.0,
    0.0,
    0.0,
    0.0,
    0.0,
    0.0,
    0.0,
    0.0,
    0.0,
    0.0,
    0.0,
    0.0,
    0.0,
    0.0,
    0.0,
    0.0,
    0.0,
    0.0,
    0.0,
    0.0,
    0.0,
    0.0,
    0.0,
    0.0,
    0.0,
    0.0,
    0.0,
    0.0,
    0.0,
    0.0,
    0.0,
    0.0,
    0.0,
    0.0,
    0.0,
    0.0,
    0.0,
    0.0,
    0.0,
    0.0,
    0.0,
    0.0,
    0.0,
    0.0,
    0.0,
    0.0,
    0.0,
    0.0,
    0.0,
    0.0,
    0.0,
    0.0,
    0.0,
    0.0,
    0.0,
    0.0,
    0.0,
    0.0,
    0.0,
    0.0,
    0.0,
    0.0,
    0.0,
    0.0,
    0.0,
    0.0,
    0.0,
    0.0,
    0.0,
    0.0,
    0.0,
    0.0,
    0.0
  ],
  "clustering": [
    0.5952380952380952,
    0.5961538461538461,
    0.07140890632528048,
    0.05281665622171158,
    0.10248366013071895,
    0.10897717295873573,
    0.65,
    0.625,
    0.6373626373626373,
    0.5,
    0.6666666666666666,
    0.6439393939393939,
    0.7142857142857143,
    0.6527777777777778,
    0.5984848484848485,
    0.5666666666666667,
    0.5357142857142857,
    0.5178571428571429,
    0.6363636363636364,
    0.5714285714285714,
    0.6527777777777778,
    0.553030303030303,
    0.0,
    0.5952380952380952,
    0.5833333333333334,
    0.6964285714285714,
    0.6272727272727273,
    0.0,
    0.6111111111111112,
    0.6089743589743589,
    0.5714285714285714,
    0.6444444444444445,
    0.5892857142857143,
    0.6,
    0.6,
    0.6181818181818182,
    0.6287878787878788,
    0.5909090909090909,
    0.6090909090909091,
    0.6,
    0.5333333333333333,
    0.5714285714285714,
    0.6590909090909091,
    0.6666666666666666,
    0.6181818181818182,
    0.5727272727272728,
    0.5545454545454546,
    0.0,
    0.0,
    0.5277777777777778,
    0.6111111111111112,
    0.5909090909090909,
    0.5833333333333334,
    0.0,
    0.0,
    0.6272727272727273,
    0.5,
    0.0,
    0.0,
    0.0,
    0.0,
    0.0,
    0.0,
    0.0,
    0.5,
    0.8333333333333334,
    0.6090909090909091,
    0.6333333333333333,
    0.0,
    0.0,
    0.6444444444444445,
    0.5555555555555556,
    0.0,
    0.0,
    0.6555555555555556,
    0.6111111111111112,
    0.5,
    1.0,
    0.8333333333333334,
    0.5,
    0.6454545454545455,
    0.5757575757575758,
    0.5636363636363636,
    0.6111111111111112,
    0.05529632982798245,
    0.07365552084025792,
    0.06727891156462586,
    0.06855849582172702,
    0.6388888888888888,
    0.5909090909090909,
    0.7,
    0.5705128205128205,
    0.6428571428571429,
    0.65,
    0.6964285714285714,
    0.625,
    0.6,
    0.6,
    0.5535714285714286,
    0.6785714285714286,
    0.5961538461538461,
    0.6527777777777778,
    0.5833333333333334,
    0.6805555555555556,
    0.5833333333333334,
    0.6111111111111112,
    0.625,
    0.6363636363636364,
    0.5222222222222223,
    0.5727272727272728,
    0.5972222222222222,
    0.0,
    0.75,
    0.0,
    0.0,
    0.11326936578516265,
    0.11722488038277512,
    0.5681818181818182,
    0.6071428571428571,
    0.6777777777777778,
    0.6666666666666666,
    0.6111111111111112,
    0.5666666666666667,
    0.0,
    0.5952380952380952,
    0.6904761904761905,
    0.6111111111111112,
    0.6666666666666666,
    0.6666666666666666,
    0.5238095238095238,
    0.6527777777777778,
    0.6272727272727273,
    0.6111111111111112,
    0.5666666666666667,
    0.6272727272727273,
    0.7142857142857143,
    0.6888888888888889,
    1.0,
    0.8333333333333334,
    0.5888888888888889,
    0.5777777777777777,
    0.6777777777777778,
    0.65,
    0.6666666666666666,
    0.5666666666666667,
    0.5727272727272728,
    0.6190476190476191,
    0.6527777777777778,
    0.6,
    0.10442651014918072,
    0.07368280288847286,
    0.625,
    0.5888888888888889,
    0.5833333333333334,
    0.3333333333333333,
    0.6428571428571429,
    0.5714285714285714,
    0.6527777777777778,
    0.0,
    0.06512049031898594,
    0.06239245646637759,
    0.6444444444444445,
    0.7,
    0.5222222222222223,
    0.6904761904761905,
    0.48214285714285715,
    0.5833333333333334,
    0.5,
    0.6,
    0.75,
    0.6439393939393939,
    0.5576923076923077,
    0.75,
    1.0,
    0.35,
    0.6454545454545455,
    0.0,
    0.0,
    0.0,
    0.0,
    0.6777777777777778,
    0.6089743589743589,
    0.6666666666666666,
    0.0,
    0.6428571428571429,
    0.0,
    0.0,
    0.6060606060606061,
    0.6060606060606061,
    0.6818181818181818,
    0.4722222222222222,
    0.19548872180451127,
    0.18893387314439947,
    0.5952380952380952,
    0.5833333333333334,
    0.5178571428571429,
    0.0,
    0.0,
    0.0,
    0.07855667441260006,
    0.08754034861200774,
    0.0,
    0.0,
    0.0,
    0.6636363636363637,
    0.0,
    0.0,
    0.5238095238095238,
    0.7666666666666667,
    0.6666666666666666,
    0.6222222222222222,
    0.6111111111111112,
    0.65,
    0.5909090909090909,
    0.6089743589743589,
    0.6410256410256411,
    0.6287878787878788,
    0.6333333333333333,
    0.9166666666666666,
    0.0,
    0.0,
    0.5909090909090909,
    0.5238095238095238,
    0.0,
    0.0,
    0.0,
    0.0,
    0.6666666666666666,
    0.0,
    0.0,
    0.0,
    1.0,
    0.5714285714285714,
    0.65,
    0.6136363636363636,
    0.5641025641025641,
    0.44642857142857145,
    0.5,
    0.6666666666666666,
    0.5888888888888889,
    0.0,
    0.0,
    0.0,
    0.0,
    0.6545454545454545,
    0.0,
    0.6,
    0.5666666666666667,
    0.0,
    0.0,
    0.0,
    0.0,
    0.0,
    0.0,
    0.0,
    0.0,
    0.7857142857142857,
    0.6090909090909091,
    0.6287878787878788,
    0.5757575757575758,
    0.6555555555555556,
    0.6,
