{
  "assortativity": -0.7641747085194185,
  "betweenness_centrality": [
    0.0,
    0.0,
    281.0874756779168,
    187.88526538820656,
    172.00029996147643,
    50.764416139416156,
    0.0,
    0.0,
    0.0,
    0.0,
    0.0,
    0.0,
    0.0,
    0.0,
    0.0,
    0.0,
    0.0,
    0.0,
    0.0,
    0.0,
    0.0,
    0.0,
    0.0,
    0.0,
    0.0,
    0.0,
    0.0,
    0.0,
    0.0,
    0.0,
    0.0,
    0.0,
    0.0,
    0.0,
    0.0,
    0.0,
    0.0,
    0.0,
    0.0,
    0.0,
    0.0,
    0.0,
    0.0,
    0.0,
    0.0,
    0.0,
    0.0,
    0.0,
    0.0,
    0.0,
    0.0,
    0.0,
    0.0,
    0.0,
    0.0,
    0.0,
    0.0,
    0.0,
    0.0,
    0.0,
    0.0,
    0.0,
    0.0,
    0.0,
    0.0,
    0.0,
    0.0,
    0.0,
    0.0,
    0.0,
    0.0,
    0.0,
    0.0,
    0.0,
    0.0,
    0.0,
    0.0,
    0.0,
    0.0,
    0.0,
    0.0,
    0.0,
    0.0,
    0.0,
    216.43307439292724,
    181.77696189431484,
    132.01830847257315,
    289.09270975756266,
    0.0,
    0.0,
    0.0,
    0.0,
    0.0,
    0.0,
    0.0,
    0.0,
    0.0,
    0.0,
    0.0,
    0.0,
    0.0,
    0.0,
    0.0,
    0.0,
    0.0,
    0.0,
    0.0,
    0.0,
    0.0,
    0.0,
    0.0,
    0.0,
    0.0,
    0.0,
    0.0,
    124.49061910311912,
    71.52436436112906,
    0.0,
    0.0,
    0.0,
    0.0,
    0.0,
    0.0,
    0.0,
    0.0,
    0.0,
    0.0,
    0.0,
    0.0,
    0.0,
    0.0,
    0.0,
    0.0,
    0.0,
    0.0,
    0.0,
    0.0,
    0.0,
    0.0,
    0.0,
    0.0,
    0.0,
    0.0,
    0.0,
    0.0,
    0.0,
    0.0,
    0.0,
    0.0,
    91.49146547896548,
    138.59729184214476,
    0.0,
    0.0,
    0.0,
    0.0,
    0.0,
    0.0,
    0.0,
    0.0,
    58.7291203241203,
    23.09547258297258,
    0.0,
    0.0,
    0.0,
    0.0,
    0.0,
    0.0,
    0.0,
    0.0,
    0.0,
    0.0,
    0.0,
    0.0,
    0.0,
    0.0,
    0.0,
    0.0,
    0.0,
    0.0,
    0.0,
    0.0,
    0.0,
    0.0,
    0.0,
    0.0,
    0.0,
    0.0,
    0.0,
    0.0,
    0.0,
    0.0,
    44.24693778443779,
    21.57737429237429,
    0.0,
    0.0,
    0.0,
    0.0,
    0.0,
    0.0,
    173.91176823176818,
    123.27707431457429,
    0.0,
    0.0,
    0.0,
    0.0,
    0.0,
    0.0,
    0.0,
    0.0,
    0.0,
    0.0,
    0.0,
    0.0,
    0.0,
    0.0,
    0.0,
    0.0,
    0.0,
    0.0,
    0.0,
    0.0,
    0.0,
    0.0,
    0.0,
    0.0,
    0.0,
    0.0,
    0.0,
    0.0,
    0.0,
    0.0,
    0.0,
    0.0,
    0.0,
    0.0,
    0.0,
    0.0,
    0.0,
    0.0,
    0.0,
    0.0,
    0.0,
    0.0,
    0.0,
    0.0,
    0.0,
    0.0,
    0.0,
    0.0,
    0.0,
    0.0,
    0.0,
    0.0,
    0.0,
    0.0,
    0.0,
    0.0,
    0.0,
    0.0,
    0.0,
    0.0,
    0.0,
    0.0,
    0.0,
    0.0,
    0.0,
    0.0,
    0.0,
    0.0,
    0.0,
    0.0,
    0.0,
    0.0,
    0.0,
    0.0,
    0.0,
    0.0,
    0.0,
    0.0,
    0.0,
    0.0,
    0.0,
    0.0,
    0.0,
    0.0,
    0.0,
    0.0,
    0.0,
    0.0,
    0.0,
    0.0,
    0.0,
    0.0,
    0.0,
    0.0,
    0.0,
    0.0,
    0.0,
    0.0,
    0.0,
    0.0,
    0.0
  ],
  "clustering": [
    0.6444444444444445,
    0.7,
    0.06348045732517947,
    0.06404120970422067,
    0.1092533211177279,
    0.06824551569506726,
    0.7333333333333333,
    0.5818181818181818,
    0.55,
    0.5,
    0.6,
    0.5727272727272728,
    0.45,
    0.5181818181818182,
    0.5833333333333334,
    0.5694444444444444,
    0.5769230769230769,
    0.6333333333333333,
    0.5138888888888888,
    0.5075757575757576,
    0.5,
    0.5727272727272728,
    0.0,
    0.6527777777777778,
    0.5378787878787878,
    0.6272727272727273,
    0.6111111111111112,
    0.0,
    0.45,
    0.5238095238095238,
    0.6111111111111112,
    0.5272727272727272,
    0.6444444444444445,
    0.6805555555555556,
    0.6388888888888888,
    0.5,
    0.4523809523809524,
    0.7,
    0.5636363636363636,
    0.45454545454545453,
    0.6,
    0.5238095238095238,
    0.5476190476190477,
    0.6060606060606061,
    0.5378787878787878,
    0.6333333333333333,
    0.5444444444444444,
    0.0,
    0.0,
    0.5666666666666667,
    0.6181818181818182,
    0.509090909090909,
    0.5666666666666667,
    0.0,
    0.0,
    0.47619047619047616,
    0.0,
    0.0,
    0.0,
    0.0,
    0.0,
    0.0,
    0.0,
    0.0,
    0.7,
    0.5545454545454546,
    0.5952380952380952,
    0.5888888888888889,
    0.0,
    0.0,
    0.6333333333333333,
    0.5428571428571428,
    0.0,
    0.0,
    0.7666666666666667,
    0.4583333333333333,
    0.4,
    0.0,
    1.0,
    0.42857142857142855,
    0.4666666666666667,
    0.6071428571428571,
    0.6089743589743589,
    0.6090909090909091,
    0.07538891104906262,
    0.05602367688022284,
    0.056805670244976604,
    0.0792072774528915,
    0.5984848484848485,
    0.5714285714285714,
    0.5512820512820513,
    0.4666666666666667,
    0.5454545454545454,
    0.6607142857142857,
    0.5833333333333334,
    0.6555555555555556,
    0.6666666666666666,
    0.625,
    0.5952380952380952,
    0.5694444444444444,
    0.7333333333333333,
    0.5454545454545454,
    0.4642857142857143,
    0.6,
    0.48484848484848486,
    0.5636363636363636,
    0.6090909090909091,
    0.5277777777777778,
    0.5888888888888889,
    0.5,
    0.5454545454545454,
    0.0,
    0.625,
    0.0,
    0.0,
    0.07964817981920352,
    0.11259685078730318,
    0.5272727272727272,
    0.5416666666666666,
    0.6,
    0.7,
    0.6,
    0.5555555555555556,
    0.0,
    0.5777777777777777,
    0.0,
    0.75,
    0.6363636363636364,
    0.5833333333333334,
    0.7142857142857143,
    0.0,
    0.6428571428571429,
    0.7083333333333334,
    0.4909090909090909,
    0.4166666666666667,
    0.75,
    0.5333333333333333,
    0.5,
    1.0,
    0.6388888888888888,
    0.5984848484848485,
    0.8,
    0.5555555555555556,
    0.6964285714285714,
    0.55,
    0.5138888888888888,
    0.509090909090909,
    0.5384615384615384,
    0.5757575757575758,
    0.08919843597262953,
    0.10748349229640498,
    0.6428571428571429,
    0.6071428571428571,
    1.0,
    0.0,
    0.55,
    0.6111111111111112,
    0.5833333333333334,
    0.0,
    0.04687161723316735,
    0.04265227675931402,
    0.5757575757575758,
    0.553030303030303,
    0.5833333333333334,
    0.4909090909090909,
    0.5178571428571429,
    0.5777777777777777,
    0.75,
    0.5555555555555556,
    0.5151515151515151,
    0.5444444444444444,
    0.5,
    0.6,
    0.5,
    0.5357142857142857,
    0.4666666666666667,
    0.0,
    0.0,
    0.0,
    0.0,
    0.5757575757575758,
    0.4945054945054945,
    0.6,
    0.0,
    0.5681818181818182,
    0.0,
    0.0,
    0.509090909090909,
    0.6,
    0.5384615384615384,
    0.5666666666666667,
    0.2200488997555012,
    0.19506369426751594,
    0.55,
    0.4166666666666667,
    0.6444444444444445,
    0.0,
    0.0,
    0.0,
    0.08335556148306215,
    0.08732449809736255,
    0.0,
    0.0,
    0.0,
    0.4777777777777778,
    0.0,
    0.0,
    0.4666666666666667,
    0.6111111111111112,
    0.6111111111111112,
    0.6181818181818182,
    0.6444444444444445,
    0.5,
    0.5909090909090909,
    0.5952380952380952,
    0.6964285714285714,
    0.5681818181818182,
    0.4909090909090909,
    0.5378787878787878,
    0.0,
    0.0,
    0.6428571428571429,
    0.5378787878787878,
    0.0,
    0.0,
    0.0,
    0.0,
    0.5,
    0.625,
    0.5,
    0.8333333333333334,
    1.0,
    0.6111111111111112,
    0.5576923076923077,
    0.42857142857142855,
    0.5064102564102564,
    0.5714285714285714,
    0.7,
    0.6444444444444445,
    0.6666666666666666,
    0.0,
    0.0,
    0.0,
    0.0,
    0.5833333333333334,
    0.8333333333333334,
    0.3333333333333333,
    0.0,
    0.0,
    0.0,
    0.0,
    0.0,
    0.0,
    0.0,
    0.0,
    0.0,
    0.5,
    0.7142857142857143,
    0.5606060606060606,
    0.6964285714285714,
    0.6111111111111112,
    0.5636363636363636,
    0.5714285714285714,
    0.6607142857142857,
    0.6666666666666666,
    0.38095238095238093,
    0.6111111111111112,
    0.5777777777777777,
