{
  "assortativity": -0.7550405047763527,
  "betweenness_centrality": [
    0.0,
    0.0,
    213.22861492731084,
    120.41288993346132,
    292.0754621437244,
    61.26616094697094,
    0.0,
    0.0,
    0.0,
    0.0,
    0.0,
    0.0,
    0.0,
    0.0,
    0.0,
    0.0,
    0.0,
    0.0,
    0.0,
    0.0,
    0.0,
    0.0,
    0.0,
    0.0,
    0.0,
    0.0,
    0.0,
    0.0,
    0.0,
    0.0,
    0.0,
    0.0,
    0.0,
    0.0,
    0.0,
    0.0,
    0.0,
    0.0,
    0.0,
    0.0,
    0.0,
    0.0,
    0.0,
    0.0,
    0.0,
    0.0,
    0.0,
    0.0,
    0.0,
    0.0,
    0.0,
    0.0,
    0.0,
    0.0,
    0.0,
    0.0,
    0.0,
    0.0,
    0.0,
    0.0,
    0.0,
    0.0,
    0.0,
    0.0,
    0.0,
    0.0,
    0.0,
    0.0,
    0.0,
    0.0,
    0.0,
    0.0,
    0.0,
    0.0,
    0.0,
    0.0,
    0.0,
    0.0,
    0.0,
    0.0,
    0.0,
    0.0,
    0.0,
    0.0,
    230.9730464277425,
    171.9353367187911,
    243.64196184835953,
    106.04337340886048,
    0.0,
    0.0,
    0.0,
    0.0,
    0.0,
    0.0,
    0.0,
    0.0,
    0.0,
    0.0,
    0.0,
    0.0,
    0.0,
    0.0,
    0.0,
    0.0,
    0.0,
    0.0,
    0.0,
    0.0,
    0.0,
    0.0,
    0.0,
    0.0,
    0.0,
    0.0,
    0.0,
    149.99652886635656,
    87.50784706132039,
    0.0,
    0.0,
    0.0,
    0.0,
    0.0,
    0.0,
    0.0,
    0.0,
    0.0,
    0.0,
    0.0,
    0.0,
    0.0,
    0.0,
    0.0,
    0.0,
    0.0,
    0.0,
    0.0,
    0.0,
    0.0,
    0.0,
    0.0,
    0.0,
    0.0,
    0.0,
    0.0,
    0.0,
    0.0,
    0.0,
    0.0,
    0.0,
    57.37259673990883,
    112.24547523682713,
    0.0,
    0.0,
    0.0,
    0.0,
    0.0,
    0.0,
    0.0,
    0.0,
    193.2636948884811,
    169.55322427519093,
    0.0,
    0.0,
    0.0,
    0.0,
    0.0,
    0.0,
    0.0,
    0.0,
    0.0,
    0.0,
    0.0,
    0.0,
    0.0,
    0.0,
    0.0,
    0.0,
    0.0,
    0.0,
    0.0,
    0.0,
    0.0,
    0.0,
    0.0,
    0.0,
    0.0,
    0.0,
    0.0,
    0.0,
    0.0,
    0.0,
    20.03035714285714,
    36.6065170109181,
    0.0,
    0.0,
    0.0,
    0.0,
    0.0,
    0.0,
    138.19968241743817,
    161.64723000548025,
    0.0,
    0.0,
    0.0,
    0.0,
    0.0,
    0.0,
    0.0,
    0.0,
    0.0,
    0.0,
    0.0,
    0.0,
    0.0,
    0.0,
    0.0,
    0.0,
    0.0,
    0.0,
    0.0,
    0.0,
    0.0,
    0.0,
    0.0,
    0.0,
    0.0,
    0.0,
    0.0,
    0.0,
    0.0,
    0.0,
    0.0,
    0.0,
    0.0,
    0.0,
    0.0,
    0.0,
    0.0,
    0.0,
    0.0,
    0.0,
    0.0,
    0.0,
    0.0,
    0.0,
    0.0,
    0.0,
    0.0,
    0.0,
    0.0,
    0.0,
    0.0,
    0.0,
    0.0,
    0.0,
    0.0,
    0.0,
    0.0,
    0.0,
    0.0,
    0.0,
    0.0,
    0.0,
    0.0,
    0.0,
    0.0,
    0.0,
    0.0,
    0.0,
    0.0,
    0.0,
    0.0,
    0.0,
    0.0,
    0.0,
    0.0,
    0.0,
    0.0,
    0.0,
    0.0,
    0.0,
    0.0,
    0.0,
    0.0,
    0.0,
    0.0,
    0.0,
    0.0,
    0.0,
    0.0,
    0.0,
    0.0,
    0.0,
    0.0,
    0.0,
    0.0,
    0.0,
    0.0,
    0.0,
    0.0,
    0.0,
    0.0
  ],
  "clustering": [
    0.6636363636363637,
    0.6181818181818182,
    0.046773675762439806,
    0.05519876693853959,
    0.09894837476099426,
    0.1127749181094993,
    0.6666666666666666,
    0.6238095238095238,
    1.0,
    0.7333333333333333,
    0.6904761904761905,
    0.7142857142857143,
    0.5333333333333333,
    0.65,
    0.6818181818181818,
    0.625,
    0.0,
    0.0,
    0.6727272727272727,
    0.6428571428571429,
    0.6777777777777778,
    0.75,
    0.0,
    0.6111111111111112,
    0.7142857142857143,
    0.5666666666666667,
    0.7222222222222222,
    0.0,
    0.5757575757575758,
    0.5833333333333334,
    0.6263736263736264,
    0.6545454545454545,
    0.5666666666666667,
    0.6071428571428571,
    0.6636363636363637,
    0.6060606060606061,
    0.5694444444444444,
    0.7083333333333334,
    0.7619047619047619,
    0.6666666666666666,
    0.6287878787878788,
    0.6527777777777778,
    0.6428571428571429,
    0.6964285714285714,
    0.6527777777777778,
    0.6666666666666666,
    0.5666666666666667,
    0.0,
    0.0,
    0.6545454545454545,
    0.7333333333333333,
    0.6212121212121212,
    0.6136363636363636,
    0.0,
    0.0,
    0.0,
    0.5,
    0.0,
    0.0,
    0.0,
    0.0,
    0.6111111111111112,
    0.6666666666666666,
    0.0,
    0.4166666666666667,
    0.5,
    0.6439393939393939,
    0.7090909090909091,
    0.0,
    0.0,
    0.5727272727272728,
    0.7361111111111112,
    0.0,
    0.0,
    0.625,
    0.5636363636363636,
    1.0,
    0.5,
    0.5714285714285714,
    1.0,
    0.6888888888888889,
    0.7,
    0.6666666666666666,
    0.5357142857142857,
    0.07529787495393686,
    0.05671281595325797,
    0.07095128173976431,
    0.05823319259499837,
    0.6805555555555556,
    0.5888888888888889,
    0.5824175824175825,
    0.55,
    0.5952380952380952,
    0.6666666666666666,
    0.6388888888888888,
    0.6636363636363637,
    0.6136363636363636,
    0.5,
    0.5535714285714286,
    0.6,
    0.6818181818181818,
    0.7222222222222222,
    0.5833333333333334,
    0.5555555555555556,
    0.6282051282051282,
    0.5444444444444444,
    0.6111111111111112,
    0.6090909090909091,
    0.6287878787878788,
    0.5545454545454546,
    0.6727272727272727,
    0.0,
    0.6785714285714286,
    0.6818181818181818,
    0.6217948717948718,
    0.0887906309751434,
    0.13559718969555035,
    0.75,
    0.6636363636363637,
    0.6090909090909091,
    0.6727272727272727,
    0.6944444444444444,
    0.8,
    0.0,
    0.6111111111111112,
    1.0,
    0.7,
    0.7857142857142857,
    0.35,
    0.5555555555555556,
    0.0,
    0.7,
    0.6272727272727273,
    0.6428571428571429,
    0.5892857142857143,
    0.6545454545454545,
    0.6555555555555556,
    0.65,
    0.5666666666666667,
    0.6555555555555556,
    0.5714285714285714,
    0.75,
    0.6363636363636364,
    0.5818181818181818,
    0.6346153846153846,
    0.6111111111111112,
    0.625,
    0.5666666666666667,
    0.6,
    0.10677669417354338,
    0.13882093933463796,
    0.625,
    0.5535714285714286,
    0.5833333333333334,
    0.0,
    1.0,
    0.55,
    0.55,
    0.0,
    0.07611468837322317,
    0.0621274217585693,
    0.6666666666666666,
    0.6,
    0.6071428571428571,
    0.6333333333333333,
    0.6727272727272727,
    0.6666666666666666,
    0.6,
    0.5833333333333334,
    0.7111111111111111,
    0.6363636363636364,
    0.6727272727272727,
    0.6666666666666666,
    1.0,
    0.6089743589743589,
    0.6208791208791209,
    0.0,
    0.0,
    0.0,
    0.0,
    0.6272727272727273,
    0.6666666666666666,
    0.5777777777777777,
    0.0,
    0.6272727272727273,
    0.0,
    0.0,
    0.6515151515151515,
    0.5833333333333334,
    0.6666666666666666,
    0.6439393939393939,
    0.20873015873015874,
    0.21550671550671552,
    0.55,
    0.5972222222222222,
    0.6666666666666666,
    0.0,
    0.0,
    0.5714285714285714,
    0.09652230971128609,
    0.09311023622047244,
    0.0,
    0.0,
    0.0,
    0.5909090909090909,
    0.0,
    0.0,
    0.5769230769230769,
    0.6111111111111112,
    0.6888888888888889,
    0.5138888888888888,
    0.5833333333333334,
    0.6136363636363636,
    0.5714285714285714,
    0.6636363636363637,
    0.7333333333333333,
    0.6090909090909091,
    0.5333333333333333,
    0.5,
    0.0,
    0.0,
    0.6428571428571429,
    0.6333333333333333,
    0.0,
    0.0,
    0.0,
    0.0,
    0.0,
    0.5,
    0.5,
    0.5,
    0.9,
    0.6071428571428571,
    0.6282051282051282,
    0.7111111111111111,
    0.6,
    0.6287878787878788,
    0.6444444444444445,
    0.5714285714285714,
    0.7333333333333333,
    0.0,
    0.0,
    0.0,
    0.0,
    1.0,
    0.5,
    0.6,
    0.5,
    0.8333333333333334,
    0.7,
    0.5238095238095238,
    0.6666666666666666,
    0.0,
    0.0,
    0.0,
    0.0,
    0.6346153846153846,
    0.6136363636363636,
    0.553030303030303,
    0.6888888888888889,
    0.5833333333333334,
    0.5972222222222222,
    0.6545454545454545,
