{
  "assortativity": -0.7474862399383108,
  "betweenness_centrality": [
    0.0,
    0.0,
    270.1730241980242,
    176.98110500610494,
    51.40972638472638,
    141.612456987457,
    0.0,
    0.0,
    0.0,
    0.0,
    0.0,
    0.0,
    0.0,
    0.0,
    0.0,
    0.0,
    0.0,
    0.0,
    0.0,
    0.0,
    0.0,
    0.0,
    0.0,
    0.0,
    0.0,
    0.0,
    0.0,
    0.0,
    0.0,
    0.0,
    0.0,
    0.0,
    0.0,
    0.0,
    0.0,
    0.0,
    0.0,
    0.0,
    0.0,
    0.0,
    0.0,
    0.0,
    0.0,
    0.0,
    0.0,
    0.0,
    0.0,
    0.0,
    0.0,
    0.0,
    0.0,
    0.0,
    0.0,
    0.0,
    0.0,
    0.0,
    0.0,
    0.0,
    0.0,
    0.0,
    0.0,
    0.0,
    0.0,
    0.0,
    0.0,
    0.0,
    0.0,
    0.0,
    0.0,
    0.0,
    0.0,
    0.0,
    0.0,
    0.0,
    0.0,
    0.0,
    0.0,
    0.0,
    0.0,
    0.0,
    0.0,
    0.0,
    0.0,
    0.0,
    87.78339160839161,
    267.763048063048,
    393.4329226329226,
    132.08595293595295,
    0.0,
    0.0,
    0.0,
    0.0,
    0.0,
    0.0,
    0.0,
    0.0,
    0.0,
    0.0,
    0.0,
    0.0,
    0.0,
    0.0,
    0.0,
    0.0,
    0.0,
    0.0,
    0.0,
    0.0,
    0.0,
    0.0,
    0.0,
    0.0,
    0.0,
    0.0,
    0.0,
    220.3874458874459,
    36.82440892440893,
    0.0,
    0.0,
    0.0,
    0.0,
    0.0,
    0.0,
    0.0,
    0.0,
    0.0,
    0.0,
    0.0,
    0.0,
    0.0,
    0.0,
    0.0,
    0.0,
    0.0,
    0.0,
    0.0,
    0.0,
    0.0,
    0.0,
    0.0,
    0.0,
    0.0,
    0.0,
    0.0,
    0.0,
    0.0,
    0.0,
    0.0,
    0.0,
    97.16976911976911,
    83.96826229326231,
    0.0,
    0.0,
    0.0,
    0.0,
    0.0,
    0.0,
    0.0,
    0.0,
    31.72062104562104,
    174.3755633255633,
    0.0,
    0.0,
    0.0,
    0.0,
    0.0,
    0.0,
    0.0,
    0.0,
    0.0,
    0.0,
    0.0,
    0.0,
    0.0,
    0.0,
    0.0,
    0.0,
    0.0,
    0.0,
    0.0,
    0.0,
    0.0,
    0.0,
    0.0,
    0.0,
    0.0,
    0.0,
    0.0,
    0.0,
    0.0,
    0.0,
    13.840584415584416,
    13.242857142857142,
    0.0,
    0.0,
    0.0,
    0.0,
    0.0,
    0.0,
    207.82269397269394,
    104.40616605616607,
    0.0,
    0.0,
    0.0,
    0.0,
    0.0,
    0.0,
    0.0,
    0.0,
    0.0,
    0.0,
    0.0,
    0.0,
    0.0,
    0.0,
    0.0,
    0.0,
    0.0,
    0.0,
    0.0,
    0.0,
    0.0,
    0.0,
    0.0,
    0.0,
    0.0,
    0.0,
    0.0,
    0.0,
    0.0,
    0.0,
    0.0,
    0.0,
    0.0,
    0.0,
    0.0,
    0.0,
    0.0,
    0.0,
    0.0,
    0.0,
    0.0,
    0.0,
    0.0,
    0.0,
    0.0,
    0.0,
    0.0,
    0.0,
    0.0,
    0.0,
    0.0,
    0.0,
    0.0,
    0.0,
    0.0,
    0.0,
    0.0,
    0.0,
    0.0,
    0.0,
    0.0,
    0.0,
    0.0,
    0.0,
    0.0,
    0.0,
    0.0,
    0.0,
    0.0,
    0.0,
    0.0,
    0.0,
    0.0,
    0.0,
    0.0,
    0.0,
    0.0,
    0.0,
    0.0,
    0.0,
    0.0,
    0.0,
    0.0,
    0.0,
    0.0,
    0.0,
    0.0,
    0.0,
    0.0,
    0.0,
    0.0,
    0.0,
    0.0,
    0.0,
    0.0,
    0.0,
    0.0,
    0.0,
    0.0,
    0.0,
    0.0
  ],
  "clustering": [
    0.6785714285714286,
    0.5892857142857143,
    0.0750561934268878,
    0.06036070362608751,
    0.11549743339036911,
    0.08407871198568873,
    0.6785714285714286,
    0.6904761904761905,
    1.0,
    0.6777777777777778,
    0.5416666666666666,
    0.6428571428571429,
    0.5833333333333334,
    0.75,
    0.6555555555555556,
    0.5545454545454546,
    0.0,
    0.0,
    0.7222222222222222,
    0.6590909090909091,
    0.6545454545454545,
    0.8,
    0.0,
    0.6805555555555556,
    0.6,
    0.5277777777777778,
    0.5714285714285714,
    0.0,
    0.6818181818181818,
    0.6607142857142857,
    0.5952380952380952,
    0.6785714285714286,
    0.8,
    0.6777777777777778,
    0.5727272727272728,
    0.6515151515151515,
    0.6272727272727273,
    0.8,
    0.6666666666666666,
    0.5111111111111111,
    0.75,
    0.6333333333333333,
    0.6818181818181818,
    0.7361111111111112,
    0.6666666666666666,
    0.6287878787878788,
    0.5833333333333334,
    0.0,
    0.0,
    0.5555555555555556,
    0.6222222222222222,
    0.5178571428571429,
    0.5444444444444444,
    0.0,
    0.0,
    1.0,
    0.6964285714285714,
    0.0,
    0.0,
    0.0,
    0.0,
    0.5666666666666667,
    0.6428571428571429,
    0.0,
    0.6666666666666666,
    0.7857142857142857,
    0.6071428571428571,
    0.6555555555555556,
    0.0,
    0.0,
    0.7363636363636363,
    0.7638888888888888,
    0.0,
    0.0,
    0.6602564102564102,
    0.6025641025641025,
    0.0,
    0.5,
    0.8333333333333334,
    0.5,
    0.5833333333333334,
    0.5879120879120879,
    0.5178571428571429,
    0.7222222222222222,
    0.05209145232527929,
    0.07733445499339021,
    0.07044157404626014,
    0.07027181506414328,
    0.5818181818181818,
    0.7777777777777778,
    0.4111111111111111,
    0.6388888888888888,
    0.7142857142857143,
    0.8,
    0.7083333333333334,
    0.6818181818181818,
    0.5,
    0.5666666666666667,
    0.5833333333333334,
    0.5333333333333333,
    0.7363636363636363,
    0.5972222222222222,
    0.5476190476190477,
    0.65,
    0.6071428571428571,
    0.6272727272727273,
    0.6439393939393939,
    0.5666666666666667,
    0.5333333333333333,
    0.6,
    0.6909090909090909,
    0.0,
    0.6964285714285714,
    0.6527777777777778,
    0.6666666666666666,
    0.07694229328003997,
    0.11186397340833547,
    0.6212121212121212,
    0.5,
    0.6111111111111112,
    0.7222222222222222,
    0.6363636363636364,
    0.6060606060606061,
    0.0,
    1.0,
    0.5,
    0.6,
    0.5952380952380952,
    0.5,
    0.6666666666666666,
    1.0,
    0.6666666666666666,
    0.7333333333333333,
    0.6060606060606061,
    0.696969696969697,
    0.5,
    0.8333333333333334,
    0.7142857142857143,
    0.5,
    0.6,
    0.6190476190476191,
    0.7090909090909091,
    0.7142857142857143,
    0.42857142857142855,
    0.6964285714285714,
    0.7321428571428571,
    0.6217948717948718,
    0.5833333333333334,
    0.6111111111111112,
    0.0935672514619883,
    0.099875,
    0.5,
    0.16666666666666666,
    0.5476190476190477,
    0.5,
    0.5,
    0.0,
    0.8,
    0.0,
    0.0506664853101197,
    0.06470843942122585,
    0.6222222222222222,
    0.6190476190476191,
    0.6805555555555556,
    0.5972222222222222,
    0.6,
    0.6666666666666666,
    0.6212121212121212,
    0.55,
    0.5777777777777777,
    0.5909090909090909,
    0.5681818181818182,
    0.6,
    0.6428571428571429,
    0.5138888888888888,
    0.6777777777777778,
    0.0,
    0.0,
    0.0,
    0.0,
    0.5,
    0.6111111111111112,
    0.5769230769230769,
    0.0,
    0.7,
    0.0,
    0.0,
    0.6666666666666666,
    0.6217948717948718,
    0.6904761904761905,
    0.6666666666666666,
    0.19047619047619047,
    0.15508021390374332,
    0.5833333333333334,
    0.7083333333333334,
    0.6785714285714286,
    0.0,
    0.0,
    0.6515151515151515,
    0.10358418524448824,
    0.08635170603674541,
    0.0,
    0.0,
    0.0,
    0.6136363636363636,
    0.0,
    0.0,
    0.6111111111111112,
    0.7083333333333334,
    0.6272727272727273,
    0.6444444444444445,
    0.6444444444444445,
    0.7083333333333334,
    0.5888888888888889,
    0.6388888888888888,
    0.6190476190476191,
    0.5555555555555556,
    0.6545454545454545,
    0.5,
    0.0,
    0.0,
    0.8,
    0.6,
    0.0,
    0.0,
    0.0,
    0.0,
    0.6287878787878788,
    0.8333333333333334,
    0.8666666666666667,
    0.7638888888888888,
    0.5,
    0.5888888888888889,
    0.7090909090909091,
    0.6208791208791209,
    0.6,
    0.4,
    0.6282051282051282,
    0.6428571428571429,
    0.5681818181818182,
    0.0,
    0.0,
    0.0,
    0.0,
    0.6090909090909091,
    0.6287878787878788,
    0.6666666666666666,
    1.0,
    0.7333333333333333,
    0.6333333333333333,
    0.6363636363636364,
    0.5,
    0.0,
    0.0,
    0.0,
    0.0,
    0.35,
    0.5892857142857143,
    0.6428571428571429,
    0.7,
    0.7321428571428571,
    0.5694444444444444,
