{
  "assortativity": -0.7650263860605734,
  "betweenness_centrality": [
    0.0,
    0.0,
    147.9875529699059,
    67.88846375846379,
    117.4668081918082,
    337.59538748832864,
    0.0,
    0.0,
    0.0,
    0.0,
    0.0,
    0.0,
    0.0,
    0.0,
    0.0,
    0.0,
    0.0,
    0.0,
    0.0,
    0.0,
    0.0,
    0.0,
    0.0,
    0.0,
    0.0,
    0.0,
    0.0,
    0.0,
    0.0,
    0.0,
    0.0,
    0.0,
    0.0,
    0.0,
    0.0,
    0.0,
    0.0,
    0.0,
    0.0,
    0.0,
    0.0,
    0.0,
    0.0,
    0.0,
    0.0,
    0.0,
    0.0,
    0.0,
    0.0,
    0.0,
    0.0,
    0.0,
    0.0,
    0.0,
    0.0,
    0.0,
    0.0,
    0.0,
    0.0,
    0.0,
    0.0,
    0.0,
    0.0,
    0.0,
    0.0,
    0.0,
    0.0,
    0.0,
    0.0,
    0.0,
    0.0,
    0.0,
    0.0,
    0.0,
    0.0,
    0.0,
    0.0,
    0.0,
    0.0,
    0.0,
    0.0,
    0.0,
    0.0,
    0.0,
    169.6104860172507,
    277.78470304205604,
    178.5481454493219,
    182.45716322892793,
    0.0,
    0.0,
    0.0,
    0.0,
    0.0,
    0.0,
    0.0,
    0.0,
    0.0,
    0.0,
    0.0,
    0.0,
    0.0,
    0.0,
    0.0,
    0.0,
    0.0,
    0.0,
    0.0,
    0.0,
    0.0,
    0.0,
    0.0,
    0.0,
    0.0,
    0.0,
    0.0,
    132.8937938205585,
    88.55455626073274,
    0.0,
    0.0,
    0.0,
    0.0,
    0.0,
    0.0,
    0.0,
    0.0,
    0.0,
    0.0,
    0.0,
    0.0,
    0.0,
    0.0,
    0.0,
    0.0,
    0.0,
    0.0,
    0.0,
    0.0,
    0.0,
    0.0,
    0.0,
    0.0,
    0.0,
    0.0,
    0.0,
    0.0,
    0.0,
    0.0,
    0.0,
    0.0,
    34.08253246753247,
    127.41023404699874,
    0.0,
    0.0,
    0.0,
    0.0,
    0.0,
    0.0,
    0.0,
    0.0,
    225.8848604010368,
    217.4775002775003,
    0.0,
    0.0,
    0.0,
    0.0,
    0.0,
    0.0,
    0.0,
    0.0,
    0.0,
    0.0,
    0.0,
    0.0,
    0.0,
    0.0,
    0.0,
    0.0,
    0.0,
    0.0,
    0.0,
    0.0,
    0.0,
    0.0,
    0.0,
    0.0,
    0.0,
    0.0,
    0.0,
    0.0,
    0.0,
    0.0,
    30.570634920634923,
    43.30380909939734,
    0.0,
    0.0,
    0.0,
    0.0,
    0.0,
    0.0,
    67.73122655122654,
    150.75214200831843,
    0.0,
    0.0,
    0.0,
    0.0,
    0.0,
    0.0,
    0.0,
    0.0,
    0.0,
    0.0,
    0.0,
    0.0,
    0.0,
    0.0,
    0.0,
    0.0,
    0.0,
    0.0,
    0.0,
    0.0,
    0.0,
    0.0,
    0.0,
    0.0,
    0.0,
    0.0,
    0.0,
    0.0,
    0.0,
    0.0,
    0.0,
    0.0,
    0.0,
    0.0,
    0.0,
    0.0,
    0.0,
    0.0,
    0.0,
    0.0,
    0.0,
    0.0,
    0.0,
    0.0,
    0.0,
    0.0,
    0.0,
    0.0,
    0.0,
    0.0,
    0.0,
    0.0,
    0.0,
    0.0,
    0.0,
    0.0,
    0.0,
    0.0,
    0.0,
    0.0,
    0.0,
    0.0,
    0.0,
    0.0,
    0.0,
    0.0,
    0.0,
    0.0,
    0.0,
    0.0,
    0.0,
    0.0,
    0.0,
    0.0,
    0.0,
    0.0,
    0.0,
    0.0,
    0.0,
    0.0,
    0.0,
    0.0,
    0.0,
    0.0,
    0.0,
    0.0,
    0.0,
    0.0,
    0.0,
    0.0,
    0.0,
    0.0,
    0.0,
    0.0,
    0.0,
    0.0,
    0.0,
    0.0,
    0.0,
    0.0,
    0.0
  ],
  "clustering": [
    0.5151515151515151,
    0.6333333333333333,
    0.06090669345723974,
    0.05312645358495581,
    0.08668498626030477,
    0.10295464956481906,
    0.5,
    0.6,
    0.0,
    0.47619047619047616,
    0.5545454545454546,
    0.5555555555555556,
    0.6666666666666666,
    0.5777777777777777,
    0.5448717948717948,
    0.5476190476190477,
    0.0,
    0.0,
    0.5666666666666667,
    0.5378787878787878,
    0.5454545454545454,
    0.6,
    0.0,
    0.5,
    0.5333333333333333,
    0.5277777777777778,
    0.5333333333333333,
    0.0,
    0.5555555555555556,
    0.5,
    0.55,
    0.5222222222222223,
    0.6666666666666666,
    0.5666666666666667,
    0.5909090909090909,
    0.532051282051282,
    0.6111111111111112,
    0.5,
    0.5535714285714286,
    0.5151515151515151,
    0.4,
    0.5227272727272727,
    0.5227272727272727,
    0.5694444444444444,
    0.5111111111111111,
    0.6071428571428571,
    0.5892857142857143,
    0.0,
    0.0,
    0.43333333333333335,
    0.5972222222222222,
    0.5333333333333333,
    0.5681818181818182,
    0.0,
    0.0,
    0.0,
    0.6,
    0.0,
    0.0,
    0.0,
    0.0,
    0.5363636363636364,
    0.43333333333333335,
    0.0,
    0.0,
    0.5,
    0.5272727272727272,
    0.5272727272727272,
    0.0,
    0.0,
    0.5545454545454546,
    0.5416666666666666,
    0.0,
    0.0,
    0.6,
    0.5818181818181818,
    0.6666666666666666,
    0.0,
    0.5,
    1.0,
    0.5277777777777778,
    0.47619047619047616,
    0.5545454545454546,
    0.625,
    0.045013805946188916,
    0.06709451575262544,
    0.05940059686329291,
    0.05569266740274079,
    0.5555555555555556,
    0.5,
    0.5666666666666667,
    0.5952380952380952,
    0.5,
    0.5238095238095238,
    0.5444444444444444,
    0.5,
    0.4,
    0.5416666666666666,
    0.5666666666666667,
    0.48484848484848486,
    0.6071428571428571,
    0.5,
    0.5,
    0.5777777777777777,
    0.5694444444444444,
    0.47619047619047616,
    0.5448717948717948,
    0.5444444444444444,
    0.5363636363636364,
    0.5476190476190477,
    0.6428571428571429,
    0.0,
    0.4523809523809524,
    0.625,
    0.5555555555555556,
    0.1004034065441506,
    0.1090648170294188,
    0.5972222222222222,
    0.4888888888888889,
    0.5818181818181818,
    0.5888888888888889,
    0.5357142857142857,
    0.45555555555555555,
    0.0,
    0.5892857142857143,
    0.8333333333333334,
    0.0,
    1.0,
    0.5,
    0.45,
    0.0,
    0.5138888888888888,
    0.509090909090909,
    0.5416666666666666,
    0.5972222222222222,
    0.5,
    0.5606060606060606,
    0.5833333333333334,
    0.6666666666666666,
    0.5545454545454546,
    0.5909090909090909,
    0.6071428571428571,
    0.5757575757575758,
    0.5545454545454546,
    0.5555555555555556,
    0.5512820512820513,
    0.65,
    0.5555555555555556,
    0.3333333333333333,
    0.08380044843049328,
    0.09934017595307917,
    0.5333333333333333,
    0.5,
    0.5,
    0.6666666666666666,
    0.65,
    0.0,
    0.5444444444444444,
    0.0,
    0.045385075420293707,
    0.05297970716670948,
    0.5,
    0.5454545454545454,
    0.4818181818181818,
    0.5694444444444444,
    0.5636363636363636,
    0.5666666666666667,
    0.5545454545454546,
    0.47619047619047616,
    0.7,
    0.5727272727272728,
    0.5555555555555556,
    0.5,
    0.3333333333333333,
    0.4772727272727273,
    0.5,
    0.0,
    0.0,
    0.0,
    0.0,
    0.5064102564102564,
    0.5054945054945055,
    0.5454545454545454,
    0.0,
    0.5,
    0.0,
    0.0,
    0.5222222222222223,
    0.5363636363636364,
    0.4888888888888889,
    0.5111111111111111,
    0.18304843304843305,
    0.1852409638554217,
    0.5555555555555556,
    0.509090909090909,
    0.5,
    0.0,
    0.0,
    0.5363636363636364,
    0.07325833559230144,
    0.07780110207294673,
    0.0,
    0.0,
    0.0,
    0.5636363636363636,
    0.0,
    0.0,
    0.5363636363636364,
    0.5454545454545454,
    0.5,
    0.5952380952380952,
    0.5606060606060606,
    0.5416666666666666,
    0.5694444444444444,
    0.5333333333333333,
    0.48214285714285715,
    0.5666666666666667,
    0.5909090909090909,
    0.4888888888888889,
    0.0,
    0.0,
    0.5892857142857143,
    0.5694444444444444,
    0.0,
    0.0,
    0.0,
    0.0,
    0.5,
    0.5,
    0.6333333333333333,
    0.55,
    0.5,
    0.5545454545454546,
    0.6071428571428571,
    0.5439560439560439,
    0.5333333333333333,
    0.5238095238095238,
    0.5178571428571429,
    0.4909090909090909,
    0.5303030303030303,
    0.0,
    0.0,
    0.0,
    0.0,
    0.6,
    0.3333333333333333,
    0.5378787878787878,
    0.5476190476190477,
    0.5727272727272728,
    0.5694444444444444,
    0.5545454545454546,
    0.5666666666666667,
    0.0,
    0.0,
    0.0,
    0.0,
    0.6071428571428571,
    0.5892857142857143,
    0.5666666666666667,
    0.5,
    0.5277777777777778,
    0.510989010989011,
    0.5227272727272727,
    0.4861111111111111,
