{
  "assortativity": -0.739104918205167,
  "betweenness_centrality": [
    0.0,
    0.0,
    175.06948621553886,
    342.542197534148,
    40.00816282960246,
    41.41959794591375,
    0.0,
    0.0,
    0.0,
    0.0,
    0.0,
    0.0,
    0.0,
    0.0,
    0.0,
    0.0,
    0.0,
    0.0,
    0.0,
    0.0,
    0.0,
    0.0,
    0.0,
    0.0,
    0.0,
    0.0,
    0.0,
    0.0,
    0.0,
    0.0,
    0.0,
    0.0,
    0.0,
    0.0,
    0.0,
    0.0,
    0.0,
    0.0,
    0.0,
    0.0,
    0.0,
    0.0,
    0.0,
    0.0,
    0.0,
    0.0,
    0.0,
    0.0,
    0.0,
    0.0,
    0.0,
    0.0,
    0.0,
    0.0,
    0.0,
    0.0,
    0.0,
    0.0,
    0.0,
    0.0,
    0.0,
    0.0,
    0.0,
    0.0,
    0.0,
    0.0,
    0.0,
    0.0,
    0.0,
    0.0,
    0.0,
    0.0,
    0.0,
    0.0,
    0.0,
    0.0,
    0.0,
    0.0,
    0.0,
    0.0,
    0.0,
    0.0,
    0.0,
    0.0,
    170.35274202062126,
    190.42577433746158,
    196.41864813033538,
    135.96665304939302,
    0.0,
    0.0,
    0.0,
    0.0,
    0.0,
    0.0,
    0.0,
    0.0,
    0.0,
    0.0,
    0.0,
    0.0,
    0.0,
    0.0,
    0.0,
    0.0,
    0.0,
    0.0,
    0.0,
    0.0,
    0.0,
    0.0,
    0.0,
    0.0,
    0.0,
    0.0,
    0.0,
    117.76382552346176,
    72.36969084836731,
    0.0,
    0.0,
    0.0,
    0.0,
    0.0,
    0.0,
    0.0,
    0.0,
    0.0,
    0.0,
    0.0,
    0.0,
    0.0,
    0.0,
    0.0,
    0.0,
    0.0,
    0.0,
    0.0,
    0.0,
    0.0,
    0.0,
    0.0,
    0.0,
    0.0,
    0.0,
    0.0,
    0.0,
    0.0,
    0.0,
    0.0,
    0.0,
    145.76237090652728,
    95.43345777029987,
    0.0,
    0.0,
    0.0,
    0.0,
    0.0,
    0.0,
    0.0,
    0.0,
    281.398217919851,
    139.1262767590167,
    0.0,
    0.0,
    0.0,
    0.0,
    0.0,
    0.0,
    0.0,
    0.0,
    0.0,
    0.0,
    0.0,
    0.0,
    0.0,
    0.0,
    0.0,
    0.0,
    0.0,
    0.0,
    0.0,
    0.0,
    0.0,
    0.0,
    0.0,
    0.0,
    0.0,
    0.0,
    0.0,
    0.0,
    0.0,
    0.0,
    37.973661426293006,
    46.51735209235209,
    0.0,
    0.0,
    0.0,
    0.0,
    0.0,
    0.0,
    125.77663835992007,
    120.67524633089644,
    0.0,
    0.0,
    0.0,
    0.0,
    0.0,
    0.0,
    0.0,
    0.0,
    0.0,
    0.0,
    0.0,
    0.0,
    0.0,
    0.0,
    0.0,
    0.0,
    0.0,
    0.0,
    0.0,
    0.0,
    0.0,
    0.0,
    0.0,
    0.0,
    0.0,
    0.0,
    0.0,
    0.0,
    0.0,
    0.0,
    0.0,
    0.0,
    0.0,
    0.0,
    0.0,
    0.0,
    0.0,
    0.0,
    0.0,
    0.0,
    0.0,
    0.0,
    0.0,
    0.0,
    0.0,
    0.0,
    0.0,
    0.0,
    0.0,
    0.0,
    0.0,
    0.0,
    0.0,
    0.0,
    0.0,
    0.0,
    0.0,
    0.0,
    0.0,
    0.0,
    0.0,
    0.0,
    0.0,
    0.0,
    0.0,
    0.0,
    0.0,
    0.0,
    0.0,
    0.0,
    0.0,
    0.0,
    0.0,
    0.0,
    0.0,
    0.0,
    0.0,
    0.0,
    0.0,
    0.0,
    0.0,
    0.0,
    0.0,
    0.0,
    0.0,
    0.0,
    0.0,
    0.0,
    0.0,
    0.0,
    0.0,
    0.0,
    0.0,
    0.0,
    0.0,
    0.0,
    0.0,
    0.0,
    0.0,
    0.0,
    0.0
  ],
  "clustering": [
    0.7444444444444445,
    0.6888888888888889,
    0.05875284183176356,
    0.07309133345617591,
    0.10905139350549732,
    0.1054472763618191,
    0.8571428571428571,
    0.75,
    0.5,
    0.7,
    0.7,
    0.65,
    0.5476190476190477,
    0.8392857142857143,
    0.7916666666666666,
    0.6964285714285714,
    0.0,
    0.0,
    0.7,
    0.6777777777777778,
    0.8472222222222222,
    0.7857142857142857,
    0.0,
    0.6483516483516484,
    0.6607142857142857,
    0.6545454545454545,
    0.7333333333333333,
    0.0,
    0.7,
    0.6602564102564102,
    0.8333333333333334,
    0.7678571428571429,
    0.6636363636363637,
    0.7142857142857143,
    0.7454545454545455,
    0.6,
    0.6,
    0.7045454545454546,
    0.8095238095238095,
    0.6333333333333333,
    0.6263736263736264,
    0.6428571428571429,
    0.6089743589743589,
    0.7142857142857143,
    0.6868131868131868,
    0.7222222222222222,
    0.6333333333333333,
    0.0,
    0.0,
    0.6388888888888888,
    0.6555555555555556,
    0.9166666666666666,
    0.6730769230769231,
    0.0,
    0.0,
    0.8333333333333334,
    1.0,
    0.0,
    0.0,
    0.0,
    0.0,
    0.7666666666666667,
    0.7444444444444445,
    0.0,
    0.7333333333333333,
    0.0,
    0.6666666666666666,
    0.6785714285714286,
    0.0,
    0.0,
    0.5476190476190477,
    0.8,
    0.0,
    0.0,
    0.6282051282051282,
    0.6428571428571429,
    1.0,
    0.5,
    0.7666666666666667,
    0.7083333333333334,
    0.7333333333333333,
    0.6444444444444445,
    0.6287878787878788,
    0.45,
    0.08191031941031941,
    0.08091853471842538,
    0.07440928141893945,
    0.07027627818355034,
    0.5833333333333334,
    0.7380952380952381,
    0.6428571428571429,
    0.6666666666666666,
    0.8055555555555556,
    0.6602564102564102,
    0.7333333333333333,
    0.5892857142857143,
    0.7,
    0.6944444444444444,
    0.7333333333333333,
    0.6333333333333333,
    0.6666666666666666,
    0.7142857142857143,
    0.6222222222222222,
    0.7555555555555555,
    0.7,
    0.6888888888888889,
    0.7,
    0.7363636363636363,
    0.75,
    0.7424242424242424,
    0.6777777777777778,
    0.0,
    0.7619047619047619,
    0.6190476190476191,
    0.7111111111111111,
    0.1063659262651706,
    0.08247800586510264,
    0.8035714285714286,
    0.7,
    0.5666666666666667,
    0.7638888888888888,
    0.8,
    0.8055555555555556,
    0.0,
    0.6858974358974359,
    0.8333333333333334,
    1.0,
    0.5,
    0.6893939393939394,
    1.0,
    0.7619047619047619,
    0.7666666666666667,
    0.6181818181818182,
    0.7555555555555555,
    0.6545454545454545,
    0.6666666666666666,
    0.6909090909090909,
    0.0,
    0.8,
    0.8,
    0.7666666666666667,
    0.8392857142857143,
    0.6388888888888888,
    0.8035714285714286,
    0.6607142857142857,
    0.6590909090909091,
    0.6,
    0.7363636363636363,
    0.6545454545454545,
    0.13175599910293787,
    0.1022489539748954,
    0.6636363636363637,
    0.7272727272727273,
    0.6333333333333333,
    0.6538461538461539,
    0.7196969696969697,
    0.5,
    0.6428571428571429,
    0.0,
    0.07026163861933424,
    0.06963673313857488,
    0.5333333333333333,
    0.6388888888888888,
    0.7222222222222222,
    0.5777777777777777,
    0.7857142857142857,
    0.6333333333333333,
    0.7666666666666667,
    0.75,
    0.7196969696969697,
    0.638095238095238,
    0.6363636363636364,
    0.0,
    0.5555555555555556,
    0.8333333333333334,
    0.625,
    0.0,
    0.0,
    0.0,
    0.0,
    0.5714285714285714,
    0.7083333333333334,
    0.6818181818181818,
    0.0,
    0.8035714285714286,
    0.0,
    0.0,
    0.7424242424242424,
    0.625,
    0.7454545454545455,
    0.8194444444444444,
    0.220795892169448,
    0.20898716119828817,
    0.6730769230769231,
    0.7333333333333333,
    0.6071428571428571,
    0.0,
    0.0,
    0.6964285714285714,
    0.08678824455523484,
    0.0921885087153002,
    0.0,
    0.0,
    0.0,
    0.6909090909090909,
    0.0,
    0.0,
    0.7545454545454545,
    0.7333333333333333,
    0.4642857142857143,
    0.7142857142857143,
    0.6777777777777778,
    0.6923076923076923,
    0.6794871794871795,
    0.6444444444444445,
    0.6527777777777778,
    0.6607142857142857,
    0.8666666666666667,
    0.7363636363636363,
    0.0,
    0.0,
    0.5,
    0.6727272727272727,
    0.0,
    0.0,
    0.0,
    0.0,
    0.5833333333333334,
    0.8,
    0.5,
    0.5,
    0.0,
    0.6373626373626373,
    0.6333333333333333,
    0.5555555555555556,
    0.6515151515151515,
    0.7,
    0.6666666666666666,
    0.7083333333333334,
    0.8333333333333334,
    0.0,
    0.0,
    0.0,
    0.0,
    0.5,
    0.7142857142857143,
    1.0,
    0.75,
    0.6666666666666666,
    0.6444444444444445,
    0.7222222222222222,
    0.6444444444444445,
    0.0,
    0.0,
    0.0,
    0.0,
    0.6428571428571429,
    0.7555555555555555,
    0.6607142857142857,
    0.8035714285714286,
