{
  "assortativity": -0.7756235718749415,
  "betweenness_centrality": [
    0.0,
    0.0,
    135.54069258036645,
    194.0058177329916,
    106.86934454434456,
    45.72882395382395,
    0.0,
    0.0,
    0.0,
    0.0,
    0.0,
    0.0,
    0.0,
    0.0,
    0.0,
    0.0,
    0.0,
    0.0,
    0.0,
    0.0,
    0.0,
    0.0,
    0.0,
    0.0,
    0.0,
    0.0,
    0.0,
    0.0,
    0.0,
    0.0,
    0.0,
    0.0,
    0.0,
    0.0,
    0.0,
    0.0,
    0.0,
    0.0,
    0.0,
    0.0,
    0.0,
    0.0,
    0.0,
    0.0,
    0.0,
    0.0,
    0.0,
    0.0,
    0.0,
    0.0,
    0.0,
    0.0,
    0.0,
    0.0,
    0.0,
    0.0,
    0.0,
    0.0,
    0.0,
    0.0,
    0.0,
    0.0,
    0.0,
    0.0,
    0.0,
    0.0,
    0.0,
    0.0,
    0.0,
    0.0,
    0.0,
    0.0,
    0.0,
    0.0,
    0.0,
    0.0,
    0.0,
    0.0,
    0.0,
    0.0,
    0.0,
    0.0,
    0.0,
    0.0,
    365.9380785277524,
    112.75353619810139,
    240.563206117554,
    202.56186814393334,
    0.0,
    0.0,
    0.0,
    0.0,
    0.0,
    0.0,
    0.0,
    0.0,
    0.0,
    0.0,
    0.0,
    0.0,
    0.0,
    0.0,
    0.0,
    0.0,
    0.0,
    0.0,
    0.0,
    0.0,
    0.0,
    0.0,
    0.0,
    0.0,
    0.0,
    0.0,
    0.0,
    101.44380619380621,
    87.7154515774081,
    0.0,
    0.0,
    0.0,
    0.0,
    0.0,
    0.0,
    0.0,
    0.0,
    0.0,
    0.0,
    0.0,
    0.0,
    0.0,
    0.0,
    0.0,
    0.0,
    0.0,
    0.0,
    0.0,
    0.0,
    0.0,
    0.0,
    0.0,
    0.0,
    0.0,
    0.0,
    0.0,
    0.0,
    0.0,
    0.0,
    0.0,
    0.0,
    101.91528972235494,
    298.26784507762767,
    0.0,
    0.0,
    0.0,
    0.0,
    0.0,
    0.0,
    0.0,
    0.0,
    213.1707550903203,
    122.26487160182812,
    0.0,
    0.0,
    0.0,
    0.0,
    0.0,
    0.0,
    0.0,
    0.0,
    0.0,
    0.0,
    0.0,
    0.0,
    0.0,
    0.0,
    0.0,
    0.0,
    0.0,
    0.0,
    0.0,
    0.0,
    0.0,
    0.0,
    0.0,
    0.0,
    0.0,
    0.0,
    0.0,
    0.0,
    0.0,
    0.0,
    45.79884559884559,
    13.888924963924964,
    0.0,
    0.0,
    0.0,
    0.0,
    0.0,
    0.0,
    78.96388611388613,
    105.60895626113015,
    0.0,
    0.0,
    0.0,
    0.0,
    0.0,
    0.0,
    0.0,
    0.0,
    0.0,
    0.0,
    0.0,
    0.0,
    0.0,
    0.0,
    0.0,
    0.0,
    0.0,
    0.0,
    0.0,
    0.0,
    0.0,
    0.0,
    0.0,
    0.0,
    0.0,
    0.0,
    0.0,
    0.0,
    0.0,
    0.0,
    0.0,
    0.0,
    0.0,
    0.0,
    0.0,
    0.0,
    0.0,
    0.0,
    0.0,
    0.0,
    0.0,
    0.0,
    0.0,
    0.0,
    0.0,
    0.0,
    0.0,
    0.0,
    0.0,
    0.0,
    0.0,
    0.0,
    0.0,
    0.0,
    0.0,
    0.0,
    0.0,
    0.0,
    0.0,
    0.0,
    0.0,
    0.0,
    0.0,
    0.0,
    0.0,
    0.0,
    0.0,
    0.0,
    0.0,
    0.0,
    0.0,
    0.0,
    0.0,
    0.0,
    0.0,
    0.0,
    0.0,
    0.0,
    0.0,
    0.0,
    0.0,
    0.0,
    0.0,
    0.0,
    0.0,
    0.0,
    0.0,
    0.0,
    0.0,
    0.0,
    0.0,
    0.0,
    0.0,
    0.0,
    0.0,
    0.0,
    0.0,
    0.0,
    0.0,
    0.0,
    0.0
  ],
  "clustering": [
    0.625,
    1.0,
    0.06052232007288187,
    0.07137278462000601,
    0.11034402059443014,
    0.09583789704271632,
    0.65,
    0.6,
    1.0,
    0.5892857142857143,
    0.5934065934065934,
    0.7142857142857143,
    0.6818181818181818,
    0.7321428571428571,
    0.6727272727272727,
    0.5833333333333334,
    0.0,
    0.0,
    0.6333333333333333,
    0.6111111111111112,
    0.6555555555555556,
    0.5833333333333334,
    0.0,
    0.6363636363636364,
    0.5,
    0.5238095238095238,
    0.5,
    0.0,
    0.7083333333333334,
    0.75,
    0.75,
    0.7361111111111112,
    0.6363636363636364,
    0.6272727272727273,
    0.5576923076923077,
    0.6607142857142857,
    0.6428571428571429,
    0.5984848484848485,
    0.5818181818181818,
    0.6777777777777778,
    0.6727272727272727,
    0.5952380952380952,
    0.6153846153846154,
    0.6428571428571429,
    0.5833333333333334,
    0.6,
    0.5111111111111111,
    0.0,
    0.0,
    0.47619047619047616,
    0.7333333333333333,
    0.6607142857142857,
    0.7222222222222222,
    0.0,
    0.0,
    0.0,
    0.6527777777777778,
    0.0,
    0.0,
    0.0,
    0.0,
    0.6777777777777778,
    0.6363636363636364,
    0.0,
    0.7,
    0.0,
    0.7380952380952381,
    0.6888888888888889,
    0.0,
    0.0,
    0.6666666666666666,
    0.5952380952380952,
    0.0,
    0.0,
    0.6071428571428571,
    0.6666666666666666,
    0.5,
    0.0,
    0.6607142857142857,
    1.0,
    0.6666666666666666,
    0.6428571428571429,
    0.6,
    0.6,
    0.0680108158946626,
    0.05945358584290593,
    0.07253223985261782,
    0.0660764157109751,
    0.5535714285714286,
    0.5666666666666667,
    0.5666666666666667,
    0.6,
    0.5333333333333333,
    0.5666666666666667,
    0.6,
    0.7361111111111112,
    0.6363636363636364,
    0.6590909090909091,
    0.6666666666666666,
    0.6607142857142857,
    0.8,
    0.5879120879120879,
    0.6136363636363636,
    0.6727272727272727,
    0.6666666666666666,
    0.6060606060606061,
    0.6474358974358975,
    0.5833333333333334,
    0.5879120879120879,
    0.6818181818181818,
    0.5909090909090909,
    0.0,
    0.5272727272727272,
    0.5952380952380952,
    0.5818181818181818,
    0.10437589670014347,
    0.11137108095460926,
    0.5934065934065934,
    0.4,
    0.6333333333333333,
    0.6217948717948718,
    0.7,
    0.5535714285714286,
    0.0,
    0.6607142857142857,
    0.65,
    0.5333333333333333,
    0.7333333333333333,
    0.0,
    0.6190476190476191,
    1.0,
    0.6272727272727273,
    0.5357142857142857,
    0.7321428571428571,
    0.6071428571428571,
    0.5833333333333334,
    0.5888888888888889,
    0.6428571428571429,
    0.5666666666666667,
    0.6666666666666666,
    0.5,
    0.5476190476190477,
    0.5681818181818182,
    0.5357142857142857,
    0.625,
    0.6555555555555556,
    0.5961538461538461,
    0.5879120879120879,
    0.44642857142857145,
    0.11240215264187867,
    0.085,
    0.6111111111111112,
    0.6515151515151515,
    0.5952380952380952,
    0.7142857142857143,
    0.3333333333333333,
    0.0,
    0.6727272727272727,
    0.0,
    0.06179399975707518,
    0.05980964077371814,
    0.6090909090909091,
    0.5555555555555556,
    0.625,
    0.5,
    0.5818181818181818,
    0.5769230769230769,
    0.6,
    0.5952380952380952,
    0.6666666666666666,
    0.6805555555555556,
    0.75,
    0.6666666666666666,
    0.5714285714285714,
    0.5694444444444444,
    0.5694444444444444,
    0.0,
    0.0,
    0.0,
    0.0,
    0.5972222222222222,
    0.6439393939393939,
    0.6777777777777778,
    0.0,
    0.6181818181818182,
    0.0,
    0.0,
    0.6098901098901099,
    0.7083333333333334,
    0.5833333333333334,
    0.4888888888888889,
    0.16809116809116809,
    0.20429252782193957,
    0.7619047619047619,
    0.0,
    0.0,
    0.0,
    0.0,
    0.6111111111111112,
    0.07601013468462461,
    0.07188770825134462,
    0.0,
    0.0,
    0.0,
    0.6,
    0.0,
    0.0,
    0.5833333333333334,
    0.6025641025641025,
    0.6785714285714286,
    0.5666666666666667,
    0.6363636363636364,
    0.6555555555555556,
    0.6181818181818182,
    0.5777777777777777,
    0.5879120879120879,
    0.6111111111111112,
    0.6666666666666666,
    0.5238095238095238,
    0.0,
    0.0,
    0.6444444444444445,
    0.6272727272727273,
    0.0,
    0.0,
    0.0,
    0.0,
    0.5,
    0.5,
    0.5,
    1.0,
    0.75,
    0.6222222222222222,
    0.5416666666666666,
    0.5904761904761905,
    0.6090909090909091,
    0.5824175824175825,
    0.6590909090909091,
    0.65,
    0.4861111111111111,
    0.0,
    0.0,
    0.0,
    0.0,
    0.6666666666666666,
    0.5,
    0.5972222222222222,
    0.0,
    0.8,
    0.6428571428571429,
    0.5,
    0.6666666666666666,
    0.0,
    0.0,
    0.6666666666666666,
    0.7678571428571429,
    0.6888888888888889,
    0.7142857142857143,
    0.6222222222222222,
    0.5934065934065934,
    0.5606060606060606,
    0.5952380952380952,
