{
  "assortativity": -0.7546559718520559,
  "betweenness_centrality": [
    0.0,
    0.0,
    177.72881658674999,
    125.34305428086216,
    107.14600181660519,
    71.00477336672988,
    0.0,
    0.0,
    0.0,
    0.0,
    0.0,
    0.0,
    0.0,
    0.0,
    0.0,
    0.0,
    0.0,
    0.0,
    0.0,
    0.0,
    0.0,
    0.0,
    0.0,
    0.0,
    0.0,
    0.0,
    0.0,
    0.0,
    0.0,
    0.0,
    0.0,
    0.0,
    0.0,
    0.0,
    0.0,
    0.0,
    0.0,
    0.0,
    0.0,
    0.0,
    0.0,
    0.0,
    0.0,
    0.0,
    0.0,
    0.0,
    0.0,
    0.0,
    0.0,
    0.0,
    0.0,
    0.0,
    0.0,
    0.0,
    0.0,
    0.0,
    0.0,
    0.0,
    0.0,
    0.0,
    0.0,
    0.0,
    0.0,
    0.0,
    0.0,
    0.0,
    0.0,
    0.0,
    0.0,
    0.0,
    0.0,
    0.0,
    0.0,
    0.0,
    0.0,
    0.0,
    0.0,
    0.0,
    0.0,
    0.0,
    0.0,
    0.0,
    0.0,
    0.0,
    120.1011090773542,
    170.2665167976532,
    216.26362487962967,
    401.2315280464812,
    0.0,
    0.0,
    0.0,
    0.0,
    0.0,
    0.0,
    0.0,
    0.0,
    0.0,
    0.0,
    0.0,
    0.0,
    0.0,
    0.0,
    0.0,
    0.0,
    0.0,
    0.0,
    0.0,
    0.0,
    0.0,
    0.0,
    0.0,
    0.0,
    0.0,
    0.0,
    0.0,
    39.8688241568037,
    112.09446294570807,
    0.0,
    0.0,
    0.0,
    0.0,
    0.0,
    0.0,
    0.0,
    0.0,
    0.0,
    0.0,
    0.0,
    0.0,
    0.0,
    0.0,
    0.0,
    0.0,
    0.0,
    0.0,
    0.0,
    0.0,
    0.0,
    0.0,
    0.0,
    0.0,
    0.0,
    0.0,
    0.0,
    0.0,
    0.0,
    0.0,
    0.0,
    0.0,
    28.23204337932598,
    188.79568214835072,
    0.0,
    0.0,
    0.0,
    0.0,
    0.0,
    0.0,
    0.0,
    0.0,
    123.16861636815194,
    99.09366539892852,
    0.0,
    0.0,
    0.0,
    0.0,
    0.0,
    0.0,
    0.0,
    0.0,
    0.0,
    0.0,
    0.0,
    0.0,
    0.0,
    0.0,
    0.0,
    0.0,
    0.0,
    0.0,
    0.0,
    0.0,
    0.0,
    0.0,
    0.0,
    0.0,
    0.0,
    0.0,
    0.0,
    0.0,
    0.0,
    0.0,
    37.112582021521646,
    32.346079708493896,
    0.0,
    0.0,
    0.0,
    0.0,
    0.0,
    0.0,
    149.81746814398417,
    200.38515087666553,
    0.0,
    0.0,
    0.0,
    0.0,
    0.0,
    0.0,
    0.0,
    0.0,
    0.0,
    0.0,
    0.0,
    0.0,
    0.0,
    0.0,
    0.0,
    0.0,
    0.0,
    0.0,
    0.0,
    0.0,
    0.0,
    0.0,
    0.0,
    0.0,
    0.0,
    0.0,
    0.0,
    0.0,
    0.0,
    0.0,
    0.0,
    0.0,
    0.0,
    0.0,
    0.0,
    0.0,
    0.0,
    0.0,
    0.0,
    0.0,
    0.0,
    0.0,
    0.0,
    0.0,
    0.0,
    0.0,
    0.0,
    0.0,
    0.0,
    0.0,
    0.0,
    0.0,
    0.0,
    0.0,
    0.0,
    0.0,
    0.0,
    0.0,
    0.0,
    0.0,
    0.0,
    0.0,
    0.0,
    0.0,
    0.0,
    0.0,
    0.0,
    0.0,
    0.0,
    0.0,
    0.0,
    0.0,
    0.0,
    0.0,
    0.0,
    0.0,
    0.0,
    0.0,
    0.0,
    0.0,
    0.0,
    0.0,
    0.0,
    0.0,
    0.0,
    0.0,
    0.0,
    0.0,
    0.0,
    0.0,
    0.0,
    0.0,
    0.0,
    0.0,
    0.0,
    0.0,
    0.0,
    0.0,
    0.0,
    0.0,
    0.0
  ],
  "clustering": [
    0.7380952380952381,
    0.4,
    0.04720969560315671,
    0.0730952380952381,
    0.10793688740138656,
    0.07521239380309845,
    0.5111111111111111,
    0.5476190476190477,
    0.5,
    0.5333333333333333,
    0.8333333333333334,
    0.5833333333333334,
    0.8,
    0.5,
    0.6111111111111112,
    0.6111111111111112,
    0.509090909090909,
    0.6363636363636364,
    0.553030303030303,
    0.6666666666666666,
    0.6111111111111112,
    0.5705128205128205,
    0.0,
    0.5641025641025641,
    0.6363636363636364,
    0.5681818181818182,
    0.5818181818181818,
    0.0,
    0.6111111111111112,
    0.6428571428571429,
    0.5,
    0.6666666666666666,
    0.5833333333333334,
    0.6785714285714286,
    0.6428571428571429,
    0.5416666666666666,
    0.5681818181818182,
    0.5818181818181818,
    0.7,
    0.6727272727272727,
    0.4583333333333333,
    0.5454545454545454,
    0.6181818181818182,
    0.6515151515151515,
    0.6136363636363636,
    0.5512820512820513,
    0.4523809523809524,
    0.0,
    0.0,
    0.6555555555555556,
    0.6111111111111112,
    0.5833333333333334,
    0.6060606060606061,
    0.0,
    0.0,
    0.5333333333333333,
    0.6666666666666666,
    0.0,
    0.0,
    0.0,
    0.0,
    0.0,
    0.0,
    0.0,
    0.3333333333333333,
    1.0,
    0.5972222222222222,
    0.5178571428571429,
    0.0,
    0.0,
    0.6666666666666666,
    0.6444444444444445,
    0.0,
    0.0,
    0.6818181818181818,
    0.5714285714285714,
    0.5535714285714286,
    0.5,
    1.0,
    0.6666666666666666,
    0.5555555555555556,
    0.7142857142857143,
    0.6181818181818182,
    0.625,
    0.07286209946254847,
    0.07400013767467474,
    0.060564349621472814,
    0.06864033646579483,
    0.6666666666666666,
    0.4,
    0.6666666666666666,
    0.5606060606060606,
    0.6777777777777778,
    0.7,
    0.5769230769230769,
    0.5545454545454546,
    0.6222222222222222,
    0.5178571428571429,
    1.0,
    0.6666666666666666,
    0.5333333333333333,
    0.6190476190476191,
    0.8,
    0.6287878787878788,
    0.6636363636363637,
    0.5448717948717948,
    0.532051282051282,
    0.6043956043956044,
    0.7,
    0.5833333333333334,
    0.6454545454545455,
    0.0,
    0.5666666666666667,
    0.0,
    0.0,
    0.08381214089432926,
    0.11967475950526799,
    0.5555555555555556,
    0.5892857142857143,
    0.6025641025641025,
    0.5818181818181818,
    0.6,
    0.5,
    0.0,
    0.5714285714285714,
    0.5,
    0.5,
    1.0,
    0.5454545454545454,
    0.5,
    0.6666666666666666,
    0.5545454545454546,
    0.4861111111111111,
    0.6333333333333333,
    0.6272727272727273,
    0.5178571428571429,
    0.7380952380952381,
    0.6666666666666666,
    0.0,
    0.8,
    0.7142857142857143,
    0.6785714285714286,
    0.8,
    0.55,
    0.5952380952380952,
    0.5714285714285714,
    0.5952380952380952,
    0.5535714285714286,
    0.7083333333333334,
    0.06694677871148459,
    0.07648183556405354,
    0.5357142857142857,
    0.7380952380952381,
    0.4166666666666667,
    0.6607142857142857,
    0.0,
    0.6666666666666666,
    0.3,
    0.0,
    0.06629526462395544,
    0.06542879289690649,
    0.6287878787878788,
    0.6025641025641025,
    0.55,
    0.5909090909090909,
    0.5,
    0.3,
    0.5727272727272728,
    0.625,
    0.7666666666666667,
    0.5277777777777778,
    0.5416666666666666,
    0.3333333333333333,
    0.6666666666666666,
    0.6727272727272727,
    0.5555555555555556,
    0.0,
    0.0,
    0.0,
    0.0,
    0.7857142857142857,
    0.5545454545454546,
    0.5909090909090909,
    0.0,
    0.5,
    0.0,
    0.0,
    0.5111111111111111,
    0.5111111111111111,
    0.6190476190476191,
    0.6090909090909091,
    0.20974289580514208,
    0.19398496240601504,
    0.6043956043956044,
    0.6964285714285714,
    0.6428571428571429,
    0.0,
    0.0,
    0.0,
    0.08429546050905275,
    0.08735795454545454,
    0.0,
    0.0,
    0.0,
    0.6666666666666666,
    0.0,
    0.0,
    0.5604395604395604,
    0.6,
    0.5833333333333334,
    0.5075757575757576,
    0.5818181818181818,
    0.6,
    0.16666666666666666,
    0.6444444444444445,
    0.6666666666666666,
    0.7142857142857143,
    0.5833333333333334,
    0.6428571428571429,
    0.0,
    0.0,
    0.6090909090909091,
    0.6777777777777778,
    0.0,
    0.0,
    0.0,
    0.0,
    0.6217948717948718,
    0.6428571428571429,
    0.5,
    0.5714285714285714,
    0.8333333333333334,
    0.7,
    0.6545454545454545,
    0.5378787878787878,
    0.5694444444444444,
    0.75,
    0.5416666666666666,
    0.625,
    0.6555555555555556,
    0.0,
    0.0,
    0.0,
    0.0,
    0.5,
    0.6272727272727273,
    0.75,
    0.5,
    0.0,
    0.0,
    0.0,
    0.0,
    0.0,
    0.0,
    0.0,
    0.0,
    0.7,
    0.5694444444444444,
    0.6444444444444445,
    0.7619047619047619,
    0.5818181818181818,
    0.625,
    0.55,
    0.5454545454545454,
    0.6555555555555556,
