{
  "assortativity": -0.7513101514240987,
  "betweenness_centrality": [
    0.0,
    0.0,
    168.86372223837392,
    209.5434578063835,
    106.44987504325738,
    103.82819141213102,
    0.0,
    0.0,
    0.0,
    0.0,
    0.0,
    0.0,
    0.0,
    0.0,
    0.0,
    0.0,
    0.0,
    0.0,
    0.0,
    0.0,
    0.0,
    0.0,
    0.0,
    0.0,
    0.0,
    0.0,
    0.0,
    0.0,
    0.0,
    0.0,
    0.0,
    0.0,
    0.0,
    0.0,
    0.0,
    0.0,
    0.0,
    0.0,
    0.0,
    0.0,
    0.0,
    0.0,
    0.0,
    0.0,
    0.0,
    0.0,
    0.0,
    0.0,
    0.0,
    0.0,
    0.0,
    0.0,
    0.0,
    0.0,
    0.0,
    0.0,
    0.0,
    0.0,
    0.0,
    0.0,
    0.0,
    0.0,
    0.0,
    0.0,
    0.0,
    0.0,
    0.0,
    0.0,
    0.0,
    0.0,
    0.0,
    0.0,
    0.0,
    0.0,
    0.0,
    0.0,
    0.0,
    0.0,
    0.0,
    0.0,
    0.0,
    0.0,
    0.0,
    0.0,
    175.3112906056791,
    188.22069231508075,
    130.19774232905036,
    194.28615652922923,
    0.0,
    0.0,
    0.0,
    0.0,
    0.0,
    0.0,
    0.0,
    0.0,
    0.0,
    0.0,
    0.0,
    0.0,
    0.0,
    0.0,
    0.0,
    0.0,
    0.0,
    0.0,
    0.0,
    0.0,
    0.0,
    0.0,
    0.0,
    0.0,
    0.0,
    0.0,
    0.0,
    17.765130088349903,
    120.58122580034347,
    0.0,
    0.0,
    0.0,
    0.0,
    0.0,
    0.0,
    0.0,
    0.0,
    0.0,
    0.0,
    0.0,
    0.0,
    0.0,
    0.0,
    0.0,
    0.0,
    0.0,
    0.0,
    0.0,
    0.0,
    0.0,
    0.0,
    0.0,
    0.0,
    0.0,
    0.0,
    0.0,
    0.0,
    0.0,
    0.0,
    0.0,
    0.0,
    54.219451218715925,
    90.27755828622702,
    0.0,
    0.0,
    0.0,
    0.0,
    0.0,
    0.0,
    0.0,
    0.0,
    173.11769302249184,
    173.14471392470614,
    0.0,
    0.0,
    0.0,
    0.0,
    0.0,
    0.0,
    0.0,
    0.0,
    0.0,
    0.0,
    0.0,
    0.0,
    0.0,
    0.0,
    0.0,
    0.0,
    0.0,
    0.0,
    0.0,
    0.0,
    0.0,
    0.0,
    0.0,
    0.0,
    0.0,
    0.0,
    0.0,
    0.0,
    0.0,
    0.0,
    22.870609945609946,
    21.22276751026751,
    0.0,
    0.0,
    0.0,
    0.0,
    0.0,
    0.0,
    103.71975508151979,
    158.37996684258295,
    0.0,
    0.0,
    0.0,
    0.0,
    0.0,
    0.0,
    0.0,
    0.0,
    0.0,
    0.0,
    0.0,
    0.0,
    0.0,
    0.0,
    0.0,
    0.0,
    0.0,
    0.0,
    0.0,
    0.0,
    0.0,
    0.0,
    0.0,
    0.0,
    0.0,
    0.0,
    0.0,
    0.0,
    0.0,
    0.0,
    0.0,
    0.0,
    0.0,
    0.0,
    0.0,
    0.0,
    0.0,
    0.0,
    0.0,
    0.0,
    0.0,
    0.0,
    0.0,
    0.0,
    0.0,
    0.0,
    0.0,
    0.0,
    0.0,
    0.0,
    0.0,
    0.0,
    0.0,
    0.0,
    0.0,
    0.0,
    0.0,
    0.0,
    0.0,
    0.0,
    0.0,
    0.0,
    0.0,
    0.0,
    0.0,
    0.0,
    0.0,
    0.0,
    0.0,
    0.0,
    0.0,
    0.0,
    0.0,
    0.0,
    0.0,
    0.0,
    0.0,
    0.0,
    0.0,
    0.0,
    0.0,
    0.0,
    0.0,
    0.0,
    0.0,
    0.0,
    0.0,
    0.0,
    0.0,
    0.0,
    0.0,
    0.0,
    0.0,
    0.0,
    0.0,
    0.0,
    0.0,
    0.0,
    0.0,
    0.0,
    0.0
  ],
  "clustering": [
    0.5555555555555556,
    0.4222222222222222,
    0.0599287731794179,
    0.06334474680122544,
    0.10444777611194403,
    0.08187903418599092,
    0.6666666666666666,
    0.5178571428571429,
    1.0,
    0.6060606060606061,
    0.5694444444444444,
    0.5727272727272728,
    0.6111111111111112,
    0.509090909090909,
    0.5444444444444444,
    0.7142857142857143,
    0.0,
    0.0,
    0.5972222222222222,
    0.6439393939393939,
    0.553030303030303,
    0.6428571428571429,
    0.0,
    0.7,
    0.5512820512820513,
    0.6111111111111112,
    0.6666666666666666,
    0.0,
    0.6090909090909091,
    0.6190476190476191,
    0.6444444444444445,
    0.6060606060606061,
    0.6666666666666666,
    0.4666666666666667,
    0.5952380952380952,
    0.5984848484848485,
    0.6,
    0.5555555555555556,
    0.6727272727272727,
    0.48717948717948717,
    0.4,
    0.6439393939393939,
    0.5,
    0.5909090909090909,
    0.5444444444444444,
    0.5777777777777777,
    0.5535714285714286,
    0.0,
    0.0,
    0.65,
    0.5714285714285714,
    0.6888888888888889,
    0.5833333333333334,
    0.0,
    0.0,
    0.0,
    0.0,
    0.0,
    0.0,
    0.0,
    0.0,
    0.6181818181818182,
    0.6,
    0.0,
    0.3333333333333333,
    0.5,
    0.5681818181818182,
    0.7,
    0.0,
    0.0,
    0.5666666666666667,
    0.6527777777777778,
    0.0,
    0.0,
    0.5714285714285714,
    0.6964285714285714,
    0.6666666666666666,
    0.5,
    0.6190476190476191,
    1.0,
    0.5535714285714286,
    0.5727272727272728,
    0.5909090909090909,
    0.6136363636363636,
    0.07568187162003291,
    0.06786308533396719,
    0.061358721768380586,
    0.05191575586393221,
    0.65,
    0.43333333333333335,
    0.3333333333333333,
    0.4861111111111111,
    0.5833333333333334,
    0.5604395604395604,
    0.6454545454545455,
    0.6090909090909091,
    0.5777777777777777,
    0.7083333333333334,
    0.5714285714285714,
    0.6888888888888889,
    0.6555555555555556,
    0.5,
    0.6666666666666666,
    0.9,
    0.6,
    0.6904761904761905,
    0.553030303030303,
    0.5888888888888889,
    0.6060606060606061,
    0.6090909090909091,
    0.6805555555555556,
    0.0,
    0.5897435897435898,
    0.3333333333333333,
    0.5833333333333334,
    0.08668857847165161,
    0.12279843444227005,
    0.6545454545454545,
    0.5984848484848485,
    0.5666666666666667,
    0.6025641025641025,
    0.6333333333333333,
    0.5476190476190477,
    0.0,
    0.7222222222222222,
    1.0,
    0.5,
    0.0,
    1.0,
    0.75,
    0.6111111111111112,
    0.6555555555555556,
    0.6454545454545455,
    0.6777777777777778,
    0.5952380952380952,
    0.6666666666666666,
    0.554945054945055,
    0.6666666666666666,
    0.8333333333333334,
    0.6666666666666666,
    0.7666666666666667,
    0.4777777777777778,
    0.7222222222222222,
    0.5694444444444444,
    0.5476190476190477,
    0.6,
    0.5879120879120879,
    0.6527777777777778,
    0.7111111111111111,
    0.07272727272727272,
    0.08294649401417054,
    0.5454545454545454,
    0.553030303030303,
    0.5,
    0.5384615384615384,
    0.0,
    0.5,
    0.5535714285714286,
    0.0,
    0.06506067523729424,
    0.05367231638418079,
    0.5277777777777778,
    0.4945054945054945,
    0.5984848484848485,
    0.4777777777777778,
    0.5454545454545454,
    0.5454545454545454,
    0.5454545454545454,
    0.6111111111111112,
    0.55,
    0.5545454545454546,
    0.5705128205128205,
    0.6,
    0.5833333333333334,
    0.6607142857142857,
    0.5454545454545454,
    0.0,
    0.0,
    0.0,
    0.0,
    0.5757575757575758,
    0.6666666666666666,
    0.5636363636363636,
    0.0,
    0.5448717948717948,
    0.0,
    0.0,
    0.5512820512820513,
    0.6555555555555556,
    0.48214285714285715,
    0.5476190476190477,
    0.1411764705882353,
    0.17232142857142857,
    0.6090909090909091,
    0.0,
    0.0,
    0.0,
    0.0,
    0.6,
    0.07137047580317202,
    0.08721755971594577,
    0.0,
    0.0,
    0.0,
    0.6136363636363636,
    0.0,
    0.0,
    0.5952380952380952,
    0.4909090909090909,
    0.48214285714285715,
    0.6090909090909091,
    0.6527777777777778,
    0.5897435897435898,
    0.6136363636363636,
    0.5333333333333333,
    0.5444444444444444,
    0.6666666666666666,
    0.5952380952380952,
    0.7321428571428571,
    0.0,
    0.0,
    0.5555555555555556,
    0.6333333333333333,
    0.0,
    0.0,
    0.0,
    0.0,
    0.0,
    1.0,
    0.8333333333333334,
    0.4166666666666667,
    0.5,
    0.5777777777777777,
    0.5384615384615384,
    0.5952380952380952,
    0.5888888888888889,
    0.5494505494505495,
    0.7222222222222222,
    0.5,
    0.6785714285714286,
    0.0,
    0.0,
    0.0,
    0.0,
    0.75,
    0.5,
    0.5,
    0.6964285714285714,
    0.5892857142857143,
    0.55,
    0.5416666666666666,
    0.7361111111111112,
    0.0,
    0.0,
    0.5363636363636364,
    0.5476190476190477,
    0.6545454545454545,
