{
  "assortativity": -0.7405330940851899,
  "betweenness_centrality": [
    0.0,
    0.0,
    203.91966331741872,
    152.33011042964603,
    50.18786434154081,
    60.635298851475305,
    0.0,
    0.0,
    0.0,
    0.0,
    0.0,
    0.0,
    0.0,
    0.0,
    0.0,
    0.0,
    0.0,
    0.0,
    0.0,
    0.0,
    0.0,
    0.0,
    0.0,
    0.0,
    0.0,
    0.0,
    0.0,
    0.0,
    0.0,
    0.0,
    0.0,
    0.0,
    0.0,
    0.0,
    0.0,
    0.0,
    0.0,
    0.0,
    0.0,
    0.0,
    0.0,
    0.0,
    0.0,
    0.0,
    0.0,
    0.0,
    0.0,
    0.0,
    0.0,
    0.0,
    0.0,
    0.0,
    0.0,
    0.0,
    0.0,
    0.0,
    0.0,
    0.0,
    0.0,
    0.0,
    0.0,
    0.0,
    0.0,
    0.0,
    0.0,
    0.0,
    0.0,
    0.0,
    0.0,
    0.0,
    0.0,
    0.0,
    0.0,
    0.0,
    0.0,
    0.0,
    0.0,
    0.0,
    0.0,
    0.0,
    0.0,
    0.0,
    0.0,
    0.0,
    344.39608915766036,
    158.65575006778573,
    261.0983730880402,
    351.97894825762467,
    0.0,
    0.0,
    0.0,
    0.0,
    0.0,
    0.0,
    0.0,
    0.0,
    0.0,
    0.0,
    0.0,
    0.0,
    0.0,
    0.0,
    0.0,
    0.0,
    0.0,
    0.0,
    0.0,
    0.0,
    0.0,
    0.0,
    0.0,
    0.0,
    0.0,
    0.0,
    0.0,
    49.561565232153455,
    73.3274734037892,
    0.0,
    0.0,
    0.0,
    0.0,
    0.0,
    0.0,
    0.0,
    0.0,
    0.0,
    0.0,
    0.0,
    0.0,
    0.0,
    0.0,
    0.0,
    0.0,
    0.0,
    0.0,
    0.0,
    0.0,
    0.0,
    0.0,
    0.0,
    0.0,
    0.0,
    0.0,
    0.0,
    0.0,
    0.0,
    0.0,
    0.0,
    0.0,
    50.10984191247349,
    83.97965532919092,
    0.0,
    0.0,
    0.0,
    0.0,
    0.0,
    0.0,
    0.0,
    0.0,
    247.04091257469736,
    97.87269156282315,
    0.0,
    0.0,
    0.0,
    0.0,
    0.0,
    0.0,
    0.0,
    0.0,
    0.0,
    0.0,
    0.0,
    0.0,
    0.0,
    0.0,
    0.0,
    0.0,
    0.0,
    0.0,
    0.0,
    0.0,
    0.0,
    0.0,
    0.0,
    0.0,
    0.0,
    0.0,
    0.0,
    0.0,
    0.0,
    0.0,
    8.233870661502241,
    13.393824231324231,
    0.0,
    0.0,
    0.0,
    0.0,
    0.0,
    0.0,
    102.1619537110636,
    167.1161138697903,
    0.0,
    0.0,
    0.0,
    0.0,
    0.0,
    0.0,
    0.0,
    0.0,
    0.0,
    0.0,
    0.0,
    0.0,
    0.0,
    0.0,
    0.0,
    0.0,
    0.0,
    0.0,
    0.0,
    0.0,
    0.0,
    0.0,
    0.0,
    0.0,
    0.0,
    0.0,
    0.0,
    0.0,
    0.0,
    0.0,
    0.0,
    0.0,
    0.0,
    0.0,
    0.0,
    0.0,
    0.0,
    0.0,
    0.0,
    0.0,
    0.0,
    0.0,
    0.0,
    0.0,
    0.0,
    0.0,
    0.0,
    0.0,
    0.0,
    0.0,
    0.0,
    0.0,
    0.0,
    0.0,
    0.0,
    0.0,
    0.0,
    0.0,
    0.0,
    0.0,
    0.0,
    0.0,
    0.0,
    0.0,
    0.0,
    0.0,
    0.0,
    0.0,
    0.0,
    0.0,
    0.0,
    0.0,
    0.0,
    0.0,
    0.0,
    0.0,
    0.0,
    0.0,
    0.0,
    0.0,
    0.0,
    0.0,
    0.0,
    0.0,
    0.0,
    0.0,
    0.0,
    0.0,
    0.0,
    0.0,
    0.0,
    0.0,
    0.0,
    0.0,
    0.0,
    0.0,
    0.0,
    0.0,
    0.0,
    0.0,
    0.0
  ],
  "clustering": [
    0.6212121212121212,
    0.6287878787878788,
    0.07362450035269222,
    0.06068531797343364,
    0.09992670412900073,
    0.10966276010523798,
    0.8333333333333334,
    0.6,
    0.0,
    1.0,
    0.4666666666666667,
    0.75,
    0.75,
    0.6703296703296703,
    0.85,
    0.7083333333333334,
    0.0,
    0.0,
    0.6111111111111112,
    0.6636363636363637,
    0.7333333333333333,
    0.7638888888888888,
    0.0,
    0.5,
    0.6527777777777778,
    0.5555555555555556,
    0.6388888888888888,
    0.0,
    0.75,
    0.6805555555555556,
    0.5666666666666667,
    0.6555555555555556,
    0.75,
    0.6545454545454545,
    0.5972222222222222,
    0.7361111111111112,
    0.6222222222222222,
    0.6666666666666666,
    0.6964285714285714,
    0.5333333333333333,
    0.6818181818181818,
    0.6527777777777778,
    0.7045454545454546,
    0.6888888888888889,
    0.7,
    0.7090909090909091,
    0.6363636363636364,
    0.0,
    0.0,
    0.5888888888888889,
    0.6805555555555556,
    0.7454545454545455,
    0.625,
    0.0,
    0.0,
    0.0,
    0.6287878787878788,
    0.0,
    0.0,
    0.0,
    0.0,
    0.8333333333333334,
    0.6818181818181818,
    0.0,
    0.5833333333333334,
    1.0,
    0.7181818181818181,
    0.8095238095238095,
    0.0,
    0.0,
    0.5476190476190477,
    0.6666666666666666,
    0.0,
    0.0,
    0.7619047619047619,
    0.6136363636363636,
    0.8333333333333334,
    0.9166666666666666,
    0.9166666666666666,
    1.0,
    0.6527777777777778,
    0.7,
    0.6388888888888888,
    0.5666666666666667,
    0.0768797521824838,
    0.061738665399013605,
    0.0729778449729604,
    0.07775516138412329,
    0.6666666666666666,
    0.6282051282051282,
    0.7555555555555555,
    0.6964285714285714,
    0.7444444444444445,
    0.5972222222222222,
    0.7333333333333333,
    0.5714285714285714,
    0.6318681318681318,
    0.5444444444444444,
    0.6964285714285714,
    0.7,
    0.6888888888888889,
    0.7363636363636363,
    0.6727272727272727,
    0.6095238095238096,
    0.7361111111111112,
    0.6777777777777778,
    0.7222222222222222,
    0.7333333333333333,
    0.6153846153846154,
    0.6222222222222222,
    0.6964285714285714,
    0.0,
    0.7083333333333334,
    0.6666666666666666,
    0.6666666666666666,
    0.12869714006355415,
    0.11221624151649895,
    0.6666666666666666,
    0.6794871794871795,
    0.7272727272727273,
    0.6727272727272727,
    0.6666666666666666,
    0.6727272727272727,
    0.0,
    0.6666666666666666,
    0.8333333333333334,
    0.75,
    0.5,
    0.5,
    0.8333333333333334,
    1.0,
    0.75,
    0.6818181818181818,
    0.8035714285714286,
    0.7083333333333334,
    0.6428571428571429,
    0.7111111111111111,
    1.0,
    1.0,
    0.7272727272727273,
    0.625,
    0.5476190476190477,
    0.6428571428571429,
    0.8333333333333334,
    0.6181818181818182,
    0.6730769230769231,
    0.6439393939393939,
    0.6964285714285714,
    0.7272727272727273,
    0.1185,
    0.10684596577017115,
    0.7333333333333333,
    0.6666666666666666,
    0.6785714285714286,
    0.6666666666666666,
    1.0,
    0.6428571428571429,
    0.6212121212121212,
    0.0,
    0.06617818097231914,
    0.05960767642414673,
    0.6909090909090909,
    0.7857142857142857,
    0.7222222222222222,
    0.5178571428571429,
    0.7142857142857143,
    0.6346153846153846,
    0.6785714285714286,
    0.6388888888888888,
    0.7121212121212122,
    0.6071428571428571,
    0.6,
    0.0,
    0.6333333333333333,
    0.5111111111111111,
    0.7361111111111112,
    0.0,
    0.0,
    0.0,
    0.0,
    0.6025641025641025,
    0.6818181818181818,
    0.6222222222222222,
    0.0,
    0.7333333333333333,
    0.0,
    0.0,
    0.7,
    0.7454545454545455,
    0.7638888888888888,
    0.6025641025641025,
    0.15656565656565657,
    0.15803571428571428,
    0.6909090909090909,
    0.6636363636363637,
    0.5535714285714286,
    0.0,
    0.0,
    0.7454545454545455,
    0.08779527559055118,
    0.09124452782989369,
    0.0,
    0.0,
    0.0,
    0.6373626373626373,
    0.0,
    0.0,
    0.7222222222222222,
    0.7142857142857143,
    0.7638888888888888,
    0.6727272727272727,
    0.6363636363636364,
    0.6,
    0.7857142857142857,
    0.5416666666666666,
    0.6666666666666666,
    0.7380952380952381,
    0.6428571428571429,
    0.6,
    0.0,
    0.0,
    0.9166666666666666,
    0.7111111111111111,
    0.0,
    0.0,
    0.0,
    0.0,
    0.6818181818181818,
    0.0,
    0.6909090909090909,
    0.0,
    0.7619047619047619,
    0.6287878787878788,
    0.5909090909090909,
    0.6893939393939394,
    0.6909090909090909,
    0.6287878787878788,
    0.6818181818181818,
    0.6272727272727273,
    0.5238095238095238,
    0.0,
    0.0,
    0.0,
    0.0,
    0.8333333333333334,
    0.5,
    0.0,
    0.8333333333333334,
    0.6727272727272727,
    0.6222222222222222,
    0.6893939393939394,
    0.6742424242424242,
    0.0,
    0.0,
