{
  "assortativity": -0.7489870056439965,
  "betweenness_centrality": [
    0.0,
    0.0,
    211.9414103440419,
    176.51324998101313,
    44.31760461760461,
    90.2672723475355,
    0.0,
    0.0,
    0.0,
    0.0,
    0.0,
    0.0,
    0.0,
    0.0,
    0.0,
    0.0,
    0.0,
    0.0,
    0.0,
    0.0,
    0.0,
    0.0,
    0.0,
    0.0,
    0.0,
    0.0,
    0.0,
    0.0,
    0.0,
    0.0,
    0.0,
    0.0,
    0.0,
    0.0,
    0.0,
    0.0,
    0.0,
    0.0,
    0.0,
    0.0,
    0.0,
    0.0,
    0.0,
    0.0,
    0.0,
    0.0,
    0.0,
    0.0,
    0.0,
    0.0,
    0.0,
    0.0,
    0.0,
    0.0,
    0.0,
    0.0,
    0.0,
    0.0,
    0.0,
    0.0,
    0.0,
    0.0,
    0.0,
    0.0,
    0.0,
    0.0,
    0.0,
    0.0,
    0.0,
    0.0,
    0.0,
    0.0,
    0.0,
    0.0,
    0.0,
    0.0,
    0.0,
    0.0,
    0.0,
    0.0,
    0.0,
    0.0,
    0.0,
    0.0,
    130.5465814156604,
    95.91893939393938,
    174.24990221766535,
    289.56545815295823,
    0.0,
    0.0,
    0.0,
    0.0,
    0.0,
    0.0,
    0.0,
    0.0,
    0.0,
    0.0,
    0.0,
    0.0,
    0.0,
    0.0,
    0.0,
    0.0,
    0.0,
    0.0,
    0.0,
    0.0,
    0.0,
    0.0,
    0.0,
    0.0,
    0.0,
    0.0,
    0.0,
    61.03911957925115,
    118.45999278499278,
    0.0,
    0.0,
    0.0,
    0.0,
    0.0,
    0.0,
    0.0,
    0.0,
    0.0,
    0.0,
    0.0,
    0.0,
    0.0,
    0.0,
    0.0,
    0.0,
    0.0,
    0.0,
    0.0,
    0.0,
    0.0,
    0.0,
    0.0,
    0.0,
    0.0,
    0.0,
    0.0,
    0.0,
    0.0,
    0.0,
    0.0,
    0.0,
    119.75773050049364,
    121.12883629528365,
    0.0,
    0.0,
    0.0,
    0.0,
    0.0,
    0.0,
    0.0,
    0.0,
    69.66138167388168,
    389.45513309789635,
    0.0,
    0.0,
    0.0,
    0.0,
    0.0,
    0.0,
    0.0,
    0.0,
    0.0,
    0.0,
    0.0,
    0.0,
    0.0,
    0.0,
    0.0,
    0.0,
    0.0,
    0.0,
    0.0,
    0.0,
    0.0,
    0.0,
    0.0,
    0.0,
    0.0,
    0.0,
    0.0,
    0.0,
    0.0,
    0.0,
    29.28636173767753,
    23.179401154401152,
    0.0,
    0.0,
    0.0,
    0.0,
    0.0,
    0.0,
    350.72529714437604,
    84.98632756132753,
    0.0,
    0.0,
    0.0,
    0.0,
    0.0,
    0.0,
    0.0,
    0.0,
    0.0,
    0.0,
    0.0,
    0.0,
    0.0,
    0.0,
    0.0,
    0.0,
    0.0,
    0.0,
    0.0,
    0.0,
    0.0,
    0.0,
    0.0,
    0.0,
    0.0,
    0.0,
    0.0,
    0.0,
    0.0,
    0.0,
    0.0,
    0.0,
    0.0,
    0.0,
    0.0,
    0.0,
    0.0,
    0.0,
    0.0,
    0.0,
    0.0,
    0.0,
    0.0,
    0.0,
    0.0,
    0.0,
    0.0,
    0.0,
    0.0,
    0.0,
    0.0,
    0.0,
    0.0,
    0.0,
    0.0,
    0.0,
    0.0,
    0.0,
    0.0,
    0.0,
    0.0,
    0.0,
    0.0,
    0.0,
    0.0,
    0.0,
    0.0,
    0.0,
    0.0,
    0.0,
    0.0,
    0.0,
    0.0,
    0.0,
    0.0,
    0.0,
    0.0,
    0.0,
    0.0,
    0.0,
    0.0,
    0.0,
    0.0,
    0.0,
    0.0,
    0.0,
    0.0,
    0.0,
    0.0,
    0.0,
    0.0,
    0.0,
    0.0,
    0.0,
    0.0,
    0.0,
    0.0,
    0.0,
    0.0,
    0.0,
    0.0
  ],
  "clustering": [
    0.7,
    0.6785714285714286,
    0.07009757818010816,
    0.05874226680281098,
    0.08335510844003136,
    0.1269599812777908,
    0.9166666666666666,
    0.75,
    0.7142857142857143,
    0.6666666666666666,
    0.6,
    0.6607142857142857,
    0.5777777777777777,
    0.5476190476190477,
    0.5909090909090909,
    0.6727272727272727,
    0.0,
    0.0,
    0.6090909090909091,
    0.6727272727272727,
    0.6428571428571429,
    0.4666666666666667,
    0.0,
    0.6666666666666666,
    0.625,
    0.5972222222222222,
    0.6444444444444445,
    0.0,
    0.55,
    0.6666666666666666,
    0.5892857142857143,
    0.5636363636363636,
    1.0,
    0.5989010989010989,
    0.5,
    0.6555555555555556,
    0.5535714285714286,
    0.6666666666666666,
    0.6636363636363637,
    0.5222222222222223,
    0.6272727272727273,
    0.5909090909090909,
    0.6785714285714286,
    0.6272727272727273,
    0.5818181818181818,
    0.65,
    0.6439393939393939,
    0.0,
    0.0,
    0.6318681318681318,
    0.6136363636363636,
    0.5,
    0.6043956043956044,
    0.0,
    0.0,
    0.5714285714285714,
    0.6607142857142857,
    0.0,
    0.0,
    0.0,
    0.0,
    0.5972222222222222,
    0.6111111111111112,
    0.0,
    0.5833333333333334,
    0.5,
    0.6222222222222222,
    0.6025641025641025,
    0.0,
    0.0,
    0.6,
    0.6439393939393939,
    0.0,
    0.0,
    0.5178571428571429,
    0.6217948717948718,
    0.6607142857142857,
    0.65,
    0.6666666666666666,
    0.0,
    0.6777777777777778,
    0.49242424242424243,
    0.5666666666666667,
    0.5984848484848485,
    0.04497451955547369,
    0.06114481350231245,
    0.0649171270718232,
    0.07126593806921676,
    0.6,
    0.7142857142857143,
    0.9166666666666666,
    0.48214285714285715,
    0.47619047619047616,
    0.5333333333333333,
    0.6153846153846154,
    0.5378787878787878,
    0.6363636363636364,
    0.6607142857142857,
    0.6666666666666666,
    0.5636363636363636,
    0.6071428571428571,
    0.625,
    0.7333333333333333,
    0.7666666666666667,
    0.5972222222222222,
    0.6444444444444445,
    0.5857142857142857,
    0.6136363636363636,
    0.5363636363636364,
    0.5619047619047619,
    0.48214285714285715,
    0.0,
    0.5555555555555556,
    0.5727272727272728,
    0.6136363636363636,
    0.09637014314928426,
    0.09275639493186708,
    0.625,
    0.6,
    0.6111111111111112,
    0.6818181818181818,
    0.75,
    0.6388888888888888,
    0.0,
    0.5277777777777778,
    0.6666666666666666,
    0.0,
    0.6904761904761905,
    0.6666666666666666,
    0.5,
    0.6555555555555556,
    0.6964285714285714,
    0.49242424242424243,
    0.6272727272727273,
    0.6527777777777778,
    0.7142857142857143,
    0.5555555555555556,
    0.5,
    0.5909090909090909,
    0.8333333333333334,
    0.5,
    0.6888888888888889,
    0.7619047619047619,
    0.5333333333333333,
    0.5833333333333334,
    0.6388888888888888,
    0.6181818181818182,
    0.5892857142857143,
    0.5961538461538461,
    0.11220517517746736,
    0.11120018323408154,
    0.6181818181818182,
    0.6666666666666666,
    0.5833333333333334,
    0.5238095238095238,
    0.45,
    1.0,
    0.6272727272727273,
    0.0,
    0.05414992466097438,
    0.07178577658893993,
    0.5892857142857143,
    0.6388888888888888,
    0.625,
    0.5972222222222222,
    0.6666666666666666,
    0.5555555555555556,
    0.6071428571428571,
    0.7857142857142857,
    0.6607142857142857,
    0.6636363636363637,
    0.5535714285714286,
    1.0,
    0.5,
    0.6095238095238096,
    0.6363636363636364,
    0.0,
    0.0,
    0.0,
    0.0,
    0.6666666666666666,
    0.6,
    0.6444444444444445,
    0.0,
    0.6545454545454545,
    0.0,
    0.0,
    0.6,
    0.5138888888888888,
    0.6636363636363637,
    0.6,
    0.16587301587301587,
    0.17669172932330826,
    0.6222222222222222,
    0.6153846153846154,
    0.6388888888888888,
    0.0,
    0.0,
    0.6025641025641025,
    0.08882958444529165,
    0.0682,
    0.0,
    0.0,
    0.0,
    0.6217948717948718,
    0.0,
    0.0,
    0.5972222222222222,
    0.5833333333333334,
    0.6444444444444445,
    0.6777777777777778,
    0.6111111111111112,
    0.6444444444444445,
    0.6785714285714286,
    0.6777777777777778,
    0.6785714285714286,
    0.5666666666666667,
    0.6025641025641025,
    0.6607142857142857,
    0.0,
    0.0,
    0.5892857142857143,
    0.6333333333333333,
    0.0,
    0.0,
    0.0,
    0.0,
    0.9166666666666666,
    0.6636363636363637,
    0.75,
    0.8,
    0.5,
    0.6666666666666666,
    0.5,
    0.6428571428571429,
    0.6363636363636364,
    0.6272727272727273,
    0.625,
    0.5769230769230769,
    0.6428571428571429,
    0.0,
    0.0,
    0.0,
    0.0,
    0.8333333333333334,
    0.0,
    0.5972222222222222,
    0.6805555555555556,
    0.6,
    0.6666666666666666,
    0.5545454545454546,
    0.5833333333333334,
    0.0,
    0.0,
    0.5727272727272728,
    0.5357142857142857,
