{
  "assortativity": -0.23754086473824784,
  "betweenness_centrality": [
    362.35791542027863,
    207.83063653942432,
    2043.698603417933,
    3451.895313255082,
    662.350225148691,
    1792.6739457970148,
    244.64874618195586,
    99.39336676172051,
    40.810487278222645,
    41.55302786676065,
    596.0634980461508,
    286.9006743159554,
    1346.5938427973572,
    1253.3824506737576,
    247.01949332287163,
    80.72419938866273,
    120.58024092227501,
    96.40784171744899,
    583.2275626031301,
    402.76455029738673,
    322.0441164151308,
    365.40298583104317,
    133.58833979691747,
    254.878975944573,
    29.513065364806177,
    25.527856254107206,
    57.177966219067144,
    340.6242479547159,
    128.17940138917845,
    1.5057285037684767,
    180.8253793066713,
    43.19516024561847,
    33.79551519731464,
    14.42855329854032,
    173.2614851201995,
    19.208479977197207,
    3.269731745547559,
    2.4220897442097176,
    63.0665076017923,
    168.7344399066464,
    162.61148789605195,
    106.33859424864713,
    84.2453342580939,
    158.90127616331858,
    249.45138652404606,
    53.63428159469752,
    69.26615125282319,
    33.370919041063914,
    7.39641739905265,
    74.96596490277282,
    254.96533028214964,
    278.5234037598317,
    301.22433909865924,
    6060.379756936348,
    11198.535382818438,
    3455.280334659231,
    4212.649040703554,
    387.01953387272687,
    711.6228148754661,
    1438.1100362074653,
    1711.8381769651608,
    359.53049956984904,
    477.83670192644564,
    104.62176481487246,
    522.8746459816408,
    332.88233861823664,
    446.05797563322227,
    88.35083051320579,
    1620.0980244394354,
    673.3454448142311,
    626.8693251371006,
    121.2238453038499,
    15.633998147071019,
    135.98299211278908,
    121.22693524425188,
    159.3228350017821,
    60.23907387259784,
    28.153034489576083,
    35.01710870893744,
    110.90685245082351,
    204.6531544057649,
    130.88670726261742,
    0.0,
    0.0,
    2112.1381343885832,
    2153.2622610193266,
    1992.054372715477,
    2643.265063839395,
    52.44978739875927,
    172.50109838565643,
    342.97512254367854,
    79.3954964738874,
    48.86440827097109,
    36.10768873926374,
    0.08339780786589297,
    55.545103455397694,
    140.37699863321302,
    404.68224833443065,
    43.21367179080854,
    159.8698193300102,
    69.96106106523858,
    3.638519769800977,
    3.1047615608538974,
    8.752605108314148,
    197.9674202648076,
    163.4896207011943,
    30.909582312002797,
    281.1673715967645,
    12.664879143211067,
    0.0,
    1847.8905712355327,
    47.605065377289364,
    721.7929924762618,
    293.51930402513165,
    55.033614481382074,
    2532.9818961429846,
    4071.872822547526,
    529.8891592809538,
    634.6402292934571,
    73.56144798209523,
    74.78883763953546,
    1134.9110299801937,
    292.7360829196332,
    436.1617863318327,
    445.2099500100737,
    364.31968956852285,
    104.635143082008,
    56.35538260757698,
    190.2151875013195,
    62.94324715536783,
    76.49379255177458,
    44.54874195525289,
    27.69595672241454,
    116.23813842241552,
    379.83620318796835,
    33.39116525903663,
    71.80082480299052,
    207.01885122589692,
    106.0448546621547,
    135.97599189911017,
    106.54492827062285,
    205.05276290742472,
    11.389441948683938,
    11.102456456718869,
    16.065576535668534,
    71.58528850716029,
    21.11859711724383,
    10.120737045885637,
    1029.4178236226467,
    3237.593759189787,
    2292.3018639791826,
    215.364081586832,
    580.3160689962266,
    680.7432054309213,
    564.1344030718989,
    585.7897448404882,
    297.48338795968505,
    95.6684192741833,
    10.167042403187915,
    3705.55235199043,
    3948.5176643089067,
    34.015989208354746,
    48.810833350351714,
    39.86786388574633,
    40.152079841383575,
    138.130949746961,
    43.668371305834185,
    92.33367303307753,
    91.19847353030252,
    18.252298355253654,
    14.838735667745185,
    70.51785226872472,
    789.0617793116859,
    2070.7347629208816,
    18.352529707688095,
    4.334799793656067,
    30.42240296286097,
    269.3271936042522,
    574.5640012999609,
    766.9805520911544,
    875.3620460808705,
    338.3717835347876,
    408.9829865144478,
    701.3811773619269,
    721.997595458973,
    34.39082356138811,
    6.358556385113543,
    792.8701631175043,
    953.3403537919055,
    2237.422659296358,
    2151.5868888857426,
    635.0300595987534,
    597.4772444161813,
    550.8144961812983,
    243.09357295231052,
    211.4353554565493,
    1457.8113360652299,
    461.59191753810774,
    1177.6482398641974,
    5652.108209508976,
    6719.845766871515,
    367.2553200152194,
    268.23099184359063,
    390.789447291086,
    1016.1674794447482,
    48.6877193817345,
    67.4113916540402,
    101.96917258793735,
    142.71904845291908,
    140.68796208272852,
    392.14451128643975,
    242.68466210118603,
    347.10101373150684,
    157.74392059477785,
    109.6115955013286,
    10.615685814109838,
    786.4532640502957,
    236.31151081741228,
    12.711225819227753,
    822.4220273985852,
    366.24380206601654,
    55.94991175413802,
    75.79951128598887,
    536.4034214662917,
    571.418061421634,
    383.46117830843207,
    226.74067651759768,
    13.319747816436024,
    9.641000144708464,
    2.709809717841428,
    28.46661281739476,
    561.9606393200321,
    2.047952432285009,
    1.0325131737400344,
    3.1592450816330846,
    3.1970984626240644,
    5.135512261400629,
    47.912063720907334,
    97.11238166157585,
    76.06604345965054,
    115.52823323120748,
    143.2535713896265,
    54.4596482190356,
    61.52390930992689,
    87.22333705624584,
    197.0523661161403,
    206.180925291232,
    92.88948792187406,
    9.736181779196112,
    26.51693753708913,
    6.40122614634194,
    46.30052198835704,
    61.6556984190114,
    84.4371919969793,
    33.25462507058387,
    147.8611239314566,
    116.73444408563553,
    178.88208459133028,
    315.36426651570724,
    151.8458964529369,
    26.705795214555348,
    1.291900116860386,
    160.61403513274962,
    289.982932573432,
    121.6872771475681,
    95.40944835580065,
    173.27758103823092,
    47.23528197059928,
    60.14829193340904,
    73.32731287839923,
    698.9370490851489,
    504.79110612108406,
    575.0175511694333,
    246.5870687342192,
    73.93974037611397,
    431.50249695844997,
    33.79928016168231,
    40.59249458979323,
    44.53778918438194,
    78.96501660305107,
    19.882654167435497,
    104.179288475129,
    197.43590773849544,
    54.51391933125873,
    75.513109355857,
    923.1961069159283,
    21.448446067985387,
    111.49301231413533,
    0.0,
    548.4217888280531,
    69.84862828824231,
    8.323876101298405,
    20.277939180175807,
    632.6149838865934,
    76.37035617854238,
    176.69643813028816,
    186.79382096693325,
    170.96256666438669,
    126.67671966832799,
    12.958219409626157,
    29.05221577638793,
    404.7586091754261
  ],