{
  "assortativity": -0.2134953458638697,
  "betweenness_centrality": [
    354.15292904820535,
    204.67016261724544,
    1743.7800249748236,
    4053.3037955100663,
    435.41730746603,
    1671.1262851670476,
    269.02272983272456,
    70.73838230961753,
    17.83696824070004,
    26.00595080071366,
    521.8300843653741,
    321.7121264947928,
    1301.5906966238174,
    1297.7067929765203,
    290.723872951206,
    207.08211433551375,
    155.3810674699058,
    105.67365145637456,
    572.5861911103242,
    392.9882407843355,
    356.56888733810734,
    356.5521197935455,
    126.73570227264054,
    204.673767145441,
    17.7483401494855,
    40.09293058768602,
    66.95652373822197,
    314.95782309616226,
    132.69307803609087,
    2.7700524856351842,
    162.4699862872527,
    47.51203030103146,
    33.71237007353882,
    28.332725148186466,
    172.04578925392798,
    17.422215542699227,
    3.8880375089930554,
    1.6203917247907271,
    82.14496411437277,
    143.0893422824676,
    170.84893518637367,
    34.37314223938456,
    19.618343343385476,
    142.26334222939653,
    237.12268367435945,
    38.59977488313816,
    55.35861065377339,
    22.33797824787274,
    10.464221033015209,
    109.88770620939226,
    146.46939719675126,
    135.3392959642797,
    157.0970180448107,
    6214.9776311882815,
    10992.662173207564,
    3408.8866181988474,
    4266.0795091598075,
    446.4834696997915,
    772.381631757894,
    1483.359383232897,
    1772.4059062949214,
    238.0068596294611,
    320.5421075744834,
    105.0470123703208,
    638.7480746701322,
    350.0645517501727,
    618.0181894456181,
    88.54822820048629,
    1576.0570756227128,
    672.7132070527966,
    535.4460774492494,
    135.74997875265706,
    15.691119026906318,
    139.79833970043822,
    123.76921437522925,
    97.00533596332876,
    64.21875772422017,
    30.098871300783347,
    47.0867237313506,
    112.8091601756571,
    192.48265745635626,
    203.4946974210395,
    0.0,
    0.0,
    2399.2975980888846,
    2325.895272653005,
    2284.7808982003016,
    2774.566702887296,
    54.763317743634126,
    205.4809168876387,
    339.9208044539182,
    94.21220408178641,
    53.42849569161198,
    27.499101730219195,
    0.3050644995315013,
    57.58884074319014,
    105.44448834773672,
    393.21112391398776,
    56.277817534218855,
    144.19819762832617,
    67.90931579209513,
    1.652776315949603,
    5.442696662378656,
    9.576677261454794,
    201.9523646374796,
    163.2813791860515,
    31.20389384148038,
    303.9721582793317,
    10.586035021765504,
    0.0,
    1736.8412932906826,
    44.61965246356458,
    683.5066485734515,
    242.36385198881868,
    44.26307438515275,
    2354.037879352489,
    4438.280676621143,
    543.6807643479897,
    592.2075438378783,
    84.90418743272909,
    87.70103560365501,
    1135.1611798074503,
    295.6587484843708,
    436.1474447692502,
    429.3465442970386,
    366.83551585746517,
    85.53665765285885,
    52.71832481038097,
    217.29809301809755,
    83.02709397698007,
    130.7009402984285,
    52.14956105569546,
    75.2651226289354,
    168.41404531268208,
    341.4552612406147,
    111.02192416311792,
    78.60754755034395,
    240.3387580771725,
    97.2345779481816,
    127.6965038598224,
    97.36023555172368,
    211.0049942467321,
    17.580376692333445,
    8.6018616988536,
    10.637515768641023,
    72.45523571014165,
    23.271774474230472,
    6.4571957001439175,
    977.6307884359392,
    2886.9371063081335,
    2717.087840655307,
    223.86425851186476,
    556.4900131933686,
    640.282386806916,
    553.7223932168457,
    565.4586026674752,
    308.79156629652954,
    77.47052623511595,
    10.059610396429505,
    3439.946306976279,
    3772.5780565691707,
    74.69598641069814,
    83.5774179928395,
    25.323922996316416,
    77.28932784692505,
    159.04678889582027,
    47.457376209842906,
    67.70396555557582,
    82.73144175975828,
    23.30646802037063,
    21.887214641164668,
    86.70652702691439,
    790.9192082411593,
    2074.0319451728597,
    10.897638567676172,
    25.569791807546984,
    32.23630702090451,
    294.1767763681468,
    590.4707131700603,
    768.5045404507433,
    890.5411915911702,
    366.6401517475373,
    434.60443924835545,
    759.41598624608,
    745.6800774096421,
    30.031328881374172,
    6.375622183546356,
    798.0458656823415,
    954.351410329434,
    2216.448958420299,
    2041.9894338135132,
    631.1775395546392,
    745.6349330390215,
    595.9039280724729,
    293.2388648932909,
    191.1413099102272,
    1546.1153034682816,
    432.9102788120836,
    1119.9855353205082,
    5324.004852066368,
    7267.880078975217,
    368.65904768172646,
    260.9932137917427,
    355.7950479038583,
    1009.850356474201,
    45.76080515107511,
    69.70506721934724,
    90.27720387716172,
    128.83985220540382,
    145.74756764775645,
    405.34415234264037,
    237.92788459337115,
    375.7153406242294,
    170.93917482824224,
    108.81888783274866,
    9.132152887979116,
    859.8388543376785,
    206.068431352881,
    17.215175149291333,
    813.277482533642,
    340.0424860579676,
    48.970628189600895,
    68.45396644173488,
    529.3455315793105,
    579.1381780495943,
    375.0228041412044,
    229.4692551577298,
    12.623804174249862,
    3.992623814307866,
    3.530702712387272,
    59.61943047545228,
    440.02884936062884,
    1.8133711394400636,
    1.99925874463732,
    2.377947609721803,
    3.8298422891166064,
    1.784348478240994,
    56.589014959607674,
    94.85964706239932,
    65.2521193013483,
    107.91300973013693,
    136.26756974144143,
    60.115347232544195,
    61.26703129357642,
    86.22927951511873,
    205.1499705211639,
    213.9311405078773,
    107.67880684328954,
    5.287474381181474,
    7.817292488474026,
    0.0,
    1.1806184012066365,
    59.04051468289966,
    82.3289780287931,
    32.46657889457098,
    144.81732496736038,
    113.82547023763246,
    173.64183394273948,
    315.4074424588863,
    121.50122909168081,
    23.27543678925277,
    1.7455203144362246,
    157.5000716953627,
    286.21696725492956,
    114.84895163541589,
    115.05569813493348,
    162.17347342081388,
    46.2455628497154,
    40.93147828070138,
    69.55742103233189,
    649.2270864084992,
    477.6448529342687,
    578.1759948201128,
    213.61964861810546,
    72.98960472733822,
    413.02916350717754,
    32.148565608223706,
    49.177274726794124,
    47.08628411324075,
    70.51364409821349,
    12.297588400861022,
    95.54204450437821,
    186.42884432676192,
    54.49478806380763,
    79.03277231563219,
    981.3935185425808,
    17.625213993896004,
    109.90674214642131,
    0.0,
    548.0197597157753,
    68.03377391358983,
    9.275017310226822,
    13.313360238606172,
    637.8468447398394,
    68.66531478788114,
    167.17934801900745,
    186.58394062410053,
    159.8928529959874,
    136.4809862371184,
    15.293374340613822,
    24.30985291542088,
    378.16778858582967
  ],