{
  "assortativity": -0.31092672013067896,
  "betweenness_centrality": [
    356.8859574826241,
    217.64251589227567,
    1878.030050973106,
    3468.9568531924433,
    590.021179085945,
    1700.4906630208916,
    233.3174685292621,
    97.71166203853694,
    66.09199062929375,
    26.696461057825516,
    621.1248840108128,
    275.54443548099727,
    1331.5461629319773,
    1337.4860703292604,
    271.51206697682886,
    235.7441688005927,
    124.46482725821615,
    91.13490718038587,
    518.3758813769516,
    389.1282632357442,
    308.4555437298716,
    348.5276957122672,
    131.44991337395678,
    177.39021561382367,
    26.451145918927224,
    36.404942978448254,
    49.133803457299784,
    252.02535903133366,
    140.4350308893929,
    0.31003604035683996,
    182.7584868878484,
    37.41420782654901,
    33.01010715998292,
    22.16110986496092,
    175.92190769749453,
    26.91754710663772,
    3.7804269174256313,
    1.6800067579106481,
    55.68756168799111,
    140.22981287987156,
    215.74841451373246,
    122.80787504302539,
    103.37616622167789,
    144.97233505321327,
    255.10345124981518,
    30.009341891056806,
    28.154172357598664,
    26.49857398366558,
    6.663150077588763,
    84.31388391652993,
    162.85076701690596,
    247.08968670479805,
    213.52167794498277,
    6272.726110352063,
    11238.155057604516,
    3453.5653558192184,
    4219.582507215696,
    442.0834867935409,
    756.1575059519085,
    1457.107869027131,
    1770.4720639615534,
    307.1633298443702,
    497.12859087308044,
    108.17699022985015,
    540.095208027859,
    243.5283021279307,
    518.9956129611431,
    94.16035737004164,
    1630.2939621969713,
    682.2080482017933,
    594.5455500539815,
    161.63915174879298,
    17.24919810750723,
    136.84609028761616,
    120.9546833353433,
    125.7288410249431,
    70.94677296105058,
    23.644279659142498,
    33.014142647961364,
    102.97778047533319,
    184.16730896745042,
    118.42299364236655,
    0.0,
    0.0,
    2142.222028903248,
    2285.3851783866735,
    2125.2660117181376,
    2361.6566564558857,
    58.59531565873001,
    184.390212042971,
    350.4368747626444,
    93.5409818990479,
    54.236688015814416,
    41.35695466411617,
    0.7072997133232085,
    58.22742643801264,
    135.90892493776067,
    397.6695236880822,
    54.70188088451453,
    159.84809129499735,
    73.71866434995015,
    0.9834333676916684,
    1.639626222426499,
    9.25379661039366,
    202.75633634648585,
    170.74820203128616,
    31.67032295394113,
    264.97382202312946,
    3.6374679985663976,
    0.0,
    1832.9883511506218,
    42.11549448748202,
    701.3717876491855,
    252.1811397183039,
    49.681974387306,
    2232.4874497200244,
    4112.438672442301,
    575.9777067885453,
    564.0085379536381,
    80.92026320693705,
    67.62799208496749,
    1143.1964986147755,
    293.71555428490274,
    436.237272182489,
    448.4783017850911,
    378.1570334663633,
    90.96974262205732,
    42.933027926460326,
    189.55200931769767,
    58.53441668290683,
    66.17468119521337,
    16.55680216845356,
    16.96333032419965,
    118.64810511014883,
    355.3523290824168,
    47.637780964823236,
    58.61309739570221,
    252.9073849967649,
    104.66460537389437,
    95.74051967554583,
    102.05785821017506,
    207.9746422782674,
    9.105719133846906,
    15.603712602576365,
    16.363542223898254,
    80.52732480742154,
    17.965280586107557,
    6.13217800413447,
    1019.2971047421883,
    2987.025638113877,
    2487.8735186251356,
    204.63792563180328,
    536.9746634703791,
    627.0186523023764,
    551.7109754935486,
    580.9023534748204,
    289.29839503590614,
    80.8170347438643,
    10.158379089495527,
    3314.8139429073935,
    4077.794148826512,
    78.56484892170837,
    100.98665216532036,
    29.85342917344956,
    62.11647432113356,
    144.4757121316798,
    41.506225468075456,
    81.34411454178495,
    73.50055942673973,
    23.579781765695593,
    16.985074540073473,
    95.32727959596147,
    763.9335927747422,
    2027.4555604955378,
    18.17366621076001,
    15.793892233223966,
    36.890761322555186,
    289.5677128161506,
    560.5801901332918,
    782.2461045912734,
    888.6197760334538,
    288.736684411604,
    413.17464412425596,
    657.9415567232699,
    718.6101804161744,
    34.13171044730654,
    6.557650548674746,
    792.746458363888,
    845.2803780980274,
    2268.975261549828,
    2113.3198664308134,
    723.3825625577883,
    559.8851872321727,
    585.8998765460057,
    233.51032301159913,
    158.64061407078287,
    1452.3308548834714,
    453.57026789502294,
    1189.897912811334,
    5764.163950778923,
    7276.749459880006,
    354.4666131333222,
    252.23853156133512,
    296.12650941610684,
    1037.1387734730226,
    48.05098947810877,
    64.1328370497781,
    77.73572447602359,
    136.18764162814986,
    132.752323916895,
    402.5362133165512,
    250.5400693560795,
    367.05594354584866,
    183.33913738876228,
    111.2510189019969,
    9.80384286093231,
    783.4684713686182,
    197.2103105255235,
    27.642821796747366,
    786.7237248521903,
    303.6067036987791,
    55.533575385972554,
    65.28955480942808,
    529.4894158188637,
    564.4265305682366,
    381.7362497516454,
    227.88723070875594,
    13.156351462160043,
    5.944923583359572,
    5.83369542663984,
    28.563545203845337,
    500.5199548675853,
    1.7889964488169783,
    0.9225860667014638,
    2.793278787320454,
    2.6957422665524753,
    2.251680895604152,
    50.36853413628823,
    103.65312359712914,
    60.99223917655165,
    107.98871839138666,
    132.06200826640617,
    47.828760341957725,
    58.668612973366166,
    92.58502644325682,
    193.61988951892863,
    194.9715907634185,
    91.77113423018844,
    25.641606685399278,
    23.420960715737735,
    10.236327342062067,
    9.469237306661883,
    48.06728895330861,
    73.53804615037653,
    49.93224327792619,
    215.20849927156414,
    118.25903680903885,
    178.43224128474856,
    308.9069139355195,
    139.9033932458527,
    30.044357931553815,
    0.410244112740387,
    160.75922542177906,
    284.34435632128384,
    113.44438342941211,
    97.2759487699255,
    172.6334847455551,
    49.907317651068006,
    48.75709832885172,
    82.77842121724566,
    653.2364313231991,
    522.7396104984091,
    567.822989414188,
    206.13580060114168,
    64.55747671285063,
    454.96610469650807,
    36.45361417798442,
    43.597609190470614,
    43.979269977350825,
    87.5680679636012,
    18.598788383545102,
    103.40537222354209,
    200.59764608691904,
    53.787008826170556,
    79.1912106573364,
    899.6224373637305,
    19.918007228965543,
    100.60614686037788,
    0.0,
    568.1453435214282,
    73.72382836085325,
    35.08474582460456,
    20.436045010646925,
    651.1600306524047,
    74.84336492214265,
    169.2474743411544,
    184.36392913653563,
    158.25396794567425,
    132.48222329447657,
    12.157228106819518,
    31.091349404111156,
    398.18373041468584
  ],