{
  "assortativity": -0.22949279651323076,
  "betweenness_centrality": [
    362.74373999418805,
    214.0393278155938,
    1689.770181354684,
    3981.895377097102,
    471.0405532419439,
    1586.7510159178983,
    260.8573969993058,
    76.81403076065564,
    76.48160269690428,
    24.040917021730902,
    608.168104401421,
    253.13876537564312,
    1296.053946147267,
    1354.270589021968,
    244.71200933351102,
    176.3078986771473,
    122.45319095588117,
    94.28110133008333,
    522.9486740851576,
    388.7140734333418,
    309.23965894098603,
    381.186078009495,
    131.46044722981367,
    243.30473107123453,
    20.75887606714961,
    26.962028543125086,
    46.03183315851077,
    305.96807220011243,
    144.1197163209325,
    1.421547876649047,
    148.62602690804368,
    41.69217406877202,
    33.99761877129373,
    14.960138286912981,
    175.5366754118439,
    27.787907221179847,
    1.220531820404247,
    0.4976033754051681,
    82.96610680672686,
    128.18705650743874,
    132.42165646430826,
    123.6852732595344,
    72.3562583516542,
    149.95507534924306,
    237.2030083256719,
    39.580984119168775,
    37.95807202276437,
    26.62653544471212,
    8.749065896231544,
    80.92222789730542,
    173.98914623931137,
    232.48949882999335,
    311.13379037260864,
    6141.064915867768,
    11372.419528111112,
    3476.0936562955776,
    4215.919759173765,
    426.7319859455627,
    733.9237116209564,
    1466.0148953485577,
    1775.9036476478973,
    334.810240406329,
    456.73754207983734,
    100.33364145186883,
    548.3382457468089,
    303.0041483275532,
    476.03024380560737,
    90.18750773395075,
    1620.2683793777865,
    679.5072649435094,
    629.1380513113528,
    89.45088583029045,
    14.894353553291529,
    126.79809077922363,
    139.04646109832547,
    114.06661470411586,
    60.62115633823182,
    38.79687990117842,
    48.429012847112126,
    99.35286669242556,
    160.1936857751076,
    139.0076747011642,
    0.0,
    0.0,
    2290.7301530677746,
    1937.3949639241298,
    2386.7087115603053,
    2505.234725028347,
    62.02518231683167,
    180.2724184916683,
    349.48499927049426,
    82.03266377806128,
    41.382139410137505,
    27.23315653280371,
    0.7027478630238199,
    59.01104352093212,
    134.3243322606851,
    391.70729648306997,
    44.67597105222489,
    134.4813102937039,
    65.07362620790578,
    1.3521665169543413,
    1.1350541806473815,
    11.282534293581232,
    196.9285374234723,
    167.36174191369332,
    30.402817039375627,
    304.2436762329388,
    9.462974345503907,
    0.0,
    1706.5411473479412,
    44.1431476999824,
    710.8875026547166,
    258.5348393738244,
    50.543935224737005,
    2092.6440169974303,
    4215.3756468493575,
    634.8896811574899,
    604.7187514631715,
    72.89641726469581,
    82.5760013723479,
    1123.9647977139477,
    308.94895061964127,
    435.60357881137827,
    441.1931243820387,
    379.98928766199015,
    78.56074211008882,
    54.61548329226508,
    222.09822961581497,
    48.65550271980087,
    87.42930825482546,
    15.397059148872264,
    33.28906708760919,
    190.46411324429081,
    356.2065151107715,
    42.58837343275918,
    65.201490082043,
    227.18964843865464,
    97.03984897761522,
    56.522132188368225,
    107.84034980283671,
    204.79946301775388,
    7.55867857476913,
    17.505007191380802,
    21.654018611128627,
    98.1120481527215,
    29.985443105544586,
    15.943175364726699,
    968.7148775634247,
    2769.1848009040905,
    2898.1589800316115,
    184.07495719186693,
    561.3353871174733,
    645.928397441181,
    571.0031804512406,
    543.3661137469046,
    298.7410484960668,
    89.851452268543,
    10.187973484982537,
    3322.367543726525,
    3928.2566902913654,
    73.41116461848965,
    66.00341586711492,
    33.11387761415958,
    59.62603290412095,
    166.5417838288235,
    49.9021015144454,
    65.36943123799374,
    74.65311249611621,
    30.89210489592952,
    35.335728008431985,
    70.62582546491025,
    759.2658923978847,
    2098.8948354863983,
    10.852306095052851,
    12.138530332833398,
    31.46135141397742,
    282.4845611572458,
    567.5208133889457,
    801.7763371847807,
    804.3373908751239,
    328.4306722728211,
    403.04267885649,
    629.7302035857297,
    675.9271198089806,
    29.1221578576283,
    6.4342462711671145,
    822.6191629440432,
    872.7885343072301,
    2239.3976948741365,
    1972.140545495308,
    608.4468054722395,
    616.1502548146757,
    594.7576870194944,
    282.9729752865398,
    184.77222459647768,
    1532.4210909377598,
    439.28573178003666,
    1145.0701351883956,
    6091.944180038129,
    7056.159012826401,
    355.5195470614723,
    255.88289278872426,
    362.6984269716753,
    1026.9554882942139,
    48.50800031724308,
    63.66751385682099,
    79.41437819691147,
    120.76660915354132,
    139.7914414464967,
    387.76994287427163,
    240.2700003323394,
    325.31277535823386,
    176.2582702215337,
    107.23873423491641,
    8.645859781877302,
    792.1116205588434,
    223.49273151801012,
    23.009844115353726,
    795.9771692231616,
    355.0545739932916,
    54.496843193159265,
    67.119689170018,
    535.6202553692798,
    585.1927803727446,
    382.2952637864844,
    228.51745627765962,
    18.524221896317876,
    3.210767905268381,
    2.2954196556604276,
    22.654392506426785,
    491.9150905611312,
    2.425686762380538,
    1.3986922882880877,
    2.3894905568682017,
    3.156729679295469,
    2.5624724134940853,
    54.70023191414887,
    103.10554824724298,
    61.40654650559049,
    102.08039062611343,
    127.04221184532516,
    46.085122814207395,
    57.74848803371466,
    80.03708024015431,
    197.64773888681864,
    189.7188532660984,
    88.15706626824064,
    19.15351247977595,
    27.696455257824102,
    12.73301031978943,
    18.429645189724717,
    57.82000044482859,
    78.04791035897662,
    32.65102504367481,
    146.92128189049595,
    110.41797219035998,
    161.89323479885388,
    313.5085061587188,
    126.5833402275822,
    27.780826332416765,
    0.6524704990222918,
    161.6278625510099,
    283.7264503448474,
    113.50011205305529,
    99.91034830941936,
    168.99829842110117,
    51.57238482266487,
    55.5942845601471,
    78.60766702628568,
    678.7353780092092,
    485.2496430924168,
    596.5604097279598,
    233.65306083577383,
    81.47961806737311,
    458.7817308667054,
    31.383082532761403,
    41.9667186108982,
    40.89639228573124,
    72.58382653176449,
    12.63280429070287,
    96.98368692286456,
    169.65253579783618,
    53.18023925040228,
    80.81628024028477,
    955.9701177077708,
    24.35653172167189,
    98.54623294883923,
    0.0,
    521.2951316536728,
    77.44968789282933,
    5.739852335178226,
    20.489764669718692,
    639.3735710566207,
    64.01397032575815,
    172.67335307571938,
    174.24781034852046,
    171.63755958635886,
    132.64102090976337,
    12.275786799315679,
    23.866872814276114,
    392.88483336407205
  ],