{
  "assortativity": -0.3116696029852174,
  "betweenness_centrality": [
    355.3741213827256,
    214.8737747583283,
    1936.5000413044133,
    4050.0781040907473,
    635.5118494244267,
    1607.5829260389091,
    244.17382527081452,
    112.72732468579005,
    56.19157170612201,
    44.635261464388435,
    693.2719533022462,
    272.07972067983695,
    1332.7043842076337,
    1222.2565560650044,
    294.4690035987919,
    289.54036423471524,
    130.1068581206295,
    96.99344965967394,
    508.64602200632424,
    394.9115786682784,
    351.895616318078,
    352.60246320278264,
    131.03676650522226,
    210.74496050191948,
    15.840792091773238,
    25.815443317810914,
    40.17674534318057,
    235.82953307637956,
    131.83640319081334,
    0.12539417999072755,
    162.401513836626,
    31.83164611181254,
    34.45179164204049,
    14.984011100959206,
    187.20966764088695,
    27.846155406773455,
    1.0992813459961086,
    1.5920119072421013,
    76.61672093478975,
    137.9201041228652,
    180.55094861351188,
    87.89158706503777,
    121.25472950518486,
    140.23353295217402,
    281.7136319666009,
    31.813668748448993,
    46.06334752023127,
    26.645824039158146,
    9.35369430477156,
    84.7263715010487,
    148.12313712439627,
    275.2751896324574,
    193.85998549744366,
    6031.098626969055,
    11284.579466738816,
    3362.4823304896513,
    4284.825342836689,
    443.08424241843585,
    748.6118540501275,
    1430.0636917575005,
    1732.2814808577616,
    332.22028542705897,
    515.3296129352852,
    107.29712445097915,
    525.260033292222,
    241.17284561248835,
    533.5982253346511,
    105.07973721911247,
    1646.2551257192279,
    688.7933594172571,
    513.4776049074156,
    112.28940669503694,
    17.00230548251787,
    129.54425977398645,
    108.00179404494362,
    127.05772850746817,
    63.29827568094389,
    23.03060473236823,
    49.71092514546304,
    106.00214380389994,
    146.2749167665562,
    117.10244438201758,
    0.0,
    0.0,
    2342.002527412924,
    1925.885109967846,
    2327.5728399481804,
    2454.1489501817236,
    76.74296444921711,
    179.28071945446266,
    344.53346638315884,
    78.15046167505864,
    53.69172781121668,
    33.218359935822505,
    0.17722378179728238,
    55.374547401228185,
    128.1717096200611,
    392.58106877724924,
    43.41806236332399,
    143.2778268029507,
    54.39786187340704,
    5.276924724768303,
    3.1883221147725744,
    13.10149814238823,
    196.51141986667486,
    172.34214319942654,
    32.617585802145385,
    297.20790152011995,
    12.23668373552355,
    0.0,
    1823.2361410005847,
    46.917650945961746,
    753.7916304158948,
    262.0651748587634,
    67.04433130272147,
    2314.1498251974904,
    4323.9643588931085,
    647.2779561996605,
    532.0331413982732,
    78.15265529021572,
    102.84405329245004,
    1143.7140835800164,
    296.471984680582,
    435.0769331405394,
    434.6766973400685,
    370.79715294171325,
    110.70416466758323,
    47.923875323970506,
    180.34632041881554,
    65.68268668975776,
    76.36955295997666,
    31.050699272013347,
    33.19857245796123,
    84.32928704716153,
    383.6002309530807,
    46.78136221368622,
    79.00127322091512,
    229.5346774941541,
    134.43323100090853,
    57.31384262085085,
    93.3309633147275,
    213.84406498959245,
    13.726338567983433,
    8.45908350913798,
    14.114795915646324,
    128.42808291836272,
    22.198327149001603,
    20.28766925732142,
    1005.3906752085734,
    2877.4558840790464,
    2668.643297906893,
    216.3962362472226,
    529.7683151633476,
    698.390531562896,
    568.3660933435573,
    545.3993675415751,
    287.5538480802372,
    95.82486774519766,
    10.155399533822349,
    3705.815534172313,
    3987.2736489442077,
    84.47174459977212,
    84.5248050562896,
    24.19192121971626,
    56.45643371045725,
    149.79454144178698,
    56.132083096808046,
    71.35267770675536,
    68.2120644757476,
    6.019894807889036,
    13.619684968216362,
    66.55868398081195,
    756.660127017256,
    2102.2827741737497,
    11.390743531804523,
    14.298628380561182,
    33.74146023331072,
    288.1875552528481,
    561.7337760851213,
    793.4586964189116,
    880.3079514254836,
    307.579133344472,
    413.48687944334864,
    645.0544109121788,
    737.8676390265186,
    28.93012719094729,
    6.376247677061271,
    824.0247435890423,
    915.1820928739916,
    2185.9200323858386,
    2110.099971066854,
    664.2302367625583,
    687.1203944366969,
    558.1288542203965,
    232.6735621736087,
    145.8106690989775,
    1445.3269594575559,
    485.35557952332056,
    1187.1841515531762,
    5648.485272397563,
    6647.086300458325,
    358.76489785859775,
    260.79282052722374,
    288.7948103683363,
    1025.0352591949454,
    44.61132218990616,
    59.063981522354425,
    86.49835667160116,
    157.65251772467695,
    120.16431850040273,
    392.68264324433864,
    237.50078186922497,
    330.49981300100154,
    178.27044005346215,
    109.20554139757162,
    10.286673055886101,
    771.9135523234172,
    216.8896258967756,
    20.326007127768875,
    790.2593195931363,
    343.56193967438134,
    51.80879080419361,
    62.58353381483889,
    532.1353611259242,
    556.6456379063206,
    378.0231427624963,
    229.65794427394155,
    12.215083545495302,
    4.864359535409075,
    3.391450090324583,
    16.419789729357365,
    543.0490773188866,
    3.675448902539966,
    0.9725240694692641,
    3.461701027975045,
    2.7581428982794174,
    10.22865551325933,
    50.84487006778846,
    93.85679751823862,
    67.13986043569545,
    102.83674080600856,
    127.59525959120818,
    73.15252925864573,
    59.521383342486686,
    88.00672235090659,
    197.70214721210434,
    204.13070836936595,
    91.09701144067634,
    17.452200877096832,
    16.379213512234458,
    13.087251793734717,
    37.87851186126547,
    46.587596314645204,
    75.97028814163909,
    62.831723282959295,
    164.1885512188378,
    108.55862340855586,
    167.83952265626283,
    317.3184788564813,
    167.17842153609297,
    25.492652365150622,
    2.1230885517778137,
    162.15721278925722,
    281.5989086062002,
    110.43815700093347,
    113.31639489881051,
    161.29244737913638,
    47.26687850733972,
    54.6480892741492,
    71.07150362525172,
    651.665024424256,
    493.26996194229673,
    618.9160434984309,
    216.94382241356465,
    66.51300654520146,
    440.3649408652116,
    27.38606455581249,
    48.96451473565592,
    45.4013594946232,
    75.08856267189091,
    14.721908814806461,
    102.35919543104781,
    182.89366955971673,
    53.55251593669789,
    75.13810795364546,
    910.5533083625925,
    20.520058630119422,
    114.16882319175969,
    0.0,
    588.5595316410681,
    70.76482457133336,
    6.261106327396404,
    17.043718521643086,
    632.2924840434431,
    66.45998862432378,
    161.55109974734592,
    184.961958793877,
    163.67913612019166,
    126.04335882575488,
    14.601617434077081,
    27.7901167858077,
    393.7940171138809
  ],