{
  "assortativity": -0.215739212778599,
  "betweenness_centrality": [
    357.2843130081244,
    215.79719519757322,
    1950.0088763718602,
    3718.4356844941613,
    413.32508582645386,
    1528.002733001982,
    230.0039264016914,
    82.99688049652825,
    42.78849150850985,
    39.70703507283303,
    553.5960029172549,
    273.25629639863416,
    1316.8448692990198,
    1270.2001264299997,
    261.03887804834307,
    172.8370459374535,
    125.27836763607459,
    93.69136670493296,
    573.696850164817,
    382.291453085614,
    355.72976002803824,
    342.06873840774773,
    135.1458548646154,
    235.53462115647474,
    18.241553850956155,
    27.447319704247413,
    52.51203739134348,
    296.76010398655814,
    130.46708154349272,
    0.813026683484138,
    147.78010582954755,
    38.09181871857768,
    38.61132668836659,
    15.308755692134753,
    180.2821569207607,
    20.510721889725883,
    5.41388193520869,
    0.6821475812722069,
    64.29569069998152,
    130.66502106502347,
    239.7120559980989,
    126.46296595435327,
    107.69260545097347,
    131.44310445953786,
    270.93373174310693,
    35.96405711583454,
    53.87322689899416,
    26.246065862371054,
    6.035279733521511,
    86.91695545875918,
    173.2927103683904,
    247.6222169797513,
    271.73200346754953,
    6212.088172277054,
    11238.128723056494,
    3420.06428413452,
    4266.853287198576,
    439.0958920262193,
    724.6042491280666,
    1480.9489614646313,
    1770.0371566662197,
    305.6627365535989,
    514.244137410631,
    104.50743473901055,
    583.1869733949397,
    249.89006581853943,
    505.55954225765413,
    97.18890213817212,
    1586.026696164692,
    686.0275172884801,
    535.256661757265,
    115.36780138725345,
    16.230355314975597,
    131.76962743915894,
    142.19781658877622,
    110.91295753545813,
    74.25224033493839,
    31.034943015709377,
    37.99821764780037,
    126.0083323939216,
    128.4945758892667,
    130.85556232900745,
    0.0,
    0.0,
    2123.454090999298,
    2090.3023289471603,
    2154.0637155798763,
    2341.234850713703,
    48.558004023156684,
    181.38528481289566,
    347.717650818209,
    89.31455840071543,
    48.96065891240268,
    30.575465807135416,
    0.17425029828734895,
    56.227298210006545,
    130.88677256167966,
    403.83957421027907,
    47.44262331303186,
    128.80816669335286,
    56.49522365898524,
    1.3474013342101108,
    3.3220216356928325,
    8.808233496583451,
    199.04056804241657,
    171.0677406929419,
    31.14084032651327,
    285.3494383546173,
    9.414465870728906,
    0.0,
    1717.8583935501483,
    45.123890105949826,
    702.7841459744315,
    244.53787544016743,
    67.21289511407495,
    2236.726923741704,
    4156.705753710787,
    565.5823643296104,
    601.3427928621188,
    95.64821432834084,
    71.24101716508558,
    1133.7696989114202,
    290.0692037367705,
    436.47066695987587,
    439.4643072323905,
    405.70254069200536,
    75.74302370374406,
    54.12141821576638,
    239.18875087175795,
    63.716938745283336,
    78.66998557135656,
    16.512306029299353,
    30.038906189737247,
    170.63442146197332,
    388.66261781566214,
    22.0446405032839,
    80.58084622909885,
    216.82701245848907,
    91.93692018988983,
    50.40653202524586,
    96.90748954967874,
    199.88764354143296,
    23.15944507614388,
    7.9080651800301,
    19.10311871735735,
    87.85688203159727,
    15.406944240338602,
    7.085812876192942,
    1044.0229727818423,
    2961.6542269647707,
    2644.792126305636,
    192.84964477538364,
    538.6805260761598,
    640.8103478404928,
    578.1977470075541,
    636.2916810422927,
    314.0954378282742,
    85.75269503986563,
    10.132744419244599,
    3775.106430342804,
    4064.4509467126563,
    41.859122736134196,
    72.65822007788152,
    27.52078874522304,
    60.60740247555053,
    143.26464065306962,
    34.294742621516285,
    65.61886952598911,
    66.38724256653397,
    35.277727055356586,
    37.42454956065406,
    111.44107849049007,
    762.7919453544629,
    2247.5361518015857,
    8.548028721389594,
    6.747695073831346,
    37.131502555330385,
    276.4913866858432,
    568.380334291989,
    784.8289862234321,
    846.0463256768796,
    273.5470463603173,
    393.32745846226857,
    667.7773026534853,
    712.5391087576222,
    28.04259661503886,
    6.258815700637457,
    789.1504563614934,
    872.472034494043,
    2215.7400116790486,
    2025.5218922169845,
    733.1022417161895,
    640.9148354752895,
    602.7178740636756,
    277.6029988272088,
    201.65418392719693,
    1433.8613222764766,
    420.6867811590875,
    1097.8158415701732,
    5700.399131324391,
    7529.189937809783,
    343.17843613557807,
    251.09955493078235,
    339.7183483357811,
    999.1347464708147,
    47.02805780650633,
    64.88908808397815,
    81.61054751009712,
    135.32304413374823,
    137.8568986851436,
    390.3433681828622,
    242.00322382671308,
    337.01637194837014,
    176.13341767846606,
    108.13575138814659,
    9.360960283910865,
    794.7067825176817,
    177.82861853252803,
    12.609106450061233,
    799.7749871124463,
    321.05990751961036,
    51.58004013060273,
    75.89679220997823,
    529.9250252153699,
    569.7069421807578,
    376.6037033619226,
    227.56030356519486,
    13.365359620605712,
    10.252102049505025,
    4.253544235250668,
    20.958245985881884,
    477.1592680660116,
    2.3834302967366314,
    0.6905397517858818,
    2.710218499539726,
    2.6867142653500387,
    1.6513602605466968,
    55.96113123459109,
    140.54738799343386,
    62.849227223067885,
    106.37659565472248,
    126.9990441154942,
    46.115701750673914,
    58.148462489990486,
    80.48490947663112,
    184.26210676497917,
    187.95822351089654,
    110.18502646245744,
    17.821366733174592,
    33.30361885671757,
    15.540455927127626,
    16.536971196964547,
    62.02784271005354,
    76.56727451475754,
    35.33252631389498,
    146.44504840046426,
    105.37119409388845,
    170.65168497922306,
    326.92706329164747,
    105.30274758883354,
    22.442457820798044,
    1.295954784378578,
    160.54190547444765,
    273.33250679214774,
    123.38127181071191,
    97.67821046696636,
    181.16966634287422,
    36.55985732784864,
    40.36946709466279,
    78.71243932017603,
    677.8868735288306,
    518.0469281641602,
    567.6652426986191,
    216.60605574289926,
    67.82488200868772,
    440.4317992929675,
    28.870052321596756,
    41.199486493569815,
    53.617188967184624,
    67.1643287539825,
    13.629032681000336,
    120.45206400414956,
    211.554586371017,
    53.772528035437,
    78.19304582211308,
    910.470676008471,
    21.892206876137397,
    102.13941253410482,
    0.0,
    531.4356178241394,
    71.42852024071532,
    9.7383032868091,
    18.15329728489516,
    639.0167014655751,
    65.49741710755174,
    174.394771478931,
    178.38178158357928,
    168.34830810141176,
    146.06674440210568,
    14.515777542837814,
    32.28050376918158,
    396.4799321060437
  ],