{
  "assortativity": -0.22248291797072506,
  "betweenness_centrality": [
    401.4583611832847,
    208.17006294397206,
    1911.3850246214083,
    3796.26875128301,
    517.1494466703516,
    1618.66141004026,
    345.5605782299972,
    64.93373754463339,
    17.925181496849152,
    27.340814177907927,
    604.8635394034659,
    296.3610469572612,
    1308.7474711805735,
    1290.3947345956785,
    334.6762291354668,
    140.00608455478624,
    127.56237037529662,
    146.60740872868456,
    543.7948140029247,
    387.26054297747334,
    300.99139097278015,
    350.3328897285908,
    123.32199398673187,
    222.99552268975756,
    26.485756563999082,
    39.43423079096662,
    43.055063599722516,
    319.6664142677301,
    133.37290330306246,
    1.2079933215240566,
    168.79892809219768,
    35.14859561880283,
    41.257799846043895,
    15.812568859319708,
    176.21943729080928,
    26.25903270648537,
    4.412042328718895,
    1.3194763116254442,
    82.819410071165,
    147.3152407417621,
    146.73500742192553,
    26.185225899344186,
    31.010812052061205,
    143.4926025557545,
    229.982236473539,
    24.9604368734007,
    46.15453443148544,
    25.16484606863154,
    9.705792197361054,
    81.34148395665281,
    191.57395531363488,
    128.31888964907708,
    149.31376022532152,
    6182.130425814648,
    11080.86771070124,
    3438.5487716574476,
    4332.317796046739,
    433.36375231583435,
    741.1087013450118,
    1445.8100584559725,
    1738.3089121391438,
    236.62064871859175,
    332.54656500835176,
    106.85205666935096,
    602.5408459459283,
    283.0286005730885,
    543.8131483571517,
    105.89575025080427,
    1622.2386258173856,
    670.1222227605964,
    603.2185008663298,
    139.68299049540468,
    16.38912133003031,
    128.9391428172872,
    142.3755498358507,
    139.66963375667606,
    62.06716441955867,
    23.965370809761666,
    65.38907703928075,
    91.89526277859119,
    186.86446139027615,
    241.12031066061314,
    0.0,
    0.0,
    2181.6241164749154,
    2127.4632857257398,
    2041.6706113496718,
    2504.55571750113,
    57.349867740027285,
    182.02516214091384,
    337.4380235265393,
    81.93184128994046,
    45.220078647877585,
    29.729009818915447,
    0.2296265700835147,
    54.94151875538739,
    136.33653698166356,
    383.61309791438777,
    58.36170685314777,
    136.8909798231514,
    69.57544080933778,
    3.3794984630664353,
    1.9157999705412834,
    11.289156255988333,
    196.91833395069722,
    161.71631969620367,
    30.944378148134298,
    303.31471476567236,
    5.941383710128855,
    0.0,
    1768.391078599275,
    41.046360545210774,
    683.2499477465959,
    241.18875373221934,
    44.21484065836446,
    2389.609267477995,
    4310.388001022839,
    557.6876760647457,
    551.3860183181706,
    91.15524807790109,
    77.0682218521008,
    1139.00277063474,
    290.4397119231574,
    436.64594358392605,
    436.62537048250164,
    377.9915772906373,
    95.70081207422386,
    66.34522673674634,
    187.7328149829794,
    51.36086916990243,
    89.330095795735,
    78.98557940930628,
    125.99913984238947,
    170.8103377908393,
    373.9518138535669,
    143.43430003120875,
    176.18996617836973,
    225.24128329330242,
    108.6502660859613,
    137.36976480622226,
    128.49417853102057,
    203.0500419611046,
    13.623859946910839,
    10.236981898180359,
    10.58302294178988,
    61.868363593285416,
    4.943710724255261,
    11.434231223886133,
    1065.4111600308272,
    2802.874937355539,
    2731.5087712359727,
    212.21692982500517,
    520.8223731415756,
    636.1529530780629,
    550.8862079589649,
    549.8132879749722,
    330.8404196975663,
    86.30742255510883,
    10.125891077035263,
    3602.272038454292,
    3665.7983864950847,
    102.50241799490203,
    86.29735988376747,
    41.46806036720469,
    56.159147244697735,
    147.0275866007268,
    38.436474446513984,
    60.145541586779146,
    64.82420933271668,
    45.081993451645786,
    7.441881296901579,
    105.69187073981779,
    760.4834730018123,
    2056.10920264005,
    15.683635308429448,
    13.51308357481174,
    26.585747056010685,
    298.8442511175546,
    589.1272261503227,
    772.8610466935168,
    877.6751962186945,
    365.5921899650769,
    419.66208855504783,
    757.9458469658458,
    723.7026860816211,
    31.360529738843955,
    6.412975532408828,
    779.1443813845846,
    986.4067315805952,
    2259.1652524585666,
    2042.6613690412294,
    607.432141281101,
    752.8298706398099,
    580.0207486629143,
    267.18414988573824,
    210.10680111206517,
    1486.7875485324512,
    423.06058487844285,
    1145.9584748764312,
    5890.115430639001,
    7263.7937886405225,
    364.45554515022775,
    262.84185421412917,
    351.00614156356266,
    1060.9376819568151,
    48.7087236959166,
    66.54075684861951,
    98.78241980686586,
    147.79624004245312,
    123.77463460566426,
    401.72512520159876,
    232.2514424429313,
    339.1332641480439,
    184.4918559551496,
    106.97307285857018,
    11.58884465186792,
    812.3423016456368,
    229.32582110018183,
    23.07680870597878,
    785.4752060592213,
    343.4413629342206,
    57.782454296820106,
    68.07170036860596,
    529.9218126164528,
    561.6717176094688,
    372.98087449335134,
    231.32389817960419,
    12.562158448994174,
    3.2434102943319343,
    2.287549553030403,
    21.474670047073914,
    488.62896386332443,
    2.8250310147757327,
    1.6267875380387027,
    2.9689914315490196,
    3.477360655080747,
    1.0730015082956261,
    57.267774516215745,
    118.86710699223649,
    56.74994262061494,
    105.40660105928208,
    131.47228961688688,
    46.18598810242058,
    61.141595078113134,
    88.04487050778692,
    197.94061590763394,
    204.51653005394317,
    94.64080612374144,
    5.281753739455054,
    6.244760624368312,
    0.0,
    1.6601559934318555,
    54.579725682158156,
    82.30498143577691,
    33.85405693070184,
    143.77737497740884,
    109.90954395957228,
    166.67409876268397,
    311.10933216314055,
    141.07886999456258,
    23.26801868943987,
    0.5588403159659041,
    162.48745046787252,
    293.36997950346677,
    127.9933078109632,
    106.30770346556378,
    162.04152333489836,
    44.99138341415024,
    51.31994489507897,
    77.19270726931423,
    632.6236474728298,
    518.11235136646,
    565.5970085064193,
    230.44389554833995,
    64.9406860015815,
    456.3913102111034,
    31.69870899742325,
    42.42101891199458,
    48.45588279228113,
    66.53781960478334,
    15.295543120202183,
    105.32522893087467,
    181.7022334555529,
    54.00838652254508,
    77.50434001841138,
    978.3401105616978,
    18.715625887666185,
    111.50168198853275,
    0.0,
    554.65910205121,
    76.05848425534211,
    7.566680120555536,
    19.178472621747762,
    630.1286806164505,
    63.227094167155066,
    167.20190031752807,
    179.98931066674197,
    168.04217856440354,
    129.7550855260029,
    12.03953721426219,
    25.466561620565887,
    385.11981994981085
  ],