{
  "assortativity": -0.2361861307271195,
  "betweenness_centrality": [
    143.87403587320915,
    154.58641941766166,
    3118.1500915909783,
    2761.258157314961,
    1213.5160677087767,
    1355.3559517981676,
    402.9588096474231,
    316.5498478260421,
    83.3870798285854,
    126.85572750367696,
    111.06148397752618,
    91.62516453770108,
    51.2310846008101,
    90.3359122429021,
    136.10580357866084,
    47.55930866359464,
    2.9488021678050798,
    10.339400075528175,
    194.76654006288427,
    185.7093923856189,
    70.97547666132468,
    72.90665562085103,
    4.341301914854563,
    58.438316530086446,
    41.163357771140234,
    9.791387722506496,
    23.451483884151504,
    156.8721580011922,
    6.181846403193411,
    2.1576215665640985,
    83.20044689801772,
    4.004146115065425,
    5.828779317156469,
    2.872224994654237,
    5.624930732314711,
    3.8132984539663815,
    1.3000268759343603,
    0.4551063975950895,
    7.884929336595362,
    478.10301890346796,
    399.140465187622,
    234.9439620860918,
    270.0383542162208,
    294.6507852188191,
    283.1712282810552,
    395.93505525803596,
    367.89968476832695,
    73.59310994416983,
    71.31348017928919,
    336.78254564417364,
    319.4474142377243,
    56.10765442161741,
    75.06473989102292,
    1732.7969230132408,
    1628.54462278497,
    829.7618477938929,
    744.6140853954394,
    447.1534463230398,
    540.1696392663231,
    350.85177790500495,
    455.36415980493797,
    82.6818007640726,
    85.77947031358835,
    52.561382814464906,
    28.372722449466632,
    44.672041986074944,
    20.211931945423228,
    33.77165029938769,
    164.28890948224821,
    116.25098764042922,
    87.88448907181854,
    113.95958594149464,
    8.975650508640316,
    16.655744098125528,
    17.700875769245453,
    50.01260765013849,
    4.314979819183932,
    2.718188136216062,
    105.72992219967549,
    108.24943886688001,
    512.2722885166909,
    507.5814742542415,
    0.011111111111111112,
    0.011111111111111112,
    2367.624618580301,
    2624.319886466452,
    2177.258063485156,
    2300.306305027814,
    28.852535674967452,
    22.86136425075854,
    6.741790293018587,
    5.94501214949352,
    7.209885753253455,
    2.035608571001203,
    0.4551063975950895,
    15.54898224558959,
    15.751647738148643,
    17.32771714157097,
    103.6768904623478,
    12.799725504605156,
    10.284094468901182,
    1.9474390377920083,
    1.9474390377920083,
    2.2068660936838613,
    240.9646652970498,
    230.98000602907976,
    184.4117922158714,
    127.98062359055666,
    98.78302821324957,
    195.91048987868632,
    1923.9769306218604,
    25.6463625645813,
    65.57978808908337,
    347.68091240636136,
    366.0933523681737,
    769.358761907857,
    1066.2436983768534,
    304.9595629606045,
    304.9595629606045,
    1060.0220792330754,
    1060.0220792330754,
    4.146186955113498,
    5.668679225329023,
    20.14267162652751,
    8.255070980678127,
    20.79240105703197,
    11.031326869564921,
    17.52872319322723,
    33.91745666247161,
    13.216471226560602,
    14.198379760246837,
    45.469769302160486,
    46.33704994625698,
    76.27020035226143,
    90.97167090786505,
    52.656146116865195,
    43.699730926102895,
    51.214904671949895,
    46.24142056232978,
    8.255852598859484,
    131.55922251740304,
    131.55922251740304,
    208.50328808726235,
    208.50328808726235,
    143.3482089081225,
    66.61651088902677,
    141.01545416005948,
    127.05205446365191,
    23.996038706681468,
    532.3862102115777,
    532.3862102115777,
    186.31199346781537,
    220.70618959122618,
    279.47564386064283,
    314.8188216294789,
    347.15381986052563,
    321.63667590747025,
    12.07166684676233,
    0.15384615384615385,
    1713.2415580944764,
    1758.9626665756591,
    1851.335109013795,
    1799.1868513320624,
    258.19790629030143,
    306.36216954519807,
    13.478292676192973,
    8.577700287492688,
    51.7621774781259,
    59.679369727776766,
    6.915653508500715,
    9.273484192987027,
    799.0521884689915,
    387.55054557353543,
    421.8091396929214,
    5.195003186174802,
    6.626861355283323,
    130.6466928303036,
    47.08077710097418,
    108.29027328776885,
    134.58342666965825,
    92.69077298591745,
    266.20725807608716,
    344.4012709307805,
    472.7234736131585,
    289.692434850273,
    242.4476225647544,
    219.39528981197046,
    234.29357085771542,
    255.06343972039073,
    169.88747932874762,
    141.22931676565298,
    307.0506158946308,
    458.2294109962617,
    380.28184421016743,
    67.82991753422027,
    96.5838374022288,
    312.79647238602666,
    236.16224178750568,
    47.56606280601636,
    2295.808978679482,
    2405.1251160351576,
    16.937955175254725,
    16.496144807742127,
    19.07114336293737,
    256.9585095227821,
    187.5363874669647,
    235.17364061868668,
    42.70054517000402,
    52.11578744917648,
    44.16037261666117,
    49.61979914207825,
    38.40789698522569,
    73.36483744937391,
    210.98705302958695,
    153.54349736285653,
    274.8917432626677,
    406.0795163550434,
    18.73890357511991,
    3.850783574890368,
    748.3802563905326,
    568.5533538010963,
    8.98386191155735,
    4.61631427543107,
    236.63777082080412,
    288.0773559386131,
    116.10123294624918,
    90.80751103710169,
    7.366127287141605,
    3.2381671268904846,
    1.785190736394679,
    79.44241844518314,
    126.69702104215288,
    38.65589794958183,
    34.583471423523115,
    61.26836568085067,
    61.97018426066349,
    0.47870624488420244,
    3.0669484646465257,
    9.120628860621936,
    8.260812967782067,
    77.0980421288252,
    78.747608117372,
    10.039603488373562,
    14.52599606897286,
    9.563986896646709,
    20.89630639957057,
    20.3365877550065,
    12.487053178772864,
    131.75958906555783,
    154.989781538417,
    88.81999362048651,
    133.01641477023387,
    9.685518315282936,
    12.260053122301775,
    474.3126139241075,
    577.4716444580786,
    127.59091090364221,
    94.9128882582104,
    143.9369770668637,
    175.63994413955908,
    2.882808169571711,
    0.8949405378866852,
    6.882814051830228,
    25.97575442059951,
    9.928095393538698,
    10.745502432965594,
    12.458349564636691,
    3.017690128761865,
    2.5984780607267637,
    3.220647771160402,
    5.417809724800941,
    25.216127678422644,
    71.36775269010595,
    5.492743225812724,
    2.7849732929027438,
    18.132321994898334,
    2.990124858129356,
    4.904377412479048,
    3.3705990171390714,
    6.6671745469736745,
    1.9986033617713825,
    4.319187618976433,
    13.852389118941591,
    14.387402975005829,
    24.199595456139853,
    23.691499909954565,
    14.832500943866599,
    25.218902898108873,
    2.971463964053136,
    211.77444441061652,
    80.47006704833704,
    57.663230700404455,
    95.68730272849854,
    388.08582760856524,
    170.40872384613394,
    126.90236416289117,
    129.81154863132844,
    156.36991491525123,
    161.3071042288578,
    88.02613934080343,
    41.066968566337984,
    52.415736091479026
  ],