{
  "assortativity": -0.17548966592670528,
  "betweenness_centrality": [
    211.41581827132416,
    159.60827931650078,
    2121.8578107129815,
    2184.2866493141883,
    1049.8952740997463,
    1014.4720578754432,
    447.3400423040116,
    549.3778970246061,
    114.70578087143379,
    130.13072801282846,
    139.38873854744895,
    166.28834991369465,
    43.19117293159488,
    98.70929829614487,
    149.39828068041984,
    195.54545256603248,
    11.979386585381974,
    16.63176760835897,
    250.6177477582047,
    394.7385177414744,
    125.21415330620609,
    58.76910051635804,
    4.079418022367351,
    118.59030398197172,
    121.98967019318246,
    7.229543965649515,
    7.851370963465737,
    255.14134857577116,
    6.906015240367039,
    19.409189401000777,
    24.79660225886046,
    13.796245616033248,
    11.304305598159324,
    14.646414709066384,
    3.665217480575884,
    8.098032519927814,
    4.848912700264563,
    13.929415465118952,
    18.146633286850513,
    614.7415236620875,
    639.2285984519751,
    429.4311757420887,
    480.7921422127263,
    609.3175334954195,
    522.3388609483496,
    800.4445049738722,
    620.6832244664823,
    188.3925173561931,
    190.48503743937889,
    676.4830987108119,
    636.9138333038609,
    120.88443815664414,
    97.66686207886998,
    989.3146508406787,
    882.7752413829688,
    285.1062457994244,
    362.353977394719,
    428.2282929282793,
    458.1350412580543,
    196.90788179076503,
    237.27232053234204,
    148.06798075366808,
    112.17413166429901,
    97.26824677743443,
    48.79014063623517,
    39.61995195669025,
    36.03326216666003,
    39.35198309437766,
    111.9376135073802,
    110.53188851037294,
    43.53309186909209,
    161.4815595473611,
    19.56479084235464,
    45.45001650962139,
    60.83202446623738,
    88.59888115741272,
    25.04978510293859,
    31.46176866305412,
    92.91980398142469,
    62.42874316876142,
    729.2553700638405,
    759.4738154617525,
    2.9052974891618986,
    2.393100680606162,
    1759.7801699025345,
    1592.871799712655,
    1479.6601799587488,
    1478.2050878754299,
    7.605778211477544,
    13.164529224931515,
    18.138088539040385,
    17.235300860412412,
    15.592673412169809,
    15.655167439971892,
    13.264050773800138,
    58.91686700978369,
    27.422948831305586,
    7.176172158802811,
    152.74170666838964,
    18.98028469007592,
    34.94879936536855,
    11.161294064995044,
    8.728262139992323,
    43.35482024684711,
    235.37346148868772,
    347.69271063968597,
    212.690898162459,
    173.80106667013038,
    186.22491873027698,
    258.88990795623926,
    1143.2461525254278,
    6.353907992928938,
    28.10346515522145,
    508.96477774624907,
    558.7426632264677,
    426.543286663865,
    519.5716755628539,
    199.80816377879154,
    179.27089968173325,
    347.9924927895263,
    461.7232007756617,
    1.9171884148207277,
    7.29267185364897,
    18.481228979763205,
    10.182922001215413,
    2.0524736510151302,
    1.6205841925403406,
    9.687561379534962,
    7.3057281782058805,
    4.838149687968024,
    2.0987225193025956,
    64.94376200351327,
    37.919776422154015,
    98.16909097701776,
    101.61396597274937,
    70.15740486815278,
    57.866901140206025,
    62.76754657623322,
    48.83570996973423,
    2.888308201621954,
    221.89523295326978,
    207.2133386975594,
    325.26455613834446,
    275.0482510849813,
    193.87696046473906,
    112.87385835738628,
    188.674252879463,
    162.02699481928752,
    11.738066483249085,
    480.25919871086023,
    430.24937083098547,
    177.19834276960626,
    176.99494387123232,
    267.98489286734963,
    303.59834633668703,
    327.5354906168689,
    217.02580190276046,
    9.377041586394224,
    1.4348714971380008,
    1177.2921677439203,
    1222.0130831537335,
    1610.3008323432678,
    1320.3002589886714,
    539.1289676452587,
    651.9200840377573,
    5.84038917720029,
    11.141345246045002,
    80.50937003364356,
    108.46929022403208,
    9.05651601883603,
    3.4178415292941766,
    1280.3658116495492,
    224.22413627034493,
    227.98087341005527,
    19.403790089067055,
    10.11960845738348,
    144.55496511766174,
    74.51355208430267,
    162.3971786987504,
    174.5107122979584,
    224.49796467145634,
    367.64534584009215,
    466.1938570366614,
    164.35512725224544,
    311.86144819264985,
    262.93512031052353,
    270.47690493732466,
    161.13498645551502,
    133.3197470301283,
    54.38935007942332,
    109.41683051337114,
    477.08606740210143,
    423.00463948861665,
    170.29763258701752,
    66.99843648548338,
    135.29292263581803,
    442.757982800155,
    448.33111017821517,
    30.33695072632846,
    1586.8271645409354,
    1511.901011804013,
    16.051471695318117,
    4.672557260207985,
    30.547668985694052,
    157.21136484290952,
    172.79162304001744,
    202.93188479890287,
    28.269121567395242,
    25.433012600582384,
    54.120035301510285,
    26.336199209523745,
    33.471099096083364,
    21.370062690614553,
    303.37595172355026,
    372.8839035326557,
    382.6853652510426,
    536.5548116529153,
    8.659284910308743,
    5.287863553692687,
    954.5482073649653,
    1044.0235549746349,
    27.495002148996562,
    17.928927907375417,
    295.0699147756895,
    247.90360485489285,
    152.57138502165503,
    77.89330420592235,
    4.711585054718569,
    2.0236840092842443,
    1.6272284571422875,
    184.316132214999,
    105.84917086411005,
    145.91095554152494,
    116.00483563590142,
    115.44761916376189,
    139.1156069433491,
    4.8267036838942134,
    14.478986892333484,
    27.89880867841179,
    18.45747914255646,
    90.79943823808888,
    116.25204277096778,
    8.27701708874542,
    6.407174655931302,
    31.250599303955525,
    20.881406742932214,
    25.480137905304847,
    17.125475360540815,
    162.48053774631273,
    169.59466314076073,
    238.94349200479596,
    224.73764274265656,
    9.420427228994894,
    21.45182599749669,
    741.3503162525927,
    1070.9519560058432,
    180.2650653727338,
    170.6811651102951,
    148.89615562929933,
    163.835705658778,
    12.029159523565752,
    11.884601304017753,
    32.88189438706602,
    34.97168667857066,
    30.063414013176843,
    8.972107800637692,
    11.692652187691612,
    3.0616481226410173,
    11.080027310093406,
    11.7404013623536,
    9.428437516479516,
    27.289012746971636,
    19.128533162827,
    13.512565962226944,
    15.893707440164302,
    17.492413765537343,
    7.486365024498271,
    12.718604326440824,
    9.716775030865405,
    11.617612711021849,
    17.220863588789154,
    9.93590780050537,
    6.227492297789915,
    24.48796754793718,
    28.531949074089965,
    12.203411159675438,
    13.183410652300182,
    13.995880991185924,
    20.946295701003077,
    222.66494819356447,
    145.88125808647575,
    162.96855360061775,
    210.1868927490578,
    161.4926760542425,
    220.8140303945061,
    203.97558675691877,
    229.25034675927014,
    169.98547100330677,
    185.68443474158042,
    205.88347662538828,
    196.44263934690304,
    181.4969513868955
  ],