{
  "assortativity": -0.17169795556561918,
  "betweenness_centrality": [
    131.78496321555704,
    202.65793751920367,
    2094.979922646885,
    1920.1009538850162,
    1163.7416810498653,
    968.4480629378584,
    386.7617112373905,
    537.063205761221,
    144.1907704306925,
    107.46114580042274,
    160.07700024283707,
    101.6846377532762,
    56.06233646778536,
    59.9608694010056,
    123.43965015261267,
    203.66228640439087,
    6.7535813063198535,
    12.421501787427486,
    331.08310256476125,
    443.4344084447645,
    45.60111369590136,
    51.09079479017506,
    21.301267660642086,
    111.057521207338,
    75.95559591124868,
    18.774061661978838,
    12.458421574035494,
    274.71105515079347,
    8.680376109289973,
    19.804834696805976,
    14.01090266786128,
    26.978158899031243,
    5.112347926344992,
    21.731525141816757,
    11.366626683158326,
    8.344117599123834,
    10.103719818848981,
    10.15716743017056,
    6.441133386576849,
    663.5773776521678,
    597.1664887824704,
    434.861151878284,
    563.7256449704188,
    431.6666860412086,
    680.437192599547,
    810.923537748783,
    791.4239161674786,
    201.09813999981642,
    215.90131261855674,
    759.2010630227788,
    681.9292874432821,
    104.57288455601068,
    77.3388224043772,
    1062.46048344917,
    1089.3341791157352,
    224.9703050498838,
    516.911231769451,
    369.81987091864085,
    485.4646288799994,
    232.35704798222324,
    220.96747784049398,
    169.1959658118236,
    92.32014431505287,
    166.15439493006477,
    56.13442466935908,
    53.386348684483195,
    38.694725524179674,
    49.400963949979406,
    99.67182447692883,
    66.28185512230294,
    49.918769442014316,
    171.9017736577188,
    34.934329472876605,
    67.13638255696189,
    66.64979345956853,
    79.17527568128305,
    36.890875517093605,
    14.959256017200437,
    104.78488774699021,
    59.51612986869685,
    795.9258675377655,
    665.3444715861591,
    1.9458400259627495,
    0.9057372691188782,
    1361.6072880878455,
    1633.88760621382,
    1699.3613299078709,
    1480.8051174455634,
    10.969867449282177,
    13.117021050209216,
    24.947275171054574,
    22.840666894250763,
    21.22161670788529,
    7.930402296884352,
    22.010261873634747,
    38.444621635548835,
    25.74984121524806,
    9.322111509754627,
    111.00384371653767,
    31.61888573999461,
    12.196639412479776,
    8.814717375373759,
    16.785918376437323,
    30.761254154560014,
    326.8412275788548,
    315.80387292168245,
    204.7355424126325,
    237.82932181683285,
    212.9294994115282,
    343.1065675139169,
    1161.9902636641352,
    4.3306245189251795,
    36.9359113238383,
    419.0786106450438,
    636.6696091145122,
    451.24612730325396,
    643.724712553351,
    185.4847603256602,
    166.36576543722572,
    423.02621704915794,
    490.667298450602,
    7.079793399137846,
    10.004606732192459,
    31.9004339800893,
    10.777805233496558,
    2.2650465038286924,
    2.020128334442362,
    11.344985847050502,
    13.142428782846874,
    2.3727471610811635,
    3.2583313518269255,
    71.21993207739472,
    43.440791763632376,
    87.77869676703722,
    97.41773706863306,
    63.57979125061476,
    62.80494854919617,
    79.7385611560872,
    64.62908221269505,
    4.047056216562679,
    242.93661218924228,
    217.5334783696862,
    300.00341656586033,
    212.18328599986575,
    219.30575246799665,
    45.8036873505017,
    213.10226287960506,
    176.32051306232995,
    11.805611933581115,
    528.6659749241744,
    537.1378010418249,
    171.01168941958164,
    168.30147319296793,
    265.31011494985876,
    332.2002364584186,
    294.7196984150065,
    306.79838892024867,
    6.553883300284999,
    1.0920458976653442,
    1180.517031247244,
    1236.8804454031035,
    1469.5712351897487,
    1454.7356639397042,
    526.9894490924189,
    726.0765782442802,
    7.227570722594602,
    5.884638010503499,
    70.88235061415207,
    121.5053054782583,
    14.227778996922595,
    2.3804713385944276,
    1317.101173751794,
    386.63884626464437,
    276.12240003603415,
    19.66078248981614,
    17.503546727203545,
    127.80357459400761,
    112.73234123890283,
    173.05117170900562,
    219.04797142044458,
    249.1868060388419,
    383.6680659074034,
    412.7126672821324,
    195.57307346053753,
    264.8229689416395,
    261.8342119304688,
    201.65002018583692,
    132.18643525503137,
    154.58906713511354,
    78.6522011394048,
    95.73015277270072,
    310.3934986344599,
    409.4659170377069,
    186.6936025559674,
    81.05353170384322,
    143.69617865770022,
    409.5385042356524,
    407.0141515979429,
    27.20479411187464,
    1418.2985938270353,
    1622.6591892972588,
    11.280622541625329,
    11.132628135122932,
    33.48945054683492,
    142.9898942227972,
    203.94957525669156,
    174.58666327332125,
    40.57750924039057,
    16.393295858710957,
    39.31432180375322,
    27.83236183606487,
    26.065387337481862,
    27.894715494155445,
    307.4285345199516,
    313.5990082348087,
    236.54395215542476,
    460.2469024314007,
    6.178398646467437,
    12.105702139290448,
    909.5598967569417,
    1024.2238313504604,
    23.165750894425532,
    12.457268222970336,
    263.29270429019004,
    317.7165034445024,
    136.36970487352386,
    116.48048324654404,
    10.59625429877793,
    2.012928904193272,
    3.8563701241273516,
    134.12741656318335,
    91.38516609511706,
    104.97093103596124,
    131.59683623207994,
    163.65697155479123,
    136.9863171840739,
    5.212171800547846,
    6.504253034916977,
    23.858559759688717,
    15.574804749178242,
    92.01006878164128,
    123.08433789670795,
    6.417366577090159,
    11.304170838377733,
    20.25208583381959,
    22.756421015962946,
    12.364283575027326,
    9.03242104392925,
    169.45996910656956,
    137.17242410929686,
    149.4912502419941,
    202.82307876765782,
    5.6624347580541174,
    12.700921406153487,
    665.3818114804268,
    795.8084317001542,
    100.35946835168893,
    112.3544534322736,
    116.68889779333148,
    177.36120287009365,
    19.351946351507898,
    23.516655920458483,
    25.966869371661776,
    24.333951156846837,
    14.272676737052116,
    23.787915418230163,
    7.405362754361358,
    12.851071086946794,
    9.309499323261814,
    12.536485909828901,
    7.6710249025236195,
    12.60611462343435,
    25.915661300610967,
    13.35645493933897,
    20.411921284608034,
    17.07769106553576,
    23.858674993380408,
    17.32633953457543,
    9.35398914890819,
    13.513436632738708,
    8.275708725458177,
    13.529726921024581,
    3.365580258831621,
    31.53592468742434,
    20.845584165813065,
    21.032619584286714,
    15.488391020021659,
    7.487626106614767,
    14.60510845593602,
    267.57659379804323,
    164.48706169412475,
    250.30253948110268,
    156.77141208807583,
    234.7521569231406,
    196.58893928337181,
    159.23269620695973,
    150.41823307497665,
    180.69622108313624,
    174.09640873308837,
    216.7048327617718,
    187.60145448314037,
    192.7576428824224
  ],