{
  "assortativity": -0.06485459333043787,
  "betweenness_centrality": [
    497.29064868215664,
    664.451199816083,
    984.9776372062998,
    480.89506744726816,
    286.49876639745906,
    381.9707883210301,
    523.9196546460106,
    433.7513426847365,
    130.93916685375203,
    30.438219524617633,
    444.6220845380994,
    120.25860398883087,
    1166.5881896999015,
    1233.0022688299875,
    316.1973834970902,
    471.6578442455301,
    204.37749277429887,
    152.27635947947365,
    360.71136743065,
    217.87894608166266,
    842.4766897251181,
    540.7616430926848,
    85.39379138781622,
    201.6707124947498,
    105.50996609161042,
    77.63972488729799,
    81.30294966617754,
    276.2429794754311,
    112.75599310134275,
    73.22425753936311,
    73.84071145517049,
    109.83249723155305,
    39.40716781922384,
    97.58820170910862,
    28.231923574506986,
    16.440713605991135,
    35.7163840575204,
    28.107133552668667,
    13.64117836293999,
    366.1256127439806,
    450.2419761662674,
    49.614411184680435,
    104.79043775859974,
    339.92819213602775,
    466.2401952955223,
    192.35226528732397,
    91.658835031443,
    125.44720720657666,
    17.100474045802837,
    54.06538645750791,
    238.82939865588747,
    217.63955215097005,
    134.76352289970237,
    5395.938111264447,
    5216.833882986367,
    2367.2683248974745,
    2255.9995786454165,
    2102.4030748370114,
    2395.000406702833,
    2253.597474681329,
    2303.885889100398,
    446.1218953173449,
    377.4442400861623,
    978.1331280907198,
    853.6849217162254,
    484.1718023727987,
    722.6157761193479,
    660.2951466489984,
    330.0602937427206,
    456.9183240064158,
    634.6145322950515,
    235.8167203005498,
    48.66215102762013,
    348.149474488799,
    332.3831638533041,
    228.28641749291577,
    341.4571153863746,
    246.18235480858326,
    388.0737448192811,
    205.32333229902122,
    92.69409785351363,
    177.7142093042876,
    0.0,
    0.0,
    617.6147164491906,
    539.590025483805,
    394.60909241332223,
    835.5566613681989,
    110.850182353716,
    247.57436063497028,
    166.08297172331297,
    88.48953332609355,
    165.4988449788283,
    92.51424454118278,
    46.177788235540795,
    369.2936208855053,
    228.92047335937778,
    88.4442478632333,
    94.19061105450776,
    196.4477266274961,
    110.32934079382868,
    25.660939035650163,
    32.29957904774375,
    174.2433473560153,
    445.95113372929114,
    250.7683093806337,
    22.485632481385682,
    27.325720168494737,
    84.62886529653045,
    269.25341674626605,
    2611.016365010295,
    38.45280654985444,
    482.53781975603414,
    245.51814360992032,
    186.0330415299203,
    438.05285930557267,
    1493.1422058760015,
    43.34693416308972,
    106.32304385297192,
    38.76571642519189,
    112.17112074197641,
    115.4326536894274,
    77.6982233504364,
    123.54032060797736,
    44.1048785110921,
    72.81094836694038,
    76.26424150297362,
    155.9049442164751,
    320.100635449441,
    135.3951348244317,
    80.00294837525755,
    133.69060225482215,
    152.9200441244404,
    140.91331526164788,
    201.28833781800944,
    90.51726047483781,
    112.6585195540353,
    59.9897455216926,
    83.59891830615058,
    16.47149866248134,
    82.66777710303418,
    48.46057791188711,
    70.26019759347606,
    80.35180726859124,
    63.898773745245265,
    0.0,
    29.529782088431844,
    11.905318514755367,
    118.59226321423155,
    76.6527274772332,
    99.47705192676736,
    139.46939846354826,
    576.1813367187592,
    60.89763869376027,
    175.33366583534652,
    96.45302187554958,
    247.7203055218091,
    27.646540192504595,
    8.41223242430952,
    1.1765754433092193,
    6.591911221824801,
    78.14727112387978,
    128.28681045680707,
    126.45296302879787,
    149.93335964152394,
    80.28651302295644,
    61.09185367057533,
    0.0,
    0.0,
    14.420829521348248,
    0.9085932313364005,
    174.76589792263314,
    2117.205962940738,
    2090.5800755130185,
    97.92451181105152,
    78.15150073406873,
    21.90596541487902,
    500.9816128855645,
    1259.7958106401823,
    291.8603227736322,
    591.9571134952588,
    228.8042446155416,
    344.1527821800712,
    767.2973212175974,
    520.0092579158458,
    68.75693752454947,
    35.99048508996714,
    1391.3372262161804,
    1250.770345275769,
    621.7264973519034,
    362.3727762331068,
    725.3776699455901,
    821.8764913548239,
    330.9068857796361,
    222.00581375329443,
    437.60671190111725,
    693.9630267575345,
    536.7008849795541,
    902.5187910762853,
    723.3188500952652,
    756.3931400995143,
    367.49327082952465,
    249.4492337240516,
    779.877199894246,
    503.88768433971546,
    174.33937898520267,
    486.7037279594474,
    452.05045429625545,
    349.2821835534418,
    899.5396109103795,
    654.5420178484072,
    332.35982981960996,
    423.3656725983949,
    170.8646690767431,
    102.33841194469218,
    139.75574189449404,
    279.63460202566546,
    283.6726621388682,
    159.11956199923327,
    1186.410884826678,
    541.8303220480191,
    396.140433564333,
    227.86634730202886,
    353.0564604061826,
    430.94639246334606,
    560.337664312065,
    182.41332127271494,
    119.44593537809362,
    38.76472257168497,
    28.824700569126783,
    236.32343430340387,
    107.46812661664663,
    115.65826408972634,
    165.08358865794236,
    75.59766184035644,
    63.48721717779813,
    23.246575734845162,
    26.16482790590035,
    163.71847512262036,
    162.496789865048,
    201.98146714742913,
    403.854204103403,
    246.5518579580659,
    134.9660264034535,
    808.2914694494012,
    466.27343210153066,
    555.0357270345625,
    414.8900922915924,
    33.08744121351719,
    35.532997611882315,
    114.55333649954007,
    181.47703567290378,
    197.0554071090258,
    430.1883900414164,
    427.74107228397156,
    871.0710567590164,
    78.17888363829614,
    193.78700253144314,
    263.7818968413724,
    295.3311585892623,
    54.68432845012185,
    45.097692501852926,
    155.9328979333341,
    367.3814221192875,
    146.20066443070775,
    175.0308981860315,
    88.59273359644091,
    51.95568826397753,
    102.14081812143681,
    83.54490181751783,
    145.8626571942794,
    106.73154812385751,
    292.4712998428871,
    63.636274838752165,
    42.56832321840527,
    92.5414527919187,
    61.0648554924594,
    83.42351717521936,
    15.266322554322432,
    51.81989931214738,
    23.31547708943224,
    30.527105654906652,
    29.020379743676536,
    160.30654864181312,
    160.73025671541708,
    329.8449549523307,
    1.4174190899909092,
    7.322413289326883,
    14.269557975679781,
    67.42728403736825,
    43.60990461233685,
    77.29801508666591,
    191.91317785054434,
    96.83965405846655,
    92.67207202243995,
    238.00705064999235,
    184.33543080842153,
    172.716826924786,
    213.02245508327613,
    77.14397335995207,
    33.864524248337446,
    68.55798039775671
  ],