{
  "assortativity": -0.22719756990865786,
  "betweenness_centrality": [
    455.84826945563105,
    441.54750285706297,
    2182.731128782928,
    2111.0678247031283,
    699.9134557509254,
    1202.5494417555237,
    253.06465822707412,
    108.24756027166347,
    26.7361269180449,
    149.95637522858019,
    1026.7500323008578,
    985.2360646450933,
    646.1062554366802,
    855.0049679212249,
    45.467445731124485,
    33.26539526639249,
    71.27448360649694,
    196.34795870695655,
    107.02054424803701,
    67.50300136928657,
    348.8756369656911,
    582.8724814798569,
    5.541155608561588,
    160.1347017688591,
    30.674741294351513,
    32.53787823988592,
    24.84605218908685,
    520.6211453942489,
    108.09068459012197,
    29.94490057628196,
    43.11246881356505,
    70.00102921034376,
    165.44523345008542,
    70.31273609797995,
    146.73664381675349,
    269.28747578841615,
    132.13411349769584,
    24.047359870690265,
    86.61397468695174,
    82.022956676262,
    295.8626272109169,
    24.756657723212275,
    115.66128462917075,
    422.7027204725767,
    383.8091775218795,
    43.56650382846121,
    45.682950202676835,
    73.56265952743206,
    19.228125512707464,
    245.6284629496891,
    112.1642760266487,
    104.1193275539462,
    152.41070345718452,
    6590.536634884766,
    6859.04750024446,
    3496.2607144422936,
    3577.8559294276106,
    695.083432587333,
    1093.101544516854,
    699.8086256335433,
    730.9821890240811,
    761.1769925626072,
    474.01344456513306,
    298.0883242084249,
    398.4398968758172,
    735.8124091915138,
    588.5767034205963,
    378.1022501877648,
    1539.4422877577933,
    562.6841550590669,
    324.01670491136207,
    196.60107288923587,
    36.008341633838874,
    382.33874246945203,
    86.27647617921177,
    414.28935409380114,
    170.78308137389814,
    208.22369994647846,
    200.26075291943303,
    259.628929999226,
    110.08889803762818,
    174.39837077862154,
    0.0,
    0.0,
    2565.956996359527,
    4028.7178043058257,
    2049.3580286132674,
    2307.699822276309,
    287.0530661752418,
    202.55860501366863,
    311.21259071121517,
    357.2580016141488,
    168.65948058777107,
    59.076222911419244,
    5.965304508639529,
    112.16700874875018,
    125.48298113292873,
    200.71432131789527,
    332.7214762399989,
    206.26331472233767,
    112.59310743088633,
    34.97480022707396,
    56.344107861213764,
    87.26859525858123,
    229.54848634181772,
    151.03985131531456,
    73.87331286199382,
    82.94453879046384,
    40.00596936308533,
    0.0,
    1478.2571069243122,
    383.6922000029882,
    605.3853855999009,
    251.7699802373686,
    165.79356257668823,
    829.6169818010948,
    2877.297449361084,
    253.87822575286697,
    217.32989514108561,
    73.93219302091538,
    146.70383135318488,
    256.73760707378904,
    130.70413757660234,
    211.98132852541195,
    118.22137864816021,
    119.13967314061227,
    142.72840724644738,
    391.89955941987915,
    132.48980020736022,
    230.78530826376763,
    135.09865090712165,
    28.020763558383965,
    18.201608792572692,
    183.60654929886428,
    108.72178951959422,
    70.79490275417065,
    27.4537942635641,
    168.60301116619425,
    66.90108721621856,
    358.56714894733574,
    179.20404136961056,
    220.59296356775138,
    83.83379750481846,
    400.9225844946355,
    68.57509228531949,
    79.05021027202187,
    64.90995753342821,
    87.40646918737434,
    351.81992973646925,
    1101.550277091515,
    1186.3790920971874,
    186.34867672799953,
    671.0686368159337,
    219.46491849359685,
    534.1545492255507,
    360.2808107609992,
    148.66205885291254,
    29.174240076207987,
    203.05257536901996,
    3313.211288615593,
    2975.751028643818,
    99.78282042574156,
    152.84143930573205,
    152.2055412880065,
    72.04576757074453,
    275.7378324078742,
    72.97749632413985,
    33.998239187700364,
    497.76768402855754,
    7.96423693311911,
    5.355594224507688,
    167.34098976102777,
    1529.6175566528264,
    1829.4658631263628,
    35.51101813154455,
    14.25240063389617,
    85.52617623862439,
    332.9836800641985,
    242.61289741565355,
    558.2104013548935,
    630.0479736277009,
    221.08316906735715,
    276.3847728684587,
    692.6892244930821,
    451.05677894706554,
    52.290738872480524,
    2.9738077310338977,
    468.8924730262359,
    402.7394262873539,
    1108.4159248027647,
    1343.9076841522203,
    912.3405373824517,
    1048.1200696423834,
    446.26350657431703,
    123.21128206497495,
    230.26430291447033,
    1201.6504734054042,
    559.9117879388189,
    857.704747199723,
    3131.004507012639,
    4626.109762279253,
    167.07700057037988,
    119.59651821839351,
    457.3182329805582,
    809.0017576558527,
    131.5531260396371,
    265.04798098482036,
    241.42058916548854,
    186.18801589319582,
    270.1851859131316,
    122.40649310893721,
    262.67938197699857,
    420.4066565800425,
    68.19115744794799,
    36.1360782535084,
    14.356474193030666,
    519.6740066350904,
    102.48710748931072,
    64.72389717320611,
    892.7718611594069,
    560.4483146564775,
    73.79736686918278,
    62.40847131451608,
    116.9969482479769,
    510.28750241227607,
    99.17156434486405,
    120.83237655305675,
    159.10306152777943,
    81.01843908196845,
    25.34824427402746,
    84.88419618415482,
    105.15047873960793,
    10.519991442238192,
    11.35003093262511,
    3.146537893325374,
    14.964084611275997,
    19.191517691293523,
    49.19853443635657,
    65.03942433065367,
    53.49053939081169,
    217.2390963540446,
    91.15384370456947,
    25.781385307006197,
    38.8932742487157,
    314.35437226368606,
    96.93547611594693,
    299.0518870197021,
    524.1073208878728,
    30.89772889997468,
    46.10165418797567,
    17.921359034597444,
    31.24781694065292,
    90.90120288504767,
    258.65548063167154,
    90.24596371584346,
    73.1189885781792,
    95.27606742415618,
    68.29287776541237,
    258.4581012523751,
    72.98170825720717,
    125.66086673677145,
    19.128902947577,
    120.06664604647736,
    324.3896873344528,
    472.9798438743699,
    210.19994119200408,
    183.9937394610584,
    140.5026518742601,
    101.07211542793492,
    53.569898998223515,
    499.87949824160347,
    274.733604349374,
    692.4834554666878,
    198.48331841510816,
    49.77620665435064,
    341.2424850633281,
    87.66390353940331,
    121.5237833208979,
    71.52156627284108,
    138.840979474755,
    7.00342339228239,
    175.7064612509456,
    518.8453406612474,
    239.31942998858955,
    292.95730894943745,
    415.39935041258565,
    45.44937076804928,
    305.20097942663693,
    0.0,
    352.2784402980612,
    102.11614746356084,
    39.386835487722585,
    30.854749803711837,
    94.80312515169251,
    280.1555976630927,
    107.83479647988958,
    101.19858437365163,
    182.29251391064702,
    79.60996258048256,
    15.432686626317862,
    122.2534467707222,
    13.983905290378264
  ],