{
  "assortativity": -0.22081239502851222,
  "betweenness_centrality": [
    278.91803495863235,
    462.33973520802857,
    1255.647799753146,
    2311.8246357260887,
    548.5817157989577,
    2042.1906672327357,
    148.2281882139705,
    125.47393678922784,
    28.378546916065233,
    160.75397034247143,
    461.73369728070844,
    279.87116299002054,
    922.822086592992,
    824.7362451449867,
    113.69425939759451,
    43.56257373383039,
    174.4309466050659,
    153.3840323069111,
    184.19969992348948,
    225.26833454333408,
    542.8353749153176,
    371.15198232751294,
    29.270878742075226,
    190.12121645659403,
    74.89856401463791,
    14.164417649175975,
    68.80625925199188,
    546.9804678643476,
    52.887382132134356,
    36.273299854477656,
    33.25320343232659,
    85.7447271975623,
    197.63055027727773,
    25.70818863084401,
    48.39665371418998,
    317.48972795325216,
    40.256798491914935,
    11.547429781747006,
    21.40875868229557,
    158.08578991408635,
    384.5016485441284,
    62.006998992923144,
    81.8255940791015,
    319.3950405290011,
    606.5616633927173,
    120.23891693343354,
    32.858990378666746,
    9.76144739592865,
    5.0374170153006155,
    284.9843129343308,
    155.06694363008813,
    100.26585484077884,
    117.5613514444177,
    6104.140029496126,
    7741.099605694032,
    3035.9231866273144,
    3563.9913144924517,
    1046.7786739848034,
    1002.159808268252,
    968.7074744998318,
    691.7636915697971,
    437.1657010045983,
    352.01964043884993,
    270.86418672998684,
    556.9820654485268,
    393.28934031584237,
    940.0979517204081,
    498.43700220848916,
    1447.15754196816,
    593.9052331273884,
    516.6825009157959,
    402.8748544398212,
    61.710305653490494,
    391.8137204248097,
    181.92130257686014,
    187.87335311309363,
    94.51662856208885,
    107.00384313166985,
    103.66003878822457,
    196.2713659884045,
    158.7220399109564,
    107.53399757673002,
    0.0,
    0.0,
    2665.32642650521,
    2375.872477229315,
    1250.8422839587038,
    2513.975506351921,
    280.4619753353559,
    269.7455449151485,
    282.75697814996477,
    186.81540124898316,
    454.7444148611548,
    244.18114747194375,
    12.315328410547897,
    42.389647582266925,
    96.84691805628036,
    420.911327468558,
    155.73265624997433,
    279.2335022204679,
    339.8715628375734,
    41.939829700508035,
    64.1840161188058,
    63.545604504910315,
    198.68064614151538,
    147.2129288899636,
    52.08390129231292,
    51.462585382954856,
    63.6419527116645,
    0.0,
    1433.4731206669196,
    129.27221734870037,
    851.3596775513718,
    330.0582460099211,
    453.11741488718445,
    1810.0911373476793,
    2372.175365344596,
    615.4909600883678,
    185.97333129349906,
    282.6271970168053,
    118.8019241757759,
    158.99418874915153,
    57.83226958390258,
    243.15464572649967,
    82.08742573913193,
    415.45551095314704,
    53.23132215064493,
    64.49367412517641,
    270.5766967840156,
    129.0576195991962,
    145.35634117916268,
    8.240182353594063,
    18.678658105121446,
    86.01722625573184,
    217.93549013414213,
    10.045077435689441,
    22.26491399131899,
    121.22929409467908,
    159.93454089607414,
    343.60718161267954,
    173.2117853637004,
    499.688325133046,
    102.97668494675054,
    123.25218032568684,
    95.28790708575306,
    53.924609709861095,
    273.13893745853653,
    84.84016137208758,
    612.144733940483,
    1601.1145095240563,
    1658.6798774890246,
    277.3459130358348,
    577.328847870827,
    172.62767870329807,
    170.1125637513097,
    267.6751500187488,
    285.4484313122842,
    127.49040879860269,
    12.420362436570887,
    2406.633858899349,
    2293.6401977143296,
    78.4636255704004,
    131.05643081152886,
    319.3464602032767,
    165.21119028515355,
    209.43910066748654,
    74.25340441790239,
    31.102551086329374,
    106.74210619544705,
    6.703623887920389,
    0.8831828301782338,
    135.74862930440474,
    2112.2865106547674,
    1932.900600736049,
    23.080126372081796,
    6.931525469286198,
    35.3775041566052,
    380.0751259269758,
    247.48002503903174,
    670.775455658076,
    449.5612113762484,
    169.4767294243983,
    723.0211535113693,
    531.3344970124693,
    654.8462665168992,
    86.78843673138726,
    60.57966180224346,
    505.51397074805465,
    499.31503222488953,
    1395.8245150443756,
    1261.4219228120464,
    976.8702087158068,
    868.6835988775947,
    161.4380717342219,
    239.19336034832625,
    175.44476377951227,
    1069.6878665961046,
    555.2908127619529,
    927.516058393247,
    3233.6213965521893,
    5352.951560967982,
    152.56506348476427,
    145.90223983445358,
    225.5336518579225,
    768.9093125731339,
    204.05031068948645,
    171.39550617330494,
    103.63162501176078,
    98.23273657760679,
    572.8368251959345,
    222.39580201233053,
    202.35068991105186,
    794.201065902001,
    80.34091840757726,
    44.62103477328478,
    30.222260145975902,
    209.14951514869176,
    285.1246967646382,
    92.70082433921765,
    440.72818603894603,
    404.49229517902245,
    66.31920364666469,
    35.471464148862786,
    39.516492220376904,
    92.02118173758382,
    80.49455712752454,
    52.68585790158272,
    167.20597347150246,
    32.188158153438934,
    57.33075176225648,
    51.15025391135551,
    369.58364653966294,
    8.769919705222156,
    51.65188677026273,
    27.12197714570361,
    6.53475051676548,
    13.360668574103581,
    151.62938932933412,
    160.5119446723095,
    35.636715010183295,
    245.16038614124432,
    264.5762849955974,
    76.32605729521379,
    71.45932750678054,
    240.3631013709665,
    315.0962053180324,
    256.7044918957756,
    333.0994399033567,
    21.536357089425294,
    44.310253580307155,
    5.7263971836754095,
    42.35653839407374,
    78.12318243940028,
    167.0577250116453,
    223.75138564684977,
    401.10659368946267,
    85.19605903436731,
    73.91073515082981,
    43.30115283617541,
    54.031227480873376,
    107.5081011537156,
    24.121159130115192,
    106.81906656867157,
    341.2741348092452,
    264.1678549380103,
    190.71630237078773,
    202.6144376663535,
    141.28858852060483,
    85.53499596121502,
    62.15285302306461,
    550.5311821197612,
    301.5349905360701,
    417.42429272737894,
    266.15065108468525,
    57.9533056269099,
    677.922052377546,
    96.91144886071983,
    101.68321201636886,
    79.04647625268099,
    199.70783925721096,
    60.346804756121514,
    197.22521337147694,
    240.7591482965718,
    172.1421369193338,
    119.58710704617668,
    768.4867308421466,
    84.40607724384269,
    79.20151396812703,
    0.0,
    501.83075969236506,
    155.70223729555397,
    9.324206709046575,
    26.77034343700889,
    144.47786250193786,
    239.6376776444429,
    263.8462147210499,
    139.7316893428795,
    294.82489578824624,
    82.53135447747212,
    37.86362681650498,
    79.47142899247793,
    10.29443638634953
  ],