{
  "assortativity": -0.22195219281610898,
  "betweenness_centrality": [
    319.00605078940936,
    504.2769406550931,
    3245.2925366938653,
    1955.9165021888966,
    524.9197608869854,
    1065.3323577759363,
    168.83069120311396,
    19.75387195819058,
    47.810253514644636,
    57.92264011254148,
    581.2397028979328,
    437.4514102280589,
    621.0234382756549,
    742.4561341412139,
    26.829453903833148,
    46.68786170026853,
    110.18394049610637,
    50.34075676934337,
    253.18384624635246,
    132.68044803385104,
    393.68154809502175,
    351.94102392053094,
    19.918811549746074,
    327.72622286688886,
    13.108263573745468,
    83.6519384083592,
    101.8285942750504,
    449.62453468336037,
    197.5859660275008,
    8.638834308391043,
    34.75811082995775,
    172.70002382397445,
    156.9838778015991,
    38.80579314190591,
    257.47300681286276,
    124.58808534857344,
    14.99447474114767,
    9.883674673855854,
    106.0158928424132,
    111.55328137805944,
    185.16756293984932,
    17.94493291914628,
    409.44357057466203,
    620.5561712866689,
    677.742565142808,
    42.986199120790936,
    96.10494517433683,
    28.728044408545063,
    12.661031194841906,
    118.41909309475909,
    59.427975904153314,
    140.8611705856934,
    119.4426611420483,
    7148.6181079687785,
    7046.916938580282,
    3266.8485480026566,
    3541.632251586828,
    797.8523523693852,
    1098.2167135086102,
    916.730892704544,
    1144.7228551869205,
    512.8187006593611,
    669.1962028742654,
    308.8690456023186,
    362.2958361697169,
    467.74124059133163,
    666.7319294235975,
    411.5030662294841,
    715.8859176795395,
    1102.0444827947817,
    493.42297275897954,
    243.12045070280408,
    41.13400871517551,
    286.8479570960182,
    107.12434801067923,
    201.22656041088226,
    217.7033850926078,
    139.93938545707454,
    204.50408517326764,
    104.58506629668291,
    92.26944995493008,
    119.99221746556884,
    0.0,
    0.0,
    2640.3775155234125,
    2116.605052211136,
    1651.777253701193,
    2682.993161657034,
    186.11190433240836,
    249.6527089874619,
    127.3293653618734,
    219.42192348817375,
    137.4469804932428,
    42.01561570284442,
    5.104995149883698,
    27.094533631571796,
    95.22369868096119,
    324.9715239631309,
    163.91717947424235,
    306.8213239667684,
    233.49587039210746,
    26.435905773790207,
    18.988631295636775,
    46.26666199556592,
    436.6685281081244,
    99.20087861694147,
    51.95197882839639,
    100.71243511065988,
    51.78345229673222,
    0.0,
    960.8371333321611,
    85.52306516035836,
    863.7309155559029,
    330.45097557052316,
    594.4778604133764,
    2641.7390899271654,
    1937.1592114154635,
    241.03614033916787,
    557.0420336294468,
    117.50547479340253,
    120.84060999361245,
    371.5728051826483,
    134.27985875016532,
    146.03903180079797,
    74.94522072343733,
    273.6906438613652,
    386.8604905849976,
    278.74440487852684,
    85.1071591637709,
    107.96268246919885,
    255.48132147310275,
    17.071463265766553,
    17.937321572063517,
    97.1908191120501,
    319.8729381921315,
    56.291043388240666,
    71.68496110641736,
    253.30738150643046,
    44.734120263624995,
    419.4370957403477,
    106.52634603803675,
    303.1807981417915,
    163.65159658073634,
    122.09589204584711,
    60.0723905036278,
    48.27681280923606,
    98.23625507911633,
    33.40856299177962,
    335.68949461477877,
    1660.2175607344966,
    1276.460371982072,
    202.11144339161783,
    555.5221884635804,
    399.7349553421089,
    367.6193525723132,
    388.505169629419,
    256.884598921632,
    14.855220312364692,
    14.53567506601645,
    3466.990632764324,
    2480.992827348475,
    332.2959886367127,
    37.31972977862715,
    79.83116434312909,
    112.94742186806702,
    117.45699974706606,
    73.14310555710394,
    8.242839400904533,
    106.91372846031405,
    5.692676373090944,
    21.001297203188297,
    225.60031468717386,
    1689.439972091516,
    1903.3026565109617,
    24.171335814222957,
    4.099065473784643,
    52.13599700289109,
    431.67123024326634,
    258.63407733055504,
    771.8750999923566,
    619.2137684225576,
    129.827709019931,
    602.1740702858418,
    770.7293053780251,
    483.2026830011888,
    41.48087318614499,
    19.703474121226378,
    412.4605071158554,
    577.7156892067503,
    1478.1318622689726,
    1183.8536247015627,
    1152.5891447688014,
    835.8153771337156,
    298.03353700219355,
    136.9106951089653,
    96.77454446162149,
    797.6995533518061,
    769.8813100190938,
    1464.4063691714703,
    2593.7946068243473,
    5104.827518985166,
    138.77731146913789,
    162.71597903505793,
    176.05052378671746,
    841.7990159057794,
    307.41460079553923,
    336.02839930269704,
    195.74133356222256,
    204.70979083556617,
    446.87453359860336,
    359.5658469936404,
    366.40055318213945,
    397.66760009679575,
    41.20761425110581,
    85.6480154601919,
    24.130502997130723,
    824.195367682005,
    29.92637155126554,
    28.74468756224922,
    485.6657874060145,
    639.7300150860395,
    29.683806179216035,
    49.25551036855213,
    94.46462496426128,
    112.65742196899302,
    133.50951322058043,
    104.81311691061846,
    131.6483188448902,
    38.44027353517552,
    97.07098670151673,
    13.16145935458882,
    174.1170025763737,
    8.868762825476194,
    10.484916221382349,
    6.053426571945305,
    6.485321308420356,
    7.603886516637967,
    22.15432203754086,
    56.82229204817827,
    81.30814529231237,
    58.82585575534814,
    198.33871547585204,
    58.95257886750322,
    71.74613793286386,
    519.211811048565,
    173.80408719290847,
    293.8061503758126,
    458.0856956911068,
    36.30077650838745,
    46.55608663852238,
    20.735274434993826,
    8.011193786457389,
    81.10640730113379,
    44.47866482026009,
    81.06200596737935,
    233.20427921590027,
    106.55732163495068,
    77.48371172518391,
    96.99040084385065,
    216.17500345620758,
    45.38073637183578,
    7.893846996572696,
    117.67299690790146,
    442.4485024899496,
    409.08287291835904,
    117.99633125754161,
    89.3280674076635,
    114.7607533714155,
    65.71009225059015,
    45.129395838756906,
    334.31948017011166,
    385.2099849108011,
    465.8352456673191,
    91.04895158676388,
    48.52503348398926,
    384.5321841696903,
    67.13410831365056,
    124.30446016772324,
    42.32627620238843,
    143.3295901741527,
    46.655165557981924,
    106.41070415339789,
    299.9492719668415,
    101.74747799249401,
    110.31722413520258,
    553.2519067073182,
    33.85284309912106,
    304.06892840421835,
    0.0,
    413.62538676592703,
    52.457660502955825,
    28.237556301390793,
    20.47745080452579,
    69.73654371050034,
    606.1655653637707,
    152.12679267700665,
    112.85021141059457,
    125.67452551479322,
    392.77105979646615,
    5.454779547628319,
    35.73349324203977,
    13.364553586777626
  ],