{
  "assortativity": -0.2205939330212353,
  "betweenness_centrality": [
    898.1614965063502,
    545.4278792854559,
    2196.1407553433505,
    4299.242068080451,
    673.5469146330637,
    1714.3891098656948,
    543.3061183294527,
    52.87549348961147,
    33.25417743064401,
    18.121663829408654,
    390.49783340407726,
    330.47223709379045,
    648.3413771144956,
    908.3163675715363,
    160.100962232421,
    40.76958263998363,
    75.95913648172046,
    110.91651616955535,
    224.9829533697645,
    453.6820044611225,
    439.1867151836159,
    284.4509133792337,
    20.77592664547553,
    275.26959894053243,
    10.912143042720794,
    144.12327559853355,
    97.96946505909295,
    610.8701626110516,
    90.70283632253009,
    54.23460091465104,
    58.00831841832672,
    39.98127176784128,
    137.13376713816436,
    39.314937604453775,
    135.7112850638665,
    84.66444812181737,
    82.44991876467239,
    311.9694082945545,
    82.46390481257859,
    131.60969361086035,
    143.89788655575714,
    63.636146249799566,
    133.7156619625383,
    626.7363490402026,
    354.49680109835975,
    47.70956410060137,
    28.557765928721686,
    4.138314562954716,
    6.797218105703148,
    93.86433657917942,
    368.6892172265716,
    142.80602583989506,
    208.1719508792309,
    6579.688768541364,
    8405.135149442356,
    3913.6826761285624,
    4017.804449252939,
    1145.1020770827424,
    1061.2106265274933,
    758.4535785832436,
    1268.0136771009138,
    450.7551075725828,
    307.86281003271955,
    420.85158770399636,
    296.64299301561886,
    415.13567019607,
    813.2174337808594,
    703.8430419825012,
    1232.9562353074953,
    378.99885963617055,
    441.2482679070644,
    388.63483983703225,
    28.264542143758543,
    263.9852453734539,
    78.8467111030301,
    305.9319598597846,
    125.33476101884715,
    73.7512725624576,
    182.60863864567642,
    140.1560242061513,
    129.4591065003982,
    150.42959055157968,
    0.0,
    0.0,
    2767.180463469199,
    1258.297349345148,
    1374.6623034817517,
    2248.167325871613,
    288.5231511382542,
    299.4130338737742,
    110.41318549295178,
    153.8662324257601,
    114.34040471554293,
    70.74309258625895,
    11.800891819886392,
    39.22263696107163,
    120.8824898622497,
    271.89383223137,
    137.3524472066118,
    303.94690769092733,
    248.85564137330618,
    44.93585951053702,
    53.53185993527815,
    95.68401098573094,
    590.5331561163288,
    637.7022754546983,
    31.26229416834509,
    56.34368605488753,
    49.986113765860765,
    0.0,
    916.930011749537,
    75.3579525853713,
    534.2735108148848,
    348.09818231748005,
    176.25878219910535,
    2409.0614305987397,
    2177.9043687546528,
    290.81096449657446,
    222.50434913786233,
    56.92695169219508,
    62.99904007138213,
    186.21343198784237,
    97.10555383039322,
    114.17895214352512,
    113.14684727130842,
    155.70136672878604,
    80.80747622798206,
    157.76416913715403,
    580.2317610638139,
    204.87292838788235,
    317.5418930249147,
    11.853582750259871,
    21.081227043758105,
    69.59898904469985,
    93.01918091961713,
    22.358576073298856,
    47.80952569021127,
    189.07876077460156,
    49.54382926320527,
    234.75883944377256,
    179.48658490306553,
    327.5108536675005,
    120.56124298657132,
    277.87035145626356,
    56.728241589112294,
    114.3391640306115,
    163.0683054004128,
    45.30017327056084,
    478.6139583116432,
    1229.6876753874533,
    1403.65198747583,
    209.6579297695593,
    175.15230039750384,
    287.81262357773016,
    232.9610355207666,
    233.52667464232206,
    333.28119369164347,
    15.255337860636208,
    13.76506236326602,
    1483.8480305052706,
    2454.1860094716462,
    25.237832022797825,
    94.58273143138436,
    106.79853475169475,
    116.87097124633041,
    88.36958110138023,
    61.96947910924535,
    13.191493104286922,
    54.42933721353318,
    16.398013242504994,
    2.0060833916764307,
    97.0275248902734,
    1826.4550092823915,
    1564.07421071105,
    16.624880236814676,
    12.531210563142228,
    110.9179794195374,
    361.05180984549435,
    169.2130558383412,
    483.54706458784625,
    435.065474073211,
    113.94048356742462,
    676.6482609457361,
    1080.6361249329868,
    873.6904612571822,
    44.09126491736642,
    7.4010670103514515,
    722.4478028285263,
    628.359123697324,
    1414.148551834228,
    1314.3261409025968,
    875.7094721165314,
    893.6739602816142,
    182.9746713668786,
    118.16985050137707,
    175.98937293306705,
    1430.4908647167492,
    882.0702729349044,
    727.9238906048038,
    3045.024318591103,
    3962.3019627019376,
    105.82783585307088,
    78.33634217826052,
    402.9387610218129,
    806.6322999904376,
    174.25078620251176,
    209.32297283372546,
    202.68950029169162,
    287.5087728434925,
    356.5227259905316,
    257.2527803072484,
    310.6231549227244,
    479.68577859681784,
    53.567096738152706,
    33.07094298685852,
    15.297389832850955,
    385.7284665200947,
    105.65865512080504,
    60.90437411705919,
    1058.596613296033,
    541.594658028476,
    42.98869555502441,
    246.43949581988272,
    91.02705738617773,
    108.29789428659643,
    78.15970405013059,
    212.0256620865809,
    142.19044002592014,
    113.56298729796387,
    98.1822205183043,
    143.27773064247089,
    333.9620587710044,
    3.4739221808407654,
    1.068403074448439,
    15.260517012362913,
    4.246883578486664,
    5.823935130976186,
    60.95568873709526,
    382.3909365539586,
    55.108686671223786,
    185.98525156033858,
    202.53966771285644,
    61.99091391075962,
    44.71729111587722,
    115.26825528185132,
    135.70185923747258,
    161.55885032490238,
    445.1207499460761,
    23.176183790112056,
    39.17114966432904,
    7.277470380847921,
    41.383647815726384,
    99.40949240541022,
    375.6468449928535,
    120.91881472817889,
    127.48256431354844,
    65.6219505516484,
    62.4374341054211,
    289.88167764945143,
    335.48270901769894,
    96.62693848736781,
    19.071658794458145,
    101.07042596165311,
    351.89254128946453,
    356.4012822701538,
    194.31268284628177,
    231.63770364930852,
    154.45403551879824,
    74.46290432934398,
    95.25381004974393,
    756.1084746522338,
    346.71446425834324,
    493.10074338881685,
    176.85364024771562,
    87.9444413326788,
    340.9918530667718,
    91.44367734551174,
    81.13212565553044,
    269.5728362437628,
    116.99012808453004,
    16.165336691163905,
    257.19709462864927,
    328.86362645727644,
    71.31342523685555,
    161.78818545664956,
    375.82687377254297,
    79.67928034566441,
    46.346945248661754,
    0.0,
    271.58002698615195,
    112.64787738061975,
    28.761285611839615,
    18.801061588974054,
    33.88532892084894,
    282.8985150679461,
    257.39701215342893,
    74.69535497778445,
    230.3529212864491,
    94.54744172833841,
    42.27846740111299,
    18.762452073265496,
    6.441323855778863
  ],