{
  "assortativity": -0.21465201152591296,
  "betweenness_centrality": [
    378.52822091097215,
    558.9769275706043,
    1718.8093522667184,
    2265.9465699231464,
    728.942686841633,
    1176.0026543364693,
    580.9129654128566,
    22.19759485247313,
    36.43316947799708,
    39.81357572713937,
    507.33258718434985,
    568.0294459227715,
    1138.3381272889378,
    974.9611817693337,
    90.25162497660085,
    44.54561756306872,
    143.57826063123227,
    161.57172237028553,
    209.77627764155045,
    175.99650628974464,
    457.3322704292108,
    564.1233769259767,
    37.70019223383403,
    325.48728824682235,
    46.455928796819045,
    14.771058936084392,
    114.52948196815834,
    697.0038289717196,
    152.30862020176187,
    16.161042322592852,
    59.167825638296236,
    98.031594429042,
    238.85394936561198,
    23.80552921976662,
    141.1151122415494,
    89.71654033511462,
    76.67052560733619,
    4.629540948806694,
    62.876431695473386,
    365.0840615872613,
    161.85007247084724,
    46.193681189421454,
    116.41049368652085,
    601.0572730983583,
    488.1580248046701,
    37.80677943311667,
    54.69724976319372,
    64.22767952313012,
    85.96307139837073,
    122.41870344203365,
    78.75955233524772,
    66.0837337736931,
    215.55662837014054,
    8881.221520942672,
    6381.808234078782,
    2906.504589258374,
    3734.8384689325258,
    1037.1456104160923,
    891.4871250278046,
    654.4593253710193,
    1296.5205988216017,
    363.89304595714765,
    461.2328705926561,
    393.0256295180486,
    459.5499378712955,
    257.65088839240224,
    734.738000140456,
    305.7647960443606,
    1428.093359414173,
    916.382464042266,
    305.3728513806148,
    166.771231991185,
    71.56932097551119,
    186.37517675799174,
    392.89669317845716,
    194.8185988286489,
    97.71690846430323,
    51.56986360465204,
    74.49697725956356,
    218.03603620773592,
    115.08926867972195,
    211.79155920062476,
    0.0,
    0.0,
    2016.46279498011,
    1741.8817783086693,
    2616.4288247288614,
    1744.8075101672614,
    199.3322736668477,
    362.41808210687054,
    260.6647275254985,
    379.36735034708283,
    80.55175564259807,
    64.40891536251696,
    10.295023406797338,
    13.300673883860421,
    138.39423797722375,
    281.40221469170456,
    205.60024157239815,
    500.56312151994314,
    288.81552469742996,
    28.54109612783589,
    45.73756721836364,
    68.51459300340203,
    198.0266971692511,
    203.9140727830328,
    39.976843771456195,
    117.49702282317327,
    45.009602302276626,
    0.0,
    937.2394116566056,
    119.77448952546041,
    1154.017447699393,
    439.48287888414416,
    523.1928179544798,
    2399.917743735342,
    2709.9430199953626,
    138.79651915909196,
    267.339657706818,
    61.51796550847612,
    52.26435047873096,
    428.3617344755438,
    67.17485779742283,
    143.3646522730925,
    132.99278679005968,
    484.98819635306705,
    93.73351719822881,
    185.39132397567394,
    237.57400205054128,
    85.69315826713915,
    313.0354055758016,
    3.047588473877918,
    13.108350119611934,
    106.78176468707655,
    185.60490284441946,
    9.754648424506325,
    69.98509370341573,
    90.8247581432043,
    78.05821031058213,
    446.17519583409245,
    174.0311691196871,
    119.28620698854094,
    199.2594262515369,
    188.6751112369379,
    89.36076468394778,
    175.47287087278787,
    138.64159261209548,
    107.22648528979141,
    305.7695848334716,
    1533.4084614492992,
    1534.635300172497,
    496.6325123761309,
    543.466243080487,
    148.33392399326564,
    314.1084859803761,
    296.274486859357,
    448.90552882525935,
    125.82978738976944,
    32.95329574526966,
    2032.5554784322226,
    3610.869244403238,
    50.583076828061074,
    35.80960909485049,
    21.666554273526753,
    106.7295903963012,
    181.74373497270335,
    88.3986728744643,
    24.70480895609264,
    183.21238331785904,
    12.340816956675564,
    2.544418953178712,
    60.251799426849786,
    1241.5620105453804,
    2037.8577641309791,
    24.38541817012972,
    10.642896532715614,
    96.38171129260154,
    439.8985234035117,
    553.5437632196611,
    760.2637498004611,
    666.5438438713963,
    264.4558015408804,
    566.389677856251,
    394.5124601700345,
    547.8314863399438,
    53.50920762933085,
    22.85979007474624,
    500.77354224267475,
    637.8555638632129,
    1009.3479620814985,
    1297.9524749880181,
    799.8379509593831,
    865.5508763375109,
    186.3159122441112,
    129.13504922524933,
    155.6687702611345,
    1194.9599906688227,
    492.1949392972112,
    925.4012009313743,
    3946.364570565666,
    3792.635155202682,
    184.38476397220694,
    87.94688424936665,
    370.28622100685675,
    1198.9321336196663,
    118.76066142816904,
    479.0914381055042,
    450.7495716673705,
    226.34747552035716,
    222.7706996458894,
    268.5585602765375,
    269.07807106360804,
    379.1727678603225,
    127.43740873686082,
    33.36260741473329,
    32.13449668267491,
    187.80836966449792,
    66.22457114078009,
    39.85251693921843,
    377.4401197728329,
    524.7440958212826,
    45.16834713535525,
    216.67087406208066,
    102.11274431399323,
    284.37989271999976,
    133.3806575242496,
    113.72574860109361,
    173.13004044342068,
    33.27070032676439,
    61.930139213226695,
    40.0203798886841,
    171.54095584495678,
    13.111327942069712,
    14.34935092270054,
    9.002167602180824,
    37.28482013415852,
    6.815357264012179,
    34.55545977969214,
    127.71647612099108,
    31.53861177976823,
    220.42707616053943,
    367.3531799528184,
    38.887846735748475,
    53.346093689607535,
    241.3553974796827,
    232.02807050674457,
    175.09274570695817,
    252.21926662548842,
    18.302455025892577,
    72.08955968753015,
    24.953091060727353,
    23.912821180356634,
    76.03405833857335,
    445.62729487319274,
    326.9785891137366,
    120.37071821757897,
    109.44239687372401,
    185.04382828168133,
    123.54202068356011,
    209.36382612378526,
    27.837577808919043,
    8.254175123816553,
    203.88214524726897,
    322.0038307279358,
    220.06078196851988,
    276.20452505651167,
    163.41241171014147,
    222.37095094234107,
    66.40655957759189,
    251.29271812041472,
    976.6729766425401,
    432.05933548234015,
    200.2904231149053,
    442.2788502497957,
    63.252515445153755,
    468.82806297959354,
    51.37895081159468,
    95.39872901012225,
    82.27772945615739,
    373.9952076093551,
    89.89452045571534,
    197.1683545343873,
    299.268947966258,
    286.73650468052864,
    108.5765672483507,
    694.2693036890074,
    40.06073196109187,
    61.40211445299614,
    0.0,
    344.41106067963784,
    90.08465862011346,
    19.24735155602873,
    42.57924733230481,
    85.49063290848063,
    286.7720866320961,
    126.18965378587767,
    76.39152295261795,
    138.48277217379734,
    239.95252500904095,
    64.93226099220983,
    27.150110235063547,
    22.48714334591571
  ],