{
  "assortativity": -0.22985116358097926,
  "betweenness_centrality": [
    543.1158963258287,
    688.1786521195974,
    3364.3170619366683,
    2141.303766698942,
    770.437680489799,
    1848.7934020236548,
    289.1068005669182,
    86.79542652114404,
    32.76201396436897,
    144.57833249692854,
    404.070713832529,
    260.1714323059271,
    1060.333721722212,
    1179.424624389576,
    90.34029416508676,
    53.261409440388476,
    46.889318802098536,
    230.1066555415437,
    137.8990849140447,
    276.926714880358,
    260.0659717149626,
    513.8362982170161,
    76.78698261344142,
    241.38951978701007,
    32.92662303675987,
    30.658960528700447,
    28.25352272516593,
    977.4083579468974,
    283.59902101962433,
    133.82572878026372,
    49.54182813964019,
    37.85234314503207,
    91.41427879884984,
    53.37028720410617,
    114.43287736130203,
    100.03729210259188,
    47.62887570304223,
    2.5625154237571586,
    39.262538234558335,
    120.79167254605804,
    255.2265303585751,
    64.27804138736475,
    33.59212350926888,
    392.2273029421116,
    637.9739353655306,
    65.73482702714901,
    27.47656045959481,
    13.723754438104013,
    15.649586912342329,
    105.67362007374439,
    222.25589990269663,
    221.66150179159496,
    152.87743685165583,
    7621.193606454634,
    6718.624770154359,
    2782.6313904210847,
    4280.496597633287,
    1042.4419103786101,
    1180.4090358584601,
    997.5524100335516,
    657.8301218232425,
    389.98183846449155,
    506.416252879813,
    219.61863704462033,
    690.2899474429009,
    658.517881206456,
    1076.3902967676463,
    253.9444181192996,
    1378.9238954325024,
    907.6342009492843,
    364.1409486950961,
    239.92369505106177,
    26.874229807524863,
    244.43113286236851,
    173.35071465690103,
    422.60942885730014,
    35.33864458262805,
    221.37298079670074,
    62.78885246156837,
    138.60862511451202,
    92.18931991681399,
    92.39774898839742,
    0.0,
    0.0,
    1765.9731898442542,
    1725.358260140009,
    2091.3756852208035,
    1720.1209209956737,
    172.63614777624744,
    348.67460814355536,
    146.0051257293877,
    364.4395679152997,
    91.49484937898266,
    84.09261496572717,
    3.091726358483324,
    53.981617069173936,
    61.77562752953725,
    320.44265096969053,
    115.5780195408902,
    263.846568575819,
    189.63450767437354,
    46.240349886437336,
    76.61482157227613,
    66.9918423143729,
    222.83539044205457,
    135.42097879590426,
    52.736319907941436,
    56.79043236614627,
    43.013466773670466,
    0.0,
    1210.5184104071027,
    112.495577071468,
    834.4171997922033,
    275.95830718695305,
    443.28963042243595,
    1415.4311336539643,
    1646.5233322773022,
    301.7212665978357,
    287.5040108502406,
    77.56511192098371,
    190.88693603858434,
    188.6178830741573,
    290.0256900566749,
    157.0158150416675,
    79.74619348733421,
    90.56675957560584,
    357.2025361774925,
    204.41489812217114,
    420.29693317625305,
    233.6082304275503,
    229.38359266823826,
    18.981155609819922,
    16.26215138939672,
    55.75458371314906,
    160.78068719498373,
    26.221744905779808,
    28.80914777683246,
    189.1182750985892,
    101.06874471983588,
    417.7290393539399,
    405.2887151200258,
    237.8323438096971,
    169.38164359940018,
    146.813951165392,
    91.6987718277886,
    106.3423242288614,
    105.7797711281856,
    112.87431309339523,
    431.63308940594857,
    669.0344195841012,
    1080.7330152229395,
    434.9603209534113,
    499.5016850308526,
    280.37149224290636,
    269.5230368705274,
    250.34124878163115,
    474.3263734725917,
    38.11754865065843,
    28.762902997750246,
    2239.968603994016,
    2603.2143015908773,
    90.55552060353368,
    76.25147682267725,
    112.9991529313928,
    160.39498936913103,
    159.90251226529023,
    70.53328753622095,
    17.16187375146186,
    209.03871860907626,
    3.9348140517295183,
    0.8873058314234785,
    44.38494039249967,
    1875.034103833619,
    2076.535342775239,
    30.577900480223583,
    11.525224648549921,
    203.73418084269326,
    208.6000378478384,
    291.5918263918859,
    718.2167896504772,
    657.8556212892358,
    254.0408065428246,
    397.2920748151529,
    688.861108408477,
    1057.9217167990296,
    93.0624854493434,
    17.37852284070107,
    458.96069816090017,
    694.1234309814906,
    1715.185147657299,
    1796.7586885222665,
    943.0821472261333,
    846.252661117566,
    447.72254116980446,
    107.96137807062374,
    172.16539745116452,
    1279.7518867255078,
    621.715844380717,
    804.182072563121,
    4195.029787377471,
    3203.743526299121,
    151.59939292159427,
    165.19509205438226,
    482.69633562857183,
    748.3036321822365,
    94.98526691383537,
    173.73736567752874,
    175.05358622957917,
    120.23452791956747,
    252.51218358574027,
    203.40522181342484,
    397.5448953963883,
    921.9348494003386,
    191.0913632332407,
    43.89301034689493,
    50.27600961991186,
    643.0657477087083,
    123.64816229127484,
    35.543142101419384,
    670.0446626658833,
    276.64721915872633,
    89.01722676514993,
    70.06838957129254,
    58.235381331503184,
    222.84216836149298,
    191.32244477683477,
    48.768541869101846,
    123.71534830391187,
    108.74577861162724,
    232.33655530921922,
    89.94016759786855,
    234.09111999214358,
    9.030299919364115,
    1.4381243866005529,
    13.077618204224851,
    192.99143251279034,
    38.584877880956476,
    89.49117430309012,
    89.76310129644779,
    57.32373425117504,
    209.67517725587132,
    118.11470874176605,
    53.816931558840274,
    74.89060375601194,
    206.8356467238403,
    171.76280721085257,
    282.6954121812499,
    224.9573942012443,
    3.781602142332892,
    72.34208561834201,
    44.643090288982556,
    13.682111053079263,
    157.36225496348413,
    137.81609592066133,
    182.10785175755257,
    238.18265692901036,
    126.4951306098243,
    56.53056958799704,
    37.619815368548544,
    198.83033321326323,
    82.70769030725931,
    8.778719762583401,
    127.59370226899722,
    716.9984186975674,
    491.1155896977815,
    289.8252168610374,
    273.1959320736386,
    114.0401383135031,
    106.40141508638979,
    179.61906493902663,
    420.39342620493784,
    289.94571863812683,
    529.9970715019696,
    202.81851642019384,
    64.69325771223966,
    513.0755310851065,
    83.0764141571952,
    118.08640406650888,
    86.86997330109837,
    118.93118088688261,
    27.51203269386432,
    284.19187871654583,
    311.4702461285306,
    239.29463018815665,
    316.08453448963985,
    489.79497140267654,
    56.861927403557694,
    58.16331331807096,
    0.0,
    753.078204724872,
    146.7786346889012,
    54.474049954064725,
    27.09966459198519,
    93.3271766593621,
    745.8342695092699,
    108.71853022131239,
    143.6982367992911,
    203.33917870065955,
    63.04052208140249,
    55.902447331225865,
    62.15438563142769,
    65.45951663596647
  ],