{
  "assortativity": -0.22195219281610898,
  "betweenness_centrality": [
    319.0060507894094,
    504.27694065509314,
    3245.2925366938657,
    1955.9165021888969,
    524.9197608869853,
    1065.3323577759365,
    168.83069120311401,
    19.75387195819058,
    47.81025351464464,
    57.92264011254149,
    581.2397028979328,
    437.4514102280589,
    621.0234382756549,
    742.4561341412137,
    26.829453903833148,
    46.68786170026853,
    110.18394049610639,
    50.34075676934337,
    253.18384624635246,
    132.68044803385104,
    393.68154809502175,
    351.941023920531,
    19.918811549746074,
    327.72622286688886,
    13.108263573745468,
    83.6519384083592,
    101.82859427505042,
    449.6245346833604,
    197.58596602750083,
    8.638834308391043,
    34.75811082995775,
    172.70002382397448,
    156.9838778015991,
    38.80579314190591,
    257.47300681286276,
    124.58808534857344,
    14.99447474114767,
    9.883674673855854,
    106.01589284241318,
    111.55328137805944,
    185.16756293984932,
    17.944932919146282,
    409.44357057466203,
    620.556171286669,
    677.742565142808,
    42.986199120790936,
    96.10494517433683,
    28.72804440854506,
    12.661031194841907,
    118.41909309475908,
    59.427975904153314,
    140.86117058569343,
    119.4426611420483,
    7148.618107968779,
    7046.916938580282,
    3266.848548002657,
    3541.632251586828,
    797.852352369385,
    1098.2167135086102,
    916.7308927045439,
    1144.7228551869207,
    512.8187006593611,
    669.1962028742654,
    308.8690456023186,
    362.29583616971695,
    467.7412405913315,
    666.7319294235975,
    411.50306622948415,
    715.8859176795396,
    1102.0444827947817,
    493.42297275897954,
    243.12045070280408,
    41.13400871517551,
    286.8479570960182,
    107.1243480106792,
    201.22656041088226,
    217.7033850926078,
    139.93938545707454,
    204.50408517326767,
    104.58506629668291,
    92.2694499549301,
    119.99221746556884,
    0.0,
    0.0,
    2640.377515523412,
    2116.605052211136,
    1651.777253701193,
    2682.9931616570343,
    186.11190433240836,
    249.65270898746195,
    127.3293653618734,
    219.42192348817377,
    137.4469804932428,
    42.01561570284443,
    5.104995149883698,
    27.094533631571796,
    95.22369868096119,
    324.9715239631309,
    163.91717947424237,
    306.8213239667684,
    233.49587039210746,
    26.435905773790207,
    18.988631295636775,
    46.26666199556592,
    436.66852810812446,
    99.20087861694147,
    51.95197882839639,
    100.71243511065988,
    51.78345229673222,
    0.0,
    960.8371333321611,
    85.52306516035836,
    863.7309155559032,
    330.45097557052316,
    594.4778604133763,
    2641.7390899271663,
    1937.159211415464,
    241.03614033916787,
    557.0420336294468,
    117.50547479340253,
    120.84060999361246,
    371.5728051826484,
    134.27985875016532,
    146.03903180079797,
    74.94522072343733,
    273.6906438613652,
    386.86049058499754,
    278.74440487852684,
    85.1071591637709,
    107.96268246919884,
    255.4813214731028,
    17.071463265766553,
    17.937321572063517,
    97.19081911205011,
    319.8729381921315,
    56.291043388240666,
    71.68496110641736,
    253.30738150643043,
    44.734120263624995,
    419.4370957403477,
    106.52634603803676,
    303.1807981417915,
    163.65159658073634,
    122.09589204584711,
    60.0723905036278,
    48.27681280923606,
    98.23625507911633,
    33.40856299177962,
    335.6894946147788,
    1660.2175607344966,
    1276.460371982072,
    202.11144339161783,
    555.5221884635804,
    399.734955342109,
    367.6193525723132,
    388.505169629419,
    256.884598921632,
    14.855220312364692,
    14.53567506601645,
    3466.9906327643243,
    2480.9928273484757,
    332.29598863671276,
    37.31972977862715,
    79.83116434312909,
    112.94742186806702,
    117.45699974706608,
    73.14310555710394,
    8.242839400904533,
    106.91372846031405,
    5.692676373090944,
    21.001297203188297,
    225.60031468717386,
    1689.4399720915158,
    1903.3026565109617,
    24.171335814222957,
    4.099065473784643,
    52.13599700289109,
    431.6712302432663,
    258.63407733055504,
    771.8750999923565,
    619.2137684225576,
    129.827709019931,
    602.1740702858418,
    770.7293053780251,
    483.20268300118875,
    41.480873186145,
    19.703474121226378,
    412.4605071158554,
    577.7156892067503,
    1478.1318622689726,
    1183.8536247015627,
    1152.5891447688014,
    835.8153771337156,
    298.03353700219355,
    136.9106951089653,
    96.77454446162149,
    797.6995533518061,
    769.8813100190938,
    1464.4063691714698,
    2593.7946068243473,
    5104.827518985166,
    138.77731146913789,
    162.71597903505793,
    176.05052378671743,
    841.7990159057791,
    307.4146007955393,
    336.02839930269704,
    195.74133356222256,
    204.70979083556617,
    446.87453359860336,
    359.56584699364043,
    366.40055318213945,
    397.6676000967957,
    41.20761425110581,
    85.64801546019193,
    24.130502997130723,
    824.195367682005,
    29.926371551265536,
    28.744687562249222,
    485.6657874060145,
    639.7300150860395,
    29.683806179216035,
    49.25551036855213,
    94.4646249642613,
    112.65742196899302,
    133.50951322058043,
    104.81311691061846,
    131.6483188448902,
    38.44027353517552,
    97.07098670151673,
    13.161459354588818,
    174.1170025763737,
    8.868762825476193,
    10.484916221382349,
    6.053426571945305,
    6.485321308420356,
    7.603886516637967,
    22.15432203754086,
    56.82229204817827,
    81.30814529231239,
    58.82585575534813,
    198.33871547585207,
    58.95257886750322,
    71.74613793286386,
    519.211811048565,
    173.80408719290847,
    293.80615037581265,
    458.0856956911068,
    36.30077650838745,
    46.55608663852238,
    20.735274434993826,
    8.011193786457389,
    81.10640730113379,
    44.47866482026009,
    81.06200596737935,
    233.20427921590027,
    106.5573216349507,
    77.48371172518392,
    96.99040084385065,
    216.17500345620758,
    45.38073637183577,
    7.893846996572696,
    117.67299690790146,
    442.4485024899496,
    409.08287291835904,
    117.9963312575416,
    89.3280674076635,
    114.7607533714155,
    65.71009225059015,
    45.1293958387569,
    334.31948017011166,
    385.20998491080115,
    465.8352456673192,
    91.04895158676388,
    48.52503348398926,
    384.5321841696903,
    67.13410831365056,
    124.30446016772324,
    42.32627620238843,
    143.3295901741527,
    46.655165557981924,
    106.41070415339789,
    299.94927196684154,
    101.74747799249401,
    110.31722413520258,
    553.2519067073182,
    33.85284309912106,
    304.06892840421835,
    0.0,
    413.6253867659271,
    52.457660502955825,
    28.237556301390793,
    20.47745080452579,
    69.73654371050034,
    606.1655653637708,
    152.12679267700665,
    112.85021141059457,
    125.67452551479325,
    392.7710597964662,
    5.454779547628319,
    35.73349324203977,
    13.364553586777626
  ],