{
  "assortativity": -0.27447022185229747,
  "betweenness_centrality": [
    419.48528839907254,
    718.552810144917,
    1290.6170625962395,
    2652.9544265868376,
    277.07367639972915,
    937.4763850555238,
    192.66727732741194,
    98.35704553727024,
    21.26622453990409,
    50.551608182471895,
    316.2812405022222,
    426.63887162336516,
    885.9367852663215,
    930.2596876563697,
    83.17403408838798,
    118.90356538258723,
    61.59754866050911,
    122.62909091964488,
    104.20584269847619,
    200.33115391047633,
    507.887938673297,
    711.3118081748634,
    40.125382460243564,
    101.08132902425324,
    10.409523092686522,
    31.615529081925484,
    20.102369234051956,
    600.1308208001358,
    104.50503209503377,
    37.362927085168906,
    28.16094800838186,
    50.33541613755586,
    216.46449521779803,
    29.264590829593022,
    151.4203219499577,
    80.24470923973088,
    112.5746174869363,
    6.441595041460396,
    60.75773756915625,
    235.42622368679562,
    172.74157936980168,
    111.6112336468379,
    152.8876008542811,
    422.1434965892171,
    404.91460048032246,
    54.6759420021976,
    52.49216551312561,
    30.325841383588532,
    49.2680779693004,
    96.82193185073147,
    148.97412068284498,
    152.6460902173306,
    180.5222238385689,
    7166.422317408415,
    6357.304986289676,
    3402.4977005626347,
    4022.4431004033977,
    799.5515226513396,
    1362.911283343027,
    658.0780640487379,
    1186.2896158924034,
    549.9775839674074,
    575.5199109551908,
    199.90340401634302,
    1414.9622992108111,
    584.6123893409274,
    725.1479499754298,
    325.0115876464854,
    1213.178942056125,
    597.0178969130798,
    336.5001572825174,
    216.2442908371204,
    61.96236322754256,
    155.0466358052533,
    138.01317074871437,
    390.8686074457852,
    98.60422123225631,
    231.94600266157113,
    298.90952538856754,
    279.8884018587277,
    62.406394063767166,
    101.20750081717505,
    0.0,
    0.0,
    2043.8533637870298,
    1947.2852233157885,
    2302.8625386798817,
    2064.6489448352595,
    90.85741104214335,
    216.31119899836816,
    333.96345552027833,
    415.259436490456,
    378.86526041019783,
    66.7838830956736,
    0.9023578926520104,
    33.7977950773422,
    255.39107620224863,
    440.3047121194788,
    111.22318608991172,
    300.94597364855844,
    300.870968754614,
    60.389055525694474,
    13.717753167853548,
    36.1400066527787,
    428.51889106449,
    449.4554147686298,
    144.38325185570244,
    116.79670348861053,
    81.90906792822318,
    0.0,
    1054.9032077624952,
    65.9134891838425,
    399.41256524152766,
    241.07238391619296,
    351.74745612265195,
    1706.3594076495335,
    2691.1931428237694,
    312.9217360453689,
    457.3981086965386,
    102.17277292645993,
    76.38384717930126,
    172.7688277208439,
    106.06895866893099,
    217.9928175888418,
    72.42644370154966,
    138.9863136065121,
    129.95540779570024,
    104.7930943981195,
    235.93941726769654,
    244.89500091355742,
    204.4447418405062,
    15.01495951783814,
    21.123240619953055,
    105.4296010498353,
    106.86349789422144,
    55.494061133702566,
    136.35725246211743,
    451.558394732976,
    92.93809715430626,
    352.59303005325864,
    109.73921727713879,
    191.98858980615563,
    189.88028432519175,
    80.08760042894664,
    59.62874566627654,
    57.3638589474781,
    153.95034357914636,
    110.94835777076945,
    457.3133646714273,
    907.5752398352578,
    1590.0861010962988,
    563.4188037983132,
    413.57199244078566,
    156.28924555642826,
    318.86845093655074,
    227.9748584394168,
    232.54536679256486,
    59.86156788525781,
    32.48324738918389,
    2033.4662674300969,
    2959.933394003885,
    164.5646263586504,
    42.250115262610684,
    85.88247535932398,
    172.58326794020297,
    311.1173072354108,
    178.30983222691333,
    48.77324533218673,
    100.55172123417587,
    1.1076146322640013,
    1.5455780950654052,
    33.71874050021551,
    1774.800788027373,
    3148.1874780851863,
    21.287151413060943,
    7.04443547855224,
    110.15219758555878,
    533.7690341366731,
    485.1627756186186,
    1109.4300012900108,
    909.0152658449742,
    204.63293706558005,
    734.6433790330802,
    451.3397020886814,
    1240.59405578567,
    12.145165019438064,
    84.234039498866,
    368.51070596289867,
    318.295320812937,
    1505.3613520763668,
    1199.9931850993369,
    722.800669081075,
    1188.4644604538942,
    231.7597675687141,
    113.06879447982894,
    283.1723472577565,
    1068.873284158389,
    762.3048447553798,
    862.5724287607853,
    3820.34712337554,
    4141.193331181777,
    68.75961859240553,
    174.9497460100836,
    309.55284475399924,
    1081.2520703683585,
    202.4645908641007,
    237.1815716850692,
    256.69149689165556,
    216.95147972135905,
    234.76528852857913,
    297.533872757065,
    214.41438446940722,
    346.1157249459761,
    112.2823719962096,
    30.20938507987665,
    9.349973810760195,
    268.4393731144045,
    203.0375779794363,
    44.66942850420563,
    1255.7859979029713,
    644.7911959127399,
    91.31833532866489,
    66.02879019918616,
    120.21385212542376,
    186.32258878443776,
    133.84819729684625,
    86.93612704660985,
    57.93335801638969,
    83.47423731537059,
    49.81646563482559,
    23.988562416604392,
    132.61864338152742,
    11.568265099378651,
    5.939103177235843,
    11.5579189194729,
    16.183955581487513,
    19.732398986325446,
    51.4469124786585,
    68.32855026122866,
    68.61654549272211,
    109.02981263897821,
    199.83956606129235,
    62.746687880147704,
    476.4758040099625,
    88.61025810708686,
    169.20616206238978,
    217.56492026204222,
    456.0817511545061,
    25.15020137814363,
    192.8578462141497,
    21.977584716762827,
    22.085321808607247,
    45.69721123479727,
    179.39359470686375,
    162.00425949824634,
    434.24506541402224,
    166.68060563549923,
    62.62848117966307,
    103.0392815711125,
    84.49768689990623,
    53.47200871175693,
    10.202289688213758,
    71.814091640367,
    318.902334956642,
    478.9848353266345,
    274.71439433007316,
    356.5615767025736,
    146.061656460071,
    124.45904754595635,
    52.699905935053046,
    569.1062023906206,
    315.30286900886557,
    413.8092539196772,
    91.42051777517298,
    52.998708420513374,
    492.34886892185466,
    81.84994306491579,
    107.44722312509349,
    61.8999106896324,
    255.1832872096978,
    37.453520143761715,
    104.8666060882791,
    391.23394239759773,
    140.187085414321,
    81.69047074866394,
    750.9529706992948,
    50.31722276126417,
    262.0722176719373,
    0.0,
    378.3677320313014,
    97.24532688930702,
    51.95683523839334,
    39.6265473561826,
    122.66970591109607,
    244.09035393860387,
    236.63458095571403,
    116.32636742446387,
    117.06560203114444,
    124.70716653375437,
    30.54582382979191,
    38.048171043762,
    39.69060105778564
  ],