{
  "assortativity": -0.2745649163216748,
  "betweenness_centrality": [
    393.9533356195735,
    431.4193272239011,
    2197.4297364265863,
    1431.7311848865277,
    686.5206558677853,
    1538.2681286498935,
    362.29737532517555,
    84.9433131311261,
    44.2358244748727,
    20.129955406044296,
    521.2220729057534,
    543.9637686401044,
    775.0409819393482,
    598.5027168421512,
    116.96861335618604,
    50.147879448245334,
    216.0843665132992,
    109.66306017965374,
    154.99268798065467,
    157.71438360760425,
    185.78477835083274,
    255.85833396320314,
    16.812956922762872,
    112.86011145588478,
    24.085967593178367,
    40.97192049195235,
    43.561981739005525,
    716.1602352242201,
    481.95747781868704,
    36.473656739120514,
    16.021279916826273,
    55.452585981885534,
    117.07147650410025,
    112.95479867989997,
    130.24729577812641,
    124.03209603766854,
    87.6196764187934,
    43.149653906322904,
    61.86726011130866,
    71.09866325339951,
    263.82118544754763,
    81.98185131604949,
    49.8180349876425,
    314.3901450359887,
    635.2133758657136,
    47.944051959974885,
    38.24595626831549,
    43.61458713486909,
    14.355535144571476,
    154.7852664186566,
    140.66297107532512,
    247.71732549730095,
    171.43537821653507,
    6907.582910503953,
    6201.157282504482,
    3807.755047163338,
    3933.779625486296,
    680.0764591587671,
    1231.9282014227067,
    814.5381847553793,
    929.5436851484153,
    708.8505727402517,
    262.7931044152089,
    433.23838501939105,
    390.7263049845372,
    771.3975660052961,
    657.4790041690245,
    556.1192309861647,
    1672.6098329876418,
    975.0732066123581,
    420.09363150763966,
    257.6769848298087,
    23.431871786081,
    148.37847330314705,
    128.17930186270848,
    369.51510167740327,
    167.59383861712712,
    88.1763748586179,
    208.9793996653478,
    179.1148737313635,
    62.23390628063614,
    76.02610679565964,
    0.0,
    0.0,
    1398.0037919657707,
    2725.398711251357,
    3589.6171585413304,
    2098.6085482282037,
    190.58354298577603,
    457.9004461784732,
    361.04799485649704,
    137.20607124156822,
    306.7359545968462,
    54.18136571817102,
    6.577469421911679,
    27.402394741914467,
    89.22658797338573,
    348.1534172585919,
    118.62464860985318,
    169.76290945720362,
    278.6416536490202,
    56.22726312781961,
    55.1261799674959,
    376.16763171195197,
    119.44970676074955,
    108.36453878722956,
    56.51929266195398,
    53.28091989484268,
    49.764195924794315,
    0.0,
    1386.4341816181236,
    99.15617629692667,
    873.3361136480651,
    352.85919457229596,
    208.67030193394692,
    1219.8805197929428,
    2313.2315528083514,
    554.339476664509,
    366.0953897352983,
    120.68032845924888,
    168.38736894973925,
    197.8122930181993,
    64.00965140684994,
    366.2128958697825,
    88.81389391457954,
    183.09997355288615,
    144.78238120551893,
    328.62319556275276,
    529.938229913552,
    221.363116841365,
    109.16540222864124,
    25.88656012457129,
    12.677868939142634,
    191.0471193344592,
    118.00253422456437,
    145.4429833131616,
    20.429675526631755,
    261.0060930071797,
    150.96792395772923,
    587.4608232888837,
    160.11579962896744,
    226.98054664902932,
    121.37873946073083,
    148.90577497331623,
    187.44466899309165,
    52.623980184020546,
    207.20929865173034,
    106.88230945588315,
    825.9219449844737,
    1859.6168350377943,
    1879.0058875181462,
    468.94524455597417,
    451.49481564451287,
    181.6109494896373,
    218.6247398385051,
    231.33853069632553,
    227.6830129410375,
    45.57153786691826,
    36.599938529228574,
    3609.2506947909205,
    2814.7862930329043,
    302.7840955121428,
    198.20454970708647,
    173.639594059879,
    137.38414793155485,
    82.79244541508423,
    191.64307799098043,
    38.75702433427105,
    83.04874697455834,
    13.476955256119675,
    2.765936888252325,
    85.28992234009065,
    1325.1902195474247,
    1844.2841445224851,
    33.95718630524826,
    8.841209588773175,
    218.98764884009634,
    283.6309254338316,
    372.63485024791595,
    529.3377432844725,
    475.18882818065987,
    98.12359849782177,
    437.5983206229022,
    770.7935183497865,
    741.5376743639141,
    36.37804051488912,
    25.487459736666747,
    494.9305290152227,
    745.9731451503899,
    1461.7505167851484,
    1424.1621263144473,
    974.9824076563045,
    700.2938334507495,
    354.9032655422414,
    179.70711608755263,
    231.33449000939717,
    1445.1418559149433,
    555.0604447125684,
    1189.7072167846545,
    2949.9002217477746,
    3213.1168479766125,
    202.68010975375785,
    136.98673903776765,
    878.7567253003842,
    832.0007688160026,
    131.01578818309034,
    324.39182086807625,
    106.4963600639849,
    172.41670346261344,
    300.5678426464213,
    295.07320718997704,
    299.64356117799747,
    377.06533913698405,
    59.06313246271359,
    116.8393209130356,
    11.848820670456657,
    384.5102596038488,
    126.31723577973571,
    17.360186959555104,
    483.8363260563105,
    448.6991959512075,
    55.23933531445507,
    51.108728651351946,
    38.92049873247386,
    190.74564709811457,
    81.30134022863078,
    80.01278200702161,
    207.27158287164312,
    39.13988648706182,
    27.56525786925047,
    23.25040032483151,
    161.3914707825698,
    50.95431346200496,
    8.894619926945103,
    3.486611486750627,
    22.006775431400552,
    4.007035645031598,
    60.606178559486175,
    102.08075279909758,
    192.5236408936821,
    149.23279332304267,
    219.58102781710824,
    48.93557145423186,
    142.34046393747602,
    241.37144760789835,
    176.28747957305788,
    517.8319964716545,
    312.24606511773726,
    25.36417666334047,
    79.8848037433833,
    12.8035050615453,
    55.85692770733857,
    40.21826361524548,
    107.3769766728339,
    202.0735768630847,
    235.10519241032114,
    161.68147937607134,
    112.13514622064261,
    140.04073893469686,
    83.82507824490305,
    33.56664636297936,
    16.972573458622232,
    99.97060323516818,
    280.21527573350033,
    270.60419019786195,
    149.70836531288603,
    117.64974468569987,
    212.2093864716237,
    44.35210828762397,
    71.7325486948383,
    403.88503914074266,
    572.0432104072846,
    232.68450324258828,
    123.8959361237125,
    60.0236884021152,
    509.86144748991245,
    222.6400656775154,
    54.04881436293297,
    73.37119890252718,
    52.53473771488572,
    18.166296249465898,
    125.41932350797961,
    270.16080249254304,
    155.066432972368,
    261.46414614651735,
    713.239660213359,
    39.892617192809745,
    72.1726225576894,
    0.0,
    508.53353585838073,
    94.12058641864068,
    24.33655786218275,
    98.89879930473917,
    64.70858074744143,
    327.61188584710817,
    191.069260405005,
    164.037546906784,
    235.24012224327137,
    177.96805539523862,
    18.774396983462786,
    38.13642742004456,
    83.33849754902418
  ],