{
  "assortativity": -0.2820508230105964,
  "betweenness_centrality": [
    799.976608123758,
    473.29319629715206,
    2166.8580210674327,
    3417.503134033562,
    495.3871923783328,
    1457.9819174144195,
    412.4140160289812,
    124.76490297368403,
    38.70126843513365,
    22.606078971459045,
    598.5610538645046,
    324.71032033362417,
    911.2079497718969,
    611.2200422476261,
    101.20663685075459,
    29.64389829136276,
    71.66851528740688,
    264.7582985745042,
    103.48726805197913,
    146.0291256762268,
    291.9073423576543,
    432.0236157469415,
    34.96301034401257,
    299.1986000926509,
    11.000812971538245,
    13.515630407386174,
    43.79782976597642,
    467.968561259532,
    176.73790600152603,
    23.41644056052138,
    18.578139413039093,
    74.15506567927707,
    202.08028291378903,
    24.17226550652206,
    304.2870611336683,
    241.27944416918808,
    33.11398040575338,
    22.637468363273246,
    34.58125115618816,
    343.5483266074929,
    200.031101902678,
    35.159656452639084,
    209.08169680534382,
    498.0766427438285,
    319.65885628396927,
    43.46025066249815,
    22.48784270186529,
    61.37884329407358,
    44.05902702344313,
    60.74112005118808,
    152.843537492268,
    130.5380398993807,
    131.14065837368807,
    6869.473796127908,
    6074.233622648215,
    4203.00399850812,
    3455.6399897379815,
    1210.2429607408208,
    1221.3188906081484,
    971.8782912976634,
    1935.9847061513033,
    561.6082289711836,
    428.31574608679875,
    256.8374600145582,
    515.6022457597142,
    455.6819537079328,
    1036.1438946782919,
    446.71937366000543,
    1170.652439548832,
    873.4901534147806,
    453.64215378473335,
    144.4797487307215,
    50.82109023883651,
    265.82563047487105,
    265.6843885679303,
    209.03134492194388,
    55.21236763344496,
    116.77734598999012,
    216.4323517952033,
    122.15946171244984,
    333.9816575670637,
    119.08395184745079,
    0.0,
    0.0,
    1413.7511244427858,
    2976.9926498406103,
    1050.347937726134,
    1371.7523326284118,
    201.17165535699667,
    214.3079273975821,
    177.81178324392226,
    273.9890393260114,
    251.3381210508031,
    53.002677861298615,
    3.488154590179783,
    28.513501994785617,
    282.2773747013944,
    247.9143095378864,
    172.126938914917,
    447.1666150731553,
    317.8651304651187,
    25.02051262313753,
    13.541844583035026,
    26.59941035121907,
    150.99866459585638,
    479.2716885900144,
    29.388647740761954,
    188.26540138672036,
    45.974281110402494,
    0.0,
    1865.0688137828479,
    75.85668055533272,
    1011.6926391979417,
    341.2976917558673,
    156.00739431988913,
    2559.6856501730663,
    2574.9326593435635,
    283.33148378374636,
    501.1047032701828,
    97.52251745153403,
    64.512866225166,
    153.5132736316629,
    131.93020114765284,
    137.60797080936666,
    79.40121064045427,
    514.7881201006903,
    73.6165327324616,
    57.473241873142726,
    240.57136386906868,
    47.5321253492371,
    162.82056449758434,
    7.262858733046928,
    20.647802004576405,
    151.81759274186513,
    87.44216131405422,
    25.898179275066173,
    174.6431032065189,
    360.0108334947186,
    174.21732253798865,
    268.1453577096934,
    198.7658693018222,
    262.83662935054576,
    110.34625674909216,
    134.10345552942147,
    64.63988134658764,
    135.30467517212577,
    342.3072281586326,
    51.78436012135591,
    427.58731549064856,
    1360.3304223212303,
    1921.9852226034018,
    336.06264288785604,
    411.68394548810056,
    100.49196470662342,
    236.1018900864403,
    329.8214374623193,
    302.2774383028039,
    49.067710615253695,
    57.101264912582,
    2425.134043833615,
    2990.743112652559,
    92.05537893802823,
    43.46086973587391,
    103.70432263011017,
    65.47948483945495,
    99.51764184781514,
    101.23827743516469,
    25.51281857729341,
    59.88478694935742,
    0.46977622232505023,
    0.5738753637666681,
    57.42815299702401,
    1655.6091325128548,
    2182.0429716247236,
    20.94368094195066,
    5.209249075918646,
    66.8898359937389,
    318.825895552835,
    511.85725014087495,
    508.9299926742092,
    355.76197509816313,
    543.9288355490899,
    205.31763359125392,
    469.69811182269996,
    489.6931312967199,
    54.59788064263414,
    22.146720977827087,
    452.4982328857313,
    804.4517685319639,
    1532.9423610337956,
    1479.1856988653092,
    796.0370679685585,
    1073.3809762943465,
    235.17417403907152,
    140.4422037114888,
    165.40770907773248,
    1213.531741981051,
    989.5012503909444,
    953.7633094439136,
    2768.600489882655,
    3392.0616157954064,
    178.90436432716857,
    144.88262983163128,
    372.470648657902,
    1190.604344829656,
    189.69125435077683,
    157.754573301855,
    171.34503279696608,
    179.8464726466875,
    222.31108140156505,
    273.03013869346006,
    243.53420435600356,
    284.5527444848703,
    394.21880091631294,
    37.33721271287964,
    11.500493652723174,
    286.826758449194,
    134.7209257198468,
    22.11476982167229,
    633.8564236320526,
    561.8140819649891,
    24.995977283410888,
    44.368730233949165,
    84.73613146869792,
    90.83440234182332,
    358.67450001689656,
    67.44331766439733,
    101.11547775698423,
    221.04300736875902,
    15.577164497831998,
    87.75114776208399,
    116.48249190643273,
    9.963565283779667,
    5.7194680548949375,
    4.553773790558904,
    10.436222083675714,
    13.049991367822518,
    98.54705727867902,
    247.8375195771831,
    413.5784409959519,
    94.61821451095169,
    306.766208990805,
    81.05624902073716,
    237.91874378449018,
    148.94276745724372,
    241.8490158594115,
    394.9388808738946,
    431.1073199318233,
    20.26392986061978,
    26.80521519150576,
    14.377488930939545,
    6.482002299140587,
    129.00201689557647,
    119.87692792768442,
    85.96645765610111,
    274.09336869074014,
    162.3426280446334,
    170.57317777121713,
    73.9049755805151,
    96.12511716908668,
    63.63643642819843,
    9.13216264640743,
    132.1767735642796,
    304.00514265281356,
    194.6862682917598,
    157.83268465344415,
    198.67436144534088,
    93.41221276155603,
    75.62487834315816,
    200.06409491678812,
    350.71534112948825,
    419.57652816969306,
    313.65084996046664,
    121.6929688757665,
    77.3181861381227,
    616.9836436832506,
    106.7504958370186,
    413.15965405395013,
    126.64709398027215,
    346.8714853574021,
    132.02538837961836,
    274.5560322202867,
    356.7907034729279,
    149.88030525995813,
    173.93227375818583,
    467.1167121845953,
    74.02580872794496,
    125.36552114432776,
    0.0,
    370.3507953123567,
    51.44789196090907,
    11.836380979164133,
    57.74008320591586,
    50.15846594966648,
    317.87117568882525,
    177.34008119567525,
    371.137729004601,
    224.65746122468866,
    124.13905209575645,
    12.302193337648493,
    11.481935766065808,
    25.174007681241306
  ],