{
  "assortativity": -0.2303660167534219,
  "betweenness_centrality": [
    393.7781407695437,
    443.3641910532821,
    2154.0182445893934,
    2165.8105410047965,
    776.5873455734527,
    1182.3130543014342,
    265.8652814381762,
    155.53566999960722,
    27.75494191382122,
    153.81486642324765,
    1032.7232548201132,
    971.963793690616,
    640.923579920589,
    805.8673499947495,
    65.50649230324409,
    64.40212721539247,
    71.30928884323221,
    203.08864953032872,
    100.49578552932506,
    73.66396296295358,
    343.5647495991234,
    589.3373577770808,
    5.350382798602614,
    184.5742148113127,
    41.335974750064295,
    43.995892042043835,
    16.948522781281767,
    520.5891926590781,
    120.31629578048462,
    29.502260210850377,
    43.690587086533746,
    70.27239093341275,
    159.65866574610922,
    69.67626054289327,
    143.2322330211761,
    255.97504980084796,
    137.04229854414737,
    19.463801958849324,
    82.24158755638207,
    93.48215519263404,
    294.98663414500277,
    19.394239741436653,
    106.56499323098105,
    419.6785278559481,
    391.93694524460403,
    30.79902828644577,
    48.35670776516777,
    68.62528570274138,
    21.75369776768215,
    237.193905816211,
    85.22446683926657,
    123.78342182912158,
    152.95368154913652,
    6485.748728725852,
    6873.622364717762,
    3483.8258163716173,
    3487.6782610758178,
    704.7682325753912,
    1064.6350210402359,
    711.105007985728,
    699.688323609325,
    738.4592884581792,
    504.3707303427093,
    304.89284482085577,
    338.28599534394044,
    762.0350633975274,
    606.8451065075516,
    366.7648050969832,
    1573.6291822829805,
    547.6462289336687,
    328.458387104881,
    176.86557428301583,
    38.01006172292773,
    392.4346058970676,
    87.01451228607316,
    389.9093214185671,
    138.11427253752703,
    198.89634245314744,
    203.97821615289152,
    258.03020921953834,
    119.84277841453873,
    189.33956463800791,
    0.0,
    0.0,
    2696.4462644331165,
    3997.1010595992675,
    2045.4123919887468,
    2489.507362575902,
    277.86949416837433,
    218.5270425860743,
    315.16386523249787,
    362.5198238977501,
    163.7671839633533,
    70.62799070253745,
    6.051639493404197,
    113.27506593004381,
    127.29605546452441,
    201.8569351203622,
    358.0298327302754,
    194.99668926448138,
    112.00518376795398,
    37.21517595881025,
    32.63457892228325,
    97.35925245451699,
    242.4968970344605,
    155.35980847598756,
    66.14722035530559,
    82.52018017423272,
    39.7550106450432,
    0.0,
    1524.2965248468988,
    379.17767553662594,
    551.1263040229694,
    264.65942797971553,
    168.69881372096327,
    838.4152077850356,
    2861.180295423414,
    245.15353842791862,
    205.6395195772863,
    83.10858146550565,
    150.1538045848628,
    222.11231751435474,
    134.49056456973474,
    211.39175002718105,
    127.00734482668659,
    129.00869030125125,
    133.10929307268836,
    373.7848994101703,
    126.38169727530646,
    230.63889218801515,
    131.581152097321,
    3.6594079787506932,
    24.17999928835264,
    183.42250093237558,
    105.37874076635238,
    62.32143414175737,
    49.9973110603462,
    193.79374358001584,
    70.7748013351262,
    372.48298045954795,
    172.5954285749369,
    223.2741732712348,
    88.00706881504618,
    414.42912720252315,
    69.91058017880195,
    67.75815540480382,
    63.60237981800235,
    89.62002265149918,
    368.47169309156556,
    1257.795428222882,
    1120.3957223978514,
    197.85860244060663,
    523.2224999088032,
    231.0212365741375,
    497.87828423395376,
    363.5390932655404,
    165.63374198391065,
    27.88256772386652,
    206.5769035585497,
    3145.543233160605,
    2871.8393651936076,
    126.14170300727713,
    147.69656505845037,
    169.11334596465764,
    74.39610852987207,
    261.49136420780974,
    74.233619473879,
    28.517464782990064,
    514.6858411411505,
    8.146383174765624,
    13.503509875945172,
    163.75178809525346,
    1570.2724385964123,
    1757.802758077909,
    39.94019579392567,
    14.092379481209854,
    82.45090036724335,
    333.87371066587673,
    241.6954634431705,
    562.5611989435253,
    582.3319300664593,
    204.2450762565325,
    323.02530705410805,
    672.4210039692927,
    490.29583319358557,
    51.6692184292813,
    3.0484755440637796,
    479.366622468501,
    402.2084599157666,
    1084.5557913926493,
    1252.2256138533714,
    849.886308372852,
    937.2341446291293,
    463.4264721663724,
    93.20411962940229,
    254.48434142958575,
    1193.2766900089682,
    623.1316174370963,
    881.095107092259,
    3022.7300322657616,
    4590.31371429352,
    160.06238865276396,
    119.89027163094124,
    456.8032663088396,
    821.318716417838,
    126.84039924746823,
    246.50785899161025,
    248.25294960542553,
    178.17560575222285,
    263.2470585470219,
    122.0611923736049,
    266.79208500160024,
    413.27433695155753,
    67.11939555517007,
    36.80553006723593,
    15.740725401716299,
    508.52701371633935,
    96.52295396284538,
    70.10987544689546,
    901.4813134450616,
    529.0775652206644,
    85.65627160872128,
    62.13840793231148,
    115.21616849339598,
    513.2459711109467,
    102.36281992103311,
    124.79640554991002,
    159.01941375980482,
    75.6586695152642,
    30.83718090845333,
    88.17242395708867,
    107.17938990141701,
    11.103922872503807,
    10.635942182284536,
    3.321236511688673,
    23.970719636577705,
    19.863512578577303,
    49.34505726025091,
    64.11518644730667,
    51.29508687056888,
    206.11590364670982,
    99.7339605674917,
    26.350142958512425,
    45.89135154334359,
    317.99034417259077,
    97.79114399273332,
    300.7055943434858,
    518.2425263140543,
    36.46345146005174,
    31.519161496024452,
    16.403656086329082,
    21.18470999340253,
    95.21422178302494,
    261.7165760998072,
    120.46034929642178,
    103.18414224788664,
    87.02944109154537,
    62.00290591088354,
    269.17172943500776,
    81.34041784589867,
    120.9547899993912,
    18.617569661293285,
    122.95076270326274,
    306.5250897388622,
    468.703148665468,
    211.77377339357378,
    171.37325813065644,
    130.8908426891214,
    108.27786474924527,
    57.514443830450354,
    564.0964614923508,
    257.78134753609163,
    684.868158694363,
    210.1847052941154,
    44.99728858801203,
    322.38912053250436,
    81.80507439320533,
    121.83661746134801,
    76.41384034142646,
    140.63300816740536,
    8.89808001661517,
    147.9723490140409,
    515.2750351210353,
    242.65789601297587,
    294.0984974750281,
    419.35319056557876,
    45.0155977680928,
    312.9097970202964,
    0.0,
    364.8879471195194,
    91.46032220666211,
    35.54938961634374,
    26.06404292384045,
    86.97683201892742,
    298.5580115234504,
    96.63341856854362,
    103.62118435044044,
    202.77547320778947,
    84.6809938596298,
    19.42339740247343,
    112.4969192530034,
    15.398475676730055
  ],