{
  "assortativity": -0.23752773746436656,
  "betweenness_centrality": [
    474.43654038358613,
    466.09871810915155,
    3406.0559644233763,
    1934.3361011578675,
    481.39090244392895,
    1752.88424736625,
    794.0262073687579,
    66.4328221205216,
    21.509251016244455,
    38.908687062283455,
    314.0261234016142,
    433.81402390059554,
    807.0078069550767,
    939.4805407008629,
    72.79110866813787,
    54.964420224612994,
    89.16101693680548,
    93.69190893699627,
    154.34032394148494,
    105.45004364038293,
    409.9916603457934,
    401.68165228340945,
    14.543996733091365,
    82.55244738423367,
    72.01154349084706,
    85.18815435739577,
    26.26445310778192,
    394.6020898847999,
    128.9413233219472,
    24.249092956392282,
    42.77676882860684,
    44.516066004595515,
    92.90847965623043,
    23.006751483818945,
    113.6597595533148,
    126.07861795085958,
    24.832282235821307,
    3.1932580100084342,
    45.042369984982955,
    56.81235994083368,
    247.601920352698,
    72.91796610369587,
    171.0418347073179,
    447.99182684132813,
    465.9664744789507,
    18.591143377899364,
    75.37515062623888,
    16.191602307541213,
    24.98943957540183,
    77.1446544751366,
    151.95849534693755,
    73.01691264756279,
    152.03466813040257,
    5782.144585516715,
    6648.403793606495,
    3740.2678175473625,
    3179.168385245408,
    386.25373517117583,
    1258.7800502694358,
    777.0896563609098,
    1446.1325239252749,
    475.4770003577014,
    351.33256394304294,
    213.29219409860534,
    577.2089104758137,
    484.37725556772483,
    702.2541743260315,
    339.00373538207583,
    1503.1101911220376,
    502.2605792520557,
    347.73052751789714,
    168.30688514443747,
    251.75166768311894,
    272.28096761490974,
    164.14020596619807,
    314.18512168232905,
    86.86073255799477,
    183.34703336970196,
    343.3893360436166,
    198.98518376126924,
    84.16146485882982,
    51.35797706831086,
    0.0,
    0.0,
    2070.9792387631437,
    2011.8386160794967,
    3229.340800506649,
    3106.5111770414446,
    226.1145050960392,
    160.57000040920863,
    190.69584375592888,
    155.5757911163846,
    191.8058528200574,
    68.63773331019014,
    6.2928723743448955,
    35.46942193359031,
    87.26756066447267,
    292.97532311934697,
    264.46370665023824,
    345.6492487097338,
    152.1655786339106,
    58.57101017471595,
    37.144017875395235,
    84.10751143034634,
    180.6624203637483,
    251.8916937273076,
    60.47284404678687,
    18.730150967067342,
    24.370100357262462,
    0.0,
    1036.9344673830044,
    182.25112949775064,
    978.5590633055987,
    297.2901505887087,
    157.567492756133,
    1710.516106463027,
    1791.0887663685016,
    439.7944423244954,
    256.1718254950825,
    81.34706560207411,
    83.6542856456205,
    131.95304107436036,
    44.1635656652773,
    194.16280045095243,
    185.31700557771086,
    378.10101633422704,
    115.16005620289958,
    100.806622434742,
    176.96732285220173,
    144.32456699208234,
    214.9089237090064,
    4.560877876201767,
    16.855777670842627,
    76.03704510056146,
    187.4385278237351,
    14.343837520433672,
    24.135499633145567,
    223.5935475958475,
    48.66041951811967,
    549.3876212432089,
    248.4992151240507,
    281.7926321712765,
    272.61805582767425,
    114.83886677056458,
    102.46487174546017,
    112.52160205582747,
    99.0309332671889,
    88.51274508492334,
    262.2855940999441,
    1144.9031422340051,
    1046.6449558782442,
    270.5701569912647,
    240.87223737875442,
    245.3538444871133,
    284.7036662396534,
    624.7499624426094,
    258.9852233353041,
    33.03027762708896,
    8.324065668299598,
    2501.074584140139,
    2287.214476023012,
    45.38872606578045,
    47.00894460122555,
    95.51466395165104,
    128.67284868451821,
    222.23993703577807,
    47.64964689948041,
    16.6584921877852,
    83.54480723418105,
    12.198103530852547,
    12.63140017102485,
    129.15992658836075,
    1271.3241077544162,
    2210.637241902657,
    26.439874303838696,
    7.666640994356432,
    228.02045830218103,
    362.022582990493,
    641.0323511212212,
    685.0342952909828,
    488.93822054030915,
    125.99252411242935,
    696.1046108999769,
    407.9619081890734,
    532.1553163718578,
    29.918564870769487,
    63.16286093925484,
    695.0341450816909,
    719.0668865660267,
    1306.9959580356976,
    1327.1004521949458,
    1448.9483791939842,
    800.8245139255524,
    300.96065595199104,
    234.19202671025386,
    108.75045131313951,
    1629.2285005669605,
    904.9992841046618,
    986.5520198908059,
    4531.7591224359,
    3502.7864263563447,
    59.555932225606924,
    250.4298531994267,
    293.1115099144527,
    1088.9784530240624,
    376.19668007196674,
    321.0335485927392,
    152.519281224565,
    172.03456734594832,
    289.0079535834018,
    86.308447033757,
    360.2883644099463,
    758.239280029829,
    113.70836745764973,
    39.49662797141104,
    13.036626465488823,
    306.29949151957067,
    214.258582944941,
    53.36361117080676,
    519.719348257605,
    458.1744915707469,
    47.90973076053553,
    84.86126750935797,
    141.31461395966863,
    121.23662471330987,
    223.2770063834544,
    51.37961771599822,
    147.65475615587937,
    36.13858413875115,
    49.78857895002917,
    30.196497733105723,
    153.9800822830933,
    1.2690550764688695,
    7.415116290396419,
    6.2559892342867585,
    15.04776313371447,
    9.065187318066236,
    28.884200723052935,
    80.61750342584833,
    57.00753840406843,
    103.0325111096873,
    386.05842777204964,
    101.75069247524058,
    72.05387447401722,
    268.48424337284376,
    201.88840424567678,
    367.2892512801195,
    172.19820187576892,
    23.478303269699644,
    39.9215086052024,
    18.75198717296875,
    46.453620190308605,
    78.63798316243218,
    75.85789081980568,
    125.46624482361352,
    154.21342950435675,
    123.59467486342123,
    40.96046861571873,
    91.30946577915158,
    125.52601961348654,
    156.9364801815567,
    34.452737476193754,
    81.87021797982277,
    743.8041921986954,
    497.6765248989506,
    163.60627341962368,
    437.9611174520645,
    157.89421949601973,
    147.1892912722184,
    67.00701318398502,
    404.7653555413295,
    304.76138738309567,
    439.1475279323304,
    98.20694536064698,
    100.94373133967831,
    328.39263234693215,
    75.86760718939914,
    175.3380104777977,
    94.49322611915962,
    83.65253608934295,
    19.62363921165757,
    155.8428238890806,
    252.42890696417618,
    137.0157797569711,
    353.8890922327593,
    1078.4467687915633,
    122.12111698292087,
    53.7400872693439,
    0.0,
    547.2983134640211,
    93.05482529040258,
    26.56795921812413,
    60.71118893522508,
    41.53724072249952,
    488.51514932294583,
    290.4121219777391,
    175.0430840256495,
    357.02792701374517,
    78.33235667930347,
    119.12718214833409,
    40.69604220038552,
    43.452323847661326
  ],