{
  "assortativity": -0.21329873991210316,
  "betweenness_centrality": [
    270.4190306130551,
    485.57031360538866,
    1566.4239611690905,
    2294.3587305734313,
    681.196340586457,
    1853.34499540227,
    166.3439702381351,
    123.89610774429694,
    26.219752362218934,
    164.59088437466576,
    477.18690983272694,
    284.02781836787483,
    925.3853601694145,
    800.9251057720029,
    103.63592042622129,
    60.4129099910085,
    170.4060510822347,
    171.43713117777955,
    181.11179616468914,
    208.9739385675103,
    559.0525973382576,
    386.68646236297883,
    27.599815556375145,
    167.8425216338789,
    73.94828073196634,
    17.097190775162577,
    56.79996819240977,
    524.6166778467856,
    61.609782850127864,
    37.790292542531695,
    35.637612300226984,
    87.29768059521075,
    183.96579049332843,
    29.980941174076843,
    53.15079855338036,
    333.01064934190435,
    46.420146453204666,
    16.21828770485712,
    20.09339274282896,
    167.15713493806436,
    383.38093037302906,
    66.95035580549593,
    71.36433320783533,
    295.54020314142826,
    582.3498855191291,
    124.98846692677253,
    29.266150606757808,
    11.262214127449784,
    4.946403304951146,
    283.7036701987555,
    156.2724433093527,
    100.34105285553305,
    121.04974241811176,
    6069.799446255523,
    7874.295196433107,
    3112.965923317902,
    3639.695239864037,
    1052.3763308737034,
    993.6192592904986,
    1010.1009190140626,
    683.7404701032029,
    467.36928599513436,
    377.50790617946615,
    277.40415620946584,
    591.4612495878678,
    390.3833249683312,
    913.0529402159024,
    497.50102844693873,
    1447.39988112468,
    610.932262233458,
    558.7957129708494,
    436.38179732858237,
    62.582502531237296,
    406.644702964048,
    186.03509780086992,
    200.06310822184997,
    92.05549969966184,
    98.20635931144595,
    102.91430521307258,
    202.48427365068326,
    155.4952834245917,
    85.71864137837268,
    0.0,
    0.0,
    2746.0219765066163,
    2380.077700309965,
    1283.0693151340106,
    2392.8522738495153,
    267.3038157360531,
    286.9501645867179,
    291.892659058075,
    198.8493761065326,
    473.0102400252263,
    239.92010390201628,
    17.581154412852175,
    42.12131083434829,
    131.55524496782598,
    439.3682504994669,
    159.3042573086888,
    298.21676029755696,
    349.5502103907724,
    38.37387310434212,
    50.84759474791466,
    63.4065447072389,
    203.3366574267806,
    150.39506639663512,
    44.54437568157978,
    52.66418562117025,
    74.58782684662958,
    0.0,
    1404.6785767452857,
    132.35319453182638,
    882.8705245242319,
    323.4393870162753,
    437.4984732901393,
    1894.083531472015,
    2134.1190554922373,
    628.6149924358868,
    199.32863911809153,
    288.67666152285113,
    127.64771137272969,
    144.5479811396369,
    53.34393689199958,
    249.91254530258564,
    80.0958452055974,
    429.0068159188549,
    51.28477684133215,
    67.7011451880299,
    270.49913138410943,
    144.75429784126817,
    133.8266270190225,
    15.24683693893185,
    21.215881678730188,
    88.43856589928785,
    233.6973117366826,
    24.266473408022048,
    20.691231816715003,
    128.17226036019366,
    166.67500753878994,
    328.2225490642654,
    162.0748228272345,
    498.5046935735005,
    109.38458284649244,
    114.374561522908,
    85.90839635692474,
    45.280961804423775,
    289.1387981012467,
    89.65185427333222,
    623.3266260479162,
    1731.6746779653067,
    1410.2031969051284,
    289.4171819082423,
    549.3805133869829,
    155.38344872333363,
    157.94811416001255,
    269.2818453677052,
    281.6490578852405,
    120.95660771241283,
    12.287522013596272,
    2417.713631878148,
    2202.6021324729913,
    76.22749792835698,
    149.26923708624625,
    327.9109983803784,
    173.24578239979908,
    211.8378318175738,
    82.21349380085178,
    25.095835101936977,
    98.98278801110862,
    6.765726203503848,
    0.6294911660155563,
    138.6375835590612,
    2075.561618236865,
    1919.407436101635,
    22.98449484166511,
    3.212930724408881,
    35.753184528047015,
    381.32100487715564,
    262.7835279012004,
    691.9869678660615,
    396.0176117845648,
    181.31273868232032,
    747.0095002393856,
    516.3408581254027,
    648.9102981478343,
    90.15109279337652,
    60.305367815602004,
    450.74079085906544,
    503.38753946456717,
    1322.2808870084295,
    1271.9400154466057,
    987.1471915390389,
    743.5138086755326,
    174.81911699628242,
    228.62854892831956,
    141.65025503100824,
    1122.4289240302617,
    561.740756692893,
    957.5268207272704,
    3240.8612196863896,
    5140.722420996008,
    165.61563676150558,
    143.10693017772653,
    233.96775955552533,
    779.4539307769141,
    201.10044551024026,
    168.15586030762157,
    109.39360405440723,
    112.13987281343769,
    606.8071523243925,
    211.35442262483227,
    200.69642156255713,
    781.7048342760437,
    80.92780128081736,
    43.90374987644299,
    30.663528657374968,
    214.2527652340107,
    312.5808859108178,
    97.5642082236658,
    444.0144202713779,
    409.8085189586884,
    72.75670641177537,
    34.02609435109653,
    38.05180260405363,
    92.53005431112729,
    84.45558033627506,
    52.49172407297024,
    177.1193075466248,
    42.664850764695444,
    53.892258440000056,
    58.865266081998925,
    348.57985172148244,
    7.86829922259325,
    47.13711245558767,
    28.29805650860441,
    6.335935685449848,
    9.418522002086329,
    155.62755263751,
    161.57682022862028,
    37.508710283807794,
    247.80017688283274,
    247.03192425042278,
    80.42239162368426,
    73.71936674875215,
    235.40058905790056,
    344.0949495080999,
    240.43133221820136,
    349.0166450676797,
    23.540179793718874,
    51.545636544072124,
    4.529473527492329,
    39.48587659655064,
    82.37127840758752,
    176.45750902742347,
    218.319656550408,
    399.49370585810004,
    65.83479671400784,
    67.49399167477925,
    37.09123764167372,
    62.18020296282233,
    99.39214243315523,
    23.204856438599634,
    119.98030641339433,
    325.45897732167975,
    256.10137367474994,
    188.139164641343,
    189.4211939996079,
    151.14349886103656,
    81.32306957998257,
    63.52212304793659,
    548.5473023462338,
    309.3881902699723,
    444.97087281203073,
    256.6063949406161,
    56.72469927166939,
    650.2445494423692,
    90.14690745093465,
    111.94679233562515,
    83.08287501999342,
    198.23308963079495,
    64.76088289739897,
    241.8163419239156,
    225.66280759952264,
    184.92230844814722,
    129.49988050710598,
    771.8287866352571,
    89.34902299755265,
    81.83621323226085,
    0.0,
    501.1863458258828,
    155.0507824061435,
    13.977307733761977,
    28.040770583118665,
    145.66178579123584,
    232.39241476920915,
    287.456512859574,
    123.70660545813759,
    296.2148330139293,
    84.7258706197168,
    30.32545466618966,
    102.52733105124014,
    11.442847727550609
  ],