{
  "assortativity": -0.21808672666747167,
  "betweenness_centrality": [
    319.6332152035325,
    568.3946384663654,
    2968.8872936008556,
    1915.9231851088032,
    483.7820390179493,
    1125.8144483599065,
    165.67454098326948,
    42.05797137563497,
    47.101175259956754,
    63.56304112817906,
    573.2098073739927,
    420.08603408879827,
    640.703842734328,
    774.4286585704174,
    23.960470161493546,
    59.726286413647635,
    142.9597049825845,
    85.28441865507062,
    212.0925873306973,
    131.6844021964505,
    491.8655074637335,
    350.7243251307902,
    21.028191052417135,
    331.8536745212663,
    10.480344842419136,
    86.63382276171048,
    99.59072303996189,
    446.5770512955762,
    227.30165296475337,
    11.749940908646773,
    34.4614691717381,
    174.26317476995482,
    122.71071006580061,
    44.32286903799642,
    317.4774686758872,
    125.40254074676584,
    12.79501842762654,
    7.28669428393295,
    108.59746674159655,
    154.61498945261735,
    165.36083801702773,
    18.144729214638538,
    413.1770845884447,
    678.377716560963,
    685.0469491076598,
    41.07368448603532,
    101.05222550229152,
    31.538990498087912,
    13.043579980795972,
    125.20068976989805,
    69.20979839397575,
    132.78802735987824,
    140.04544914919387,
    7055.777481391892,
    6981.795036723064,
    3250.1380907391654,
    3510.9070806463524,
    843.1190813845901,
    1180.6263777801132,
    938.5296985710402,
    1364.849923342988,
    514.9198237237555,
    637.7699433511094,
    285.212944009121,
    384.24244753419106,
    474.8141676318412,
    636.8665127929736,
    429.6182413118293,
    710.6715903085633,
    1131.7894536645724,
    486.626919918151,
    272.3542582067636,
    40.85786320015245,
    288.74904378904967,
    132.79611455798045,
    195.0533248837391,
    199.9579288204801,
    143.01759519137326,
    212.98274020853157,
    115.76584439924345,
    108.43952054604425,
    132.94102664504462,
    0.0,
    0.0,
    2478.1116028893985,
    2143.11177758062,
    1505.321149199384,
    2804.870592728002,
    180.81084625188376,
    258.9639549479166,
    149.62089932855253,
    226.20895169215078,
    151.76133312759427,
    32.94727489994712,
    6.013209970596389,
    26.615966234175545,
    96.60330724554461,
    351.89497215181547,
    164.26875093530117,
    312.32103008482017,
    255.7240076803079,
    30.538433208192682,
    19.857159894131478,
    47.72865530753383,
    442.0720064341228,
    90.48956776760193,
    45.66621496266274,
    91.23696320440207,
    54.011414106548344,
    0.0,
    1026.0143164858857,
    88.30529565093303,
    948.0132616475865,
    324.22079403795715,
    560.1108178485595,
    2585.569228350092,
    2037.3666735981774,
    225.77978756210632,
    564.8497680875313,
    118.75979466532273,
    100.0203402239837,
    370.295515082094,
    146.13325769957794,
    145.57703310242556,
    85.94639926719066,
    262.5587711319434,
    367.01993204893336,
    304.28940484836704,
    97.49347435777011,
    110.24546736996584,
    272.76932512079645,
    21.021774892543064,
    16.624843637757156,
    108.59131750561002,
    334.2122438385924,
    52.736687736556554,
    72.18844146464491,
    247.67458339428873,
    54.85722726404833,
    413.62095004584035,
    112.83190119436327,
    277.92065319346966,
    161.80407738486497,
    118.27891193744483,
    56.97816956488413,
    35.48892534069797,
    99.24692262297987,
    34.557628558550604,
    322.4946226489117,
    1740.6008153451282,
    1063.0881866826423,
    202.18587402122975,
    535.9417883928435,
    392.5486626284953,
    366.988642988031,
    369.28924563832874,
    243.10289819814142,
    21.317409877171904,
    14.082218693477158,
    3426.866905208485,
    2420.7358124795014,
    340.97957154631746,
    38.217469854880676,
    227.59065154647354,
    126.06729042003397,
    111.65258992034792,
    102.07315999020388,
    11.898899028916748,
    104.25677572514394,
    4.492526432281995,
    18.77776248220998,
    245.01070743272336,
    1723.7388855105864,
    1910.9971858991933,
    35.28851126208203,
    8.83854681848718,
    51.28282338837544,
    403.7225333080354,
    268.1707054503191,
    764.6462098597585,
    590.6317585826698,
    132.22879010718364,
    615.9981430136849,
    788.0487447557759,
    507.6372687802799,
    42.20857191603879,
    21.03200289658053,
    416.70896615295516,
    605.7836737531039,
    1450.6081486966223,
    1171.5117398217262,
    1288.690690707773,
    863.731524287079,
    336.018073834834,
    145.63389282662664,
    110.68609047223222,
    818.4093569003704,
    845.7809611750438,
    1425.7522653439273,
    2510.914742170787,
    4845.859785635667,
    135.6022477252673,
    169.77873004822555,
    190.48768694857537,
    856.7861206778638,
    306.0033548991631,
    343.5377016130173,
    206.14505874032727,
    207.19956294581698,
    473.2946509894052,
    364.0375819042989,
    340.75678608324364,
    360.59237214548386,
    41.39171541817982,
    86.3875942361744,
    26.756800545116246,
    848.6233206098613,
    40.97577479587971,
    28.47537078062538,
    493.49984279701476,
    634.2613268920022,
    31.0415178102348,
    50.15338948203877,
    96.91771131390358,
    120.26654285773006,
    137.27354050578114,
    109.40058755828215,
    143.42945887048668,
    37.24892190576977,
    96.58169697403154,
    13.99917872069993,
    141.56881693630802,
    9.778137828061846,
    8.625832741195213,
    6.9577783425687425,
    6.24987524112898,
    21.37897224397947,
    28.189317274112522,
    57.23614438592278,
    73.56654198390412,
    63.63562676226732,
    184.9266125286306,
    61.18137799301162,
    67.31073061445129,
    508.3479454433385,
    201.71416391624325,
    280.8034976918537,
    449.2364213859621,
    24.850691999745916,
    39.10272148491156,
    18.561607998890427,
    4.915151581916666,
    78.06226792288714,
    44.44319301255314,
    81.47487964542934,
    239.9418783830253,
    121.55810672209316,
    77.59516451504444,
    62.344957899383445,
    228.37260605227686,
    56.684544857919235,
    11.39940552235225,
    108.80458508805253,
    465.7776213651835,
    398.5226181683272,
    133.0481786259074,
    102.60405867136483,
    127.92906753348015,
    48.27767181070226,
    39.65557636440963,
    353.6742643686785,
    393.0249239147129,
    465.5005714708305,
    101.52526041631765,
    45.31669501575742,
    435.1017373918523,
    66.874767257824,
    134.32155879052462,
    49.03385755526615,
    152.94934158116607,
    45.21794498871554,
    98.75504520653344,
    291.0708161171455,
    100.90594889595766,
    114.94828721971605,
    578.6436394513374,
    36.21961663702062,
    307.73336533390835,
    0.0,
    438.00659008846173,
    56.01787218534127,
    24.0334345324832,
    20.868527861701114,
    63.53087852150033,
    592.1211711740277,
    155.60281453418114,
    118.16981466266797,
    110.95379038800623,
    398.05422703966616,
    6.1744504300631,
    53.1137874967212,
    16.474229761627186
  ],