{
  "assortativity": -0.21538601832332413,
  "betweenness_centrality": [
    370.1738664063143,
    305.7108981680705,
    2290.5351268143836,
    4213.771046370286,
    1728.865948860628,
    1456.9335176646887,
    199.50855014894577,
    195.78777716577704,
    9.752504942522588,
    77.54600475020193,
    406.7360222997978,
    635.7808023194733,
    685.996065882767,
    453.8154406565152,
    135.09896904706943,
    131.12253555980524,
    155.16864740584128,
    281.2628849397106,
    153.68811236942904,
    225.13191948352656,
    336.7820039331235,
    757.8205111169646,
    19.670582253257447,
    95.25695917942642,
    41.4781502843303,
    65.6743389502083,
    35.01816858616242,
    607.3046483851701,
    53.74435635722921,
    28.882973864509545,
    26.521976602405758,
    123.52198422444772,
    175.04676667870427,
    65.65686217843526,
    119.28868884086675,
    90.59893320054235,
    137.78092315939682,
    17.719445528789816,
    38.270969333607646,
    313.181771494609,
    295.2833609978878,
    84.49313744484878,
    35.71607142657909,
    832.7129894339995,
    270.62343789058383,
    91.23983673633298,
    45.50707036143662,
    23.884171173215712,
    12.570273854540195,
    117.58895088283124,
    162.19436929277623,
    175.69238963795476,
    188.36714325416307,
    8184.666786738368,
    8547.57800401092,
    3547.0367523585946,
    3992.048306294918,
    1171.9164981608403,
    743.4074466671984,
    707.9152700794584,
    1292.5340744529178,
    627.5318395918098,
    946.9236506082416,
    411.9250788220452,
    471.2099483899757,
    396.3042545994817,
    685.9562778698411,
    703.8275116258609,
    977.4993578882802,
    891.1820966750527,
    636.8305209401572,
    89.78590309338774,
    159.80964204344377,
    161.6025761008728,
    226.19724504664651,
    161.16126392589436,
    107.09031486486367,
    25.209198943480885,
    200.10466449047723,
    176.63904447423528,
    161.4758840359051,
    132.7671376423509,
    0.0,
    0.0,
    936.5524956353356,
    1857.1200756832566,
    2276.926222509723,
    2347.1075281712797,
    474.68244841204637,
    708.3769355994306,
    230.47526526638472,
    140.90527274284204,
    309.71304317635247,
    118.90268775047647,
    4.158258158640824,
    98.53116013257453,
    148.43038661222494,
    166.71858070708277,
    205.27780853302824,
    321.7785464120687,
    225.75943290015715,
    19.28979990710463,
    35.727486591116055,
    39.49545765023183,
    99.10654604374977,
    167.54469837978672,
    26.913731960059483,
    189.87856629044634,
    37.26355809046883,
    0.0,
    1683.6394934703012,
    39.9240218350446,
    822.8352843387463,
    387.1763076977796,
    207.55406923110152,
    2075.4199636732355,
    2220.9345024218937,
    194.5303212773827,
    334.90026270875074,
    90.27111942214248,
    103.9158737434691,
    162.41545523562704,
    101.73353005746954,
    152.78788447087757,
    94.25282348716769,
    125.31514278212791,
    139.93036004722424,
    166.5288948704486,
    159.914170648665,
    96.76640689576658,
    183.33313809690426,
    10.358276436465845,
    6.985326387259363,
    83.55823614113179,
    194.45704114831918,
    44.165455728404574,
    59.52985901503091,
    136.12346494073714,
    123.38004558901535,
    518.1483433989454,
    218.09959253231662,
    127.89765887458341,
    216.39457658255594,
    103.58568548788006,
    118.15079152810705,
    86.05401704744467,
    115.90629563453982,
    63.138144170861004,
    399.2945645955202,
    1014.5100342873945,
    958.2196679132732,
    169.38934266936266,
    573.1941726980489,
    139.6087738243227,
    221.6401682619088,
    371.1924363454765,
    111.02527175632027,
    34.20408695552362,
    21.499353718923764,
    2057.818773127976,
    2463.9755258439272,
    95.63904652176159,
    36.670597067356006,
    161.05669837342901,
    222.40679384382318,
    154.8194657653323,
    151.93835393847954,
    22.200689855528502,
    89.10235170048139,
    10.249952464500417,
    2.2856020115317555,
    111.09651502477072,
    1848.4051154761946,
    1557.9782048199886,
    5.573464849956654,
    13.614980413704998,
    98.72993806777365,
    897.260650351324,
    272.8999990085953,
    622.3158955816915,
    288.79396152216646,
    226.31966508121278,
    687.4534901429262,
    968.467059865317,
    739.7145221203309,
    29.161008435461433,
    8.205736751641522,
    565.2998200456448,
    421.81263652799095,
    1233.3718296524216,
    1358.0494624843982,
    788.0426620231511,
    983.024567155028,
    312.31455775281097,
    166.33004888211877,
    421.13748531958663,
    1161.1947323397749,
    1464.7334656425323,
    1067.982018952769,
    3191.7243237944144,
    2183.753945223587,
    103.84102351721874,
    143.75017639359453,
    216.9096650011231,
    933.1498326508972,
    176.99752613601507,
    458.8432053892826,
    141.1111003434005,
    254.38489609526357,
    310.92924788817174,
    651.9957272763431,
    220.09766729297178,
    495.1385529635502,
    92.15716605329044,
    34.291778514709215,
    15.441923482010031,
    277.316735017216,
    128.25931193311015,
    58.58821334094541,
    578.9017196748995,
    431.71687016961096,
    28.502893588693723,
    86.4634333710079,
    147.54915624575966,
    161.65145246765385,
    77.90471131269115,
    107.25397371557648,
    58.498908988039105,
    32.77477392101626,
    61.21098464829708,
    29.064804752120747,
    260.0277350730462,
    9.512505322103756,
    4.972645057106207,
    13.12403371112094,
    18.29040201861476,
    1.839629040901365,
    22.71501810446592,
    87.81614714323398,
    31.728684801335405,
    86.8988680393595,
    200.67669411702983,
    42.02065229146554,
    65.74537273269728,
    304.6997042008047,
    277.0611154438762,
    214.4575256805743,
    264.6133314606258,
    5.652577318542348,
    78.08433136808979,
    20.81181473906002,
    43.205217766558945,
    74.67924819734074,
    61.71186307593476,
    62.022070138426564,
    330.18704281976784,
    33.04134661304902,
    71.54722517700989,
    78.08527329665465,
    150.6094877471334,
    66.03997156396093,
    6.406174059376886,
    88.4836676580607,
    722.7392778326996,
    391.14007791534306,
    197.7562617431846,
    144.8474233239483,
    450.8059724569666,
    125.01248084782728,
    83.11594980288396,
    386.3450644068406,
    308.70657410162454,
    361.58887621321105,
    72.94438902001917,
    144.50244548565428,
    399.50917516647417,
    81.29799646318655,
    314.3603485775483,
    125.5588225267789,
    115.25695674190351,
    39.28177366425663,
    297.5320785078984,
    386.1703199814451,
    142.53858488905115,
    316.99984009573956,
    523.1368687159295,
    83.61624330154594,
    54.08028480116188,
    0.0,
    229.27456137875268,
    107.21340345887826,
    12.037939088107631,
    77.67073266778466,
    49.04987665757158,
    502.19098665740347,
    80.1341284236763,
    50.92011428467878,
    116.93545269189099,
    85.04096418434136,
    20.98962538866122,
    8.804596154578856,
    12.459999007037025
  ],