{
  "assortativity": -0.2002018136920144,
  "betweenness_centrality": [
    179.81854990335864,
    144.9635547680254,
    2731.0704514944987,
    2760.2395372075953,
    1262.5239470493925,
    1179.8846750771843,
    410.7445427676709,
    366.01301270588755,
    117.44507801697321,
    115.71124203514188,
    138.88438453523167,
    126.45977853832937,
    23.906904536081367,
    64.76698470403085,
    98.08628036753305,
    124.436475973885,
    5.290381088790786,
    7.64588953020206,
    385.247305602409,
    334.9701989481245,
    39.96326178775541,
    41.48900681008603,
    2.3855067966900516,
    109.34832892054268,
    91.22218468402978,
    3.649755097991629,
    5.14588000987885,
    246.4113216576594,
    8.221849219883644,
    3.9521205761194893,
    9.208732811743797,
    6.652293705818547,
    4.926840473081904,
    5.996440155773162,
    6.332820083025109,
    10.58483160300276,
    4.238695831240727,
    2.203426243688912,
    1.577409023649933,
    706.4925064717942,
    641.0904739548192,
    625.0243599434768,
    571.5026913067236,
    474.2954359367165,
    721.7671520374896,
    631.4287204224219,
    707.3580488954649,
    429.2775144803003,
    210.10897039175128,
    826.7770035781483,
    810.2939014137231,
    135.8250523190947,
    88.10034560223497,
    1045.790221670878,
    1013.8560297640383,
    374.5070953326414,
    313.8365867565912,
    479.7861414672889,
    518.3090027982449,
    168.74955874914465,
    193.34580575916505,
    116.34473232677605,
    62.70572288577219,
    104.11045526401732,
    9.198572570221874,
    6.597947110968654,
    25.137167700407105,
    31.09638555076049,
    113.57763909319418,
    110.39552484937705,
    13.500799900152808,
    100.84864015997253,
    60.87612549160321,
    40.83156710642338,
    64.06267436958373,
    55.302760472155036,
    11.278224555931338,
    17.414369360400187,
    86.82254230882,
    131.72595933029848,
    532.7178106749689,
    621.9085400608675,
    3.481309373336071,
    0.48004558565811506,
    1592.7005366155674,
    1988.7719158707694,
    1542.5441687896548,
    1509.349973686853,
    5.151852322852014,
    16.734183869610384,
    18.5183201503083,
    13.704574115094749,
    14.935832218450775,
    4.6027876985760505,
    3.0430808109065413,
    15.869413078396654,
    18.59708177381818,
    18.440397039496023,
    127.63857471113161,
    19.782549339139774,
    10.325002461201905,
    5.633248903363104,
    11.4699048882179,
    3.8692415066934576,
    271.54197059011676,
    323.29884643072575,
    278.88055771216665,
    139.0745809858375,
    183.9039841788008,
    173.0294311010549,
    952.8683761784098,
    3.4395273823084147,
    20.346797175226833,
    695.2300658338801,
    603.9613016764818,
    538.3609153015857,
    687.9265849521478,
    271.4911117946461,
    190.45096150643326,
    472.6104281867224,
    624.9546934942815,
    2.433869537875618,
    0.8080779972730403,
    10.105815290332936,
    6.559652973330549,
    5.796126524579435,
    1.8790289633543316,
    1.6428819713946594,
    3.676738160228107,
    3.137789637638159,
    0.7967287521073562,
    49.72079820234435,
    83.78941616495494,
    80.60425650183946,
    84.1658759142432,
    68.20771278005488,
    72.96307402436292,
    63.191267127035765,
    62.61764141523074,
    60.75752958659681,
    263.12078407141615,
    307.86088658746047,
    362.21300431734664,
    349.9327848267386,
    226.4135807155385,
    44.220468776454666,
    221.84565885430138,
    245.79972165589842,
    9.542513919327138,
    422.63801745648414,
    533.8954475987583,
    88.188196829081,
    150.3129280571509,
    252.07501454432338,
    299.0113960478852,
    275.16725722346666,
    280.37501413178217,
    8.88340976365982,
    0.4392156862745098,
    1593.2296985843834,
    1517.2838192887825,
    1724.8360475589698,
    1391.7754688347536,
    708.8459502313777,
    557.1105359517089,
    4.089229143368522,
    2.7462824098215908,
    90.83302432583052,
    178.01056435830859,
    1.5144570293505872,
    0.6895879077301539,
    1440.2480218966793,
    318.22640080560905,
    286.0568299737238,
    13.025518033661236,
    12.958124342670988,
    140.81377317016126,
    50.962638900745034,
    115.44251323258123,
    99.42305966702597,
    178.30476353501012,
    340.12414366396666,
    437.361384230656,
    142.50133352255338,
    247.32962094805924,
    297.0750675790866,
    248.3944121402408,
    87.20099713537232,
    137.99822487972216,
    57.96374201815494,
    57.444236383534395,
    275.83491549602786,
    286.83797474747234,
    216.59851769928707,
    126.74097224366895,
    97.1817204895168,
    421.12895845347975,
    382.16213600166316,
    17.465624290296805,
    2166.084000635869,
    2150.647312020379,
    12.592196853881203,
    3.279960101659995,
    11.206254292184557,
    116.95388801703947,
    151.50183104530365,
    178.40179149866162,
    25.715023837202054,
    9.27971714690306,
    33.970006020707714,
    10.946108590121016,
    10.206331564064962,
    29.19023117183317,
    317.7218425030861,
    261.9193463837679,
    375.0740418554825,
    450.5586249178091,
    5.562392051039904,
    5.031143178643499,
    928.2088755439055,
    1029.0720465088425,
    4.460813924383411,
    2.522432504806464,
    282.89186189992466,
    272.7664726418418,
    52.744441380711336,
    75.9262443246874,
    4.385587795595861,
    2.348404648645963,
    1.8537781656426842,
    78.12649205834873,
    95.31802540178462,
    109.8747248703937,
    83.58850564426938,
    95.09863862527935,
    58.91244605896719,
    0.9002458080495996,
    4.258872379976147,
    8.308165235116762,
    1.5843991263769375,
    82.33816982073687,
    97.39439099819408,
    1.016034043914703,
    0.3458801589155281,
    5.155784342944564,
    9.826380212221949,
    6.136196384868134,
    7.306890132937159,
    147.75304863565052,
    168.35542369517023,
    145.647794827172,
    171.38012091173266,
    1.3868306986002568,
    1.2378829259191955,
    725.7221404534588,
    679.3973456923349,
    123.05901863292735,
    156.28174398983143,
    137.59794892673264,
    128.89893253433218,
    6.49349640001531,
    7.201618424873732,
    4.73191284511332,
    20.59080910756407,
    6.244736180922617,
    12.541681178516782,
    6.798329722721625,
    12.196505494700272,
    10.084226684677628,
    7.501905667015581,
    6.006609557999421,
    11.914369813972558,
    11.61348758924881,
    15.853978113408955,
    1.0095965089706753,
    8.118331159635835,
    7.806181971612585,
    6.9262990718893125,
    11.63462247533825,
    9.371101777813875,
    4.245179054054835,
    12.235681468347094,
    9.808489545283464,
    28.602786385875177,
    38.63283635875832,
    46.83528269793891,
    10.125090011497452,
    13.143252939277424,
    3.0847808136638393,
    184.91927183947487,
    111.2406328393066,
    135.52412438139655,
    101.22132055984429,
    92.2377460182496,
    197.25320060000612,
    199.01497112175645,
    147.54898165304678,
    185.7217822786063,
    217.8399897044846,
    170.61040482185743,
    157.02228985202746,
    176.08996553753767
  ],