{
  "assortativity": -0.1998507906275179,
  "betweenness_centrality": [
    196.4665162580929,
    128.5996367714131,
    2435.4173824913346,
    2616.0955124798816,
    1159.9838237886277,
    1389.5688776305412,
    384.0061564681971,
    664.0218304202596,
    85.98275008719595,
    194.04480371398253,
    123.52846007863018,
    170.66738393745777,
    12.949026819004025,
    41.3747842398701,
    126.84510936641001,
    153.81834288593154,
    7.512449660106219,
    10.32354362172125,
    425.7905646408283,
    341.35810290329925,
    35.48731119396306,
    30.35739927212933,
    5.1208457690687075,
    138.3092253406275,
    84.81967564197713,
    3.3295441626667,
    2.010391546787006,
    259.8446230150043,
    19.016213844936672,
    2.5132641910244002,
    5.654861243007645,
    8.162252110578185,
    6.79071418977812,
    12.421454929725668,
    9.28181287907688,
    10.415563565905188,
    4.99987098319714,
    3.144722036973766,
    6.246525203205612,
    797.1251418801342,
    809.4292043115679,
    472.128701687041,
    587.1136519946742,
    582.6658202267545,
    486.8260358548961,
    948.8739247244445,
    727.0428440138293,
    235.76688813081353,
    225.5697179619375,
    1052.8695204021853,
    657.4955743847975,
    60.60286157746988,
    124.21417308429145,
    813.1990489342173,
    1076.1120620709517,
    310.1422235145787,
    264.31081939210816,
    410.1883259892896,
    520.6336473317913,
    179.28487004741456,
    133.71317110129002,
    96.2932907407787,
    98.58965170391156,
    98.19402244810425,
    11.104274017520115,
    8.37780181974192,
    20.603423170828915,
    17.44098289794916,
    101.80754127315458,
    48.50167242815695,
    15.737055373996022,
    144.47646330945304,
    32.873993924152884,
    28.86052964508542,
    82.5263523825102,
    48.10843190440305,
    7.783124935018886,
    8.834767995659817,
    108.08168620376559,
    53.2705831994997,
    723.9192174066246,
    689.0858058228769,
    2.2032244497898277,
    1.7636582976074282,
    1766.4897824237405,
    1553.5183669739338,
    1637.2367788937654,
    1733.8891204192207,
    28.468699252806143,
    34.45504292510077,
    12.419342101203574,
    5.696937541086286,
    13.304246037166523,
    9.127782361707222,
    0.9042257552621603,
    9.880613834814618,
    9.750661854590998,
    9.977181246250813,
    129.13902268921038,
    9.738400429940185,
    16.137246934703153,
    3.8711105403013706,
    10.727601580986072,
    9.070785411153269,
    240.0474416439505,
    202.59367026127586,
    303.40132926259537,
    212.8738878047529,
    125.35125141987616,
    278.3662881972383,
    901.3378443572542,
    2.8615861279650803,
    19.21142992179469,
    400.03607889045935,
    432.29215954491036,
    455.98659565374663,
    687.4386950167013,
    230.60397413300373,
    291.0779851696576,
    544.2975929725311,
    423.76952228696626,
    4.8808649280310386,
    4.90056965534529,
    11.840586853824405,
    10.016888126998461,
    1.80953443009381,
    23.850745703802332,
    2.8194717229242157,
    8.070920405836953,
    5.420754717842843,
    6.188461828815357,
    41.72809868331994,
    56.728727132319094,
    69.3242203369271,
    86.6629031081507,
    35.5016645445033,
    28.44047524042284,
    70.88708266392545,
    50.370683687005425,
    4.7785733594107285,
    286.2634795516669,
    271.9367857983908,
    466.2428461696245,
    363.6705583797625,
    206.29990440789553,
    65.39252929436148,
    190.19832920253515,
    236.4672643858591,
    10.97919986830949,
    343.957149443962,
    406.29988793455647,
    154.45346972130613,
    104.30592374124772,
    212.81339263739903,
    362.38279082308213,
    248.86028939623367,
    238.51454936568592,
    1.4267943708284028,
    0.539796272148982,
    1614.0425864863334,
    1490.4201385487472,
    1652.577602346283,
    1742.4339013897782,
    753.5464882763183,
    609.1077084014393,
    4.793074687614941,
    3.414609279658416,
    113.55625673431538,
    156.0613471433074,
    1.8738201061228232,
    3.5114533441127027,
    1513.8243362504109,
    345.4551984825743,
    293.1254755137935,
    23.990859101617144,
    5.529285288178292,
    178.7922233883342,
    60.3320387355624,
    139.03560482048783,
    81.02615869464948,
    104.06894086168369,
    376.7260052919868,
    398.55828667228553,
    142.92697937117157,
    222.27066876932895,
    274.4337690612335,
    243.49339708855805,
    102.78779867081437,
    115.94356415149839,
    46.56807173784142,
    49.25159259375657,
    350.39473304462257,
    343.99109435645266,
    112.57835715384509,
    128.29845938738052,
    161.90660252309905,
    386.1651606484293,
    393.1484689516958,
    17.155052928870905,
    2047.0170340680027,
    1947.454989541627,
    14.511239356563811,
    2.375664341620306,
    7.593947264754474,
    118.84758139124997,
    134.66335863896106,
    135.31267947902225,
    7.2004518065225716,
    14.81513707129575,
    21.638236445558704,
    16.58059744091858,
    14.916153280152178,
    34.08990329949522,
    380.2550443969781,
    347.0393435314828,
    478.4177642096374,
    421.5819319852206,
    7.780446626078881,
    4.854348867334236,
    955.3582051247464,
    970.1070986955152,
    3.361974851377826,
    2.54795232852866,
    296.5252872296453,
    235.36990159418784,
    59.07129933202233,
    53.31163722670473,
    11.630681811067157,
    0.9193215510035657,
    2.4586697180439785,
    77.33808232863092,
    113.41501643010966,
    89.61317243259856,
    85.1446807337511,
    106.82852695737816,
    122.82355352115312,
    2.6972482276402125,
    4.189186471669461,
    6.073674892236455,
    5.238825751219424,
    150.4941748991044,
    69.48084445918177,
    1.3406730854782787,
    1.2342257749525412,
    2.7732642414106836,
    6.948037062642941,
    2.024732545266069,
    6.0182195184208815,
    174.05796151756485,
    189.41776685778447,
    155.25985528977873,
    164.31961482909463,
    2.461512599602526,
    0.9749146888879027,
    796.7425232152277,
    859.6494502344875,
    132.8846157295299,
    168.57987528074707,
    128.24988824523186,
    164.509750101373,
    11.19833643048152,
    6.978689170853937,
    12.041776458726678,
    11.045676664335971,
    16.711059790823107,
    20.101382486588676,
    10.41800315886248,
    16.61170897386241,
    3.8378525114160786,
    27.722990862176548,
    41.32483445542895,
    10.227846269421486,
    17.81235851653911,
    12.111459022514033,
    11.67528940357335,
    30.449387415842203,
    10.775184525907044,
    8.73728908612957,
    8.934736214628096,
    14.273503041838667,
    9.515908159275465,
    9.495917922434051,
    10.409370431272963,
    14.460081869702503,
    28.87524380731649,
    62.13270154339044,
    12.377540741043319,
    15.566984434417892,
    13.129259686248764,
    354.0005919797503,
    164.52867674267512,
    109.51779177935472,
    97.89210712127131,
    118.36955578767848,
    271.4192844397536,
    130.2582278990373,
    185.12750821267116,
    186.06534188731973,
    161.6644763858347,
    131.8838340611509,
    119.39136692825787,
    178.81637989304141
  ],