{
  "assortativity": -0.19889284347363678,
  "betweenness_centrality": [
    147.38394984735032,
    115.19869830736093,
    2904.244045818312,
    2662.5404637159604,
    1058.7010499488802,
    1291.4225436490221,
    511.46164044184167,
    468.2770276623461,
    139.73367489918397,
    135.1482863789951,
    105.92490805624891,
    195.02225385437825,
    27.956292702189426,
    59.674569662978264,
    133.6363975094862,
    104.40047256677256,
    1.696025124382845,
    12.124242163006684,
    335.26493171779913,
    582.2468177294043,
    37.461506685478426,
    137.72197267726406,
    2.8411754205678568,
    128.5524529180977,
    57.88016388551352,
    3.9771097542117477,
    3.0074212338940005,
    350.09363807122793,
    16.652315027819856,
    1.9641324248708636,
    2.4303091351382657,
    10.851958726497758,
    5.676768960491865,
    21.544108900950445,
    14.805146459890985,
    7.750419024117835,
    5.643443446978093,
    4.0175721789948735,
    4.158378657341271,
    852.2604293030804,
    836.8396260224649,
    537.5909453755244,
    547.293158423975,
    529.2562209856306,
    513.6823618382684,
    865.3201497076237,
    645.6121580815679,
    185.13812644629144,
    294.4401248001002,
    598.1864778504141,
    845.5826093400714,
    127.40979088398768,
    113.7480627129215,
    942.1710215880679,
    1108.239124800248,
    394.17752276437767,
    368.176748305435,
    450.4553208700629,
    386.7869252653875,
    170.88138036862995,
    246.16679538876562,
    127.20010091726274,
    100.46133484199231,
    73.30566918387782,
    15.040125671147974,
    10.360076859848185,
    28.729368425450723,
    14.66518293057595,
    89.02425851078365,
    58.737722361397765,
    17.909093787879623,
    172.9926276746086,
    41.32404659969127,
    28.889318036176622,
    50.63694221266338,
    55.73588698561294,
    6.379581310189888,
    8.429505243827691,
    64.46945182418764,
    102.22957788406485,
    670.1450990697731,
    509.14341063169184,
    1.8064093866409257,
    1.8334266123056902,
    1856.8510579351591,
    1716.9562917149806,
    1689.7429373289026,
    1571.5939247981569,
    12.645834178997795,
    9.817718508364557,
    20.88180927709216,
    16.972396405791343,
    6.84414910330064,
    9.088681599702642,
    1.9352200004992346,
    11.779426502203519,
    10.72259876961072,
    11.057296578246987,
    89.5985597471527,
    19.477651271979816,
    13.286321769266412,
    3.7734071405941223,
    6.1587840257132,
    6.240728257415642,
    287.0906023015262,
    271.12647558634325,
    199.49558293823935,
    139.57820835516847,
    224.01913415379778,
    196.48966950347736,
    1074.5752936908261,
    1.5399652908988342,
    7.825917384657638,
    599.0697267767558,
    604.8453700094453,
    430.2225248025596,
    729.9909479525872,
    264.7296944812343,
    215.513255337271,
    491.44729894365656,
    379.09552649089864,
    4.278414919743421,
    5.027420609704048,
    11.951054907910715,
    3.477836808281771,
    1.4448641403279137,
    1.1582943422491463,
    2.270295914254887,
    14.200159532701727,
    2.7642160127807545,
    2.41944036726708,
    36.35480698663104,
    53.135430348403105,
    88.87760558940543,
    87.53373335100183,
    40.39489272556739,
    54.18915776356773,
    74.48618789453138,
    65.02555542841587,
    8.875837416709027,
    272.7464282078417,
    230.58166601090542,
    297.1968731973699,
    358.85414225028336,
    241.24371271864092,
    52.57932479839572,
    181.53518009325754,
    225.03287288479873,
    10.053024225743119,
    397.76889582990447,
    514.1038415565782,
    173.38202056477664,
    138.14090282010557,
    362.1975001583497,
    243.97275046630503,
    282.0568686284771,
    285.8725526560717,
    15.829770730675651,
    0.21708129892273115,
    1416.0572962254587,
    1348.9289213592956,
    1847.406676578996,
    1794.283133988275,
    484.8454011638772,
    604.7888775293154,
    5.275425552451167,
    5.347998639917376,
    130.37020870365762,
    112.3075761335992,
    1.9940243023833473,
    3.7745096051364624,
    1584.3600771523484,
    208.21563000148313,
    262.860327179779,
    12.098732768585938,
    11.947714242893555,
    152.46329874627105,
    59.98075722949298,
    154.0731080609119,
    121.55608617769167,
    128.2408477471831,
    269.7637684896795,
    421.4660108686772,
    252.02480648061595,
    308.14686823092444,
    271.4317319222684,
    290.6443634518787,
    65.51666774912508,
    128.9542298289326,
    49.99743538076136,
    48.39787077421771,
    355.4269241996246,
    365.1128754456161,
    255.4813318076777,
    95.10999752936223,
    114.09614676454821,
    521.5431741820141,
    448.73873084073165,
    25.752664246417012,
    1603.56238365172,
    1934.5074107434202,
    7.538939836092621,
    11.39012821919235,
    7.827467699226118,
    120.41165476788815,
    151.71669227357106,
    170.1631463715437,
    19.283961635143463,
    9.837200282335077,
    16.738751191793806,
    9.936292201825472,
    26.04182148425722,
    33.43264012100266,
    528.4165526765553,
    312.74408349422276,
    382.2753352032911,
    345.6473606755596,
    5.10034371121976,
    4.644190640186057,
    927.1792321619951,
    748.6020834683143,
    2.763706471815538,
    3.5960617008572884,
    186.1010157957524,
    259.1013312912493,
    68.21404759238737,
    55.55931189549786,
    2.622320810905268,
    2.6972529517630472,
    0.5383772580196061,
    96.48936968239879,
    94.5039099090672,
    94.07876797517596,
    86.15831491624051,
    117.29310716711005,
    152.639080687227,
    1.0951965198792946,
    4.463627977898913,
    5.4464603832187475,
    2.2310849993269963,
    75.184836632019,
    61.422157686177265,
    0.7707880590389052,
    1.1580801494816577,
    4.970315356183696,
    7.553912175973314,
    6.697267963033414,
    4.421987149132252,
    194.11522406983008,
    172.18330003237276,
    154.81105547635534,
    213.9316445995959,
    1.1223239703831247,
    2.6232607996465536,
    894.7533973621663,
    829.0850940602694,
    128.2347366460373,
    117.7431612431347,
    109.16607390762074,
    152.60851103882183,
    6.211103789801009,
    7.2979529096746925,
    16.602802361531996,
    42.643774025081775,
    5.959195787057182,
    8.458850357914491,
    9.28076880913392,
    6.875432652500909,
    11.876046367119176,
    4.15105502452157,
    9.862981763093883,
    9.785742804335904,
    14.921667230297537,
    8.581415419663273,
    4.405693726119322,
    16.338565325297612,
    6.51298380259822,
    11.221056330876907,
    7.649813091757211,
    10.562094447180202,
    6.01737495326419,
    5.0197635884137055,
    10.37140357426739,
    16.65574614854426,
    27.765436821623553,
    39.6878591055514,
    10.172025931619432,
    16.180466111082765,
    9.660986909629408,
    212.01413137378884,
    148.57920544060832,
    169.04414546730433,
    144.82035152106243,
    138.27753537673505,
    123.43711616298292,
    219.4026784441298,
    222.78319760224883,
    215.0880518137472,
    157.00514911072884,
    125.24671510112233,
    116.36954573221674,
    122.01055702912362
  ],