{
  "assortativity": -0.2020036847182322,
  "betweenness_centrality": [
    128.95756441307827,
    225.28460907368205,
    2613.9048169928005,
    2446.093810959682,
    1181.314154363861,
    878.1941834356146,
    405.82479434533553,
    532.054518953571,
    96.64406975718461,
    142.87150328324094,
    168.83919806224878,
    144.41649472485935,
    16.442812494054976,
    34.522846061245886,
    160.73555597529418,
    107.50591743340969,
    4.461683298488691,
    19.91307739555977,
    374.80203311583824,
    254.5098978637237,
    34.30621606977754,
    45.383056364021314,
    1.6330860169624992,
    76.4787139694023,
    51.2048039926962,
    1.5332254760184432,
    1.8579976103570204,
    300.08756243422425,
    8.73526538929579,
    5.828483597354818,
    6.942697058716832,
    8.20867676837397,
    10.972085667073731,
    7.904836812600741,
    16.014668842368753,
    6.128989858476202,
    5.499187067169367,
    1.614604607962833,
    4.559306006153256,
    647.762204581205,
    688.6658566168626,
    829.1806632072582,
    490.9617461044132,
    570.7855267511512,
    411.14740299506394,
    898.0961650057815,
    947.9453439868006,
    352.4425800510561,
    291.8115222392369,
    777.5590590743923,
    984.2842051261949,
    132.302419716746,
    67.49487482239012,
    936.1364000806176,
    1411.0333485941562,
    576.7171904521465,
    390.597606607931,
    344.68140497447087,
    466.85932116941774,
    171.31111657345622,
    193.5707660462118,
    85.13335842437111,
    141.0501469931983,
    126.66285474508915,
    20.76176583577885,
    15.671667277176246,
    34.363366474174995,
    10.583297513473152,
    119.44269934684807,
    99.69092224594108,
    31.971690372316385,
    123.40553604255109,
    26.557199898258496,
    73.64142084336964,
    54.74347811208278,
    57.91753686868192,
    9.289845549668273,
    8.639698467757322,
    102.43652144184561,
    88.99955925893367,
    814.7859610469171,
    721.1977033032157,
    2.6254474844519855,
    3.245212380168654,
    1593.9372001084073,
    1953.2805901227055,
    1909.9071990237876,
    1722.422482175775,
    11.390825239325594,
    12.006329351362037,
    8.964821440314472,
    9.962118725025624,
    9.217874610256118,
    5.794033072677694,
    1.7791618651111405,
    13.486086982758021,
    16.86898741609028,
    6.3539267911295445,
    117.12122634840281,
    14.336122497181126,
    6.845183797113057,
    9.703008646601177,
    3.701426144697374,
    7.236449689960607,
    316.8631380253561,
    239.01000452412669,
    223.159274190508,
    162.74429200509607,
    184.15605214922252,
    196.84700068892613,
    828.5640672574343,
    8.96691737079276,
    23.745108307870336,
    498.5064773133204,
    590.0732741627432,
    461.69381683099965,
    632.5088464441792,
    198.3181735980903,
    267.24528810799194,
    536.6356138595977,
    424.5904786283479,
    1.6459941947734194,
    5.3197232285274945,
    6.909634072561606,
    20.27081153249381,
    5.139293724969878,
    0.8888433687407273,
    1.7039613538104084,
    5.373906211722775,
    3.0929557309297504,
    2.1017702981549364,
    43.36144497231914,
    53.13674627013244,
    99.04329958276999,
    109.66048605546219,
    70.77352792066753,
    47.613315586860985,
    101.06735431982358,
    61.58325557536336,
    8.05778144498032,
    312.52800223834464,
    301.43564019878704,
    435.73322501958677,
    410.89821915326803,
    235.62544946831758,
    65.90228936576776,
    247.89693477469348,
    245.43005447799206,
    9.836122902233038,
    515.8940420712923,
    493.4349328666561,
    103.40520469156907,
    128.000152272656,
    333.795974242589,
    289.74127546030746,
    284.66877484933997,
    296.1056499814515,
    2.2558709652897653,
    0.0,
    1511.3032695021113,
    1686.5768194324546,
    1643.8287033685856,
    1487.5701776922651,
    559.0693543531748,
    610.5041976317955,
    1.2469284569587085,
    1.9874784253908468,
    69.47602917213469,
    93.97573200097544,
    0.748085949511678,
    0.7956292531900637,
    1474.9289747009693,
    193.98598088425564,
    393.89116423804603,
    8.392763954832288,
    4.761891925759465,
    278.57639764974266,
    56.9684426839944,
    63.69285826909612,
    113.09203774111798,
    113.95732675521396,
    301.61102806399316,
    440.9803741720743,
    145.82905970302306,
    184.1384407544548,
    339.2227717623732,
    250.92920767211473,
    97.26206443487622,
    100.8384572920097,
    73.17337812503102,
    47.565214049552495,
    305.2210647476695,
    326.1897524233334,
    162.00902143374245,
    69.09136698720727,
    117.80865912232808,
    412.9070645670871,
    426.95408318613124,
    22.47531187082408,
    1660.0915966148125,
    2028.4212084847982,
    3.750751988400334,
    3.7744613664497377,
    8.498264580267513,
    120.4420266956367,
    152.02750575840705,
    237.05283639212286,
    27.5679171735323,
    14.754900253687929,
    8.499220310915199,
    18.664811963005064,
    19.13241427757769,
    15.009067222091604,
    300.17397854548153,
    255.99726923223008,
    304.12421155171006,
    250.61249027980134,
    2.4008217924898725,
    1.8342938081822522,
    926.5896946065639,
    1093.3424481731,
    1.73848410375571,
    3.424661850624329,
    195.25372381206927,
    262.13544547941086,
    70.5244081221559,
    84.41224684677749,
    4.3434042626512905,
    5.166653589862301,
    0.42972799959275154,
    107.10099756444363,
    156.7887415193221,
    89.64050759497765,
    69.9662287945108,
    94.25242039310878,
    81.9488449979697,
    0.7273719445340525,
    1.6839036995654997,
    3.8002785873868725,
    4.4443733442949656,
    52.06835276314625,
    91.86491615909742,
    0.43726539630729583,
    1.2043124775557092,
    6.321043856151935,
    14.260951709947404,
    8.508913214228716,
    6.394407459334353,
    165.75584912801241,
    183.8455424273009,
    169.0290860914813,
    186.7101508501861,
    1.3970592922845648,
    1.2939891592579569,
    638.7983561071553,
    717.3546701256256,
    148.5501967859446,
    81.2325812476889,
    114.52653502693232,
    106.26347946854244,
    5.202974333679587,
    1.6163353789065393,
    13.554870157050424,
    29.328252771960372,
    9.750130351898685,
    6.953274428804117,
    6.0682691987766395,
    7.715158528075449,
    18.534795611533095,
    5.162539584110281,
    5.571767723852865,
    9.023189325303589,
    17.621194246730333,
    17.051040338184826,
    2.5166791273340743,
    15.900630202446285,
    4.008892180262252,
    5.455144540983296,
    12.640178722730429,
    15.888542621203317,
    6.105991025459076,
    14.212045995564178,
    10.826502253921083,
    11.161190398605035,
    23.39238154038826,
    28.88320940511519,
    8.633189769575765,
    17.345515635450507,
    9.970402275821906,
    184.4233765056559,
    124.73581435574505,
    100.91527676398528,
    133.4120894486775,
    100.49643586365605,
    186.27593885322716,
    294.36260731374,
    184.5399577665161,
    191.40270691200956,
    134.1717945993271,
    116.77035051671716,
    184.40239611043555,
    154.47271030919802
  ],