{
  "assortativity": -0.2892732820087985,
  "betweenness_centrality": [
    251.93487356545498,
    135.85144316131058,
    6521.224046578877,
    5767.141118817651,
    1559.5701801139614,
    2153.7022424846386,
    110.60410178948811,
    69.00768427676327,
    19.130484004170334,
    20.57209521223863,
    124.27945523764217,
    72.84896911685453,
    341.93166490324467,
    397.8080237810472,
    116.68009140760273,
    85.43965775023139,
    20.684186814816048,
    52.18236933582893,
    127.17380633660675,
    63.097658923224685,
    219.21189776431478,
    129.62926588324683,
    3.8712766336730597,
    49.33280062404781,
    7.464687058262671,
    23.157157406722753,
    50.95276040254303,
    69.60524115801593,
    20.705190606162656,
    9.339997730344408,
    138.85485568461397,
    11.533379120763371,
    14.166984097636623,
    11.102350099005855,
    18.622441535372047,
    9.747726235908623,
    2.206636161696771,
    0.7754212573109387,
    45.35670250440244,
    125.48039538910935,
    101.12285035986714,
    62.72842434999836,
    20.05615521459153,
    98.31513272988667,
    78.20314380040635,
    29.635198640676116,
    22.844267180484767,
    2.4965636749522826,
    2.055353069869199,
    59.830001467877146,
    74.40139441298102,
    60.368363233231506,
    70.66818223430694,
    1771.4969153176446,
    1761.152641854588,
    1392.7388006710178,
    1099.471668560409,
    264.6332634106543,
    527.4259656340508,
    621.6751115195857,
    607.8323409418063,
    121.82180862257562,
    280.9308238391334,
    54.58564305178725,
    122.12432021853712,
    204.2495015691253,
    248.55082933558083,
    183.61859865813832,
    219.76860083058463,
    122.2925716222789,
    382.65461560217614,
    92.68119184582024,
    14.323906311506198,
    55.907468001448784,
    117.26233310666767,
    79.93554105745916,
    12.939285879434772,
    11.200821445271945,
    23.07205950141073,
    29.480979540187825,
    109.96534140240712,
    92.55016934568849,
    0.0,
    0.0,
    5287.684760344548,
    5681.071548019477,
    5164.58282816401,
    5432.991141104704,
    37.612727644360106,
    37.95988059791631,
    25.865384105812677,
    21.27647770406821,
    22.646096681907668,
    4.147211650730062,
    0.6200868157784187,
    77.72373834002211,
    28.45456765072548,
    27.395386785950876,
    20.00572391279714,
    36.557345347056796,
    33.94045452689361,
    3.876956100464258,
    4.213928968140378,
    5.900274969685011,
    159.83358147096084,
    134.2690885274829,
    117.58912348727581,
    30.993008442913172,
    10.268646482180586,
    81.36026769232245,
    872.8279196441609,
    15.450650551052755,
    294.788639833052,
    22.29789669577947,
    9.105534640845079,
    2260.8086503125055,
    2857.1697452261983,
    73.80532022061229,
    73.09776635736904,
    14.722115636509239,
    14.32931093618678,
    13.223198219518455,
    18.3696830169358,
    3.6465289194204047,
    5.420072419925257,
    41.7937570110167,
    24.486445025647082,
    25.809281332821545,
    88.22985739775719,
    28.974523547806555,
    25.806310242774266,
    41.343842478210824,
    39.24541414063224,
    66.9732687158711,
    70.62714951450721,
    65.1672539317397,
    75.47231768051313,
    46.841246362101685,
    36.08655925822746,
    31.92536896083085,
    8.614259377701334,
    10.158716179964582,
    28.11636651385615,
    30.80759661320842,
    20.85622705049903,
    50.09599124330139,
    12.383459459727076,
    10.558647190694847,
    38.28244977400162,
    1742.111684035303,
    1544.9945688914684,
    77.27230399477358,
    192.34301395892018,
    38.0574619976115,
    53.112418331656194,
    43.572000996742375,
    46.691979252759396,
    67.18407456919014,
    0.25,
    4606.4442622237075,
    4408.937987217066,
    35.23050023592554,
    45.46537328678321,
    22.946589356624116,
    31.39884554453813,
    64.42148571863162,
    19.704229131089303,
    8.87255653901002,
    24.951252479412386,
    27.25026937453918,
    22.896341326107468,
    51.43736866821186,
    457.08988701206215,
    626.610247919276,
    7.547005085295929,
    5.801792335899507,
    2.0691731407339136,
    82.29467955998959,
    140.06909742706776,
    110.10454759385709,
    146.59433600563324,
    97.29236821569603,
    333.41164334190387,
    340.2256618293818,
    554.3413086425165,
    13.798528322619402,
    4.241763472698352,
    342.7847438015886,
    393.9179610788724,
    384.95224270137453,
    242.24805321484158,
    547.3767112878043,
    531.1407480923364,
    341.5321335237425,
    37.27927440671951,
    76.87900793041459,
    261.9650951456069,
    155.5997433291598,
    183.80953861619432,
    2656.2848054173073,
    2703.7289466384645,
    98.99460458502915,
    116.13000282682135,
    129.68789708554334,
    120.6524703271621,
    16.225780498263454,
    39.286676525614894,
    85.4634061867874,
    100.64695377919995,
    96.23727652390782,
    123.97684467519656,
    137.9189423943798,
    193.23448020767233,
    91.32431900232177,
    95.52509342374634,
    157.28396134668674,
    292.00886009219755,
    61.88819045403041,
    17.85589412415757,
    170.84078879323735,
    111.31214869263444,
    19.863846628110686,
    25.078489430272473,
    48.422753783672015,
    50.825812762358375,
    26.240145894765234,
    24.38939714430502,
    15.93079290766912,
    7.032266268497239,
    5.132810729925594,
    17.281226162361037,
    49.88496310463513,
    2.0488954557059866,
    0.34090909090909094,
    22.947993555275037,
    40.162679706016434,
    3.660722243496259,
    10.950546961518636,
    33.19426395446301,
    24.53680326069255,
    44.67097179207604,
    38.73980082999887,
    23.723928708390467,
    21.720354217408964,
    34.69075940144638,
    59.415363458427144,
    38.91451655758183,
    24.267276557460196,
    4.548223064817601,
    12.50426251153337,
    1.951447344877629,
    4.3268731339778865,
    55.99478629767077,
    38.1657773286577,
    28.713125049092806,
    62.0128780178684,
    23.456972320505756,
    40.100440922479486,
    32.255481037775894,
    40.59649559220795,
    7.606077151306089,
    1.5076481948527685,
    30.903580964619643,
    207.89677188423414,
    17.321617756047104,
    21.597960684159705,
    25.23693183282439,
    15.854279005525115,
    7.868115558204226,
    9.1306228623581,
    17.668407706925706,
    80.9297832607558,
    114.51338775374936,
    17.317775771184827,
    8.591656324298155,
    48.685050537583685,
    7.294323433337709,
    12.057557764159258,
    11.880203689204276,
    19.510460486137326,
    6.602308933462758,
    14.970267950291646,
    59.744464173629616,
    32.47593643327104,
    28.080270492657462,
    100.17379774303875,
    10.803915837334806,
    38.957764958782526,
    0.0,
    156.11787093622357,
    10.782490299011588,
    8.132852779427562,
    23.092029964749113,
    244.1168747954308,
    110.97685343517186,
    105.30394669720043,
    103.15885410205419,
    116.37176831172447,
    124.31016901971496,
    36.38446791692861,
    2.143930616204634,
    4.590647827036411
  ],