{
  "assortativity": -0.28951287026398903,
  "betweenness_centrality": [
    259.9071503702864,
    129.48898905839604,
    6387.466840746706,
    5311.521565382522,
    1832.6396103360703,
    1998.2900081567602,
    106.52572740501316,
    64.9653656822401,
    20.83758753890468,
    18.46846112071234,
    112.87666586808467,
    67.00153485781144,
    365.67599298315616,
    442.19262639305924,
    117.9014846757553,
    95.54252970018645,
    40.385625473552444,
    69.47469202827062,
    132.87436386352,
    86.44317616465554,
    221.8808698583876,
    127.4473512216438,
    3.5586148817442074,
    45.91257665517435,
    7.8973493251028835,
    22.775269461210176,
    50.70665231852135,
    69.30612004287342,
    19.73591018774507,
    8.446225806038985,
    137.28174833580306,
    10.8692915551317,
    14.763836668893195,
    11.848381752138343,
    18.075487226135152,
    10.266067973549333,
    2.3092008124233576,
    0.7539343188895989,
    44.79946778153721,
    132.79382854581658,
    129.2421398295736,
    63.48598781626996,
    20.553971281717356,
    100.61434390967831,
    72.55006802455165,
    25.48612627667051,
    21.15959325009925,
    2.1212388181078885,
    3.0401026402067437,
    58.28423416804107,
    77.49748804244349,
    57.833640315810584,
    71.48898663220844,
    1774.0900344882446,
    1767.96821076888,
    1434.7187976558082,
    1115.991492860786,
    263.2026362189111,
    518.1154652100737,
    623.4299895728119,
    596.0594822912265,
    121.91200086443109,
    272.16446460552,
    53.03469102315205,
    115.4137510248449,
    203.20630577262503,
    246.53027351319201,
    176.1727439583699,
    222.52830456599253,
    126.51235822042887,
    382.8908472409608,
    90.34710710399305,
    13.92610397932666,
    58.01399793411761,
    114.11193951590818,
    86.32594597187489,
    13.562497903877647,
    11.586086235547402,
    21.737962349741508,
    29.66329433401504,
    97.11962980974616,
    86.65172881244632,
    0.0,
    0.0,
    5638.394895552817,
    5505.937789083021,
    5046.857762001094,
    5504.65628122682,
    32.49711918839671,
    37.06329387639439,
    26.641750755905804,
    21.33645541895993,
    21.663317216450984,
    5.234224108886825,
    1.0086005692785607,
    74.33767036129588,
    33.89919682985522,
    27.840593902205796,
    19.180749012668358,
    38.27801761293448,
    34.41427702841795,
    3.5689405288722953,
    3.2962982647811616,
    8.90092655216528,
    165.85407603897045,
    137.41628490434508,
    118.03274572691666,
    32.10698128584542,
    7.959919343545516,
    80.20807922356643,
    861.2192642697836,
    15.805037793716929,
    295.14722124412924,
    21.675609570171193,
    9.215751747385177,
    2266.998921857128,
    2667.10774142029,
    68.92967722212337,
    74.98995774632931,
    13.345840837237615,
    13.000772301257886,
    15.418732545467748,
    20.46701850052713,
    3.846589632910372,
    7.374650658070424,
    43.964535009805836,
    29.473361851264226,
    24.65575211181677,
    83.80018424824414,
    22.05824362995758,
    31.280352199641452,
    41.9210156155805,
    42.955672351250456,
    62.73076169333962,
    61.02529661616249,
    71.44989481720089,
    59.6194099233208,
    43.06512390884863,
    35.70325174812558,
    30.693714319824025,
    7.841136469883848,
    10.230882317715912,
    31.83821797574622,
    30.003091641493583,
    23.278448888438554,
    48.253951220195844,
    10.307796037904009,
    10.939554251200443,
    38.61249842088809,
    1582.251934006616,
    1568.0226478176562,
    77.48678834369159,
    178.84729543919582,
    38.2717908917589,
    50.584189256888244,
    39.75133116332036,
    46.8673482665588,
    66.17257472971141,
    0.25,
    4508.273890789167,
    5026.512204183224,
    35.916718875699964,
    45.59782747453434,
    22.522999224753256,
    29.751747777155572,
    71.04779634424581,
    24.01170493442263,
    6.616858962809911,
    20.718693625135916,
    27.310210495095664,
    22.650287667099224,
    57.359611936429275,
    455.0581577324022,
    621.5986458318791,
    6.701299098033708,
    6.066887020192533,
    1.9456283089932238,
    86.70094852312232,
    137.77770357679557,
    111.38638459403381,
    152.96540656163486,
    106.21004663498633,
    353.1694636660024,
    319.62966888527455,
    551.7662928325742,
    14.633440320268269,
    4.191054749214449,
    343.76564920020667,
    395.52313280389905,
    386.3643543781889,
    252.45079707622523,
    657.2281559278474,
    549.7764835118965,
    336.7143765257172,
    38.51670510231255,
    76.9788322827855,
    251.95244096876092,
    164.69828537784463,
    181.07306690076555,
    2675.9544022296423,
    2722.1513106119546,
    98.1925063172862,
    116.03277726160312,
    139.36527323807002,
    130.65725861400287,
    19.74453336318128,
    46.63803077881299,
    90.31642842280255,
    94.631936016135,
    100.59028434668946,
    126.36424643485128,
    141.27401870974705,
    186.47127919932134,
    92.64862009476175,
    91.21600648410683,
    143.74127865471115,
    283.2591861259344,
    60.00647901848482,
    13.102748276366965,
    169.52624674026652,
    109.75817847811238,
    20.465012658008717,
    28.549833771618175,
    47.52123474024854,
    50.16932341585413,
    24.285727851247767,
    26.586172363848465,
    16.595676788963704,
    6.034422059326945,
    4.861823515848295,
    18.31535801717596,
    50.673048570634855,
    2.258869608382027,
    0.24122140949727158,
    22.812542720915882,
    36.857860457810126,
    3.1878003872248386,
    9.948716515796395,
    31.696421326633125,
    23.295014810920847,
    50.020439339009904,
    40.004128746676066,
    25.4260435551472,
    22.531029466517513,
    31.73235124122262,
    55.93372106762863,
    41.212148773474446,
    25.41005294270416,
    5.100853740830319,
    11.746289730473215,
    1.9732105690402442,
    4.670681851089201,
    54.62894832763158,
    39.57048671844158,
    29.25140308704145,
    64.3685819631913,
    24.889421321083162,
    41.95137589867736,
    35.250353168799634,
    34.57581183653528,
    6.541702119135092,
    1.58408021873706,
    32.99537101208242,
    212.95195021016076,
    17.86224834367023,
    22.851809716132472,
    26.12834817066695,
    15.102562473044616,
    6.814937926038746,
    9.339132330000275,
    18.430819347360973,
    85.09601397919211,
    108.3962356277249,
    15.338115019227303,
    7.0164982622673175,
    44.90797928932413,
    7.768990125080741,
    11.35777117315262,
    8.600720727095549,
    16.802147960083154,
    4.927822068823215,
    15.239271546312912,
    60.133312529610414,
    33.285015217465215,
    30.146490764002014,
    99.83677037598365,
    11.05272852395489,
    37.98018802007264,
    0.0,
    161.91111503841117,
    10.844969012117913,
    6.512199048242883,
    19.394751469554077,
    256.0716153632048,
    110.74880728318352,
    106.22230043010414,
    98.57006656042877,
    113.92413268822342,
    124.52361551070867,
    35.684805268627805,
    2.087011672920597,
    4.043945653363471
  ],