{
  "assortativity": -0.2898834328491342,
  "betweenness_centrality": 300.1324503311258,
  "degree_distribution": [
    [
      0.0,
      1
    ],
    [
      3.0,
      1
    ],
    [
      6.0,
      5
    ],
    [
      7.0,
      2
    ],
    [
      8.0,
      3
    ],
    [
      9.0,
      3
    ],
    [
      10.0,
      11
    ],
    [
      11.0,
      5
    ],
    [
      12.0,
      8
    ],
    [
      13.0,
      5
    ],
    [
      14.0,
      18
    ],
    [
      15.0,
      17
    ],
    [
      16.0,
      19
    ],
    [
      17.0,
      18
    ],
    [
      18.0,
      15
    ],
    [
      19.0,
      13
    ],
    [
      20.0,
      24
    ],
    [
      21.0,
      12
    ],
    [
      22.0,
      13
    ],
    [
      23.0,
      9
    ],
    [
      24.0,
      11
    ],
    [
      25.0,
      6
    ],
    [
      26.0,
      4
    ],
    [
      27.0,
      6
    ],
    [
      28.0,
      8
    ],
    [
      29.0,
      7
    ],
    [
      30.0,
      3
    ],
    [
      31.0,
      2
    ],
    [
      32.0,
      6
    ],
    [
      33.0,
      2
    ],
    [
      34.0,
      4
    ],
    [
      35.0,
      2
    ],
    [
      36.0,
      1
    ],
    [
      37.0,
      2
    ],
    [
      39.0,
      1
    ],
    [
      40.0,
      1
    ],
    [
      44.0,
      2
    ],
    [
      46.0,
      2
    ],
    [
      50.0,
      1
    ],
    [
      51.0,
      1
    ],
    [
      55.0,
      4
    ],
    [
      56.0,
      3
    ],
    [
      63.0,
      1
    ],
    [
      76.0,
      1
    ],
    [
      77.0,
      1
    ],
    [
      92.0,
      1
    ],
    [
      93.0,
      1
    ],
    [
      98.0,
      1
    ],
    [
      103.0,
      2
    ],
    [
      105.0,
      1
    ],
    [
      108.0,
      1
    ],
    [
      119.0,
      1
    ],
    [
      128.0,
      1
    ],
    [
      130.0,
      1
    ],
    [
      163.0,
      1
    ],
    [
      165.0,
      1
    ],
    [
      166.0,
      2
    ],
    [
      167.0,
      1
    ],
    [
      171.0,
      1
    ],
    [
      173.0,
      1
    ],
    [
      176.0,
      1
    ]
  ],
  "density": 0.09357329871729995,
  "global_efficiency": 0.5272637932425396,
  "mean_clustering": 0.4657731984393927,
  "modularity": 0.16412483540891648,
  "path_length": 1.997086157038476,
  "small_worldness": 0.9984806523452959,
  "transitivity": 0.23350401814957422
}