{
  "assortativity": -0.2897150201803939,
  "betweenness_centrality": 299.64900662251654,
  "degree_distribution": [
    [
      0.0,
      1
    ],
    [
      3.0,
      1
    ],
    [
      6.0,
      5
    ],
    [
      7.0,
      2
    ],
    [
      8.0,
      3
    ],
    [
      9.0,
      3
    ],
    [
      10.0,
      11
    ],
    [
      11.0,
      6
    ],
    [
      12.0,
      7
    ],
    [
      13.0,
      6
    ],
    [
      14.0,
      14
    ],
    [
      15.0,
      22
    ],
    [
      16.0,
      15
    ],
    [
      17.0,
      20
    ],
    [
      18.0,
      15
    ],
    [
      19.0,
      15
    ],
    [
      20.0,
      21
    ],
    [
      21.0,
      13
    ],
    [
      22.0,
      13
    ],
    [
      23.0,
      8
    ],
    [
      24.0,
      12
    ],
    [
      25.0,
      5
    ],
    [
      26.0,
      7
    ],
    [
      27.0,
      6
    ],
    [
      28.0,
      5
    ],
    [
      29.0,
      6
    ],
    [
      30.0,
      3
    ],
    [
      31.0,
      6
    ],
    [
      32.0,
      3
    ],
    [
      33.0,
      4
    ],
    [
      34.0,
      5
    ],
    [
      36.0,
      1
    ],
    [
      37.0,
      1
    ],
    [
      38.0,
      1
    ],
    [
      39.0,
      1
    ],
    [
      40.0,
      1
    ],
    [
      44.0,
      1
    ],
    [
      45.0,
      1
    ],
    [
      46.0,
      2
    ],
    [
      50.0,
      1
    ],
    [
      51.0,
      1
    ],
    [
      54.0,
      1
    ],
    [
      55.0,
      3
    ],
    [
      56.0,
      2
    ],
    [
      57.0,
      1
    ],
    [
      63.0,
      1
    ],
    [
      76.0,
      1
    ],
    [
      77.0,
      1
    ],
    [
      92.0,
      1
    ],
    [
      93.0,
      1
    ],
    [
      98.0,
      1
    ],
    [
      103.0,
      1
    ],
    [
      104.0,
      1
    ],
    [
      107.0,
      2
    ],
    [
      115.0,
      1
    ],
    [
      128.0,
      1
    ],
    [
      129.0,
      1
    ],
    [
      163.0,
      1
    ],
    [
      165.0,
      1
    ],
    [
      166.0,
      1
    ],
    [
      167.0,
      2
    ],
    [
      171.0,
      1
    ],
    [
      173.0,
      1
    ],
    [
      179.0,
      1
    ]
  ],
  "density": 0.09359530043343381,
  "global_efficiency": 0.5275388146942127,
  "mean_clustering": 0.4680446886100361,
  "modularity": 0.15453173417468866,
  "path_length": 1.9954747135824815,
  "small_worldness": 1.0042173428832883,
  "transitivity": 0.2343138623536685
}