{
  "assortativity": -0.28960433338556574,
  "betweenness_centrality": 300.08609271523176,
  "degree_distribution": [
    [
      0.0,
      1
    ],
    [
      3.0,
      1
    ],
    [
      6.0,
      5
    ],
    [
      7.0,
      2
    ],
    [
      8.0,
      3
    ],
    [
      9.0,
      3
    ],
    [
      10.0,
      11
    ],
    [
      11.0,
      5
    ],
    [
      12.0,
      9
    ],
    [
      13.0,
      6
    ],
    [
      14.0,
      13
    ],
    [
      15.0,
      20
    ],
    [
      16.0,
      19
    ],
    [
      17.0,
      18
    ],
    [
      18.0,
      13
    ],
    [
      19.0,
      20
    ],
    [
      20.0,
      17
    ],
    [
      21.0,
      13
    ],
    [
      22.0,
      13
    ],
    [
      23.0,
      9
    ],
    [
      24.0,
      9
    ],
    [
      25.0,
      9
    ],
    [
      26.0,
      4
    ],
    [
      27.0,
      6
    ],
    [
      28.0,
      9
    ],
    [
      29.0,
      5
    ],
    [
      30.0,
      3
    ],
    [
      31.0,
      6
    ],
    [
      32.0,
      3
    ],
    [
      33.0,
      2
    ],
    [
      34.0,
      5
    ],
    [
      35.0,
      2
    ],
    [
      36.0,
      2
    ],
    [
      38.0,
      1
    ],
    [
      40.0,
      1
    ],
    [
      44.0,
      1
    ],
    [
      45.0,
      1
    ],
    [
      47.0,
      2
    ],
    [
      50.0,
      1
    ],
    [
      51.0,
      1
    ],
    [
      54.0,
      1
    ],
    [
      55.0,
      2
    ],
    [
      56.0,
      2
    ],
    [
      57.0,
      1
    ],
    [
      58.0,
      1
    ],
    [
      63.0,
      1
    ],
    [
      76.0,
      1
    ],
    [
      77.0,
      1
    ],
    [
      92.0,
      1
    ],
    [
      93.0,
      1
    ],
    [
      99.0,
      1
    ],
    [
      102.0,
      1
    ],
    [
      105.0,
      1
    ],
    [
      107.0,
      1
    ],
    [
      109.0,
      1
    ],
    [
      119.0,
      1
    ],
    [
      127.0,
      1
    ],
    [
      128.0,
      1
    ],
    [
      164.0,
      1
    ],
    [
      165.0,
      1
    ],
    [
      167.0,
      1
    ],
    [
      168.0,
      3
    ],
    [
      175.0,
      1
    ],
    [
      176.0,
      1
    ]
  ],
  "density": 0.09383731931090625,
  "global_efficiency": 0.5272766275769509,
  "mean_clustering": 0.4808740279118159,
  "modularity": 0.12784196895364092,
  "path_length": 1.9969316350632436,
  "small_worldness": 0.9957930014678472,
  "transitivity": 0.24163646418071363
}