{
  "assortativity": -0.2890447845522209,
  "betweenness_centrality": 299.9039735099338,
  "degree_distribution": [
    [
      0.0,
      1
    ],
    [
      3.0,
      1
    ],
    [
      6.0,
      5
    ],
    [
      7.0,
      2
    ],
    [
      8.0,
      3
    ],
    [
      9.0,
      3
    ],
    [
      10.0,
      11
    ],
    [
      11.0,
      6
    ],
    [
      12.0,
      7
    ],
    [
      13.0,
      7
    ],
    [
      14.0,
      13
    ],
    [
      15.0,
      22
    ],
    [
      16.0,
      14
    ],
    [
      17.0,
      20
    ],
    [
      18.0,
      16
    ],
    [
      19.0,
      14
    ],
    [
      20.0,
      21
    ],
    [
      21.0,
      13
    ],
    [
      22.0,
      14
    ],
    [
      23.0,
      10
    ],
    [
      24.0,
      11
    ],
    [
      25.0,
      4
    ],
    [
      26.0,
      3
    ],
    [
      27.0,
      10
    ],
    [
      28.0,
      5
    ],
    [
      29.0,
      6
    ],
    [
      30.0,
      3
    ],
    [
      31.0,
      6
    ],
    [
      32.0,
      3
    ],
    [
      33.0,
      4
    ],
    [
      34.0,
      3
    ],
    [
      35.0,
      2
    ],
    [
      36.0,
      2
    ],
    [
      37.0,
      1
    ],
    [
      39.0,
      1
    ],
    [
      40.0,
      1
    ],
    [
      44.0,
      1
    ],
    [
      45.0,
      1
    ],
    [
      46.0,
      1
    ],
    [
      47.0,
      1
    ],
    [
      50.0,
      1
    ],
    [
      51.0,
      1
    ],
    [
      55.0,
      3
    ],
    [
      56.0,
      2
    ],
    [
      58.0,
      2
    ],
    [
      63.0,
      1
    ],
    [
      76.0,
      1
    ],
    [
      77.0,
      1
    ],
    [
      92.0,
      1
    ],
    [
      93.0,
      1
    ],
    [
      99.0,
      1
    ],
    [
      102.0,
      1
    ],
    [
      104.0,
      1
    ],
    [
      107.0,
      1
    ],
    [
      108.0,
      1
    ],
    [
      115.0,
      1
    ],
    [
      128.0,
      1
    ],
    [
      129.0,
      1
    ],
    [
      165.0,
      1
    ],
    [
      166.0,
      2
    ],
    [
      168.0,
      1
    ],
    [
      169.0,
      1
    ],
    [
      170.0,
      1
    ],
    [
      178.0,
      2
    ]
  ],
  "density": 0.09399133132384326,
  "global_efficiency": 0.5274251391608545,
  "mean_clustering": 0.48386051260853685,
  "modularity": 0.15886440475421143,
  "path_length": 1.9963245844462594,
  "small_worldness": 1.0023471587037867,
  "transitivity": 0.2425109840219819
}