{
  "assortativity": -0.28957754037116007,
  "betweenness_centrality": [
    245.3727169524473,
    128.51395424142655,
    6455.781382299355,
    5921.987991536113,
    1432.5889218952307,
    1961.3640708417724,
    105.45586869575826,
    55.210591456554475,
    20.319853772761785,
    19.136624759123222,
    128.73919142386418,
    68.19029544708857,
    336.9901022461969,
    413.13951943004906,
    115.72858861245686,
    104.12491320000098,
    21.725664563623127,
    46.326439757657845,
    122.69128886552546,
    53.675435751549195,
    206.4400992491412,
    131.46173785086728,
    3.4181436795270765,
    46.64935983198724,
    7.092667976255039,
    22.29143505321953,
    53.17555259028114,
    67.32853621935239,
    20.493657154393347,
    9.17907675346144,
    142.55225115420595,
    9.176001883272468,
    17.424807088400414,
    13.37136346453314,
    16.888725363325488,
    10.659254686780887,
    1.9934393481440864,
    0.7447805360645566,
    45.64512755601269,
    136.133406663992,
    98.68744838536892,
    69.14585683981043,
    16.261784631760737,
    92.58598879221573,
    79.92840908882637,
    25.20555402003779,
    19.382097522552982,
    2.267659528255246,
    2.418419063883083,
    62.17465237587647,
    82.7942346944907,
    62.019343675468654,
    65.42273502375873,
    1746.2875345528612,
    1753.6016804229077,
    1396.0448205360365,
    1114.8547371663888,
    264.00492210999766,
    520.8040038117576,
    628.9398719989488,
    608.7685522832139,
    110.13914201704226,
    251.82078419423453,
    55.71096259311424,
    117.31754377118301,
    226.7270175546313,
    241.51264580233277,
    190.7371516572173,
    219.55588215831997,
    119.32862894740023,
    379.8973139466714,
    88.4055772947385,
    12.614400276821467,
    55.64448115287527,
    111.05125206658452,
    80.31974030165945,
    12.538179178049452,
    9.693388588342478,
    20.841473484503588,
    27.75826159864249,
    101.6274175716578,
    91.10876219011894,
    0.0,
    0.0,
    5652.183932223003,
    5712.65273454278,
    4920.563503791282,
    5274.8789143228505,
    35.918997040792874,
    38.562582803283306,
    26.746750645307852,
    21.41397834412442,
    24.258273160686457,
    5.446312113696279,
    0.902842377438309,
    79.13558067311392,
    28.498913970707907,
    27.46443663508571,
    20.310960699871966,
    42.968385410916866,
    36.35981892665694,
    3.90455095270779,
    3.2528029817689017,
    5.108148011488036,
    158.93088373939398,
    135.3648148975201,
    124.37743853210067,
    32.67952971748027,
    8.898944495833902,
    81.77107839362093,
    875.6570115033553,
    15.542551338342909,
    314.691683891472,
    20.383658806017934,
    9.371891852121442,
    2265.417870262916,
    2748.4186175036825,
    78.76002467541512,
    71.99667687739691,
    15.411129624450759,
    15.31810658494731,
    15.595899442706251,
    23.795052722159692,
    3.416579389762458,
    5.632796468114682,
    39.28208020707309,
    24.57224528027295,
    27.29538678312348,
    82.261068546193,
    28.403534634987476,
    27.22078908035291,
    43.929610915066625,
    42.37997436472625,
    62.239248793955596,
    63.13678506094726,
    54.45253923085859,
    74.98911635667176,
    45.71575672561002,
    34.91533928275238,
    36.30478337547584,
    7.923154769203158,
    13.392311433250587,
    20.60562561298043,
    30.990700952549627,
    25.008157583437267,
    51.188305346126654,
    16.39374274589957,
    13.460366641211763,
    38.469924378756005,
    1659.9627138289695,
    1495.6609918959077,
    76.36101166390053,
    196.12205881551608,
    37.88060988455864,
    50.527232559869226,
    38.654663584153795,
    45.865087478137674,
    64.49722137165378,
    0.2,
    4611.283025185514,
    5178.5539457294335,
    31.675915331944434,
    44.26797876738636,
    20.731870983975195,
    31.014627039607163,
    60.69275227956561,
    16.876872942625518,
    7.027461552323812,
    22.559867519128144,
    30.59570381707763,
    24.741318369252916,
    57.429136042695774,
    453.0807444190282,
    633.518685557681,
    7.396619529908794,
    6.2104506233952375,
    2.058830250128024,
    86.13738606983414,
    136.87351573940995,
    109.53712633377285,
    141.8107690703982,
    105.11329366207036,
    324.8854970390911,
    335.8266814032748,
    545.7271147133129,
    13.723810698062222,
    4.404297742582769,
    337.52109777593984,
    383.9904114344401,
    388.8432437075309,
    243.96667374273025,
    500.0195245949115,
    548.2611162834198,
    335.4248554784278,
    35.70402639157829,
    78.16639438590335,
    255.839501103336,
    162.00861340058498,
    196.1509838441321,
    2450.582466624167,
    2722.792021406603,
    102.85072951201404,
    113.31291636296936,
    130.20181814599005,
    132.44709116513957,
    17.683469954549803,
    38.573813152848466,
    81.98377910653683,
    111.33631818348412,
    98.49836687622958,
    130.46028728760567,
    150.4847376496586,
    195.24209027743123,
    92.7649266319617,
    87.99809697165304,
    136.6980888856704,
    307.0951353786433,
    55.00000394107501,
    15.811794727891547,
    166.81718184654326,
    108.92774801584238,
    19.14581064625578,
    28.606331186692373,
    50.78726528079111,
    47.873973213974,
    21.979159449787957,
    25.418061479675313,
    18.584674480057828,
    6.215603669753759,
    5.285376257499721,
    15.306619779750054,
    50.82721048981864,
    1.9174437455363662,
    0.0625,
    23.17951325063423,
    38.72693309697431,
    3.7641836991389632,
    11.781649478288237,
    36.08493055863925,
    20.74952221595652,
    49.0843607010683,
    42.37551132396571,
    26.18058197511165,
    24.97309641745408,
    35.06348994819982,
    59.62234993221778,
    37.293391095781374,
    22.323491814288733,
    5.899571643056002,
    10.495348502260262,
    1.6800339990903366,
    4.86505636188537,
    57.71596254747336,
    40.80492827756299,
    28.975290118852875,
    65.02560090714996,
    25.72405949666429,
    38.86011193627675,
    31.65271542870187,
    34.59831467233769,
    6.91293847084552,
    1.6622458732682088,
    34.76848265583779,
    206.90268993579357,
    19.60814411089427,
    21.14739787628494,
    33.33817502375143,
    16.09390037415437,
    8.352107104637941,
    9.000285752831097,
    18.275106370116728,
    81.7993346441487,
    113.41916812093557,
    15.691327351653028,
    7.878092506518255,
    47.10111969207489,
    8.406272923256958,
    11.694055499827435,
    10.452895350796927,
    17.719517634537088,
    6.938713936773279,
    13.177845763096377,
    63.77645079584846,
    33.20640239155024,
    29.36010701679418,
    99.85669159322313,
    10.925299487480984,
    36.69760568567454,
    0.0,
    157.991444780048,
    9.662989310639821,
    7.409743450354206,
    20.683692252659718,
    240.6767853016925,
    117.32202708156709,
    109.48363235788922,
    97.86668178034793,
    118.87234736925019,
    123.73847652112886,
    37.21258120988387,
    1.505194962486024,
    3.3274256880291864
  ],