{
  "assortativity": -0.29083557317021647,
  "betweenness_centrality": 299.57615894039736,
  "degree_distribution": [
    [
      0.0,
      1
    ],
    [
      3.0,
      1
    ],
    [
      6.0,
      5
    ],
    [
      7.0,
      2
    ],
    [
      8.0,
      3
    ],
    [
      9.0,
      3
    ],
    [
      10.0,
      11
    ],
    [
      11.0,
      5
    ],
    [
      12.0,
      8
    ],
    [
      13.0,
      6
    ],
    [
      14.0,
      12
    ],
    [
      15.0,
      21
    ],
    [
      16.0,
      19
    ],
    [
      17.0,
      19
    ],
    [
      18.0,
      14
    ],
    [
      19.0,
      17
    ],
    [
      20.0,
      21
    ],
    [
      21.0,
      13
    ],
    [
      22.0,
      14
    ],
    [
      23.0,
      9
    ],
    [
      24.0,
      8
    ],
    [
      25.0,
      7
    ],
    [
      26.0,
      3
    ],
    [
      27.0,
      7
    ],
    [
      28.0,
      8
    ],
    [
      29.0,
      6
    ],
    [
      30.0,
      2
    ],
    [
      31.0,
      6
    ],
    [
      32.0,
      4
    ],
    [
      33.0,
      2
    ],
    [
      34.0,
      4
    ],
    [
      35.0,
      2
    ],
    [
      36.0,
      2
    ],
    [
      37.0,
      1
    ],
    [
      39.0,
      1
    ],
    [
      40.0,
      1
    ],
    [
      44.0,
      1
    ],
    [
      45.0,
      1
    ],
    [
      46.0,
      1
    ],
    [
      47.0,
      1
    ],
    [
      50.0,
      2
    ],
    [
      55.0,
      4
    ],
    [
      56.0,
      3
    ],
    [
      63.0,
      1
    ],
    [
      76.0,
      1
    ],
    [
      77.0,
      1
    ],
    [
      92.0,
      1
    ],
    [
      93.0,
      1
    ],
    [
      98.0,
      1
    ],
    [
      101.0,
      1
    ],
    [
      102.0,
      1
    ],
    [
      104.0,
      1
    ],
    [
      109.0,
      1
    ],
    [
      118.0,
      1
    ],
    [
      128.0,
      1
    ],
    [
      130.0,
      1
    ],
    [
      165.0,
      2
    ],
    [
      166.0,
      1
    ],
    [
      167.0,
      1
    ],
    [
      169.0,
      1
    ],
    [
      171.0,
      1
    ],
    [
      174.0,
      1
    ],
    [
      176.0,
      1
    ]
  ],
  "density": 0.09361730214956766,
  "global_efficiency": 0.527584651602825,
  "mean_clustering": 0.46505108735027423,
  "modularity": 0.16269803549014708,
  "path_length": 1.9952318933356878,
  "small_worldness": 0.9978529707788193,
  "transitivity": 0.23258621720160183
}