{
  "assortativity": -0.29020894627484967,
  "betweenness_centrality": 299.50331125827813,
  "degree_distribution": [
    [
      0.0,
      1
    ],
    [
      3.0,
      1
    ],
    [
      6.0,
      5
    ],
    [
      7.0,
      2
    ],
    [
      8.0,
      3
    ],
    [
      9.0,
      4
    ],
    [
      10.0,
      10
    ],
    [
      11.0,
      5
    ],
    [
      12.0,
      8
    ],
    [
      13.0,
      7
    ],
    [
      14.0,
      10
    ],
    [
      15.0,
      24
    ],
    [
      16.0,
      14
    ],
    [
      17.0,
      21
    ],
    [
      18.0,
      15
    ],
    [
      19.0,
      16
    ],
    [
      20.0,
      20
    ],
    [
      21.0,
      13
    ],
    [
      22.0,
      13
    ],
    [
      23.0,
      11
    ],
    [
      24.0,
      12
    ],
    [
      25.0,
      3
    ],
    [
      26.0,
      3
    ],
    [
      27.0,
      6
    ],
    [
      28.0,
      9
    ],
    [
      29.0,
      6
    ],
    [
      30.0,
      3
    ],
    [
      31.0,
      5
    ],
    [
      32.0,
      4
    ],
    [
      33.0,
      3
    ],
    [
      34.0,
      4
    ],
    [
      35.0,
      2
    ],
    [
      36.0,
      2
    ],
    [
      37.0,
      1
    ],
    [
      39.0,
      1
    ],
    [
      40.0,
      1
    ],
    [
      44.0,
      2
    ],
    [
      46.0,
      1
    ],
    [
      47.0,
      1
    ],
    [
      50.0,
      1
    ],
    [
      52.0,
      1
    ],
    [
      55.0,
      3
    ],
    [
      56.0,
      2
    ],
    [
      58.0,
      2
    ],
    [
      63.0,
      1
    ],
    [
      76.0,
      1
    ],
    [
      77.0,
      1
    ],
    [
      92.0,
      1
    ],
    [
      93.0,
      1
    ],
    [
      100.0,
      1
    ],
    [
      101.0,
      1
    ],
    [
      105.0,
      1
    ],
    [
      107.0,
      1
    ],
    [
      111.0,
      1
    ],
    [
      118.0,
      1
    ],
    [
      127.0,
      1
    ],
    [
      128.0,
      1
    ],
    [
      164.0,
      1
    ],
    [
      166.0,
      1
    ],
    [
      168.0,
      2
    ],
    [
      172.0,
      2
    ],
    [
      175.0,
      1
    ],
    [
      180.0,
      1
    ]
  ],
  "density": 0.09423335020131571,
  "global_efficiency": 0.5277148284232837,
  "mean_clustering": 0.48164490134080296,
  "modularity": 0.14174368865633868,
  "path_length": 1.9949890730888944,
  "small_worldness": 0.9983861639103276,
  "transitivity": 0.24174610350046188
}