{
  "assortativity": -0.29012006017789366,
  "betweenness_centrality": [
    260.7460993326837,
    134.94217810989716,
    6263.501556789692,
    5822.0295435832895,
    1544.3413882190357,
    1892.4214600821153,
    108.5726227746158,
    58.04596233314119,
    19.055727318499986,
    22.831134915465757,
    118.3442440948257,
    67.23559667738718,
    328.0729863096323,
    427.93667855826305,
    113.63467465711395,
    95.43135713795913,
    30.88703367755565,
    66.39458237160632,
    134.37957366099695,
    73.80351611918992,
    208.84937734191814,
    128.08892765491817,
    3.1806552847250513,
    46.893663303104425,
    6.546152683034308,
    23.188418023393954,
    49.00463520482403,
    67.30673566244897,
    19.554394066531497,
    7.811441882100581,
    134.76086726920562,
    8.813817542513895,
    12.457283522823523,
    11.43475787987241,
    18.982622486766836,
    10.06120757217154,
    2.3167895623858983,
    0.884019451288415,
    45.23951602239059,
    129.90827049623877,
    114.89003163007514,
    63.82575850221271,
    15.008951285797652,
    96.9595416287741,
    71.2874281417369,
    24.39359634092788,
    18.990018849659048,
    2.333356445883753,
    2.737467604417162,
    58.109237834130774,
    75.78805822970527,
    66.07383969297439,
    63.57328392035809,
    1749.2953326549002,
    1760.4101826903309,
    1427.2901818763885,
    1100.0234156735794,
    263.2176720808535,
    519.9638531215786,
    629.7351814531639,
    617.1947927564411,
    112.78688478109395,
    263.01765383928813,
    56.8434719882096,
    114.86035776974676,
    217.07590970304938,
    254.93013347128533,
    170.80493569136073,
    223.31652583138808,
    121.91393041486128,
    353.0532878110863,
    88.750298951805,
    13.506238937633919,
    56.664299554802895,
    108.13072400592596,
    89.0653453611384,
    11.925737224158814,
    9.833394399720744,
    20.59436931918465,
    27.511870179456047,
    103.74477606708984,
    87.21127252785963,
    0.0,
    0.0,
    5128.113597694774,
    6079.382118290703,
    5136.5289305107135,
    5452.518380540103,
    35.87331983633186,
    36.726375185347194,
    27.03666476570284,
    21.108395377242584,
    22.895644056177073,
    4.9701429353343975,
    0.6868575778453873,
    77.14581013793742,
    28.84176540593648,
    27.323555626620504,
    21.016073105194746,
    35.35343339785447,
    33.02638887917202,
    4.564389349546341,
    2.516404840008896,
    4.876004270188462,
    164.1989028338835,
    130.61384645999536,
    112.77964228984595,
    31.06724982348614,
    6.931355815980668,
    84.06426423091968,
    891.453948131845,
    15.773342062030213,
    306.1829370712838,
    21.151851013771367,
    9.808465947151989,
    2478.710250483748,
    2775.8856655582354,
    74.85503018842178,
    69.40009895572281,
    17.47281539694118,
    15.348576300469205,
    17.177424701161307,
    14.417930375101287,
    3.410832604295842,
    6.916186289249111,
    42.979885871765944,
    30.7610546285585,
    26.542367041196762,
    68.33023815539134,
    24.010340669158694,
    31.23931913988939,
    39.184887341638415,
    42.818204119387296,
    59.97420504915665,
    67.40256128963779,
    63.56025202604381,
    69.20826300997115,
    44.72944003023538,
    34.175905746728006,
    35.183252743675595,
    8.102983908319983,
    12.495125638563284,
    32.10541678503736,
    31.275829054088394,
    26.663295821893055,
    48.87785365828375,
    14.966978961875226,
    10.32660732748905,
    41.14434957592318,
    1610.3719142823988,
    1483.3576877301268,
    74.974140474891,
    188.97329731532514,
    40.02877851890798,
    52.22672086381054,
    39.888210230842084,
    44.14038774419145,
    66.5226631521247,
    0.2,
    4332.241093393756,
    4639.636197367967,
    32.04407452421855,
    43.575313892164424,
    21.800227405872057,
    29.5351865249985,
    64.06387834629112,
    20.404406245542468,
    6.12164731255997,
    25.03915983609412,
    26.526857540813968,
    25.331878756055325,
    59.59956060979606,
    454.76990955982353,
    630.3927736695193,
    7.987777100064418,
    36.18023875223074,
    2.1580753883657064,
    85.42544889889774,
    137.89740601121005,
    111.40873474352237,
    140.91643738136383,
    110.46201517312494,
    326.3047448673134,
    316.04785106479994,
    566.041921708381,
    15.01044205711214,
    4.480042623238179,
    339.7761388156143,
    387.69887178670166,
    385.6468056697791,
    240.21865156619154,
    464.36108464361604,
    561.4431810170095,
    347.65344836369655,
    37.07106265278815,
    77.85075535603015,
    259.6509623257233,
    150.80352819726195,
    191.23351468042287,
    2692.119075511303,
    3224.593173649883,
    99.78716040589956,
    113.6531509628735,
    132.7580170299126,
    119.86042108365889,
    16.47450399654351,
    38.239075713897854,
    81.20605510966328,
    104.74071792187341,
    111.65230595177609,
    134.6785613468319,
    142.2670247349746,
    197.255341428909,
    85.56199489951359,
    104.31102388531872,
    147.17723782656495,
    287.66317588678965,
    59.80354873130308,
    13.565490418888343,
    168.67254549691205,
    109.40181143728962,
    24.08597860160705,
    24.472546554319734,
    49.70206563287391,
    49.42767976278553,
    22.44366528532203,
    26.40237163602672,
    17.323530345006073,
    6.570147832019399,
    5.963295016468594,
    16.688610322995743,
    43.95166992915089,
    2.003405474522701,
    0.5225457058790393,
    26.475310176086335,
    41.18910271330044,
    3.6292901344580284,
    9.696470155136366,
    30.508221176719953,
    20.924682178675347,
    49.600023082048985,
    41.42813659275888,
    27.629095238416213,
    23.444694270019667,
    35.68648311655725,
    54.80431298120323,
    38.25422908934437,
    22.24237676160094,
    5.832536308094165,
    12.126012720841391,
    1.8800989550989553,
    5.177394460362798,
    54.95009055968471,
    39.56774917155711,
    28.50557309990978,
    64.87653292076254,
    24.29892804746242,
    39.48225673566316,
    31.61381731449538,
    30.85127109374383,
    7.342608695360946,
    1.5011512422985738,
    30.96838605510334,
    208.3405006340937,
    17.168081855444854,
    20.16048091788859,
    24.512167183736686,
    13.819682116999921,
    6.953584116281813,
    8.837096381588736,
    17.791903298338628,
    82.05782968221946,
    113.48044803320529,
    15.77923130525718,
    8.084670032395834,
    44.22005080405454,
    6.805944713534645,
    9.76844651613809,
    7.205692691203838,
    18.345019583245627,
    6.462795762975467,
    11.366472359219516,
    62.22393436726614,
    32.02104789513331,
    29.02032693439939,
    98.24771269934736,
    10.904141648708068,
    39.479651162641154,
    0.0,
    159.4458228960527,
    10.527072876571207,
    8.329460062916239,
    23.279159686615387,
    233.77083174571231,
    115.02842964742194,
    108.96934367098379,
    102.48624833878198,
    116.11982912979911,
    125.69272009877163,
    39.9356209620052,
    2.241542131889488,
    3.4185835484408975
  ],