{
  "assortativity": -0.28944304711960506,
  "betweenness_centrality": [
    249.15016278009128,
    131.54492037218756,
    6388.24998512008,
    6000.903240211362,
    1670.9085028585203,
    2125.3867569855943,
    111.76107770329527,
    72.75556002133673,
    20.42039109477942,
    22.171050546398206,
    137.73718318513468,
    74.34988923888251,
    339.6628766913601,
    414.5421772758718,
    117.36130422345326,
    94.6930866167934,
    19.801153523445283,
    56.486426870732096,
    142.8121176735587,
    62.76322713640834,
    230.63798846560215,
    127.36616971873843,
    3.6745634488293852,
    49.67729594867278,
    8.12909389894198,
    22.13357232150077,
    53.6581360556118,
    66.92992788100828,
    19.213975576278074,
    8.225988777043712,
    149.4019442490894,
    10.765653019368903,
    14.876585039777112,
    12.214161842662145,
    18.45716222381898,
    10.445614979359698,
    1.6833554564068984,
    0.8423048223021393,
    44.19305774364828,
    135.610537330872,
    111.4746469810185,
    63.414658965491185,
    26.82112115597984,
    94.95812766610692,
    73.49808802890021,
    32.731091863865586,
    29.113030225539042,
    2.29417564792953,
    2.909028290899072,
    57.37983722289154,
    83.91823856080912,
    59.22198648638139,
    69.74011741033853,
    1760.1363608384404,
    1752.08383975162,
    1441.1292621145317,
    1108.293292178114,
    265.38017867062405,
    535.146304331444,
    632.2635138082638,
    617.6080537323181,
    117.35850441333636,
    280.7289886458725,
    55.6949121157256,
    114.5561818864451,
    211.32959906308488,
    220.45856389527242,
    192.16716109666723,
    227.1136244241857,
    123.76762023093961,
    382.852362189775,
    90.79719444203849,
    13.330737451195208,
    53.471336233752844,
    96.89323908841251,
    84.8444880267859,
    16.018053150327184,
    11.611734455225665,
    22.53066780082057,
    25.54932467511603,
    94.47476921578381,
    92.66305471959706,
    0.0,
    0.0,
    5688.506964138685,
    5675.067247427375,
    5025.141793171471,
    5486.527481640795,
    34.47820080529958,
    41.91255735178851,
    27.456421581401035,
    22.822309894826162,
    21.597630340739332,
    4.803963712329903,
    0.6540012452249525,
    76.93962775438371,
    28.950294979358837,
    28.13665595985004,
    20.33482653022399,
    39.09570304410202,
    37.63595965321754,
    4.343818075685486,
    2.945654787450593,
    5.761192245144715,
    165.3031705010938,
    133.59033897567937,
    121.82772624613503,
    32.49386513473748,
    6.284011348793188,
    81.80989640175402,
    868.1055601392452,
    15.48609588619159,
    308.05845755722993,
    21.150846485200827,
    10.083864972052847,
    2171.480009617923,
    2546.961246450165,
    78.59503351277516,
    81.3858268203343,
    10.703031714628258,
    11.96028844780826,
    17.505229555651532,
    21.520647745647008,
    3.345319397842983,
    8.073150691943018,
    42.973652850002495,
    26.220852947869602,
    20.71593810545028,
    80.65760280755802,
    29.08997623546218,
    26.01130323959276,
    48.90179228185791,
    46.2270496529332,
    63.884869220429344,
    68.45610380342971,
    67.08657151989071,
    64.09737271169548,
    49.01784116876728,
    30.83779429081935,
    33.8619392048916,
    10.006006554492123,
    13.981162933392056,
    31.21903278643016,
    25.394543832437027,
    23.589355953368802,
    50.17678790228914,
    14.063505532017826,
    13.565205971547487,
    33.93444891195785,
    1582.5886378238938,
    1571.2892251638507,
    79.39426465360857,
    181.21876591452127,
    36.79411425976062,
    45.40384049360624,
    39.60598756536196,
    44.737617342554195,
    66.67262344072141,
    0.2222222222222222,
    4710.504148388185,
    4297.171590924458,
    34.4726653410568,
    42.90485732760008,
    22.26978563592722,
    30.90179035678902,
    63.191619015515265,
    19.244898021329682,
    6.273054822578631,
    28.298960036837457,
    29.735884934067613,
    24.843721294811054,
    57.42650114900383,
    451.6591918106608,
    601.4538327538387,
    8.406932328411342,
    5.905676712350189,
    2.0835774442411834,
    83.68787260349998,
    141.83605858706204,
    110.58006323261073,
    158.31610946533502,
    102.63756684550312,
    333.6859998813271,
    319.4761372316198,
    559.5425468636909,
    13.273883960185598,
    4.179877856835122,
    356.3522580388932,
    380.9343392147108,
    393.62984015851947,
    241.68666613081476,
    531.0602881224415,
    489.75113570504516,
    346.22734964586573,
    36.49027693209362,
    77.40490309931948,
    251.84526506681806,
    161.13366023045236,
    191.65628189647674,
    2776.8641603558417,
    2708.7893784474504,
    100.21392646025178,
    116.61419683919787,
    130.36981853963619,
    134.33389461305524,
    17.427893838556503,
    38.59371773612387,
    87.5377152589281,
    104.75456119636186,
    105.51505208826258,
    135.93963566597188,
    136.44415611770378,
    194.4909625887977,
    88.32044993129007,
    94.95976418808026,
    145.61397083191753,
    291.9963020857198,
    64.7474135993463,
    15.794732202711227,
    167.6092625099738,
    109.97724389783473,
    14.032959816478797,
    26.160265520825163,
    48.38492142052912,
    48.40955035357478,
    22.900973573727786,
    25.666717952198184,
    16.26597799305528,
    7.0648672443196,
    4.84652514651165,
    17.496250104024526,
    43.49145919885858,
    3.8941390270878395,
    0.07142857142857142,
    21.774914929506068,
    42.86236838449326,
    3.205433954703446,
    8.37461923679161,
    29.325818045173257,
    25.65377891871152,
    46.59186860644778,
    40.3821662886616,
    24.818058934981966,
    21.736529809449113,
    35.23494389523619,
    56.63401063722269,
    43.43132092021998,
    24.930024434172918,
    6.011940766400853,
    12.669515222826442,
    1.5801562163326868,
    4.571755214914371,
    57.994885299346116,
    37.86674835497533,
    28.511318389707398,
    62.46036522233894,
    22.06997091667333,
    38.88285852222418,
    32.851236670175126,
    33.87004088877405,
    7.997144581109023,
    1.7446722234625196,
    32.63952187826404,
    215.19647666546965,
    20.757015502931733,
    23.539052474170056,
    28.91518726164975,
    17.345041037228278,
    7.534436696709258,
    9.577733473484635,
    16.657663590993103,
    82.31372552388098,
    107.05289551367862,
    16.366618672113347,
    7.919618181693975,
    46.29235614735194,
    8.964990657097506,
    12.480044011675993,
    8.606461759599767,
    18.55579477028779,
    5.24306119612832,
    13.442630152373933,
    60.59999741587739,
    32.125619553609916,
    29.803461913787974,
    96.49966793975308,
    11.157059859179911,
    36.46235612647526,
    0.0,
    156.42239870236014,
    16.871181364930628,
    7.6672579256206825,
    20.42800687997217,
    229.65028511245737,
    109.8392568214816,
    107.6166332736676,
    104.55426561418402,
    121.90109810272601,
    124.97874616605549,
    34.145366473753555,
    1.9126032476044907,
    4.135451550711516
  ],