{
  "assortativity": -0.28941623525043253,
  "betweenness_centrality": [
    242.42271738688322,
    125.45333352079557,
    6513.797420151309,
    5515.9932022116745,
    1516.5410125542946,
    2004.32066293287,
    112.09087861108861,
    66.47016542988179,
    18.382911845736256,
    17.966119328011505,
    126.66453160488447,
    69.32652050062202,
    329.6426770969006,
    398.95801515104284,
    110.91552102393533,
    101.91058932728687,
    18.79573589984729,
    47.588955259934096,
    117.96152486047971,
    64.67750677062573,
    231.60401165751588,
    125.02273821806872,
    3.470101329683737,
    47.84091455109826,
    6.366919653387701,
    22.25775053626544,
    57.11835211657339,
    67.49067843472626,
    20.61498897567959,
    8.530045478674158,
    144.95456788053508,
    12.283791663721551,
    14.236703639532253,
    11.011281445103148,
    18.216992805043322,
    9.377918487451497,
    1.1200065603430025,
    0.9858806986165346,
    45.48386030143376,
    136.8056527947514,
    108.88786930957725,
    62.774301141612796,
    19.290767925774176,
    97.5874118452929,
    77.19966595334013,
    33.79421300087209,
    24.29682486585415,
    2.2804997381667347,
    2.4704110697591313,
    60.994918343689115,
    72.52651190621162,
    71.85513649597542,
    64.8117097492736,
    1763.8326918673777,
    1763.5320506703222,
    1437.568018641262,
    1110.4044570003036,
    264.31521455712146,
    519.9925161157572,
    628.6810410877841,
    602.7359590921376,
    113.00170858710653,
    254.70901256447905,
    54.45111980716325,
    117.56472720238229,
    219.8621435723407,
    243.1956781944624,
    185.74357174583065,
    225.26675613896492,
    123.57272652795965,
    374.0580696392711,
    90.26983808137118,
    14.2723894888191,
    54.423941849679935,
    112.21577734652335,
    87.10573670010626,
    14.291327088477457,
    10.697773205076242,
    24.403671083703678,
    26.88336439769249,
    100.2495249892499,
    91.93943878617259,
    0.10526315789473684,
    0.0,
    5334.249823857151,
    5932.613594483946,
    5113.5457872349225,
    5763.218477568125,
    38.012144396768775,
    41.70612206892783,
    24.184254360028454,
    21.66082247546221,
    22.565973380311913,
    4.857904790470176,
    0.9242533365206133,
    76.42014702619194,
    27.994810829116073,
    27.650377549237106,
    20.4184500407202,
    36.3656112121697,
    36.65031702606399,
    3.8533141706423395,
    3.8163442529629825,
    4.664732793312083,
    163.99918523412296,
    134.37571548373214,
    115.95201084543369,
    32.321135932069524,
    7.535395300464552,
    77.96163876174235,
    849.7359140047312,
    15.568093650820392,
    306.03277280820254,
    20.33425356319045,
    9.700802764060125,
    2265.0394113519064,
    2583.4818362965307,
    83.03463455134799,
    82.08245732845417,
    13.887490506921745,
    15.338473543309869,
    17.686884823870905,
    18.437950070821866,
    3.5292742079506776,
    6.948098876248412,
    40.38224560646776,
    24.402420169357054,
    25.860615291968585,
    82.4678970240791,
    21.10518054940461,
    27.49358914523029,
    45.63115437904399,
    43.92668762268584,
    67.05905001526381,
    65.80250829919031,
    66.9527411198979,
    60.78519008909209,
    45.24338350549376,
    32.82773142645241,
    38.39049123700837,
    7.027352790001997,
    14.09958394283016,
    34.85803317659745,
    22.125016037269564,
    24.150276083043625,
    49.544354264156844,
    12.888913867735873,
    11.9740773432502,
    37.23015467087469,
    1485.8549545158555,
    1661.2934353047299,
    88.36645012334577,
    185.6490359592588,
    36.311241140250026,
    50.46097360944844,
    36.72977204755132,
    50.517843420058774,
    63.90983178976356,
    0.2,
    4808.651064916117,
    4756.331648858963,
    31.15396795574074,
    42.389800798366316,
    22.75333275348925,
    28.96093495530879,
    65.98738636184085,
    18.718688910706042,
    6.250648703779993,
    29.141746802809152,
    27.327256423180426,
    24.673114685159845,
    57.248335345309776,
    463.22836840751523,
    624.7055536422943,
    7.942177736178609,
    4.895563994331039,
    2.1660173235608466,
    85.20344249784736,
    139.45978735678608,
    110.47846967543997,
    146.78200397239254,
    101.14793570183143,
    335.0403914243915,
    321.55162879877685,
    555.5503875692997,
    14.261461882681896,
    4.405016285985464,
    332.473216886362,
    383.0001822749029,
    385.97368090515414,
    244.02871268717772,
    521.5454356677914,
    501.4213507158012,
    343.3315136472492,
    36.25444488409078,
    76.38014173164565,
    255.74603928283474,
    158.54475212728028,
    192.5356683186165,
    2642.9229748040657,
    2603.8801883479327,
    98.80760582768413,
    118.09656308707352,
    129.95010113305335,
    127.9041384753675,
    16.300123459642375,
    41.7719223598678,
    99.02183215741078,
    100.45900509341537,
    105.38372583013754,
    117.9533136572453,
    136.473421238179,
    191.5299806555729,
    92.24695270573349,
    89.49155808023639,
    142.79165289409673,
    296.4601970642872,
    58.1319141975879,
    15.081301935199289,
    168.69018428270394,
    107.74989173814848,
    20.93616520657375,
    28.29086415006271,
    50.45724384163089,
    46.06585691085745,
    23.816621422889376,
    26.314283196597486,
    17.72470263890682,
    6.236244919865287,
    4.214850180370286,
    16.908978943200704,
    44.11124873269636,
    1.6168715578201907,
    0.183331788836376,
    24.900208347202895,
    36.45773424195686,
    4.400290408149089,
    10.587457108484985,
    30.161377098785277,
    19.15610319095266,
    48.31875440223587,
    38.916493571061444,
    26.69168630451972,
    21.465297672870644,
    32.67076824445375,
    59.67394983101217,
    38.98023432370121,
    23.020744094879664,
    4.783786899457532,
    11.932976665081698,
    1.7112807628391868,
    4.5267975772751425,
    54.9468613114929,
    39.19881123257875,
    28.081736806696018,
    64.76043176153848,
    24.525628662141344,
    38.07369682116687,
    34.61462188788685,
    34.04717689294285,
    7.793602093217325,
    1.1796266512906852,
    32.209961594717505,
    210.9170417969018,
    18.683493157175953,
    20.261411162597643,
    26.82073215188643,
    15.631859357812784,
    6.9909715414951235,
    11.821683864179022,
    16.169302162765245,
    84.32168005117686,
    106.51518330852556,
    17.23543058125601,
    7.549309484538393,
    45.8954323766613,
    8.451867991654177,
    11.57859279131591,
    8.25067787491894,
    17.418331261832048,
    5.585132559933706,
    12.218947961764394,
    62.013769841280954,
    33.196907178524555,
    29.942524385875323,
    100.86101029756317,
    10.894857837751994,
    37.79171330526136,
    0.0,
    159.19884199690952,
    11.733884218098414,
    6.836164996549617,
    25.045027038579484,
    235.676257771539,
    108.73965446192624,
    119.7979609502579,
    97.55188190909811,
    115.80567684428004,
    127.44152614200557,
    35.37829106004808,
    2.0329239336828837,
    3.671074993693318
  ],