{
  "assortativity": -0.2902026836724213,
  "betweenness_centrality": [
    256.89834932628276,
    129.93216672034092,
    6358.365711670164,
    5534.990209425914,
    1503.5380714447201,
    2010.6369739367763,
    115.99822054473175,
    61.52949141883789,
    17.548007623643542,
    21.06339888148309,
    120.93350503796397,
    74.96751963548154,
    336.909378483133,
    430.4798900542001,
    116.070136125879,
    105.92519778003187,
    18.68120827437087,
    53.7657268720792,
    134.75909266419978,
    55.13392909875596,
    231.85267048972256,
    123.29047405382941,
    3.1338998785135015,
    49.26665362865504,
    7.437585638556704,
    24.056582910759246,
    56.06322128473553,
    71.614002892917,
    20.53145347797162,
    8.849360755143037,
    147.60978325526244,
    12.556657775704867,
    15.990210572214645,
    12.018124479834214,
    17.328071298556093,
    10.711214507898353,
    2.525327666763782,
    0.7977002136409337,
    45.57290501590971,
    137.56791896853014,
    111.6993308642817,
    60.98996117603357,
    19.349570627417958,
    95.57765124542179,
    73.21839228434487,
    27.730525478038725,
    23.059890364098603,
    2.725504621284722,
    2.491467235299705,
    66.39917711237135,
    72.7558430811636,
    62.25821540204324,
    68.73077264342352,
    1782.29699340592,
    1770.5047265565595,
    1411.1686366438905,
    1103.942569716844,
    269.5442152379517,
    520.8890429157643,
    622.9986784630092,
    611.7921514416427,
    112.2647850604344,
    265.0096118311642,
    56.292940795351676,
    114.12431362152972,
    219.3341288869684,
    226.03855720970623,
    178.0132519912283,
    217.70026432994388,
    122.6158882755032,
    386.48403778795563,
    98.83378477242609,
    14.487713744418029,
    56.04727391321991,
    108.08283144132666,
    86.34721678118888,
    15.197301916539786,
    10.483607447813611,
    23.03924901547074,
    27.43360362259187,
    97.67033451137132,
    88.44546332436124,
    0.0,
    0.0,
    5578.02280805448,
    5986.951146963754,
    5037.907069908365,
    5261.824168859525,
    37.957017452560876,
    39.012136464032366,
    25.50368926666265,
    20.608229155035787,
    23.29037414160723,
    4.47144301704347,
    0.8023618453186945,
    76.52947744673902,
    29.220066936182178,
    28.63780743618544,
    21.232633632566998,
    37.27488236102488,
    34.16352771449217,
    7.886347405703449,
    3.180869035961316,
    5.219327812242613,
    165.6168373528521,
    132.57199187266457,
    117.98953430709686,
    30.66528640111919,
    6.99938072131006,
    81.55109765967272,
    864.6178876858007,
    15.136990125455975,
    302.9475711951226,
    21.160721724516133,
    8.89376591400505,
    2283.869986693954,
    2727.37073540816,
    74.12903762670084,
    73.49731297987098,
    17.991577930810337,
    20.525695590723885,
    18.311975017388935,
    22.997780699249365,
    3.750390779479829,
    7.1975012920441666,
    38.25414739522758,
    26.896903099937806,
    22.960056287139633,
    77.58379502753947,
    25.292327213628983,
    30.286638106377257,
    41.901920032521595,
    42.74016029549322,
    60.9149615975247,
    64.56524100417188,
    61.59991002279369,
    66.54492425260776,
    42.98031518598303,
    33.41637732447212,
    30.52365086824721,
    11.242115857536795,
    12.181991692087717,
    35.088168853066534,
    26.831625915759737,
    23.934862078341254,
    47.13253761907103,
    14.628400768794183,
    11.63764543812384,
    35.56954137494243,
    1758.3276919292318,
    1618.0714019522109,
    76.74399448913803,
    167.5921167923505,
    34.925912090073915,
    50.87859480283475,
    37.08922904273688,
    45.591894105843174,
    63.204755430656,
    0.2,
    4419.511766938489,
    4608.559130348707,
    33.07543419103483,
    43.98114913665602,
    24.15525191615627,
    32.542323180181675,
    63.64358070379556,
    18.597322098842167,
    8.431479350684226,
    23.61977127118486,
    26.28033028312979,
    22.845268112772647,
    52.61478622308945,
    451.12715859338715,
    605.6479745283052,
    8.701108293251009,
    6.3127715397584945,
    2.00818364473072,
    82.80622938844591,
    136.50836332859424,
    111.69772624595755,
    151.1892090786053,
    112.15659298758499,
    341.02310101046965,
    323.13111916454454,
    575.8957127893146,
    13.670477268910405,
    4.424350768409407,
    353.9354468559456,
    380.96917386611466,
    383.5468034301888,
    249.4800227514623,
    542.6426998629433,
    515.1491104967113,
    336.84530338003964,
    37.30751012351917,
    77.14722569254705,
    262.253497239052,
    162.33560094237137,
    180.03339195905824,
    2946.474290393854,
    2736.6763446713967,
    101.3041451892533,
    109.65025590424092,
    128.4612214239325,
    126.68018990684591,
    16.286064675675917,
    38.802877286202865,
    88.2070402254432,
    96.69611870577643,
    98.91108758841452,
    124.92483974175603,
    136.0701826065249,
    194.11121516168868,
    91.97380630088288,
    93.31196899339862,
    142.2147208691365,
    285.11017819659605,
    60.127276797763614,
    15.351705588590958,
    172.70928574018185,
    115.34274369640599,
    20.33705315144465,
    23.67030593792063,
    46.5993487367309,
    50.359555880139595,
    23.32502665751507,
    26.969752397407085,
    18.3478078551521,
    7.564175411086966,
    4.9399826048865005,
    15.575776584577813,
    46.811340630360796,
    1.3451655259329864,
    0.4814863297621919,
    25.279676937684766,
    38.6061980353141,
    3.567474552613292,
    9.786587081735512,
    29.213952456365323,
    27.15138759852297,
    47.32824434028432,
    40.0737311412649,
    23.56150125860264,
    22.66475277397022,
    30.056181509053225,
    58.691486020620175,
    40.21586712661467,
    23.470306791275448,
    5.17136824754479,
    10.775936634602125,
    1.747869868785362,
    4.239119966525607,
    55.69432981734294,
    41.0225709249855,
    27.93775491887771,
    64.18388288528888,
    19.593118835578917,
    40.28878471397785,
    32.29018262481807,
    30.378324764650518,
    7.273864165512425,
    1.7847865944844643,
    31.748573765588873,
    216.92646262613857,
    19.90178504307114,
    21.621998621078298,
    27.84324667255187,
    16.301891821512818,
    7.125878888779775,
    9.394466975594957,
    18.075398083801918,
    83.0490507474513,
    120.73065724114986,
    17.811059296450857,
    7.998891986652854,
    46.86968489196387,
    8.607470390609867,
    12.563655129482871,
    9.29158155557676,
    17.122650513434237,
    5.349887739692417,
    14.27003652929002,
    62.09156679417606,
    32.83941457483942,
    30.449654846830196,
    99.14183756001543,
    10.95130129821926,
    36.093062882983624,
    0.0,
    158.24284158018568,
    10.779813365336778,
    8.581823940689663,
    20.27268222224763,
    237.87552984829642,
    113.16244287334199,
    113.66892314691049,
    97.60413520455928,
    116.99458658157722,
    121.50369331079611,
    35.55346657572427,
    2.1962807059099516,
    4.023842813379203
  ],