{
  "assortativity": -0.28914513410327075,
  "betweenness_centrality": 299.52317880794703,
  "degree_distribution": [
    [
      0.0,
      1
    ],
    [
      3.0,
      1
    ],
    [
      6.0,
      5
    ],
    [
      7.0,
      2
    ],
    [
      8.0,
      3
    ],
    [
      9.0,
      3
    ],
    [
      10.0,
      11
    ],
    [
      11.0,
      5
    ],
    [
      12.0,
      8
    ],
    [
      13.0,
      6
    ],
    [
      14.0,
      13
    ],
    [
      15.0,
      20
    ],
    [
      16.0,
      18
    ],
    [
      17.0,
      19
    ],
    [
      18.0,
      16
    ],
    [
      19.0,
      16
    ],
    [
      20.0,
      18
    ],
    [
      21.0,
      14
    ],
    [
      22.0,
      14
    ],
    [
      23.0,
      9
    ],
    [
      24.0,
      12
    ],
    [
      25.0,
      5
    ],
    [
      26.0,
      4
    ],
    [
      27.0,
      7
    ],
    [
      28.0,
      6
    ],
    [
      29.0,
      5
    ],
    [
      30.0,
      5
    ],
    [
      31.0,
      3
    ],
    [
      32.0,
      6
    ],
    [
      33.0,
      3
    ],
    [
      34.0,
      3
    ],
    [
      35.0,
      2
    ],
    [
      36.0,
      3
    ],
    [
      39.0,
      2
    ],
    [
      43.0,
      1
    ],
    [
      44.0,
      1
    ],
    [
      47.0,
      1
    ],
    [
      48.0,
      1
    ],
    [
      50.0,
      1
    ],
    [
      51.0,
      1
    ],
    [
      55.0,
      3
    ],
    [
      56.0,
      2
    ],
    [
      57.0,
      1
    ],
    [
      58.0,
      1
    ],
    [
      63.0,
      1
    ],
    [
      75.0,
      1
    ],
    [
      77.0,
      1
    ],
    [
      92.0,
      1
    ],
    [
      93.0,
      1
    ],
    [
      98.0,
      1
    ],
    [
      103.0,
      1
    ],
    [
      105.0,
      2
    ],
    [
      109.0,
      1
    ],
    [
      117.0,
      1
    ],
    [
      124.0,
      1
    ],
    [
      130.0,
      1
    ],
    [
      165.0,
      1
    ],
    [
      166.0,
      2
    ],
    [
      167.0,
      1
    ],
    [
      170.0,
      1
    ],
    [
      172.0,
      1
    ],
    [
      177.0,
      1
    ],
    [
      178.0,
      1
    ]
  ],
  "density": 0.09401333303997712,
  "global_efficiency": 0.5276249880824038,
  "mean_clustering": 0.4829532126659382,
  "modularity": 0.16877329862194107,
  "path_length": 1.9950552967925652,
  "small_worldness": 1.0010916923191364,
  "transitivity": 0.24277464654940392
}