{
  "assortativity": -0.2900367543740784,
  "betweenness_centrality": [
    253.41911837404973,
    137.1668873568079,
    6246.845910660458,
    5992.923186486395,
    1371.16669722289,
    1998.948844409642,
    112.49569281529374,
    60.314979716881226,
    19.553510454391347,
    18.751514997221534,
    120.46273175526179,
    70.81013918794326,
    338.9121074089221,
    385.50124765239445,
    114.94165466196345,
    90.88863747962235,
    26.586850794229896,
    52.92711728214015,
    130.9989262042596,
    61.46952311110732,
    234.16549264631323,
    129.47959995077417,
    3.6887795241378174,
    49.499071039467516,
    7.13323406786554,
    21.626509452308813,
    53.783263526503646,
    69.04093721371164,
    19.795861585907755,
    9.287760207770203,
    153.17163183843775,
    10.525767332864186,
    15.40900046055571,
    11.489104465427992,
    18.37678531597715,
    10.582572837013636,
    1.8598508338543422,
    0.7436052187706678,
    46.86551988923954,
    129.91427302334495,
    102.97505989496493,
    65.47348578993461,
    20.90677782976375,
    99.08778994195266,
    78.3931259786076,
    26.244839231814215,
    21.125058625977953,
    2.557830188601814,
    2.4549909367832523,
    59.87835559683593,
    83.6037319855777,
    60.871956434975935,
    65.54788113027315,
    1745.1415215191826,
    1753.7812758124517,
    1376.9201260773239,
    1088.6827926959945,
    262.44353904098267,
    527.9276887118403,
    607.0720231107069,
    606.2621499195052,
    123.2905149925496,
    277.3657919737841,
    55.60209393153737,
    111.58666642170365,
    221.27994501898348,
    240.66189051047098,
    175.23208100545767,
    219.35153766761124,
    123.20535849609952,
    362.45743233756866,
    90.34514748439922,
    14.56562055500004,
    55.41457384397344,
    93.88158312580276,
    85.75859213435528,
    12.747544370061798,
    10.924215599394744,
    24.64935203226259,
    30.502040976541565,
    101.62181626086213,
    95.03289652705223,
    0.0,
    0.0,
    5520.037929473386,
    5621.611854037558,
    5222.303998348078,
    5219.6644107941775,
    34.63995444604365,
    38.74880353214888,
    26.367640850392558,
    22.164408151559968,
    23.198891716569555,
    4.5516775071450795,
    1.1062711293990495,
    75.15391504195634,
    31.5002089007737,
    27.643981932638,
    19.309841322361706,
    36.29186075492861,
    32.54242619155045,
    2.77391614749964,
    3.2587366032759957,
    4.851418048444452,
    161.1649313561131,
    136.94965364774274,
    117.8901062439461,
    31.404328785925145,
    7.255659746714252,
    83.28374592333611,
    882.6473960996153,
    15.741708342723681,
    294.686874248476,
    20.63215237405238,
    9.045277930604188,
    2150.8307379422386,
    2935.796435292849,
    82.64605251329633,
    75.53041301309888,
    13.719567110432617,
    13.585610211085502,
    15.245944069368637,
    18.411370053854455,
    3.1114089903186386,
    7.304466545213404,
    48.40877778550003,
    24.918475669411027,
    27.159197294086237,
    74.37032256606547,
    25.189354909650785,
    30.920646166635475,
    47.680306536936925,
    42.183368591693515,
    67.7025277999787,
    68.78982745846783,
    59.39027937612358,
    60.83648972225448,
    43.652125598424284,
    32.91456222343094,
    34.103173005226594,
    7.431689239916361,
    14.206960171803368,
    28.270716054659648,
    29.65493593746424,
    24.305007802548378,
    46.184706867235974,
    15.630160262929001,
    11.584443977419225,
    35.8289962672348,
    1419.5683779039177,
    1634.1366092456808,
    71.79916865606411,
    184.95339468368545,
    42.58823504360205,
    53.228313124273186,
    35.64200073181319,
    42.74293735353568,
    63.799487490762644,
    0.2,
    4522.950862149113,
    4854.9664289230295,
    30.223062616060744,
    46.205928181422415,
    25.18013630804467,
    31.392478646385612,
    64.91276852665816,
    20.03337785476445,
    9.892739181873894,
    22.302838774913756,
    25.937119391334157,
    20.63300215972018,
    56.91141805274364,
    451.7884112033235,
    596.1124469500542,
    8.858927866843176,
    5.07396890037225,
    2.281503820667751,
    83.17711312403941,
    138.22003757890684,
    109.79128005144119,
    152.99700676844117,
    98.65941223273796,
    325.38050970957045,
    318.3042648264744,
    570.4870957277544,
    13.553127375000637,
    4.398985354223308,
    342.70020543185,
    386.4699536322864,
    380.99973976124585,
    253.82768673407602,
    518.4768004710035,
    574.9623284230074,
    342.1924908516389,
    35.98105301533363,
    74.87095437554714,
    255.88782727982647,
    155.0108936368732,
    192.18707537568042,
    2928.225718610559,
    2857.6868004401053,
    95.69775092653735,
    121.25264209596155,
    131.4389739609018,
    124.42610649454397,
    19.46094771488553,
    39.32587749896836,
    81.9848787583636,
    94.62168643755543,
    99.37412752066919,
    122.82904809910279,
    143.61173206503432,
    183.17724591451366,
    81.95936174828431,
    88.84380244203152,
    143.096907066141,
    301.4232266171766,
    62.16496297720513,
    14.32729906326236,
    161.2861674454394,
    111.8502802235113,
    17.413635842747862,
    24.421486229050892,
    48.82162512897782,
    45.18642561997999,
    22.35856643735411,
    27.93487123250503,
    17.242998188916737,
    6.366026640140457,
    5.459284416379641,
    15.00333073058669,
    39.210170086122055,
    1.5686552135844463,
    0.2759243814289686,
    25.601046353610606,
    39.94919020317465,
    4.209954885574526,
    10.224057145017008,
    30.5120504742898,
    20.853235162920303,
    46.89571833358768,
    39.38387487399251,
    26.08565575176935,
    19.251419844336375,
    34.844924814955824,
    57.85377401657986,
    37.632617896818104,
    23.939103509080923,
    5.456225349988392,
    11.470625539480192,
    1.6991334418776616,
    3.882708102944033,
    55.59204509048555,
    39.32509258573403,
    30.19217656135059,
    63.41727216049016,
    25.561799197795654,
    37.69420656303538,
    28.491614648475316,
    31.724913831330955,
    6.375273608695335,
    1.9657047257551326,
    32.446321899557944,
    215.83835558538595,
    17.388321905824945,
    19.90264471634928,
    26.634189349964714,
    14.947730124927608,
    8.136179784999246,
    10.85369259848232,
    18.38972548214157,
    87.11569414157704,
    102.89891728045522,
    16.185336024630423,
    7.637427190669269,
    45.128486220893706,
    8.20054587887314,
    11.042853069784757,
    10.249304520220845,
    18.224140956838692,
    6.338745437563694,
    12.346343807342086,
    63.81426227386821,
    33.44578067451808,
    29.878940293325556,
    99.91222416699857,
    10.648796361979386,
    37.417499600552695,
    0.0,
    157.84883188033314,
    10.607704242330424,
    6.884718745750101,
    20.395399551334034,
    241.2096998644136,
    119.44122180865703,
    114.03593653402122,
    98.04661655273428,
    116.21002913864208,
    126.1665426590905,
    37.78543409134928,
    2.0321727683536994,
    3.7718575583328953
  ],