{
  "assortativity": -0.28818533381254385,
  "betweenness_centrality": 299.9602649006622,
  "degree_distribution": [
    [
      0.0,
      1
    ],
    [
      3.0,
      1
    ],
    [
      6.0,
      5
    ],
    [
      7.0,
      2
    ],
    [
      8.0,
      3
    ],
    [
      9.0,
      3
    ],
    [
      10.0,
      11
    ],
    [
      11.0,
      6
    ],
    [
      12.0,
      8
    ],
    [
      13.0,
      5
    ],
    [
      14.0,
      16
    ],
    [
      15.0,
      18
    ],
    [
      16.0,
      18
    ],
    [
      17.0,
      20
    ],
    [
      18.0,
      14
    ],
    [
      19.0,
      16
    ],
    [
      20.0,
      21
    ],
    [
      21.0,
      10
    ],
    [
      22.0,
      16
    ],
    [
      23.0,
      8
    ],
    [
      24.0,
      13
    ],
    [
      25.0,
      3
    ],
    [
      26.0,
      4
    ],
    [
      27.0,
      6
    ],
    [
      28.0,
      5
    ],
    [
      29.0,
      11
    ],
    [
      30.0,
      1
    ],
    [
      31.0,
      5
    ],
    [
      32.0,
      5
    ],
    [
      33.0,
      2
    ],
    [
      34.0,
      5
    ],
    [
      35.0,
      1
    ],
    [
      36.0,
      1
    ],
    [
      37.0,
      2
    ],
    [
      38.0,
      1
    ],
    [
      39.0,
      1
    ],
    [
      44.0,
      2
    ],
    [
      46.0,
      2
    ],
    [
      50.0,
      1
    ],
    [
      51.0,
      1
    ],
    [
      55.0,
      4
    ],
    [
      56.0,
      3
    ],
    [
      63.0,
      1
    ],
    [
      75.0,
      1
    ],
    [
      77.0,
      1
    ],
    [
      92.0,
      1
    ],
    [
      93.0,
      1
    ],
    [
      99.0,
      1
    ],
    [
      102.0,
      2
    ],
    [
      104.0,
      1
    ],
    [
      109.0,
      1
    ],
    [
      116.0,
      1
    ],
    [
      126.0,
      1
    ],
    [
      128.0,
      1
    ],
    [
      164.0,
      1
    ],
    [
      165.0,
      1
    ],
    [
      166.0,
      2
    ],
    [
      168.0,
      1
    ],
    [
      173.0,
      1
    ],
    [
      176.0,
      1
    ],
    [
      177.0,
      1
    ]
  ],
  "density": 0.09355129700116609,
  "global_efficiency": 0.5273536335834195,
  "mean_clustering": 0.46509585328843644,
  "modularity": 0.18033390185925452,
  "path_length": 1.9965122182733273,
  "small_worldness": 0.9973036195531728,
  "transitivity": 0.23367252101142016
}