{
  "assortativity": -0.2899064801084273,
  "betweenness_centrality": 299.9801324503311,
  "degree_distribution": [
    [
      0.0,
      1
    ],
    [
      3.0,
      1
    ],
    [
      6.0,
      5
    ],
    [
      7.0,
      2
    ],
    [
      8.0,
      3
    ],
    [
      9.0,
      3
    ],
    [
      10.0,
      11
    ],
    [
      11.0,
      6
    ],
    [
      12.0,
      7
    ],
    [
      13.0,
      7
    ],
    [
      14.0,
      15
    ],
    [
      15.0,
      18
    ],
    [
      16.0,
      19
    ],
    [
      17.0,
      18
    ],
    [
      18.0,
      16
    ],
    [
      19.0,
      14
    ],
    [
      20.0,
      21
    ],
    [
      21.0,
      13
    ],
    [
      22.0,
      14
    ],
    [
      23.0,
      10
    ],
    [
      24.0,
      8
    ],
    [
      25.0,
      7
    ],
    [
      26.0,
      5
    ],
    [
      27.0,
      5
    ],
    [
      28.0,
      7
    ],
    [
      29.0,
      8
    ],
    [
      30.0,
      3
    ],
    [
      31.0,
      3
    ],
    [
      32.0,
      5
    ],
    [
      33.0,
      3
    ],
    [
      34.0,
      4
    ],
    [
      35.0,
      1
    ],
    [
      36.0,
      1
    ],
    [
      37.0,
      2
    ],
    [
      39.0,
      1
    ],
    [
      40.0,
      1
    ],
    [
      44.0,
      1
    ],
    [
      45.0,
      1
    ],
    [
      46.0,
      2
    ],
    [
      50.0,
      1
    ],
    [
      51.0,
      1
    ],
    [
      55.0,
      3
    ],
    [
      56.0,
      3
    ],
    [
      57.0,
      1
    ],
    [
      62.0,
      1
    ],
    [
      76.0,
      1
    ],
    [
      77.0,
      1
    ],
    [
      92.0,
      1
    ],
    [
      93.0,
      1
    ],
    [
      100.0,
      1
    ],
    [
      103.0,
      2
    ],
    [
      104.0,
      1
    ],
    [
      108.0,
      1
    ],
    [
      118.0,
      1
    ],
    [
      128.0,
      1
    ],
    [
      129.0,
      1
    ],
    [
      164.0,
      3
    ],
    [
      165.0,
      1
    ],
    [
      166.0,
      1
    ],
    [
      171.0,
      1
    ],
    [
      172.0,
      1
    ],
    [
      175.0,
      1
    ]
  ],
  "density": 0.09341928670436295,
  "global_efficiency": 0.5272967958167404,
  "mean_clustering": 0.4654878820234436,
  "modularity": 0.14799043914651655,
  "path_length": 1.9965784419769983,
  "small_worldness": 0.9981191995177876,
  "transitivity": 0.2336930340109837
}