{
  "assortativity": -0.2905139663043441,
  "betweenness_centrality": [
    259.15057312759956,
    127.70753939399482,
    6765.698493493166,
    5795.697839591343,
    1416.619809846844,
    1873.4328561409661,
    106.48833417979327,
    61.2208577301391,
    17.495380732863524,
    20.50056589546398,
    113.41381449243917,
    73.01784977370683,
    344.3271789981318,
    406.55349233513596,
    118.98477020280461,
    91.628890214055,
    21.22943564629933,
    53.87540840158331,
    132.75321159396975,
    56.83038660982981,
    214.9812347629897,
    131.17870465576897,
    3.6594783429756617,
    50.81109107875033,
    5.102142810729364,
    22.693405259714535,
    53.05614693395934,
    68.18695919862874,
    20.90422475959927,
    8.306473152389893,
    148.76028207881984,
    9.674421530569964,
    14.316964653466858,
    11.349765255191356,
    19.061289134208977,
    10.743669408044227,
    1.9552223329375757,
    0.6566557788197641,
    42.78303004212503,
    130.1981158999673,
    107.61349521940878,
    67.03027257367815,
    18.570572825717246,
    99.18251954305721,
    75.43262729977292,
    24.152144339831473,
    20.705405514048955,
    2.2435270010236157,
    3.0349332844069945,
    58.77667376277309,
    77.59381465762254,
    59.43482405595252,
    67.79094829791988,
    1732.9554937045,
    1765.5197670515984,
    1436.0024990223098,
    1087.8547429836608,
    263.6378597594094,
    515.6206111437954,
    615.6096787586989,
    599.2935960226799,
    113.35286559678929,
    255.58596230139875,
    53.815331499680454,
    113.29102083883312,
    218.97618144119235,
    250.161004901838,
    182.8968883541262,
    220.2064210998904,
    121.42135891281912,
    342.3314263873251,
    93.777760954035,
    12.58287479293865,
    53.64521679487972,
    113.04712058694852,
    86.28865550163243,
    13.171179797586882,
    9.620252531250381,
    24.701281923111512,
    28.810876573599053,
    102.81993764405088,
    90.15213718276077,
    0.0,
    0.0,
    5416.733913923737,
    5915.208513478797,
    4909.54679643867,
    5507.472260331429,
    35.1099493805494,
    38.86220395740289,
    25.36550788396628,
    22.478975086748274,
    23.74277756717238,
    4.979131247715004,
    0.7799365568968905,
    73.8550618264321,
    28.60320716421934,
    33.74925290216735,
    19.602805614842236,
    37.05250500942614,
    34.28327776280733,
    3.015931508962475,
    3.5748421022951824,
    4.441223827824898,
    162.36154554357626,
    130.12797310653096,
    117.08077195648373,
    29.421417713775096,
    6.9006104477666055,
    81.12822738614176,
    871.6594871660088,
    16.24587628706806,
    301.43414851425285,
    21.903145446732,
    9.676270951560177,
    2333.1404381818343,
    2647.178217533469,
    77.26759852846537,
    79.52057652086762,
    13.677642748743683,
    13.071660954096963,
    14.737099854700057,
    17.277535128530076,
    3.077662043838514,
    7.371053640073403,
    44.81742988182811,
    26.6493999155435,
    22.46939736829883,
    77.77947155502862,
    24.93286093371566,
    30.974859714807994,
    49.54905313487083,
    41.58854862090444,
    64.42411251521298,
    63.049249443553975,
    57.64451635509315,
    59.84769627794417,
    45.42773038551693,
    34.04902427348361,
    26.02810647021028,
    8.190109078033625,
    9.329131908486067,
    26.321645787323536,
    28.12289177954492,
    22.960683948819984,
    51.59822784956399,
    10.227060254903833,
    12.41692975739039,
    35.980975406564895,
    1415.2616106800822,
    1552.5553818687697,
    79.15620417490265,
    175.2206327538396,
    33.17120373700832,
    51.42375546352431,
    37.30531001721006,
    46.747404407300856,
    67.98848462214823,
    0.2222222222222222,
    4779.257733600861,
    4714.676555290323,
    33.24404293690925,
    44.62044718050338,
    23.303053324365052,
    31.766946383987438,
    61.91332101232768,
    15.915922064235671,
    8.87053573452111,
    21.940570052976234,
    28.702947645627066,
    24.155152377691877,
    56.032448751179146,
    441.5871570222195,
    622.4743781791971,
    7.979473786253479,
    4.976349427753548,
    2.3298360878764712,
    82.42641801089015,
    138.34742583580186,
    110.04721939789535,
    154.73066675475263,
    102.54859910730043,
    328.8231503749379,
    319.70325762055126,
    574.5228136181306,
    13.46175834100803,
    4.441809698110734,
    336.72409423432754,
    375.8503634730244,
    376.56264270322947,
    251.78746582454016,
    487.8145493857995,
    543.6211787599038,
    335.45722186097,
    37.084303041710214,
    76.4957370450796,
    255.6169093741048,
    156.28835427438136,
    182.95866562350076,
    2603.005773060213,
    2865.2401752993032,
    102.93478117066398,
    112.1342678857008,
    128.0998058432216,
    132.55752608271825,
    17.292719578845546,
    38.24746391246268,
    90.7043999512331,
    99.071175115121,
    98.8248812112229,
    147.1221254863591,
    143.43239387938328,
    195.8579307862469,
    88.24832641286814,
    89.50657057627485,
    154.7011807587917,
    284.9138995581353,
    62.78955083413263,
    12.61601867929651,
    170.0649809320083,
    103.70635187425921,
    18.92406705015006,
    25.571327614392246,
    48.01153768434598,
    46.1851233495859,
    24.30623841807141,
    27.197620889287112,
    15.837487027489628,
    6.599455286102184,
    5.137947971566496,
    19.04285163588345,
    47.5198257298738,
    1.6741176534264717,
    0.1937169312169312,
    26.602980384487072,
    43.26199851320608,
    3.4074271757574612,
    11.637916991099647,
    30.81288024489274,
    22.925120451469176,
    49.27846093302634,
    39.20546167479597,
    25.09650809404386,
    19.958504972015113,
    31.972935138850755,
    58.997256718924454,
    36.6028378230803,
    22.462969740150456,
    4.796659872658336,
    11.547291648348448,
    1.9542749927697045,
    5.0121836643320785,
    58.169488596355265,
    39.649493860301455,
    29.343968535932895,
    59.805047821261766,
    21.094128748725893,
    37.34184390415981,
    30.01353327032425,
    34.3031511897749,
    6.727496757841125,
    1.1466225665832215,
    31.54171370863339,
    214.22723740401432,
    19.068032792496975,
    18.76856251125203,
    23.388791736189535,
    14.800801789644824,
    7.415418016239052,
    10.350786476268182,
    20.467654658804136,
    89.75622294629828,
    109.22068103132364,
    16.12669599964988,
    7.140379266327507,
    44.940393255072685,
    8.466834437252368,
    10.845671867173852,
    10.221293469105301,
    18.445146434344647,
    5.49024559714165,
    12.170809543894297,
    65.66759674043841,
    32.067841933724985,
    29.05952902533421,
    95.07464015115633,
    10.986695522104885,
    36.007687349006375,
    0.0,
    160.6645862521335,
    11.661440663385488,
    8.036383711764337,
    20.927041558923648,
    246.28031067490113,
    109.565945223893,
    107.12319284999768,
    94.88817760059885,
    117.15271980228869,
    123.83237673316829,
    35.462554066419884,
    2.0608373596000136,
    3.2974505076950593
  ],