{
  "assortativity": -0.28802853537656486,
  "betweenness_centrality": 300.3377483443709,
  "degree_distribution": [
    [
      0.0,
      1
    ],
    [
      3.0,
      1
    ],
    [
      6.0,
      5
    ],
    [
      7.0,
      2
    ],
    [
      8.0,
      3
    ],
    [
      9.0,
      3
    ],
    [
      10.0,
      11
    ],
    [
      11.0,
      5
    ],
    [
      12.0,
      10
    ],
    [
      13.0,
      6
    ],
    [
      14.0,
      12
    ],
    [
      15.0,
      20
    ],
    [
      16.0,
      19
    ],
    [
      17.0,
      17
    ],
    [
      18.0,
      16
    ],
    [
      19.0,
      14
    ],
    [
      20.0,
      20
    ],
    [
      21.0,
      13
    ],
    [
      22.0,
      12
    ],
    [
      23.0,
      11
    ],
    [
      24.0,
      13
    ],
    [
      25.0,
      4
    ],
    [
      26.0,
      5
    ],
    [
      27.0,
      7
    ],
    [
      28.0,
      5
    ],
    [
      29.0,
      9
    ],
    [
      30.0,
      2
    ],
    [
      31.0,
      6
    ],
    [
      32.0,
      3
    ],
    [
      33.0,
      2
    ],
    [
      34.0,
      3
    ],
    [
      35.0,
      3
    ],
    [
      36.0,
      3
    ],
    [
      39.0,
      2
    ],
    [
      44.0,
      2
    ],
    [
      46.0,
      1
    ],
    [
      48.0,
      1
    ],
    [
      51.0,
      1
    ],
    [
      52.0,
      1
    ],
    [
      55.0,
      3
    ],
    [
      56.0,
      2
    ],
    [
      57.0,
      1
    ],
    [
      58.0,
      1
    ],
    [
      63.0,
      1
    ],
    [
      76.0,
      1
    ],
    [
      77.0,
      1
    ],
    [
      92.0,
      1
    ],
    [
      93.0,
      1
    ],
    [
      100.0,
      1
    ],
    [
      104.0,
      1
    ],
    [
      105.0,
      1
    ],
    [
      107.0,
      1
    ],
    [
      109.0,
      1
    ],
    [
      118.0,
      1
    ],
    [
      125.0,
      1
    ],
    [
      128.0,
      1
    ],
    [
      165.0,
      1
    ],
    [
      166.0,
      1
    ],
    [
      167.0,
      2
    ],
    [
      169.0,
      1
    ],
    [
      170.0,
      1
    ],
    [
      175.0,
      1
    ],
    [
      178.0,
      1
    ]
  ],
  "density": 0.09401333303997712,
  "global_efficiency": 0.5271831202833822,
  "mean_clustering": 0.4835693054099227,
  "modularity": 0.13128075656018548,
  "path_length": 1.9977704686430764,
  "small_worldness": 1.0010056032487376,
  "transitivity": 0.24396085541682172
}