{
  "assortativity": -0.290204061296219,
  "betweenness_centrality": 299.94701986754967,
  "degree_distribution": [
    [
      0.0,
      1
    ],
    [
      3.0,
      1
    ],
    [
      6.0,
      5
    ],
    [
      7.0,
      2
    ],
    [
      8.0,
      3
    ],
    [
      9.0,
      3
    ],
    [
      10.0,
      11
    ],
    [
      11.0,
      6
    ],
    [
      12.0,
      8
    ],
    [
      13.0,
      5
    ],
    [
      14.0,
      16
    ],
    [
      15.0,
      17
    ],
    [
      16.0,
      18
    ],
    [
      17.0,
      20
    ],
    [
      18.0,
      16
    ],
    [
      19.0,
      14
    ],
    [
      20.0,
      19
    ],
    [
      21.0,
      13
    ],
    [
      22.0,
      15
    ],
    [
      23.0,
      9
    ],
    [
      24.0,
      10
    ],
    [
      25.0,
      6
    ],
    [
      26.0,
      5
    ],
    [
      27.0,
      5
    ],
    [
      28.0,
      7
    ],
    [
      29.0,
      8
    ],
    [
      30.0,
      4
    ],
    [
      31.0,
      3
    ],
    [
      32.0,
      5
    ],
    [
      33.0,
      2
    ],
    [
      34.0,
      3
    ],
    [
      35.0,
      3
    ],
    [
      36.0,
      1
    ],
    [
      37.0,
      2
    ],
    [
      39.0,
      1
    ],
    [
      40.0,
      1
    ],
    [
      44.0,
      2
    ],
    [
      46.0,
      1
    ],
    [
      47.0,
      1
    ],
    [
      50.0,
      1
    ],
    [
      52.0,
      1
    ],
    [
      54.0,
      1
    ],
    [
      55.0,
      2
    ],
    [
      56.0,
      3
    ],
    [
      57.0,
      1
    ],
    [
      63.0,
      1
    ],
    [
      76.0,
      2
    ],
    [
      92.0,
      1
    ],
    [
      93.0,
      1
    ],
    [
      98.0,
      1
    ],
    [
      101.0,
      1
    ],
    [
      102.0,
      1
    ],
    [
      107.0,
      1
    ],
    [
      109.0,
      1
    ],
    [
      121.0,
      1
    ],
    [
      127.0,
      1
    ],
    [
      129.0,
      1
    ],
    [
      164.0,
      1
    ],
    [
      165.0,
      1
    ],
    [
      167.0,
      1
    ],
    [
      168.0,
      1
    ],
    [
      169.0,
      1
    ],
    [
      171.0,
      1
    ],
    [
      177.0,
      1
    ],
    [
      179.0,
      1
    ]
  ],
  "density": 0.09401333303997712,
  "global_efficiency": 0.5273939700629983,
  "mean_clustering": 0.4813985970870449,
  "modularity": 0.12631858594382422,
  "path_length": 1.9964680691375467,
  "small_worldness": 0.9971238987716363,
  "transitivity": 0.24159153815737447
}