{
  "assortativity": -0.2899024679932049,
  "betweenness_centrality": 299.3675496688742,
  "degree_distribution": [
    [
      0.0,
      1
    ],
    [
      3.0,
      1
    ],
    [
      6.0,
      5
    ],
    [
      7.0,
      2
    ],
    [
      8.0,
      3
    ],
    [
      9.0,
      3
    ],
    [
      10.0,
      11
    ],
    [
      11.0,
      6
    ],
    [
      12.0,
      7
    ],
    [
      13.0,
      6
    ],
    [
      14.0,
      15
    ],
    [
      15.0,
      19
    ],
    [
      16.0,
      16
    ],
    [
      17.0,
      21
    ],
    [
      18.0,
      14
    ],
    [
      19.0,
      17
    ],
    [
      20.0,
      20
    ],
    [
      21.0,
      11
    ],
    [
      22.0,
      17
    ],
    [
      23.0,
      6
    ],
    [
      24.0,
      10
    ],
    [
      25.0,
      8
    ],
    [
      26.0,
      3
    ],
    [
      27.0,
      6
    ],
    [
      28.0,
      8
    ],
    [
      29.0,
      8
    ],
    [
      30.0,
      1
    ],
    [
      31.0,
      6
    ],
    [
      32.0,
      3
    ],
    [
      33.0,
      3
    ],
    [
      34.0,
      5
    ],
    [
      35.0,
      1
    ],
    [
      36.0,
      2
    ],
    [
      37.0,
      1
    ],
    [
      39.0,
      1
    ],
    [
      40.0,
      1
    ],
    [
      44.0,
      1
    ],
    [
      45.0,
      1
    ],
    [
      46.0,
      1
    ],
    [
      47.0,
      1
    ],
    [
      50.0,
      1
    ],
    [
      51.0,
      1
    ],
    [
      54.0,
      1
    ],
    [
      55.0,
      2
    ],
    [
      56.0,
      2
    ],
    [
      57.0,
      1
    ],
    [
      58.0,
      1
    ],
    [
      64.0,
      1
    ],
    [
      76.0,
      1
    ],
    [
      77.0,
      1
    ],
    [
      92.0,
      1
    ],
    [
      93.0,
      1
    ],
    [
      100.0,
      1
    ],
    [
      102.0,
      1
    ],
    [
      103.0,
      1
    ],
    [
      105.0,
      1
    ],
    [
      108.0,
      1
    ],
    [
      118.0,
      1
    ],
    [
      128.0,
      1
    ],
    [
      129.0,
      1
    ],
    [
      167.0,
      3
    ],
    [
      168.0,
      1
    ],
    [
      170.0,
      1
    ],
    [
      172.0,
      1
    ],
    [
      175.0,
      1
    ],
    [
      176.0,
      1
    ]
  ],
  "density": 0.09405733647224483,
  "global_efficiency": 0.5277276627576951,
  "mean_clustering": 0.4831578081997824,
  "modularity": 0.14220589111239484,
  "path_length": 1.9945365444471423,
  "small_worldness": 1.0017831198583056,
  "transitivity": 0.24241556446054277
}