{
  "assortativity": -0.2886115521697819,
  "betweenness_centrality": 300.14238410596016,
  "degree_distribution": [
    [
      0.0,
      1
    ],
    [
      3.0,
      1
    ],
    [
      6.0,
      5
    ],
    [
      7.0,
      2
    ],
    [
      8.0,
      3
    ],
    [
      9.0,
      3
    ],
    [
      10.0,
      11
    ],
    [
      11.0,
      6
    ],
    [
      12.0,
      7
    ],
    [
      13.0,
      8
    ],
    [
      14.0,
      11
    ],
    [
      15.0,
      23
    ],
    [
      16.0,
      14
    ],
    [
      17.0,
      21
    ],
    [
      18.0,
      14
    ],
    [
      19.0,
      17
    ],
    [
      20.0,
      20
    ],
    [
      21.0,
      14
    ],
    [
      22.0,
      13
    ],
    [
      23.0,
      6
    ],
    [
      24.0,
      15
    ],
    [
      25.0,
      4
    ],
    [
      26.0,
      4
    ],
    [
      27.0,
      6
    ],
    [
      28.0,
      8
    ],
    [
      29.0,
      5
    ],
    [
      30.0,
      4
    ],
    [
      31.0,
      4
    ],
    [
      32.0,
      5
    ],
    [
      33.0,
      2
    ],
    [
      34.0,
      4
    ],
    [
      35.0,
      3
    ],
    [
      36.0,
      1
    ],
    [
      37.0,
      1
    ],
    [
      39.0,
      1
    ],
    [
      40.0,
      1
    ],
    [
      44.0,
      1
    ],
    [
      45.0,
      1
    ],
    [
      46.0,
      1
    ],
    [
      47.0,
      1
    ],
    [
      50.0,
      1
    ],
    [
      51.0,
      1
    ],
    [
      54.0,
      1
    ],
    [
      55.0,
      2
    ],
    [
      56.0,
      2
    ],
    [
      57.0,
      1
    ],
    [
      58.0,
      1
    ],
    [
      63.0,
      1
    ],
    [
      76.0,
      1
    ],
    [
      77.0,
      1
    ],
    [
      92.0,
      1
    ],
    [
      93.0,
      1
    ],
    [
      98.0,
      1
    ],
    [
      101.0,
      1
    ],
    [
      104.0,
      1
    ],
    [
      105.0,
      1
    ],
    [
      111.0,
      1
    ],
    [
      116.0,
      1
    ],
    [
      128.0,
      2
    ],
    [
      164.0,
      1
    ],
    [
      165.0,
      1
    ],
    [
      166.0,
      1
    ],
    [
      167.0,
      1
    ],
    [
      168.0,
      1
    ],
    [
      173.0,
      1
    ],
    [
      175.0,
      1
    ],
    [
      177.0,
      1
    ]
  ],
  "density": 0.09383731931090625,
  "global_efficiency": 0.5272344576210277,
  "mean_clustering": 0.4808727409842957,
  "modularity": 0.13597085517206137,
  "path_length": 1.9971192688903114,
  "small_worldness": 0.9956958172372821,
  "transitivity": 0.24191903225229203
}