{
  "assortativity": -0.28944831352318345,
  "betweenness_centrality": 299.99999999999994,
  "degree_distribution": [
    [
      0.0,
      1
    ],
    [
      3.0,
      1
    ],
    [
      6.0,
      5
    ],
    [
      7.0,
      2
    ],
    [
      8.0,
      3
    ],
    [
      9.0,
      3
    ],
    [
      10.0,
      11
    ],
    [
      11.0,
      5
    ],
    [
      12.0,
      8
    ],
    [
      13.0,
      5
    ],
    [
      14.0,
      13
    ],
    [
      15.0,
      21
    ],
    [
      16.0,
      19
    ],
    [
      17.0,
      19
    ],
    [
      18.0,
      16
    ],
    [
      19.0,
      17
    ],
    [
      20.0,
      20
    ],
    [
      21.0,
      10
    ],
    [
      22.0,
      14
    ],
    [
      23.0,
      9
    ],
    [
      24.0,
      11
    ],
    [
      25.0,
      5
    ],
    [
      26.0,
      4
    ],
    [
      27.0,
      6
    ],
    [
      28.0,
      6
    ],
    [
      29.0,
      8
    ],
    [
      30.0,
      4
    ],
    [
      31.0,
      5
    ],
    [
      32.0,
      3
    ],
    [
      33.0,
      3
    ],
    [
      34.0,
      6
    ],
    [
      36.0,
      3
    ],
    [
      38.0,
      1
    ],
    [
      40.0,
      1
    ],
    [
      44.0,
      1
    ],
    [
      45.0,
      1
    ],
    [
      46.0,
      1
    ],
    [
      47.0,
      1
    ],
    [
      50.0,
      1
    ],
    [
      51.0,
      1
    ],
    [
      54.0,
      1
    ],
    [
      55.0,
      2
    ],
    [
      56.0,
      2
    ],
    [
      57.0,
      1
    ],
    [
      58.0,
      1
    ],
    [
      63.0,
      1
    ],
    [
      76.0,
      1
    ],
    [
      77.0,
      1
    ],
    [
      92.0,
      1
    ],
    [
      93.0,
      1
    ],
    [
      97.0,
      1
    ],
    [
      100.0,
      1
    ],
    [
      103.0,
      1
    ],
    [
      106.0,
      1
    ],
    [
      112.0,
      1
    ],
    [
      118.0,
      1
    ],
    [
      128.0,
      1
    ],
    [
      131.0,
      1
    ],
    [
      163.0,
      1
    ],
    [
      167.0,
      3
    ],
    [
      170.0,
      2
    ],
    [
      175.0,
      1
    ],
    [
      179.0,
      1
    ]
  ],
  "density": 0.0939693296077094,
  "global_efficiency": 0.5273591340124529,
  "mean_clustering": 0.48327800569559093,
  "modularity": 0.14362581381647016,
  "path_length": 1.9966446656806693,
  "small_worldness": 1.000966281516564,
  "transitivity": 0.2426736846271049
}