{
  "assortativity": -0.28844283778654395,
  "betweenness_centrality": 300.34105960264895,
  "degree_distribution": [
    [
      0.0,
      1
    ],
    [
      3.0,
      1
    ],
    [
      6.0,
      5
    ],
    [
      7.0,
      2
    ],
    [
      8.0,
      3
    ],
    [
      9.0,
      3
    ],
    [
      10.0,
      11
    ],
    [
      11.0,
      6
    ],
    [
      12.0,
      7
    ],
    [
      13.0,
      7
    ],
    [
      14.0,
      13
    ],
    [
      15.0,
      20
    ],
    [
      16.0,
      17
    ],
    [
      17.0,
      21
    ],
    [
      18.0,
      14
    ],
    [
      19.0,
      16
    ],
    [
      20.0,
      18
    ],
    [
      21.0,
      13
    ],
    [
      22.0,
      15
    ],
    [
      23.0,
      10
    ],
    [
      24.0,
      9
    ],
    [
      25.0,
      7
    ],
    [
      26.0,
      4
    ],
    [
      27.0,
      6
    ],
    [
      28.0,
      10
    ],
    [
      29.0,
      5
    ],
    [
      30.0,
      2
    ],
    [
      31.0,
      5
    ],
    [
      32.0,
      3
    ],
    [
      33.0,
      4
    ],
    [
      34.0,
      2
    ],
    [
      35.0,
      3
    ],
    [
      36.0,
      3
    ],
    [
      39.0,
      2
    ],
    [
      44.0,
      1
    ],
    [
      45.0,
      1
    ],
    [
      46.0,
      1
    ],
    [
      47.0,
      1
    ],
    [
      50.0,
      1
    ],
    [
      51.0,
      1
    ],
    [
      55.0,
      3
    ],
    [
      56.0,
      3
    ],
    [
      59.0,
      1
    ],
    [
      64.0,
      1
    ],
    [
      76.0,
      1
    ],
    [
      77.0,
      1
    ],
    [
      92.0,
      1
    ],
    [
      93.0,
      1
    ],
    [
      99.0,
      1
    ],
    [
      102.0,
      1
    ],
    [
      104.0,
      1
    ],
    [
      106.0,
      1
    ],
    [
      110.0,
      1
    ],
    [
      117.0,
      1
    ],
    [
      127.0,
      2
    ],
    [
      164.0,
      1
    ],
    [
      165.0,
      1
    ],
    [
      166.0,
      1
    ],
    [
      167.0,
      1
    ],
    [
      169.0,
      1
    ],
    [
      171.0,
      1
    ],
    [
      174.0,
      1
    ],
    [
      179.0,
      1
    ]
  ],
  "density": 0.09385932102704012,
  "global_efficiency": 0.5271336164220809,
  "mean_clustering": 0.48193814585151556,
  "modularity": 0.12496893924615116,
  "path_length": 1.9977815059270214,
  "small_worldness": 0.9975897647749516,
  "transitivity": 0.24229890537775395
}