{
  "assortativity": -0.29039088374329386,
  "betweenness_centrality": [
    257.5859292023773,
    124.26936054741167,
    6757.872319938209,
    5473.3980139214655,
    1472.2998427575567,
    1884.453893909057,
    109.16024580713704,
    62.58854602228902,
    19.996235284119702,
    19.63813000891257,
    115.19120118578078,
    68.98028068257823,
    346.6517889069846,
    410.56928280868476,
    113.0155427002715,
    102.94489023379688,
    22.343062063613996,
    49.787617661579745,
    118.35228237693265,
    54.24337007744648,
    230.9688050138742,
    129.85604175957803,
    3.852133993116244,
    47.50196333459561,
    8.987803582725833,
    22.54059701949545,
    51.660470518170094,
    68.33818066630431,
    20.315517048208402,
    7.92205028064167,
    140.92007177742857,
    12.081750188209472,
    15.377768402062987,
    12.079642834894653,
    18.669401632808743,
    11.02890021282125,
    2.124616000933288,
    1.0211574971081663,
    45.18997109199657,
    132.12558829446778,
    108.89148044542176,
    70.07690337272764,
    17.67049910162616,
    89.9513836993099,
    75.13908512381097,
    29.921161010357466,
    24.10771974810119,
    1.9559091069377943,
    2.6496088021782396,
    55.10234679304735,
    76.42303204083657,
    61.43479350715558,
    70.04072239911028,
    1733.297175811045,
    1743.368007800439,
    1437.2412466526678,
    1088.0439153630728,
    266.4196046034705,
    519.8541961879042,
    620.1403179745815,
    607.9137443201314,
    121.52194665366288,
    257.5230702132898,
    57.828490258491264,
    116.41004988972522,
    211.24415606840492,
    234.09739021461914,
    198.66628938751145,
    219.6182191944071,
    120.63186280705499,
    382.8461469976597,
    94.53358148764387,
    14.759989436626453,
    57.02737273525448,
    98.63662974933145,
    84.76200512700025,
    13.464651723327544,
    10.400398497904405,
    23.82876155920666,
    28.968566578578727,
    115.59057874197262,
    95.3520534379907,
    0.0,
    0.0,
    5796.880048991966,
    5773.8084278787255,
    5013.649647576925,
    5724.298513996471,
    36.13583907624334,
    41.305457672473025,
    24.802786742370944,
    20.73295734678687,
    23.49407271432115,
    4.522706596165143,
    0.5232466389622505,
    75.68923668197183,
    25.89319883317071,
    27.580961462125696,
    20.565468311985185,
    39.1506821524236,
    35.11231214990291,
    4.406290739173437,
    4.40664004203423,
    5.176015486872275,
    158.86802490447246,
    133.53598284193984,
    123.66920433922898,
    34.5806563111287,
    8.035876624847427,
    81.3077784192552,
    863.3282672467359,
    15.59505101441782,
    318.30084989152243,
    21.32811462079878,
    9.650827302550827,
    2267.337113346909,
    2528.5186109563538,
    70.66853385159925,
    79.37123354958163,
    14.358611294487925,
    13.421784322571364,
    12.093482620193145,
    21.52642148938942,
    3.2927189449448764,
    5.577119259342144,
    38.28328805831005,
    27.061727970551605,
    28.785350045894894,
    74.29165946039683,
    20.521148870414947,
    28.91779794783375,
    48.650479781697804,
    41.56166654937473,
    66.24731025679833,
    61.37428909658991,
    64.25842832199528,
    58.71305202075876,
    47.696888251678864,
    36.295474023695455,
    31.163703786572857,
    8.736783433785629,
    11.447384072682018,
    33.743628815752096,
    29.895989304236416,
    21.3237331282236,
    46.329485977156374,
    14.664331822939054,
    10.94353967432305,
    38.686495216980454,
    1441.8283252255617,
    1566.7897217176635,
    80.6533559980136,
    176.19084049188973,
    38.9742327559249,
    52.1015843798962,
    41.44886994224172,
    45.240610485672605,
    69.69332223693935,
    0.2,
    4580.544431187072,
    4880.217896493586,
    35.06647808520795,
    45.5938169223735,
    21.99107065081942,
    31.93906663681142,
    65.45319577100707,
    17.202246859103205,
    8.52488638164087,
    21.520948669762205,
    31.935093674846758,
    26.261434806984447,
    58.13137004499098,
    447.3733600183491,
    610.0542929259681,
    7.747959296216469,
    6.037477925646977,
    2.4570858904474906,
    85.8676108567523,
    137.69342659338832,
    112.40635822331211,
    161.95575659079955,
    105.4385285295741,
    344.48931647189664,
    333.1148845453182,
    552.4732082396805,
    14.362191275153751,
    4.470153476732873,
    340.2874812201849,
    400.93418421022767,
    380.73994718186634,
    233.2994936216682,
    487.39263838687674,
    481.1803668652816,
    339.97199846543555,
    36.01943457323842,
    74.92447515743298,
    253.04139246319045,
    155.658378928053,
    195.6489113652391,
    2624.825958446056,
    2674.446830620229,
    107.72914160815817,
    118.21080911748427,
    131.33684323158477,
    122.12995296469073,
    16.961741900864535,
    43.08861329069328,
    80.81517122123317,
    108.65395568924772,
    87.98720556049292,
    120.3142019048541,
    142.5053543140917,
    195.9389282774891,
    89.93550479009376,
    94.74834282186524,
    143.68822427153668,
    303.8444905586477,
    58.32030572867742,
    15.12101626020312,
    174.67861531204827,
    114.6188173407951,
    19.215526514563365,
    25.01955838017116,
    45.36705268083146,
    43.92131139502613,
    23.877132064679696,
    24.181624222040767,
    16.833719657810995,
    7.2016995489727105,
    5.848395025801843,
    16.578705306006793,
    48.04140548196357,
    2.227041870776858,
    0.17407407407407408,
    24.635449658409527,
    41.969370208985644,
    3.7823339209507036,
    10.156138107414835,
    33.978149384449615,
    20.58808122177511,
    48.18615482195762,
    45.20213611488919,
    24.448384545257323,
    21.23714221943304,
    33.097479327445505,
    57.589053198845356,
    37.11077872472469,
    22.678915447443085,
    5.400243977609473,
    11.164880546469,
    1.8987283442391802,
    4.734448922006845,
    56.974511837844304,
    39.769767100626716,
    29.61711925552994,
    65.6201941931859,
    26.23533240107626,
    38.555247449657905,
    32.93101794660083,
    34.22163586365598,
    7.8136171485797465,
    1.3394539256007632,
    33.59834784398316,
    217.18307357196306,
    17.371266876233776,
    21.269099511321574,
    25.112111958767382,
    16.10805594897842,
    7.78546911053856,
    9.78904512499304,
    18.00221186166348,
    81.34844730439406,
    108.55110948979286,
    19.001096343972932,
    8.236254265677731,
    45.44981973815791,
    8.683253758828787,
    12.08320336055894,
    9.088388729943851,
    17.820490233163518,
    5.766674711379827,
    15.800480123510805,
    63.1746952319491,
    33.08279827369717,
    29.63859100870506,
    97.28751183687318,
    10.742178915606175,
    34.57158943743704,
    0.0,
    159.3570591440969,
    11.373946167141652,
    9.258170658101877,
    20.437545067657588,
    241.57711584970016,
    112.44504786182497,
    110.74014037702447,
    102.13542887245137,
    118.69336752016993,
    128.42763895229322,
    38.63526906662661,
    1.457643506783799,
    3.6964703984504466
  ],