{
  "assortativity": -0.2899177085675719,
  "betweenness_centrality": 299.52980132450324,
  "degree_distribution": [
    [
      0.0,
      1
    ],
    [
      3.0,
      1
    ],
    [
      6.0,
      5
    ],
    [
      7.0,
      2
    ],
    [
      8.0,
      3
    ],
    [
      9.0,
      3
    ],
    [
      10.0,
      12
    ],
    [
      11.0,
      4
    ],
    [
      12.0,
      9
    ],
    [
      13.0,
      4
    ],
    [
      14.0,
      13
    ],
    [
      15.0,
      22
    ],
    [
      16.0,
      17
    ],
    [
      17.0,
      19
    ],
    [
      18.0,
      17
    ],
    [
      19.0,
      14
    ],
    [
      20.0,
      23
    ],
    [
      21.0,
      9
    ],
    [
      22.0,
      13
    ],
    [
      23.0,
      10
    ],
    [
      24.0,
      11
    ],
    [
      25.0,
      6
    ],
    [
      26.0,
      4
    ],
    [
      27.0,
      5
    ],
    [
      28.0,
      11
    ],
    [
      29.0,
      5
    ],
    [
      30.0,
      2
    ],
    [
      31.0,
      5
    ],
    [
      32.0,
      4
    ],
    [
      33.0,
      4
    ],
    [
      34.0,
      3
    ],
    [
      35.0,
      3
    ],
    [
      36.0,
      1
    ],
    [
      37.0,
      1
    ],
    [
      38.0,
      1
    ],
    [
      39.0,
      1
    ],
    [
      44.0,
      1
    ],
    [
      45.0,
      1
    ],
    [
      47.0,
      2
    ],
    [
      50.0,
      1
    ],
    [
      51.0,
      1
    ],
    [
      54.0,
      1
    ],
    [
      55.0,
      2
    ],
    [
      56.0,
      4
    ],
    [
      63.0,
      1
    ],
    [
      76.0,
      1
    ],
    [
      77.0,
      1
    ],
    [
      92.0,
      1
    ],
    [
      93.0,
      1
    ],
    [
      101.0,
      2
    ],
    [
      103.0,
      1
    ],
    [
      108.0,
      1
    ],
    [
      109.0,
      1
    ],
    [
      118.0,
      1
    ],
    [
      127.0,
      1
    ],
    [
      129.0,
      1
    ],
    [
      164.0,
      1
    ],
    [
      165.0,
      2
    ],
    [
      168.0,
      1
    ],
    [
      169.0,
      1
    ],
    [
      170.0,
      1
    ],
    [
      174.0,
      1
    ],
    [
      180.0,
      1
    ]
  ],
  "density": 0.0938153175947724,
  "global_efficiency": 0.527681825849083,
  "mean_clustering": 0.46892820606241903,
  "modularity": 0.16296967015618344,
  "path_length": 1.9950773713604557,
  "small_worldness": 1.006334433588915,
  "transitivity": 0.23454787719200845
}