{
  "assortativity": -0.29091313315508466,
  "betweenness_centrality": 299.73509933774835,
  "degree_distribution": [
    [
      0.0,
      1
    ],
    [
      3.0,
      1
    ],
    [
      6.0,
      5
    ],
    [
      7.0,
      2
    ],
    [
      8.0,
      3
    ],
    [
      9.0,
      3
    ],
    [
      10.0,
      11
    ],
    [
      11.0,
      6
    ],
    [
      12.0,
      7
    ],
    [
      13.0,
      5
    ],
    [
      14.0,
      12
    ],
    [
      15.0,
      24
    ],
    [
      16.0,
      17
    ],
    [
      17.0,
      19
    ],
    [
      18.0,
      13
    ],
    [
      19.0,
      20
    ],
    [
      20.0,
      21
    ],
    [
      21.0,
      9
    ],
    [
      22.0,
      13
    ],
    [
      23.0,
      12
    ],
    [
      24.0,
      9
    ],
    [
      25.0,
      6
    ],
    [
      26.0,
      5
    ],
    [
      27.0,
      5
    ],
    [
      28.0,
      6
    ],
    [
      29.0,
      8
    ],
    [
      30.0,
      4
    ],
    [
      31.0,
      4
    ],
    [
      32.0,
      4
    ],
    [
      33.0,
      2
    ],
    [
      34.0,
      5
    ],
    [
      35.0,
      1
    ],
    [
      36.0,
      2
    ],
    [
      37.0,
      1
    ],
    [
      38.0,
      1
    ],
    [
      39.0,
      1
    ],
    [
      44.0,
      2
    ],
    [
      46.0,
      2
    ],
    [
      50.0,
      2
    ],
    [
      55.0,
      4
    ],
    [
      56.0,
      2
    ],
    [
      57.0,
      1
    ],
    [
      63.0,
      1
    ],
    [
      76.0,
      1
    ],
    [
      77.0,
      1
    ],
    [
      92.0,
      1
    ],
    [
      93.0,
      1
    ],
    [
      99.0,
      1
    ],
    [
      102.0,
      1
    ],
    [
      103.0,
      1
    ],
    [
      106.0,
      1
    ],
    [
      107.0,
      1
    ],
    [
      114.0,
      1
    ],
    [
      127.0,
      1
    ],
    [
      128.0,
      1
    ],
    [
      163.0,
      1
    ],
    [
      164.0,
      1
    ],
    [
      166.0,
      1
    ],
    [
      168.0,
      2
    ],
    [
      171.0,
      1
    ],
    [
      174.0,
      1
    ],
    [
      177.0,
      1
    ]
  ],
  "density": 0.09348529185276451,
  "global_efficiency": 0.5274526413060219,
  "mean_clustering": 0.46440548731787423,
  "modularity": 0.12067225431083115,
  "path_length": 1.995761682965056,
  "small_worldness": 0.9961867594792563,
  "transitivity": 0.231986298903192
}