{
  "assortativity": -0.28998296857312367,
  "betweenness_centrality": [
    237.34865477234828,
    135.2515053461503,
    6168.431943409926,
    5701.799484314306,
    1513.8915642077807,
    1788.490926404454,
    115.0617326497867,
    67.76881728341532,
    19.75901502988238,
    21.500660786557617,
    124.91653007993992,
    61.469178372060824,
    350.7589018931149,
    416.73614501810215,
    123.32885554049336,
    97.93493281040189,
    24.67259943778634,
    58.728674243491184,
    138.38582372470768,
    59.00724978282929,
    224.88583422652496,
    141.07318669324746,
    3.6378506603711034,
    48.40566919614389,
    6.6016492761272305,
    23.963390836500135,
    54.147635451717846,
    69.39741174793006,
    20.977540220641774,
    8.631247637926744,
    138.05237414274478,
    12.36404016845554,
    11.925829071431881,
    11.19483492458328,
    19.05350490116585,
    9.921435877765694,
    2.1087691328618443,
    0.4236215986392116,
    42.52482924452205,
    131.48367995426167,
    113.66787208074712,
    64.8078828826326,
    19.980473525150526,
    99.01977565235912,
    77.00056660954513,
    26.187552384683705,
    23.933291840880326,
    2.1559563937483848,
    2.3186711622499816,
    56.49620785053696,
    75.2545963927744,
    64.37387544076148,
    71.59055970706945,
    1758.3163371712496,
    1760.623596587423,
    1448.2513985309943,
    1113.764930853258,
    260.45788950608613,
    528.7252761898079,
    627.5667603937972,
    604.7477276627416,
    117.34305114495447,
    287.75638090728705,
    55.508146879022355,
    115.89084449909919,
    192.54089976040203,
    243.17479316432005,
    181.60181805316486,
    226.23473749429354,
    121.86810651436288,
    371.7545452506356,
    86.38690320886197,
    15.822372070614366,
    55.75097802763896,
    108.54796664019857,
    75.09118480941116,
    13.072017413899829,
    12.273733812515376,
    24.38999688863071,
    28.148815314294016,
    107.1664846706494,
    92.02133146356793,
    0.0,
    0.0,
    5538.2516192650555,
    5732.783001527147,
    5486.9859139015925,
    5022.670156254502,
    36.77485379870163,
    40.608744909480016,
    28.523825540379892,
    22.534822513253324,
    21.890037740636703,
    4.557319803695797,
    0.5458431817680846,
    75.99039417552044,
    28.43422114287545,
    27.3244780820157,
    19.93713732402256,
    37.933568704279516,
    34.61444935297205,
    6.551499549874948,
    3.422630739251726,
    4.712448496573206,
    161.61879470251293,
    131.23764368491558,
    118.29484878381405,
    31.070591188964038,
    8.029734005824885,
    79.5133326427933,
    854.5609931540823,
    14.982783786099521,
    314.2240397781417,
    22.46670169297185,
    9.612769341998655,
    2251.5678587525076,
    2696.457847991983,
    67.83829357406195,
    70.6093926270685,
    12.651380312114563,
    16.03640944488704,
    15.093185567671515,
    22.927825852476534,
    3.3902421638602847,
    6.647648660540929,
    40.36833103822036,
    26.934789839714117,
    24.70638793585824,
    79.66600291362661,
    22.076632529185442,
    26.61837025133896,
    43.13087513482433,
    42.65795318608649,
    64.6925684493861,
    61.234216605563574,
    66.10427760764902,
    64.3447788545687,
    45.262952901614355,
    34.20033841996868,
    32.120089773561894,
    11.108116939531095,
    11.130765735413236,
    29.06318117169682,
    32.34786202589157,
    20.94772128957982,
    47.53831707787,
    11.945761733748531,
    9.821846686460303,
    36.0906255049719,
    1562.5896817613732,
    1652.7201159122876,
    74.27399646217414,
    172.72654981113425,
    38.605140658634674,
    52.04959068789812,
    37.924781627137406,
    44.38401663041106,
    61.82036755549112,
    0.2,
    4777.951706456514,
    4864.937122436552,
    37.509713401656995,
    48.71071403763648,
    21.009999480557237,
    30.70963482488709,
    66.55458126828717,
    22.69199299708499,
    6.510522151625369,
    25.335280313538032,
    29.594907573379235,
    22.975064899714535,
    54.5843520806505,
    458.1858143998505,
    626.0877154115248,
    7.0688671075079705,
    4.377667399824521,
    2.2335942374106845,
    86.14421376719014,
    138.3151821534766,
    113.55415824443884,
    149.1483766857426,
    105.5574787688259,
    329.99657198587494,
    304.4009519692568,
    544.1981824224217,
    13.511033836216805,
    4.436308780982317,
    331.2555731520651,
    406.93811962536137,
    358.75677666924634,
    230.5763490388657,
    490.16869816566634,
    529.339518083596,
    341.9624749427871,
    37.629400344097434,
    78.49824785352894,
    260.19223542979387,
    158.2131510497562,
    180.58741717956178,
    2782.755004553844,
    2936.240638808303,
    99.81009374729373,
    119.94276683190618,
    132.4382759050992,
    117.53589632531802,
    16.500162485877794,
    43.23816461018486,
    80.91015314512592,
    99.43339601009015,
    104.80711138052861,
    135.7549612490616,
    131.28312081067162,
    185.55524586588044,
    88.6037145385324,
    87.12847954180278,
    146.1712204282005,
    288.33230398590365,
    59.75766406932835,
    13.481392413122066,
    170.0508257356524,
    112.31930239315561,
    17.136773914364582,
    21.78164435241592,
    49.57908920566073,
    48.608032688166496,
    26.566183281339452,
    27.768700086259194,
    17.491780927465715,
    5.867621914440514,
    4.573167057225963,
    15.49841059842031,
    46.20269190205723,
    1.8071967869872467,
    0.08,
    22.65895164515329,
    38.66261937590558,
    2.581723461855685,
    10.798400871547907,
    29.060217849012975,
    22.837644172330922,
    51.10852369028974,
    38.92411541713451,
    27.385016734202516,
    24.025423160355526,
    35.77162341221294,
    58.82381576374168,
    43.107340467471566,
    24.59528955106476,
    4.978986193186282,
    10.109587201150415,
    1.537736131544181,
    4.493961737646025,
    55.83296456401486,
    38.4566842277286,
    28.27901822790082,
    63.489096072333716,
    23.186642934512943,
    38.50859097275044,
    33.6349037556952,
    34.04806127187728,
    7.1959853834822765,
    2.077135991124278,
    32.60428884678242,
    215.29106755830855,
    18.428177576564266,
    22.147648516557187,
    25.12897512156729,
    14.720300418754988,
    7.887373941197314,
    9.010152395863482,
    16.2675850675798,
    81.24018055358188,
    109.45096443777109,
    16.13330316290419,
    6.743420849193443,
    46.68768516294123,
    7.5121026810834515,
    13.374150060773484,
    9.653587868054878,
    17.484175565832935,
    5.76535779579711,
    11.339456707163553,
    62.51194440680614,
    32.30379569313164,
    28.986094663563737,
    96.38963174848043,
    11.032275842395329,
    37.9324768436984,
    0.0,
    162.38417917271934,
    9.928904267385953,
    6.596063350565358,
    18.464785223308862,
    240.4616710693016,
    114.02920700043752,
    109.06674522859552,
    92.78388420509931,
    115.48403540111299,
    123.41208755667479,
    36.19155340136502,
    1.601369559904167,
    3.0882973601233124
  ],