{
  "assortativity": -0.2905405707594318,
  "betweenness_centrality": 299.96026490066225,
  "degree_distribution": [
    [
      0.0,
      1
    ],
    [
      3.0,
      1
    ],
    [
      6.0,
      5
    ],
    [
      7.0,
      2
    ],
    [
      8.0,
      3
    ],
    [
      9.0,
      3
    ],
    [
      10.0,
      12
    ],
    [
      11.0,
      5
    ],
    [
      12.0,
      7
    ],
    [
      13.0,
      5
    ],
    [
      14.0,
      14
    ],
    [
      15.0,
      22
    ],
    [
      16.0,
      16
    ],
    [
      17.0,
      19
    ],
    [
      18.0,
      15
    ],
    [
      19.0,
      15
    ],
    [
      20.0,
      23
    ],
    [
      21.0,
      11
    ],
    [
      22.0,
      15
    ],
    [
      23.0,
      8
    ],
    [
      24.0,
      10
    ],
    [
      25.0,
      6
    ],
    [
      26.0,
      5
    ],
    [
      27.0,
      6
    ],
    [
      28.0,
      9
    ],
    [
      29.0,
      6
    ],
    [
      30.0,
      1
    ],
    [
      31.0,
      5
    ],
    [
      32.0,
      4
    ],
    [
      33.0,
      4
    ],
    [
      34.0,
      3
    ],
    [
      35.0,
      2
    ],
    [
      36.0,
      2
    ],
    [
      37.0,
      1
    ],
    [
      40.0,
      2
    ],
    [
      44.0,
      2
    ],
    [
      46.0,
      2
    ],
    [
      50.0,
      2
    ],
    [
      55.0,
      3
    ],
    [
      56.0,
      4
    ],
    [
      63.0,
      1
    ],
    [
      76.0,
      1
    ],
    [
      77.0,
      1
    ],
    [
      92.0,
      1
    ],
    [
      93.0,
      1
    ],
    [
      99.0,
      1
    ],
    [
      103.0,
      1
    ],
    [
      105.0,
      1
    ],
    [
      107.0,
      1
    ],
    [
      108.0,
      1
    ],
    [
      117.0,
      1
    ],
    [
      127.0,
      1
    ],
    [
      128.0,
      1
    ],
    [
      164.0,
      1
    ],
    [
      165.0,
      2
    ],
    [
      168.0,
      1
    ],
    [
      169.0,
      2
    ],
    [
      175.0,
      1
    ],
    [
      176.0,
      1
    ]
  ],
  "density": 0.09368330729796924,
  "global_efficiency": 0.5273958035393427,
  "mean_clustering": 0.4658141464158773,
  "modularity": 0.11137199041353595,
  "path_length": 1.9965122182733273,
  "small_worldness": 0.9988592411519128,
  "transitivity": 0.23279786823017698
}