{
  "assortativity": -0.28898070693443145,
  "betweenness_centrality": 299.72847682119203,
  "degree_distribution": [
    [
      0.0,
      1
    ],
    [
      3.0,
      1
    ],
    [
      6.0,
      5
    ],
    [
      7.0,
      2
    ],
    [
      8.0,
      3
    ],
    [
      9.0,
      3
    ],
    [
      10.0,
      11
    ],
    [
      11.0,
      6
    ],
    [
      12.0,
      8
    ],
    [
      13.0,
      5
    ],
    [
      14.0,
      15
    ],
    [
      15.0,
      20
    ],
    [
      16.0,
      18
    ],
    [
      17.0,
      18
    ],
    [
      18.0,
      15
    ],
    [
      19.0,
      18
    ],
    [
      20.0,
      19
    ],
    [
      21.0,
      14
    ],
    [
      22.0,
      10
    ],
    [
      23.0,
      11
    ],
    [
      24.0,
      9
    ],
    [
      25.0,
      6
    ],
    [
      26.0,
      6
    ],
    [
      27.0,
      4
    ],
    [
      28.0,
      6
    ],
    [
      29.0,
      10
    ],
    [
      30.0,
      3
    ],
    [
      31.0,
      5
    ],
    [
      32.0,
      3
    ],
    [
      33.0,
      2
    ],
    [
      34.0,
      3
    ],
    [
      35.0,
      3
    ],
    [
      36.0,
      2
    ],
    [
      38.0,
      1
    ],
    [
      39.0,
      2
    ],
    [
      44.0,
      2
    ],
    [
      46.0,
      1
    ],
    [
      47.0,
      1
    ],
    [
      50.0,
      1
    ],
    [
      51.0,
      1
    ],
    [
      55.0,
      3
    ],
    [
      56.0,
      3
    ],
    [
      57.0,
      1
    ],
    [
      64.0,
      1
    ],
    [
      76.0,
      2
    ],
    [
      92.0,
      1
    ],
    [
      93.0,
      1
    ],
    [
      100.0,
      1
    ],
    [
      102.0,
      1
    ],
    [
      103.0,
      1
    ],
    [
      104.0,
      1
    ],
    [
      106.0,
      1
    ],
    [
      116.0,
      1
    ],
    [
      127.0,
      1
    ],
    [
      128.0,
      1
    ],
    [
      163.0,
      1
    ],
    [
      165.0,
      1
    ],
    [
      166.0,
      2
    ],
    [
      168.0,
      1
    ],
    [
      170.0,
      1
    ],
    [
      175.0,
      1
    ],
    [
      176.0,
      1
    ]
  ],
  "density": 0.09346329013663066,
  "global_efficiency": 0.5274508078296775,
  "mean_clustering": 0.4640458893324552,
  "modularity": 0.12000992047659076,
  "path_length": 1.9957396083971657,
  "small_worldness": 0.9954188364351292,
  "transitivity": 0.2330975173258705
}