{
  "assortativity": -0.28898070693443145,
  "betweenness_centrality": [
    236.51826602928426,
    136.42988302297877,
    6192.036668417833,
    5572.33749707406,
    1562.4112582709045,
    1959.4391892816016,
    111.25749033452482,
    63.68014508771188,
    19.683243506095035,
    21.290613990482473,
    115.72557148550119,
    73.06707014866826,
    341.26210736449667,
    406.1929886279973,
    120.95888579449834,
    91.94607659046564,
    23.042937435786953,
    56.380392615414344,
    136.08616627434233,
    50.44350680069267,
    198.10308056480304,
    134.56948391804502,
    3.5020520811644955,
    47.14724286364973,
    6.219076967806269,
    24.058055450393944,
    56.03515061760071,
    69.4927757521926,
    20.540258611110872,
    13.548290192793415,
    134.42473611588835,
    10.845159502695584,
    15.947891411784468,
    11.959016005289211,
    16.785326714855422,
    10.06844992779508,
    2.1424638876728066,
    1.0603688825442354,
    43.59946254538548,
    144.96270923681826,
    109.31458297949885,
    69.67142452275858,
    21.92798570929206,
    104.67897099783288,
    74.44476963574611,
    29.042650247222603,
    23.112922769334435,
    2.682137601456346,
    2.3115714961681135,
    55.56112583290272,
    78.3141176684714,
    62.542781766051036,
    65.95316959851527,
    1725.081807303613,
    1778.640693740596,
    1400.2283875301769,
    1114.9731230436357,
    265.79109235652163,
    514.1196303607327,
    633.6385757019007,
    608.8747417809282,
    115.92030730654389,
    290.90914760333186,
    55.243732177853154,
    118.77893002352768,
    217.43525102874278,
    235.2183753660824,
    191.7997846497732,
    217.49241438600737,
    122.07006831814476,
    380.8234835261045,
    95.15905006901954,
    14.909309686563732,
    58.09013929664235,
    114.02392968857546,
    85.10352712978147,
    14.450289997331684,
    10.699174072431397,
    24.474436505145924,
    30.910967626354793,
    99.35576964986376,
    89.03694293577368,
    0.0,
    0.0,
    6000.475193153802,
    5187.365421795303,
    5293.81455955694,
    5484.041648230832,
    36.63722988077339,
    40.86424192361258,
    25.17870128744364,
    22.25434535722037,
    22.138003563617833,
    4.126712009913595,
    0.7824052689766282,
    78.1639771459198,
    26.833406832304178,
    24.54866404756625,
    19.59000498094214,
    34.03199027755773,
    35.06717329286169,
    3.4483035475862795,
    4.0809195472772295,
    5.327686292614079,
    158.19944000368733,
    134.00106452061237,
    117.7541849459575,
    30.281510512389055,
    7.148960060622121,
    80.07011061878562,
    877.1265625539495,
    15.511005931881716,
    303.8698524274492,
    21.207564710532328,
    9.628939736052333,
    2106.8693270109625,
    2630.1975127966534,
    68.28789352689948,
    80.60786389599518,
    14.95170057728842,
    13.692287768898627,
    13.221929881786425,
    18.026765102572753,
    3.6849316049898078,
    5.956608879394549,
    43.60371878059291,
    24.223805296082833,
    27.115206999174926,
    77.82580616844459,
    24.860420423753588,
    27.53582210543643,
    47.53610416179095,
    45.370094782285,
    63.81056354543747,
    67.09857129532972,
    55.96578625356046,
    54.687424903264244,
    44.055400228556024,
    32.114024189807544,
    37.253381631199645,
    10.90880144447686,
    11.285868237535999,
    29.34736737293527,
    30.036338900909527,
    25.743862487900053,
    43.31393787254635,
    15.136912275220261,
    12.268983805682362,
    32.3950721143192,
    1518.7488219674551,
    1576.0730497722834,
    69.789900494844,
    187.3911386739616,
    38.54442482123801,
    49.135575725343074,
    36.15938662744758,
    43.42066052810666,
    62.48793354505888,
    0.2,
    4760.810231316589,
    5124.503636394718,
    32.413105452418634,
    45.5110142852493,
    23.236386644718163,
    28.86735573592828,
    67.76236719647476,
    17.14427370057173,
    8.105090281067836,
    23.464396543145906,
    26.407960972510324,
    21.905687093770837,
    56.715718937845836,
    454.2442397253902,
    629.1698835169647,
    7.741138941956978,
    5.881311676847622,
    2.105620866692918,
    82.99876405431071,
    138.92292411758984,
    109.89604534748162,
    149.73050892039356,
    104.92142104138715,
    324.41169065295367,
    319.6355086317301,
    552.426753764413,
    13.797282379010149,
    4.3448937614697485,
    343.99374946946745,
    395.6590570849714,
    385.27904748675616,
    248.85258356471422,
    503.8300609721454,
    520.894477344617,
    335.8440307777901,
    36.44542263561659,
    77.95430316400687,
    254.8301357992881,
    162.89036476448618,
    187.0734136599252,
    2686.803243627414,
    2768.3031316147026,
    101.2484200686829,
    118.58946818888342,
    130.67185383140742,
    132.63532573946475,
    16.57093387891855,
    43.031106333010214,
    88.90798411308285,
    98.06857995584787,
    105.66546057943759,
    132.30383025071816,
    129.7766645652925,
    198.1823664950031,
    92.36653648190756,
    96.97927510680638,
    158.20279620584503,
    287.11643902924084,
    58.44450671870878,
    14.52312777266894,
    175.19897944233057,
    107.24654399753427,
    18.159938947529316,
    26.8688093307287,
    50.47743655269792,
    46.86677360700292,
    23.775581565003,
    27.231760592950675,
    18.246503253838174,
    6.171314228503468,
    5.244418783269057,
    15.252743093473777,
    50.94441883029328,
    1.8708218192361519,
    0.0,
    23.521467360220093,
    39.21579960352391,
    4.768887373916704,
    10.010517750649642,
    31.700243421831708,
    27.207406175120063,
    49.31420604939303,
    39.65804201973263,
    26.246011636197377,
    23.023236442254014,
    33.234552985521894,
    57.7136232744327,
    40.11078083067315,
    23.054405036907347,
    5.132708131414763,
    12.198170505839075,
    1.6867526320873176,
    4.942622314443053,
    56.224681588412174,
    39.63071771456832,
    27.929259436451897,
    64.4715491352489,
    19.054428556587514,
    37.75276998517903,
    32.43885445809343,
    35.633352238195194,
    7.411496519099843,
    1.6025821109174088,
    32.280389627523725,
    218.41879481037094,
    18.058924423691092,
    21.230020301458623,
    29.33307111173945,
    15.437593695992678,
    7.888076405437115,
    8.384117201127713,
    19.830256878104034,
    81.88186259590272,
    113.08496273778796,
    14.332801690026603,
    7.412239567331585,
    48.09657904044154,
    7.445769242106235,
    13.587892234935692,
    10.53825070405349,
    18.3115442945561,
    6.111920300730355,
    12.9808239418662,
    62.22259179495502,
    31.884028026130117,
    29.19061941856162,
    100.39678903853813,
    10.879409631507023,
    35.534524397601665,
    0.0,
    155.524258815053,
    10.188325320488653,
    6.250341618595193,
    20.320529721674625,
    247.75667642250997,
    110.67286166960756,
    107.4819761248141,
    99.99715587333247,
    119.51059572960115,
    123.73684581901459,
    36.83235235273197,
    1.5214957161890068,
    3.4715775552012436
  ],