{
  "assortativity": -0.288883442521622,
  "betweenness_centrality": [
    263.15963949901777,
    128.60941327852697,
    6245.130641039518,
    5467.131411890051,
    1473.5572060280379,
    2145.0450069944413,
    114.03870258840557,
    63.83672606808132,
    19.158409345185458,
    21.11783550493973,
    129.53035827760132,
    71.92363985725429,
    338.1298939958845,
    395.56964204599194,
    116.09515737913327,
    99.47684900698437,
    22.757355793575012,
    55.77527177160252,
    120.75745926047469,
    67.7105801105868,
    220.890756720622,
    132.32156796503995,
    3.475357072085646,
    50.53862502100834,
    5.771409377619866,
    24.436009057786013,
    56.50550405640525,
    68.85644522234419,
    22.537497388019833,
    8.591166323335303,
    143.74930965255945,
    11.165728820386896,
    12.029790872023565,
    11.27786753445613,
    19.465617147611717,
    9.909160208289677,
    2.4194237693416336,
    1.09107414358573,
    44.49304151141132,
    137.48656357961391,
    107.15248722564277,
    72.05465547572149,
    20.6698755245444,
    102.13624677923026,
    78.06729009471053,
    29.467669975597797,
    23.725588573158653,
    2.578125166947526,
    2.467089148262844,
    56.68246863374029,
    78.1304641546068,
    61.14790999322452,
    70.11768500249146,
    1731.0689341468988,
    1767.5911821771451,
    1436.2682326065676,
    1082.5679836248767,
    264.62173181566226,
    518.4529495887142,
    614.606147230525,
    624.897102677102,
    113.55897506400646,
    279.9264402129548,
    53.4376075409035,
    115.98548212849086,
    215.89030079011084,
    242.2796498305891,
    180.930684733527,
    222.67366604284237,
    120.6636094485519,
    379.3627327585313,
    87.71626562399194,
    16.441545492385842,
    55.40695762978277,
    90.6055151843932,
    84.78131496333235,
    14.045551611776936,
    9.743619955737069,
    25.63826132214672,
    30.542492420950463,
    112.32659101341908,
    87.3577544736325,
    0.0,
    0.0,
    5502.348347673329,
    5551.343755972163,
    4876.405179159277,
    5592.32486497361,
    33.47573477503662,
    38.944898247506615,
    25.08379385964648,
    18.911088884386576,
    20.881812566614624,
    3.6615654703730405,
    0.8760135263682642,
    76.58422951854617,
    31.265421044239808,
    25.690493630030534,
    18.62194493926192,
    36.594405817256224,
    34.08426246631567,
    3.3958049213519623,
    3.4647235096483726,
    5.937504816665683,
    158.88247246296137,
    134.608851844129,
    122.8353800944205,
    30.16829691045953,
    8.082368784157126,
    82.23377948631403,
    848.9442032491381,
    15.401401926749175,
    312.93852217796103,
    20.622574672205342,
    8.931192572441153,
    2090.3698684589604,
    2609.343025717611,
    73.14578806557444,
    80.2881509897583,
    18.28270277302224,
    13.904374048701012,
    19.19148073946368,
    20.386367962872487,
    3.4220810961007038,
    8.082839286964392,
    45.01429301588865,
    28.108417797584643,
    24.708134975150124,
    82.35310121790741,
    26.40109455002019,
    27.333444481699665,
    42.75300985157238,
    45.29712689448107,
    69.00220464458089,
    61.78916563742621,
    58.54741429306964,
    63.689297626896675,
    45.14539326576692,
    31.504989991507955,
    35.14834978732483,
    8.381485133184754,
    11.070783757725787,
    31.52476411636356,
    21.920979796122456,
    23.70501762196453,
    45.61926577195613,
    14.213206361960452,
    13.112359437437089,
    38.56180848636355,
    1623.3622681173242,
    1523.982495763937,
    79.57570814361108,
    176.69169952058127,
    39.7889304342555,
    54.47622893313321,
    37.96380936708525,
    45.48765314607919,
    64.3628954253785,
    0.2,
    4781.681569157638,
    5207.715836354859,
    35.264863634429034,
    45.2894766859125,
    23.63211347472482,
    29.611482819637082,
    66.3637005205952,
    19.99334103691547,
    8.166388074510804,
    22.3117620803704,
    29.621297194566612,
    24.120878118008957,
    53.91347508204552,
    458.1471262556399,
    624.4332699994279,
    7.772159890769085,
    5.679507622066675,
    1.9997503613794523,
    83.9686995660329,
    134.28072772101982,
    109.40562551529572,
    150.4037358586782,
    120.15722701734973,
    330.26542502221884,
    319.5245124637066,
    558.2302696257001,
    13.520120906291227,
    4.300288287971141,
    343.47446700549506,
    379.2390816849143,
    390.5323648707293,
    242.5077393513216,
    533.8378658073561,
    580.3742396804042,
    349.3927678723989,
    36.39611882045733,
    75.57458369482728,
    258.3200895909961,
    156.16572410562244,
    181.79433541887283,
    2785.5488812731123,
    2944.397703157445,
    93.68140421262237,
    118.30691030016537,
    129.91295607937892,
    119.73044088503617,
    16.13167306037613,
    39.38292995783166,
    83.0449452934553,
    107.33609441635204,
    124.46686313618886,
    135.20158432370974,
    140.2801609320904,
    198.19513191247853,
    90.32666211708681,
    87.52943400547352,
    154.2004195231202,
    288.6012354879979,
    54.0514643047889,
    16.59081695198385,
    176.57363672168626,
    114.12359704148312,
    20.036042693333332,
    22.48516234415026,
    47.87763715937291,
    48.22649675481462,
    23.304853650122837,
    24.450336212155424,
    16.289860403487268,
    7.442991689743544,
    4.604750063825113,
    19.152069086937395,
    48.730131124002874,
    2.1547661496875974,
    0.2673387749322329,
    23.114318987507996,
    38.806563031599055,
    2.88592846424876,
    10.292910792917526,
    31.478778173361718,
    20.787612804509138,
    44.20802938787706,
    39.47568245433493,
    24.744639376735446,
    25.52043874565545,
    34.74970429351519,
    58.63769833244005,
    40.408946099152324,
    22.20234362537794,
    5.090038065384385,
    10.900905026768177,
    2.0603750653684556,
    4.595056822288515,
    57.15922528797349,
    39.97302409197799,
    28.55796953972703,
    64.27192499283686,
    21.84241464484537,
    39.8032373477363,
    31.44143887059729,
    36.206063109254345,
    6.133608987537578,
    1.3457948957655892,
    33.042720103830746,
    212.40918918429597,
    19.53972313769745,
    21.88478347274064,
    29.38776375844435,
    14.864354063636952,
    7.366082149846147,
    11.097368005475303,
    17.632153427492867,
    79.17609025356377,
    112.55718753827087,
    14.440564564640654,
    8.097207435626082,
    47.61565496180525,
    8.092108618651435,
    11.779394619965984,
    9.367826763800554,
    15.877767217381743,
    5.955965764390283,
    12.701213522043023,
    62.410510097646174,
    31.56456953895492,
    28.933148653902105,
    94.25595717931608,
    10.790983053642018,
    35.4164387021252,
    0.0,
    157.32353563871501,
    10.914880912257232,
    6.735872976594076,
    20.434596648887677,
    231.3383833646534,
    111.8721206903644,
    107.37340613193766,
    99.0407110126929,
    119.13713641731523,
    121.20172886446112,
    36.21998289573402,
    1.981569396571206,
    5.38496899853425
  ],