{
  "assortativity": -0.2888836433435667,
  "betweenness_centrality": [
    265.59854943508407,
    136.16144473671707,
    6429.226678663416,
    5498.5774910819555,
    1557.5061644042019,
    1972.903677477998,
    105.84704209864323,
    66.73103011711389,
    16.324925043673453,
    20.506585090063776,
    127.16430676657582,
    66.53884869153589,
    351.1996165483466,
    415.9116695068152,
    116.36253528361371,
    97.04659165694476,
    25.171077063865674,
    60.60953830368832,
    131.55293493338965,
    72.42162297695413,
    205.66716050172786,
    135.81581115423356,
    3.651485447550261,
    60.32074286931578,
    6.670408272583805,
    27.782931171649082,
    55.12682887098623,
    67.4491476722569,
    21.6196710467482,
    8.350366075665713,
    143.47007801751013,
    10.023514529940927,
    17.958211160230583,
    12.061345175793623,
    18.50407798402699,
    8.34706522222263,
    2.730979690683922,
    1.0221247666446307,
    44.94790839256328,
    120.66733262379026,
    117.21419037200529,
    70.92991931950762,
    20.568056636172216,
    94.38018699196986,
    72.69475543334038,
    33.851218609391665,
    28.159166084916595,
    2.413019277701461,
    2.257202106500844,
    58.27680772003274,
    81.00785558002859,
    59.34888116057665,
    71.46788754562935,
    1758.036249836972,
    1784.593245887193,
    1436.717169211831,
    1103.4744412924038,
    261.84277219715204,
    517.3088503788751,
    630.7024666737057,
    615.6602464212439,
    111.59337086778777,
    272.0968935704746,
    55.07037280227222,
    118.8152431639766,
    225.1013520048083,
    246.16265719493714,
    180.14396288810127,
    224.7276247168478,
    121.71547173663753,
    386.84603804743847,
    85.56494675165052,
    14.215256980664593,
    56.05063080932785,
    115.4049155261144,
    83.56727103710728,
    12.47502126781955,
    10.546548674340892,
    22.899245633696964,
    26.325995585517223,
    105.73828065180723,
    98.61847174656548,
    0.0,
    0.0,
    5775.062224363128,
    5539.9366087333365,
    5100.001595383673,
    5459.089249782544,
    37.9749128543801,
    41.341731259543266,
    25.736885978167848,
    22.77959951195434,
    21.413229757330765,
    4.950531322096442,
    0.7124362811182293,
    75.30038345909439,
    26.86666331108623,
    31.33954432976761,
    19.91888224550327,
    37.89516959542553,
    36.56808123701007,
    4.5287196854049965,
    3.880269094018742,
    5.377442387485525,
    163.9659883702648,
    133.99628368078476,
    119.82293328564944,
    33.65536761433541,
    7.260234206264727,
    81.75833508275596,
    852.3696596623626,
    15.967299222948487,
    307.60833930130605,
    24.38721822107188,
    9.383881754661795,
    2246.9548469909423,
    2964.131902611625,
    75.48164215735031,
    71.6413539587874,
    14.758483489527883,
    15.839139151947485,
    15.320603016466068,
    18.044471288945235,
    3.3384923746733057,
    6.177421888640576,
    45.23410996840659,
    25.792492274082377,
    23.554559230180633,
    86.89390089915976,
    28.18500072973694,
    24.54914307396158,
    45.996452056113164,
    38.509757637611095,
    65.98214886412305,
    59.25222207103088,
    60.17347918854017,
    67.79509328495524,
    46.755387778850995,
    32.996576339171455,
    34.65337177794194,
    7.780048389976359,
    10.795979612357662,
    34.01272890501893,
    30.995922918751322,
    27.16396081167649,
    50.116810685436675,
    9.358981943415255,
    9.830908407278063,
    31.459041603484188,
    1508.8462868007798,
    1523.2204766040093,
    72.98878089955862,
    186.35907741942688,
    40.1566704169916,
    51.284954931841284,
    38.197833540241206,
    43.47065861953886,
    69.22110183768349,
    0.2222222222222222,
    4763.0536853753,
    4748.369222921488,
    33.030933516793546,
    42.80980212607931,
    21.720441918310115,
    29.492809001603053,
    62.41755823780813,
    17.15387598854878,
    5.941650978695417,
    27.26350474645579,
    26.057078919557984,
    26.645267690060304,
    55.035819725449365,
    451.0641463705013,
    622.7884802786849,
    7.093510543640222,
    5.274791918651189,
    2.324451621134313,
    82.95748719509676,
    135.8446085666101,
    113.36189502475403,
    150.3093906794781,
    103.11906358527561,
    325.25900060912767,
    308.86040038029427,
    531.6011371899663,
    13.964478312217235,
    4.390590081285617,
    340.2055813816885,
    384.6721475608437,
    379.82148941491437,
    240.83012011305624,
    528.5906090010548,
    605.7737322109886,
    338.7959634815929,
    36.662068306340245,
    77.98779173977235,
    250.30954352787649,
    161.33934028013846,
    185.0763243757867,
    2595.0936589173443,
    2757.802817066884,
    98.81272847706556,
    120.28238744295429,
    134.02547801691168,
    136.62993216697726,
    19.743869779538727,
    41.1398777831983,
    88.78660416792916,
    105.83053517892759,
    109.6526776674732,
    124.06900250940079,
    141.35618529995804,
    202.56798828481607,
    89.26869823620345,
    86.46234119487404,
    143.24079059648952,
    298.66016161418185,
    66.69483033934608,
    13.801952872155685,
    171.20308419872978,
    109.67918755576073,
    20.611003110396286,
    30.94732173905821,
    48.15192965877622,
    47.82979790477987,
    25.032013341929666,
    26.226753059711672,
    18.599187736537413,
    5.923661739217618,
    5.087333925272117,
    20.337956677193368,
    49.69411577394277,
    1.9508966709690234,
    0.18715067086375103,
    24.112991581262914,
    38.96798316024091,
    2.2385763483473324,
    9.015074841593487,
    34.227908277307954,
    22.433524701931724,
    46.59137832175456,
    42.39772640326022,
    27.572796616065997,
    24.051519585618827,
    34.13462636705211,
    57.38541003730125,
    41.31486107979853,
    23.90438151364456,
    4.813066768135204,
    12.272717720761912,
    2.018973360940386,
    4.649971826085475,
    56.68259218680468,
    38.786421340180404,
    29.64879801926994,
    61.763591726298124,
    19.490640904837477,
    39.7230824836655,
    29.335765922141178,
    39.23992644768444,
    6.138483142251553,
    1.3592275474057682,
    33.564250826798364,
    215.71283603862838,
    20.28462666163645,
    23.002781532206782,
    25.594741813136793,
    14.829150206524796,
    7.581919036822542,
    8.748393804336102,
    17.20559102665856,
    85.56142657755126,
    112.85622110778003,
    17.28719224194549,
    7.7946559471807,
    48.958027629607656,
    9.240572614183884,
    11.897293864674438,
    9.446393042490417,
    17.370082867424827,
    5.639663839902739,
    12.263940592151561,
    58.57245552873284,
    32.384580366089594,
    29.289491235810324,
    98.24291600744777,
    10.974403108527774,
    37.03302580545098,
    0.0,
    162.8039550186112,
    11.71634978465719,
    10.348700534625639,
    20.016561347601314,
    243.7104268916276,
    139.08879405709993,
    108.71462846255882,
    101.57688554619473,
    115.80623924736442,
    125.14097113730855,
    38.466752937251314,
    1.8081713220359066,
    4.061325316337527
  ],