{
  "assortativity": -0.17762864018561902,
  "betweenness_centrality": [
    115.83886311943678,
    118.72211904209539,
    2099.1572346159082,
    1708.0533624063467,
    1022.5003557536529,
    953.9803514895393,
    477.8796567736786,
    419.82957146696634,
    102.0736307873247,
    123.84792092935635,
    153.46213142281803,
    154.70885144989504,
    69.21765313528083,
    73.03450823731313,
    583.2656232777861,
    450.1454306149325,
    6.258494543695131,
    11.436079754300831,
    326.6916210627357,
    353.16546739453935,
    69.97041787820703,
    59.912225188872604,
    8.069195937057229,
    112.06397637529501,
    96.42880467971025,
    7.83174639367823,
    7.737102669549969,
    184.1907689659419,
    9.180621823080903,
    11.79682047027531,
    22.24109944174492,
    9.680916228849545,
    3.4627939930426836,
    14.472717259068784,
    6.6247819030556085,
    4.384375429891849,
    7.7104930499029045,
    4.461016333660142,
    4.195268918396738,
    608.6562034779666,
    491.1043719062661,
    883.3562467394137,
    935.0463112309255,
    425.732964627752,
    533.6396517144282,
    686.3429909800617,
    624.8243899341982,
    158.74695574776075,
    213.37390682628367,
    613.7983553626807,
    594.0373958186018,
    117.04212505218105,
    83.28322657890577,
    786.3307888836652,
    981.9939830992141,
    272.3126923361052,
    422.5663449651091,
    423.85987091374494,
    406.1597453416648,
    171.45738563841135,
    187.65119625061618,
    118.60200821846112,
    93.04268483201837,
    113.77105685497462,
    29.852750858973543,
    23.90852956727169,
    34.942574086208545,
    59.393790291433696,
    93.10585229404087,
    44.836064231394204,
    22.72244343086451,
    115.44283729773814,
    22.607185313126823,
    27.40293030770344,
    57.001726496313125,
    75.88040349983419,
    19.38370830865751,
    22.243383939583296,
    70.91367202840891,
    99.6293611871748,
    640.9995741121946,
    552.5643316582608,
    1.2604842790171464,
    1.366271172625718,
    1294.0965192685228,
    1522.1652388188334,
    1349.1876430660311,
    1338.3070822208315,
    6.55977986111271,
    17.549015256125344,
    17.135331354847015,
    12.29627274235318,
    13.879308240441981,
    6.818331358832432,
    16.156378507582545,
    45.50218259679072,
    27.765496785704958,
    9.20158803197381,
    133.22618810928523,
    25.208823553003352,
    8.761288803557324,
    10.517549163617995,
    13.887480476868438,
    19.18484318654809,
    320.02138146640425,
    268.3748666482324,
    257.15081461939013,
    254.91616213735824,
    266.4371532905602,
    362.1207960966855,
    965.8151362135478,
    3.15150889515019,
    62.804151462377774,
    501.0463457446999,
    420.4752432427427,
    382.83793213310986,
    551.1694774122195,
    192.2690747468941,
    229.81016213117428,
    415.13125175532707,
    421.8079986388929,
    6.74708026625579,
    9.785387704314084,
    232.8826478537735,
    13.444090764835844,
    7.867834032706724,
    3.361907489161109,
    5.098574502528662,
    11.406329715263677,
    5.334675826020047,
    1.3428515272166557,
    66.66927106208922,
    58.47504219675873,
    157.6860389922632,
    69.0792817923487,
    41.624735682690066,
    45.874069209393426,
    69.22888131704194,
    55.389394935609054,
    10.50703307149092,
    297.1810235389033,
    232.60388126489357,
    313.0629940726814,
    291.75152551559563,
    148.52311871517978,
    105.55592728081379,
    190.57205732627312,
    156.88597163856866,
    9.30205572337538,
    423.0113247686698,
    379.96752352819624,
    150.71596502977877,
    117.71421571061788,
    218.35368722173337,
    271.66770397886637,
    288.42460941231786,
    212.39440163408798,
    8.012923290844746,
    1.2246608094708367,
    1025.2780390880077,
    1105.2903145770342,
    1510.3923899862684,
    1321.023371681762,
    1457.657971884276,
    1362.771131178013,
    6.313099818030012,
    4.704513706107619,
    74.63090222654202,
    84.91473587812659,
    4.9543685963652395,
    3.7520558289957813,
    1158.6210691179028,
    259.8350252863907,
    249.97233743745116,
    17.077098250574522,
    14.53211574075589,
    141.72923770369817,
    136.9333531764053,
    142.87938625601063,
    197.35662662395964,
    201.10276292311286,
    293.44198053937674,
    368.214090291262,
    132.6464594926405,
    314.619946100968,
    190.06073628900222,
    165.0203047326621,
    166.42179419076652,
    182.0273153868939,
    85.17581826921742,
    72.43039873389515,
    331.4516226431441,
    315.97467346980216,
    167.04035922392114,
    118.6887421231411,
    146.53981580221603,
    341.52298303217765,
    375.4310036020131,
    242.30740348496437,
    1576.6303667214231,
    1503.7918630258343,
    4.682753036731603,
    6.8499332283254954,
    37.14753401730543,
    202.13389740052352,
    145.85904504916368,
    173.2102554971222,
    49.582468215781226,
    45.72991049496147,
    77.6804461702389,
    47.71947760333961,
    37.94395283354918,
    65.34360752520944,
    376.5087094724787,
    367.925168295033,
    270.4666302002065,
    356.0915969811063,
    15.520145483207573,
    13.223090081353106,
    882.1577982578282,
    644.1026855578712,
    27.133658861260272,
    24.101178451996276,
    237.35459149161255,
    307.05397483942346,
    120.87990025486546,
    73.19427302097304,
    2.777819824754993,
    2.4259710948627733,
    0.7415011243682516,
    123.97706663654239,
    114.6976903038733,
    121.16607944877617,
    83.97273477561494,
    110.43766977017061,
    103.47424895891022,
    5.009569741691077,
    12.853554488661196,
    11.075111592745479,
    26.830776762477438,
    73.69432938668737,
    74.4707112490279,
    9.251383428300668,
    5.992532649851188,
    11.49258481423738,
    9.186705857252322,
    17.236700664355357,
    11.80965534519577,
    161.1736845462348,
    124.77410968529956,
    190.67993178884296,
    278.2384274180134,
    4.019889276938017,
    13.372071542772206,
    768.306409335103,
    864.8182744943133,
    116.97943937811164,
    98.19786811659057,
    166.98253043943618,
    98.63998844825188,
    7.5290868709607865,
    19.67156987177873,
    40.460453274647854,
    27.999811098482194,
    18.2115753431112,
    13.653610920949133,
    10.286361870251135,
    8.979798959985775,
    18.543851848031792,
    11.517840202813144,
    18.729603975113953,
    13.829581683556912,
    26.573620279545832,
    13.64348200080293,
    10.947161186543202,
    40.86808554899877,
    8.222902553716818,
    13.047414700000214,
    5.685490248802815,
    10.267491954986081,
    9.179512820044637,
    3.8838422435173556,
    9.812116638594178,
    17.46882145812972,
    20.993596027155945,
    32.9639391337009,
    269.3549535174568,
    318.7924292515691,
    12.410289695775685,
    209.20427911119086,
    186.37735984635702,
    235.1489813737201,
    286.7065539043334,
    272.1699731342457,
    168.01700278224138,
    208.24106204053575,
    218.4109127451081,
    175.3144388152229,
    214.24031205729406,
    200.59882792375595,
    147.07370378451654,
    170.10371412220184
  ],