{
  "assortativity": -0.17178466708959447,
  "betweenness_centrality": [
    132.8521527260518,
    167.2234441951021,
    2364.0451652605057,
    1754.9979450672195,
    777.3709100012896,
    926.0918756640391,
    383.2733136504649,
    445.56515663209046,
    103.69715725802425,
    129.9601288995296,
    129.2325953659811,
    91.20049289375082,
    66.02797131511646,
    116.78685866886319,
    721.7929550098767,
    721.6571889569699,
    10.27892171515343,
    9.96048972816432,
    414.82957354970415,
    403.83607780394544,
    58.88813978529545,
    52.717397946600606,
    12.020398248672173,
    122.49876855594967,
    123.74396380102606,
    9.804968193659874,
    9.334352294080169,
    273.92990216653044,
    13.909614702219237,
    9.888894234813657,
    26.83224099428058,
    9.028976763273374,
    5.721028559060873,
    9.510210598850993,
    6.207413483488384,
    11.638835573251194,
    3.735742698465428,
    8.705122487341676,
    5.229840581345662,
    569.946875725864,
    573.8611638391828,
    789.3614084797769,
    1087.042319450574,
    433.2485303387747,
    561.6435803070312,
    756.7643287059474,
    669.4376912928619,
    215.03040801683625,
    202.3263330648007,
    634.8045725812987,
    646.0697003237565,
    91.96052230567115,
    77.93161140790318,
    804.8414006229364,
    877.3274351796032,
    326.0124200950274,
    390.66289166883445,
    427.7777808959362,
    379.65023672047005,
    173.78125672040753,
    209.82297550642963,
    131.27935600304588,
    85.84565057445629,
    90.88699455524916,
    35.704426064297884,
    68.83546959904855,
    71.85982770261641,
    48.21157214849059,
    95.59333615444636,
    53.94309401540053,
    32.00236532846843,
    127.45352030880507,
    35.46015789090049,
    15.458897619325453,
    42.393092322576095,
    80.83826846453552,
    31.211339842556768,
    13.675033517835141,
    89.08999734735464,
    112.42954429525255,
    488.4332752561101,
    547.0752603432562,
    0.8388647810333943,
    1.1595691565948982,
    1401.2144489251937,
    1298.7952285833821,
    1256.7031732987425,
    1336.616873035354,
    12.576332467266637,
    15.658613949303549,
    21.645077746423606,
    9.090361608729532,
    13.593408651848527,
    16.81274561618962,
    22.70993811223965,
    43.776556854145504,
    25.685325988521,
    17.288080042345552,
    114.7941470894431,
    36.96992034350051,
    11.21418212588787,
    10.903742400943132,
    16.171625397641,
    28.0301067702029,
    356.05887083448624,
    295.61340193137585,
    217.0666719622324,
    217.07178612841798,
    226.9623836877609,
    376.9695885966337,
    1076.310719792618,
    5.680262429553242,
    34.23743692352608,
    305.4861127465324,
    514.9935179018607,
    503.4401510059936,
    469.9752095887314,
    134.0715099161316,
    137.64879668816818,
    407.07415978793915,
    385.287884001907,
    10.613822292051795,
    18.067722288781134,
    222.008294303903,
    17.390501895454022,
    4.8949668048256125,
    3.1813190319749256,
    3.1083200729774383,
    12.662150450022969,
    3.691939176821646,
    2.770621642800271,
    45.85191569765571,
    68.11716424939652,
    87.63891578247339,
    100.36716272146572,
    42.998270013215944,
    65.30055465646846,
    42.31838910481649,
    90.06797559385627,
    5.88472754835645,
    251.54203547604757,
    212.42136970232536,
    264.27305751979145,
    331.82456381771755,
    236.09376278860384,
    66.80311645133935,
    169.52911236673611,
    199.51851668449385,
    6.2068959763652884,
    428.0657410916933,
    424.47425697459073,
    127.98588662419881,
    152.80347951738318,
    286.3730538489032,
    249.7495440279694,
    294.38340248871356,
    190.8757569124567,
    5.991251138168572,
    5.292739881335146,
    1054.526229882593,
    1036.702834019542,
    1493.4363263835194,
    1296.211080903431,
    1479.6661671622553,
    1083.5649066787162,
    11.57024245672981,
    10.798545006731288,
    67.52432207197234,
    78.60432180637595,
    3.935429158621704,
    4.185792800543332,
    1196.9721456485431,
    287.6207669015724,
    263.7665103760426,
    14.36000303870099,
    14.370312263546149,
    115.44758922911082,
    109.16058879451428,
    121.48895375023139,
    145.14272310535938,
    153.67126482698598,
    268.5685754774731,
    379.8300251918678,
    159.5366216212464,
    246.96392732351717,
    250.55563565978875,
    199.79755146165655,
    119.75758720917116,
    168.7631068187043,
    106.71163076715426,
    74.87614847416718,
    340.02473419407715,
    397.2352702782803,
    148.71847350262772,
    118.28838548929683,
    136.73047495509698,
    316.22432281526983,
    300.6215392491163,
    282.23030054024144,
    1682.4099964445427,
    1403.0416748762611,
    7.046742509886695,
    6.640380352448603,
    32.46261719776698,
    228.134524126981,
    117.16498020187292,
    159.06387298392613,
    44.99426181246761,
    43.56421298960198,
    66.69937938977856,
    59.78668630064305,
    34.41130382587166,
    54.8917641801483,
    319.20061254327163,
    347.77299415859585,
    259.5058645883042,
    427.2687283603492,
    63.298392366465336,
    14.968657892575772,
    928.4235873563217,
    859.4653200998484,
    30.478861024800175,
    48.05690263556102,
    323.7624097859722,
    195.39623971898197,
    101.94532628950222,
    92.8028076826836,
    3.8618110396692917,
    0.8857853328259018,
    0.4641276831874456,
    101.71391745880625,
    119.71498149562875,
    56.10787214340924,
    95.27055180640104,
    98.42747085610596,
    128.31347190927295,
    2.5051706856247447,
    3.9808199363692855,
    23.689849762814138,
    20.652292018012062,
    92.247306343827,
    103.52490516084751,
    11.07350293630755,
    9.831287359849602,
    23.85885769250071,
    17.082452068383077,
    8.926064144947846,
    14.740253188675469,
    155.57004244806984,
    104.63035216525002,
    210.66433230050208,
    197.7626549606721,
    4.7313359706155405,
    16.90154613792704,
    740.6547080287856,
    730.0539799882914,
    181.9234305503877,
    131.08924272248316,
    142.28800115502747,
    140.580667614959,
    7.028026321567087,
    24.549020478748485,
    27.31485409299977,
    35.20277728866888,
    19.890306345683605,
    14.731836362418838,
    8.05811413739517,
    5.776736706156644,
    9.420782401058304,
    4.866474434496827,
    10.341884985865466,
    13.704444964165528,
    29.80468264899018,
    8.575038705904685,
    20.55241650842309,
    9.637942865253809,
    5.888512645807753,
    16.75863134969497,
    9.874820796677094,
    7.890330532048104,
    4.501395901639798,
    5.760005985274335,
    7.478652069674303,
    28.028151842520238,
    30.63213599244071,
    30.155496078228296,
    244.4737872892006,
    241.4534059373354,
    33.542800326511596,
    145.60863704105947,
    245.4717054728773,
    253.18470354595237,
    213.8288172171674,
    232.17748059612418,
    223.53111284128636,
    180.21269712148526,
    187.11255146375953,
    187.47994011051216,
    169.11039127502715,
    203.57623515496266,
    110.56660927598527,
    163.35096671371383
  ],