{
  "assortativity": -0.18435309193974833,
  "betweenness_centrality": [
    100.07533978310076,
    119.00380751134963,
    1987.1775998824571,
    1758.124137549251,
    1052.489267423116,
    873.0627925463663,
    291.6996382858999,
    366.1711288180239,
    116.75731436068297,
    111.76874238882108,
    124.59562328637062,
    181.20089767462096,
    71.74301212543013,
    55.48552455476111,
    553.8610983811735,
    607.4733324980481,
    10.228848540785272,
    10.913460542301632,
    332.86343220724893,
    290.10479884390344,
    99.944881310377,
    56.20677137213277,
    3.1601978989437907,
    99.54194663105922,
    77.40412768010299,
    5.129955579278164,
    11.488647346568671,
    215.3696616656548,
    7.777967201880577,
    12.228379121974413,
    20.550857117600852,
    7.906672043874141,
    4.656879626886306,
    17.192004403995536,
    5.08132059108079,
    5.176456836348391,
    7.183171381857629,
    2.8743222231350547,
    4.357717002032875,
    612.7066837148694,
    645.3219421966683,
    965.8699485524311,
    921.6812211400041,
    620.4638940016815,
    538.1037893901483,
    809.517717582659,
    521.2416926119114,
    223.69058417924518,
    203.65225140234858,
    565.4518236090136,
    608.7866638660522,
    99.23088785579857,
    103.2279494062114,
    978.1423821287485,
    882.7162775734336,
    288.7277076067451,
    363.2970776976683,
    424.5568126243442,
    451.726704167606,
    141.0025798616134,
    314.46135445099037,
    91.1138221881696,
    66.93487728084152,
    70.68891657059683,
    39.767023688398794,
    47.617796404065274,
    93.73844748988952,
    69.94023064501414,
    68.96409613789601,
    61.98560926858022,
    31.906919838706866,
    103.60958575022534,
    21.67629135027075,
    41.30193500918807,
    88.3753056630857,
    66.53044269346249,
    19.393725662027858,
    11.385311235516852,
    68.16866431263453,
    57.41686889536605,
    477.7547621898933,
    508.922855655449,
    2.773829457222342,
    1.130076565737517,
    1279.8545846029067,
    1272.850631625309,
    1139.916200274547,
    1214.2334174705795,
    7.933200582243264,
    13.989151440468762,
    33.1414121852823,
    13.564042965512662,
    24.955605784399584,
    3.5089226057884257,
    12.726662943103676,
    43.53502472694463,
    40.497754824672754,
    11.085600925320948,
    131.27989082775665,
    22.08890874479833,
    5.300926396346256,
    6.407680536438591,
    8.161117787664063,
    26.829848882703516,
    377.57133368234815,
    295.29152577371974,
    230.22555278419955,
    144.53844670131292,
    230.559526687478,
    380.9634902579322,
    972.4953033756034,
    6.408702498239485,
    54.90927782805566,
    474.93506128959115,
    521.7812332516959,
    577.5909825544857,
    569.5163817270349,
    140.44387130654587,
    180.31629199550733,
    520.9379961849936,
    573.9316486376962,
    13.388221081858104,
    16.82176052144148,
    257.81361492176586,
    15.437621833828043,
    3.02639393423968,
    3.3193157443080543,
    5.0037755242772,
    6.888989408967218,
    1.149628604828925,
    2.3712938152034817,
    33.031603855920324,
    58.72593593048199,
    105.23122980315343,
    65.69926002444012,
    36.07997916302153,
    33.7887305004667,
    57.59403928637269,
    87.96873830511325,
    7.918716679761834,
    265.94369705044113,
    239.85046909703533,
    335.9705772234723,
    284.99930035983215,
    223.8745575184854,
    84.4934929616256,
    169.78976469932152,
    220.085436736994,
    3.6902767357364987,
    474.71681161276484,
    438.432380175669,
    94.65221657436052,
    150.11658544861,
    321.14203908898935,
    293.4927757490861,
    269.16156803495204,
    303.95151347835895,
    6.033755367269314,
    0.5737080194977309,
    996.4587165518701,
    1126.9376186739134,
    1429.660755055497,
    1223.1146719005953,
    1323.7367547112065,
    1380.9782209761827,
    5.718509029120863,
    12.632562234120195,
    67.60239096332131,
    74.89339945185397,
    3.8344897736248504,
    2.765108089780535,
    1161.7292430830673,
    165.5044856588656,
    228.68514624181455,
    16.24987294206049,
    19.13572373488903,
    219.30391750962116,
    74.39044361459784,
    165.70032689001795,
    132.88626838715783,
    166.30084157261723,
    298.4689594261504,
    473.3969885997194,
    157.6801424046487,
    302.8203614259326,
    177.58716028030403,
    249.88768719543796,
    167.6800634854918,
    173.40769962792618,
    92.26069192735287,
    56.5447463672261,
    363.91259510018756,
    352.0353549942473,
    122.999304724865,
    87.87746269267508,
    127.63235584306189,
    321.3804862840461,
    398.7685455681009,
    447.8793717928145,
    1610.5457412729954,
    1524.1344415609144,
    6.080355168694758,
    10.025126181380493,
    19.03166853333494,
    167.08852496615876,
    98.14781902351892,
    145.2919461460067,
    36.766670951142615,
    40.32453421379869,
    40.95485140557225,
    49.042415737352215,
    39.57322525208949,
    33.54358041237458,
    396.4488381144972,
    351.9496804480851,
    331.9888235877372,
    442.50497152745703,
    16.530256883721123,
    8.34666260812832,
    781.7619392576266,
    888.937909104533,
    30.07559942063537,
    20.55070157015459,
    280.7563160409964,
    290.4558192037435,
    160.50490892070036,
    76.08985339708487,
    4.270159473849659,
    0.6743519957698175,
    1.6678768565488529,
    89.7953843813761,
    120.87279460050424,
    73.44773832944453,
    141.83666088048687,
    112.53671455754788,
    87.6520360726819,
    5.616849238108767,
    3.059767846696938,
    22.782200667196292,
    24.864729637972463,
    89.37941578490327,
    112.59603449062489,
    9.94013326661552,
    17.583746411603272,
    19.882015762324322,
    12.328163317500058,
    14.874682148082382,
    23.657047820409478,
    170.09494826869738,
    143.31460628774892,
    191.46973162155496,
    161.0324091786194,
    13.644748828205884,
    11.199647684548951,
    671.243748500384,
    715.2551803117873,
    179.93378447346797,
    89.4970467144831,
    133.40813482144335,
    114.86940682935499,
    6.428386037627246,
    27.956213334751943,
    18.158684220319863,
    17.446345608366332,
    17.02437873177383,
    23.75293669792893,
    16.289083732875632,
    4.903928158800047,
    10.911928237639891,
    4.885844976881628,
    8.35182594752533,
    5.152854455936975,
    20.432060865038185,
    9.642243400657398,
    8.376808551093914,
    10.49650097097865,
    5.775700150195125,
    17.628077810474277,
    10.502274977973142,
    17.451655283521983,
    7.810964296215632,
    5.900267405090652,
    7.150477261381685,
    24.100042174377364,
    14.667350093191553,
    32.46783956238922,
    262.84911927968847,
    298.66811169621917,
    11.22293973447149,
    222.2384897113245,
    161.06936149454776,
    246.20295403615242,
    206.83545517692608,
    226.50675903505967,
    276.23540297919743,
    258.9247682011332,
    165.0453215416611,
    222.96433816221483,
    180.88069935466294,
    180.8766147903055,
    202.14513319661071,
    194.28127455772815
  ],