{
  "assortativity": -0.18155431343675754,
  "betweenness_centrality": [
    102.0363463919932,
    131.05131852819275,
    2056.837975637195,
    1927.596903819837,
    1050.0903100646553,
    1015.1084902417931,
    427.10391790793585,
    433.0639540960871,
    126.40358137105159,
    147.23436936558272,
    115.60519777021173,
    113.37483895668281,
    78.14135772399106,
    105.3105853600232,
    582.7508627096915,
    709.113880853584,
    5.573993528471586,
    14.303646125864372,
    422.26319731760566,
    317.6485418987402,
    64.74839522338877,
    61.099518903382055,
    3.589204250670308,
    102.78209302222805,
    85.74555916521341,
    4.158926546032528,
    6.832398381407729,
    343.57378640937503,
    16.27589004715272,
    13.367275869210486,
    26.64383891409711,
    7.722844999216016,
    3.254623307117188,
    7.611776761287423,
    4.247691892219262,
    5.5911810348149285,
    3.6426893247822187,
    10.852478187379608,
    3.347142964711635,
    720.1974779556374,
    539.444306227743,
    880.73896452148,
    1007.5937108480541,
    439.9259474028792,
    503.34735726795236,
    709.8255176128683,
    778.6729805841356,
    236.8217057374743,
    200.4699828094999,
    470.336729513509,
    540.7210227458529,
    115.73408316086154,
    127.23351041633659,
    806.6443224104123,
    999.6827179888257,
    276.56596349783865,
    352.8376694279634,
    443.97721402835055,
    341.48033596796694,
    195.10296334115745,
    180.96607731772914,
    142.41974133665158,
    91.72600336670554,
    70.99868686266862,
    21.470278084157016,
    35.756377960771346,
    65.76616755216533,
    50.969486819414904,
    54.89842095376495,
    69.43248410892897,
    49.12194896893035,
    140.8164173231708,
    27.350977377043414,
    31.30146433452285,
    87.18182716284419,
    69.8174849536944,
    11.15987124508626,
    11.814949142491853,
    124.6509216352781,
    72.72311802846762,
    539.5227817394954,
    542.7836458798685,
    0.427192459965864,
    1.0979070574144505,
    1316.239019782604,
    1249.2188712116235,
    1366.5263022037166,
    1303.309111887275,
    10.25270115078771,
    14.488652466148542,
    7.408832466123919,
    5.858728568962274,
    17.4258853873632,
    14.21526561296977,
    9.333587313221031,
    44.50090428879635,
    19.852221329814828,
    10.987913716826343,
    93.78059878180648,
    22.927388231179517,
    12.489802275410346,
    5.021863164430116,
    9.13387516251959,
    16.271891095692165,
    396.1327195063874,
    297.83404482635973,
    193.14484056968726,
    136.24254284674694,
    220.06303063248035,
    303.0109882017191,
    1148.7663973649046,
    7.4105672730634575,
    60.51665798805066,
    449.87934181278,
    549.774444346793,
    358.53512831866635,
    637.6244784729096,
    190.9541612366027,
    181.81334487875057,
    330.16783605668843,
    545.9348301880477,
    10.148736753870574,
    12.853931687972262,
    239.96237749766908,
    21.03182925852107,
    3.7928650497556298,
    2.1375924519575022,
    4.6259385560957265,
    7.526540686583493,
    2.5250464709095377,
    1.1913123363770914,
    61.14820947051812,
    56.15480239137654,
    114.61274637664525,
    64.92771839924076,
    46.50410613570039,
    33.35669066806457,
    32.44390436632305,
    68.17002857574711,
    7.854946064380005,
    253.35838972366668,
    361.6303767204187,
    262.9210347750593,
    251.8760320278013,
    250.51079654019563,
    98.04866684265536,
    244.1250886056435,
    243.75845959197974,
    6.854598006627245,
    510.89519582229224,
    334.5685483514354,
    102.95980293433253,
    129.31681183451855,
    243.21626356185115,
    208.88422437159386,
    195.57650145057332,
    232.16831269333758,
    4.972935667032903,
    0.22344029884231598,
    1140.9915529536206,
    1020.0680839923106,
    1313.5544084922276,
    1124.4488204508443,
    1385.5908372689457,
    1532.7514980842343,
    7.03248574634064,
    7.430490550328146,
    50.213973313228536,
    66.72866988283725,
    4.447483602355642,
    0.8614872286618537,
    1149.7684508653563,
    262.4638173004298,
    238.17680689126237,
    24.621646790972274,
    21.081189714113304,
    143.89167666630792,
    79.60579622477273,
    144.8767249156281,
    130.81579886685407,
    140.3232889471215,
    254.33075584385062,
    407.88206538841854,
    163.776697508477,
    341.4600100543729,
    215.27990793788376,
    226.814277967473,
    157.26973215959552,
    214.2485809000811,
    73.2772738193722,
    81.68447049781092,
    384.3826355255104,
    358.5370635636847,
    114.90997447333179,
    112.20304489809332,
    147.63785672672918,
    312.8862087805784,
    356.38630325568687,
    368.8765701560031,
    1534.6082403215937,
    1655.0161836495558,
    5.801227196891474,
    5.047070744612407,
    18.243522346268115,
    173.72697075346863,
    101.75179163585925,
    163.88773416665038,
    58.82579782303579,
    23.809949764710158,
    61.53118455143352,
    63.761287860739344,
    30.353304583620833,
    81.3019223599309,
    282.81047540162547,
    258.4247378054294,
    299.9909586044348,
    406.2303295458372,
    25.075980797791164,
    12.365627441782225,
    968.9483539971552,
    798.8745594641259,
    39.40806087248089,
    26.348736129122273,
    268.6819101444887,
    301.18097690536956,
    155.01455738690848,
    117.45432487512812,
    2.0781916542904857,
    1.8787743613699939,
    2.3904290099439423,
    62.5736381977213,
    90.50388057961241,
    73.29461931611434,
    79.1957548805945,
    78.28332341511599,
    70.90541468053118,
    6.574214450802866,
    6.995508115887671,
    19.010121147173013,
    18.438745443710324,
    78.51348803837642,
    103.10756566580932,
    8.28502055660215,
    8.969762125017875,
    8.783994794882743,
    23.107643088242263,
    22.792887661242386,
    12.564327797663095,
    185.92220964017747,
    125.06151285838418,
    147.619037844542,
    213.4060599725785,
    9.379107667738644,
    11.776807121052716,
    580.3690567882057,
    630.5101253129671,
    213.96592141432663,
    167.62044335608002,
    131.0412195556067,
    139.89181637323685,
    6.458411815633708,
    22.984768335716808,
    37.433563548716116,
    17.929952564687895,
    15.47565641514657,
    18.44296230361556,
    21.868042661664774,
    6.237969984025251,
    17.395696501430884,
    10.417238304854488,
    5.403735145475688,
    10.299411621338873,
    22.85644066854149,
    10.781071608344154,
    13.569533153123494,
    22.695776619063842,
    6.882097469020279,
    16.305418539781982,
    7.52048853573076,
    15.343178499843864,
    12.116825303028543,
    8.106201341668969,
    8.941277931407392,
    15.782793622236081,
    22.7112538381962,
    28.296195685244896,
    199.17770677017478,
    227.23294111252972,
    15.970837571808003,
    193.74796442199332,
    221.67709378362136,
    218.29373019932407,
    215.21978244911563,
    242.27112298642402,
    196.31751759462904,
    162.71676602263594,
    176.72015180798806,
    256.07320889976404,
    191.4376870121095,
    165.3790995305076,
    149.93099084665633,
    165.58974510542032
  ],