{
  "assortativity": -0.28273228882279305,
  "betweenness_centrality": [
    99.3980033179917,
    107.1814591178856,
    6801.877774210123,
    6495.275249421682,
    1429.0300520410347,
    1588.2473685114198,
    39.68148024742723,
    22.13405314387681,
    1.7807077482423377,
    5.328854063212589,
    80.24088159151812,
    37.344781249012925,
    179.52634955689254,
    215.73875381142224,
    69.5971276688455,
    54.06535539919724,
    22.683853158178295,
    34.1093962679522,
    80.62969322810983,
    65.80686298166322,
    61.275357893889655,
    66.05292541624056,
    10.014882127141048,
    30.11673588808027,
    14.178438765742069,
    12.907540382471376,
    18.257932940596017,
    21.939431730230673,
    17.998673043801865,
    12.047280160123679,
    9.201473912416771,
    21.703266549733907,
    35.418507402154184,
    38.56118657739988,
    29.01454168332664,
    14.843844356295675,
    10.603665585177168,
    10.1585625130656,
    12.681616264419358,
    44.108326479564646,
    74.7016722338701,
    28.230695156245247,
    14.781453250195588,
    58.31715205737192,
    83.1774948115529,
    27.697917120310485,
    37.382662485974535,
    2.114781800926484,
    1.7511458107424276,
    70.98022485167289,
    27.15057208254212,
    99.76724852739831,
    37.88965140153993,
    1501.9175354359745,
    1241.157019526986,
    697.5494306351782,
    787.2483190256077,
    247.53974364324773,
    330.9237862486658,
    460.627626485607,
    432.9161911743142,
    29.571475389713022,
    40.625520319584695,
    41.63745081616003,
    63.34838420616972,
    58.96936433872504,
    158.12685902446847,
    118.80154075024049,
    109.2577382287481,
    47.00501101448137,
    118.47153254451709,
    86.69373442714411,
    3.138538175952364,
    6.501415521379647,
    30.883609333275324,
    37.921261871777546,
    20.764115767744624,
    26.671635591544018,
    7.555031122791857,
    8.717992845306128,
    44.091155839667366,
    24.914863949374354,
    7.687112537392883,
    4.605971594037013,
    5966.691177311189,
    5897.216155922392,
    6104.514683088583,
    5455.260606201582,
    39.715974956205,
    51.835229668671545,
    38.825316434202314,
    31.10640592839888,
    40.773347104989284,
    21.56123411718695,
    13.370854183238142,
    24.659172831667437,
    35.40736429718503,
    68.87663163161892,
    46.226431645847285,
    93.150433107069,
    29.588630244430743,
    15.901933697161336,
    15.565282724994216,
    14.383570737903115,
    127.84428212742463,
    127.28522539161621,
    74.12762082831756,
    45.118180982870484,
    19.174310541485276,
    30.17008716287247,
    551.3203067738069,
    16.96568372250838,
    149.07000015666185,
    14.354791899913184,
    24.739228299158494,
    1588.213128074596,
    2194.6353937112754,
    70.09115758602731,
    62.76891957895929,
    28.441760692180978,
    30.640285890900877,
    26.439047430587856,
    15.192485171632647,
    3.8986904247761682,
    15.809859623261826,
    19.67945998040784,
    6.5361780166826025,
    19.444277566107335,
    20.629874197397164,
    35.242502451194426,
    15.62332839847234,
    18.383715857558016,
    22.089783051406375,
    36.42381461603369,
    32.53956258034416,
    38.34985348861144,
    33.842195264883664,
    3.6931554942636984,
    12.063767083646903,
    32.10013631660413,
    14.418440640508763,
    14.777207468368145,
    17.321801065685005,
    23.156588174574182,
    27.08836359622857,
    37.79218642277395,
    44.43435263313957,
    22.41930032087615,
    18.242407541928692,
    1209.7836030944723,
    1536.6560874847355,
    52.169141975449584,
    60.46865024534407,
    25.4460501421887,
    11.086582638329752,
    12.09248441280354,
    18.742190055018096,
    17.606530584525235,
    0.05128205128205128,
    5315.347791587442,
    5614.800883712395,
    49.02027934825939,
    21.142651563638932,
    58.53066226582159,
    13.472172991798622,
    19.547434490037038,
    10.352101283889567,
    6.42947446965218,
    21.268476158394787,
    8.494180612810746,
    2.6391653539796933,
    13.715882834616842,
    326.33366193404856,
    383.7010932983778,
    17.403267808980857,
    21.950582587316585,
    2.3510115910930507,
    42.46871175750762,
    68.83256160097042,
    32.09915668910732,
    91.74220725329985,
    86.31016680031081,
    171.4903658650355,
    66.41474291137058,
    233.97890439530738,
    2.5649659004038465,
    2.5774891774891775,
    249.87095845907547,
    343.21992327444985,
    310.4367418510474,
    270.65416215891895,
    329.93951094258205,
    416.6264173777942,
    143.03051273306028,
    37.21169551927785,
    67.343793533842,
    111.25055892024776,
    76.64090290845199,
    120.04438907889256,
    3399.312913614337,
    3259.485899742354,
    24.41843151636833,
    38.171798099782954,
    26.483155118139596,
    163.93836969071134,
    12.51496738393433,
    10.944415165147642,
    57.36138044045942,
    81.73337637527753,
    59.24170209834112,
    88.27421474193288,
    79.28690026035855,
    118.18381948709737,
    28.498070777239267,
    32.75557372773762,
    49.7602525061566,
    108.43015179670772,
    26.828648876288284,
    39.04556191177772,
    68.32529752983676,
    70.3006207885584,
    10.113516322976569,
    14.134192555081624,
    13.533229323961143,
    28.39169184476458,
    7.776550683292179,
    7.108841389768742,
    19.94900362905817,
    7.102825856197372,
    1.578941729809428,
    6.794675511656099,
    10.623999692757387,
    17.455499583661272,
    13.979066066717449,
    7.366561693783435,
    18.555837222724602,
    9.24231812885779,
    10.426068940132225,
    24.104450381995612,
    67.01757971064306,
    15.20599587197531,
    50.25184119868809,
    9.336793065085926,
    3.157469411008431,
    10.073387795030376,
    46.71464818746597,
    68.94213716282958,
    22.49878788673025,
    1.7409274935590724,
    6.556589928314677,
    5.940737361369988,
    0.42311912225705334,
    32.1397267314964,
    4.696755923482569,
    9.44706982064534,
    26.59119679722115,
    11.958597298995425,
    15.417106598991149,
    67.11595525660637,
    27.08474984546944,
    31.697672001387076,
    8.557090336157549,
    9.811325494423926,
    89.12890970523316,
    49.28798492172351,
    36.870277963591384,
    38.704670418747575,
    27.231047117641843,
    14.715167750906927,
    14.660791344414811,
    27.703814909444986,
    52.42972231463786,
    52.92964190033176,
    20.35036931394353,
    15.591768232089931,
    34.46110388246623,
    22.90100550097596,
    20.27155387465774,
    16.610925463481582,
    21.76844406390022,
    13.522056891674119,
    39.719820936466476,
    15.306575756622548,
    12.627593501886677,
    54.2138763553057,
    27.09509961763026,
    2.9506715506715504,
    4.303427139530105,
    0.0,
    127.46954187842613,
    38.699203462776865,
    50.35874729172966,
    45.33516764025632,
    56.344867905931466,
    137.2011984933716,
    94.43048810854681,
    100.13490120999077,
    111.3642249183307,
    89.95951422820262,
    79.53150176087273,
    6.149858543761402,
    44.63317642238385
  ],