{
  "assortativity": -0.27944338152824494,
  "betweenness_centrality": [
    78.65410936951952,
    63.289108046395306,
    7426.769327317726,
    6532.210071613796,
    1566.7730498680128,
    1536.8327970566486,
    47.16746361329817,
    30.92152607556823,
    1.3803378842482357,
    7.364615246529272,
    65.3507929463815,
    33.14526110051834,
    159.29908077883698,
    209.34120392578583,
    89.2960689645689,
    76.82389630320174,
    10.466048172817489,
    21.014873891025385,
    123.75422929427104,
    92.33529424349487,
    68.4447739549345,
    79.95827198067902,
    7.120171531505646,
    24.322776610929346,
    16.829135897777057,
    21.652195029692795,
    17.426178814316852,
    25.82601094013817,
    26.256071848207135,
    9.888388921469181,
    25.156766326763442,
    24.804781968333295,
    47.9645271212914,
    22.910402024951054,
    41.645899941960735,
    18.654644671507082,
    7.245302174125815,
    8.138808831675059,
    14.63131047121799,
    49.02709978943421,
    84.50211717252172,
    21.53451740231143,
    15.939185164320063,
    80.979107276338,
    61.67787994535915,
    26.99034917889717,
    39.63056684919139,
    2.8497113997113996,
    1.808089147574801,
    81.95274352937636,
    47.76355946322378,
    29.96788356229673,
    39.517657725303536,
    1307.8016171250167,
    1069.5104730927203,
    649.5858168979449,
    848.9863488906326,
    183.88729439239424,
    466.57474910872475,
    325.2729653627758,
    398.40692285578416,
    40.40463028028303,
    30.532977342694256,
    44.06772258258579,
    46.100070847823815,
    49.66586768293867,
    77.10769987702194,
    116.76150913565141,
    121.30092173984991,
    32.49873604151522,
    134.8531482063123,
    48.94252658575423,
    2.5864171160363183,
    17.19946559865976,
    31.691176976822476,
    47.09338431357427,
    25.640848712481137,
    7.790120921042497,
    25.463025871950364,
    12.57808711569976,
    36.50842896258104,
    43.878411686456715,
    3.0078410045529917,
    5.393121380430129,
    6471.087920062701,
    6068.395538689665,
    5054.589572254268,
    5743.4738486771475,
    25.87010824465646,
    71.80430213446853,
    12.699732940205498,
    36.19666944417277,
    28.24093551273604,
    24.650603215854492,
    0.5622337001893446,
    16.404380594833842,
    39.346414115614614,
    41.06873102249437,
    25.299659661867647,
    76.38634015514309,
    33.6134336148729,
    25.736939205006856,
    17.407808183064006,
    19.985654626288305,
    129.2366408756101,
    121.94815629871665,
    80.23371741578283,
    29.06493043641137,
    61.826207683274276,
    33.3812131745245,
    533.7273118409692,
    7.497183528062749,
    99.0088070799956,
    35.500962986186735,
    19.45600055595278,
    1476.5407047061997,
    2110.53714948155,
    50.903013457502354,
    43.876484909080354,
    10.889713484534312,
    31.430347038230824,
    27.9898686638723,
    12.281544839425356,
    4.293055813367199,
    18.564911185692456,
    14.408192940652475,
    7.847621775073775,
    15.218261947831015,
    33.2326464777444,
    9.11965229571384,
    5.420945931896373,
    7.362309178554907,
    26.133478835513117,
    38.1698838173258,
    32.990069691479476,
    25.341465659218233,
    24.15136637131257,
    15.555130708655849,
    11.674471654100607,
    28.152815275119327,
    10.57515541129944,
    27.835114465765923,
    14.070723741293591,
    31.40800555064003,
    9.084377074607264,
    41.22293947750491,
    45.68684694373378,
    17.749275824884684,
    31.253400598702356,
    1500.5538070149153,
    1568.5307283284121,
    63.53562316039092,
    58.23913961341588,
    10.824340959456059,
    17.885960054868754,
    28.574279332382606,
    23.870627633249956,
    26.037501030601284,
    0.018867924528301886,
    5403.016550452037,
    5424.883445137453,
    43.29136751569125,
    37.856675922963674,
    24.259892832384097,
    38.172764830276236,
    37.48612612942759,
    13.024675328220397,
    10.9389383296598,
    22.122835284770655,
    8.917796430704975,
    3.7143886327074145,
    30.877310254251913,
    398.067010009905,
    332.5508930499315,
    18.259782788257663,
    23.472640735757672,
    3.570591077620273,
    74.10819968836411,
    51.25215926988453,
    66.32520274899697,
    160.47810405651526,
    83.28715859930594,
    180.29429749026633,
    120.5634856006897,
    200.44148244357012,
    9.427711297665514,
    1.322100122100122,
    256.5421450748867,
    352.62717626407976,
    277.83992767061693,
    234.35893091760346,
    367.00291924039925,
    345.22391100610423,
    112.44477473665826,
    26.37216027163543,
    73.62574355703114,
    100.34691413273217,
    44.704941056479875,
    128.60578060206106,
    3431.3262399042096,
    3089.2358926610623,
    25.73857416859187,
    28.423329776370714,
    27.958523832448208,
    149.1868067973298,
    17.195217683879886,
    13.858665573592663,
    60.37896306595942,
    77.60208945001233,
    70.90170668360626,
    78.81083158461337,
    100.18176713802576,
    82.41449912619598,
    24.271039778098135,
    37.60153466483942,
    43.63894619801446,
    88.9038452942774,
    56.420459654583354,
    16.08104774618041,
    67.31518554910889,
    45.67105749333108,
    16.88456780378645,
    32.69480010117651,
    15.983853420711233,
    16.84066574249605,
    11.388338446660292,
    4.713880009538842,
    19.062860931177244,
    5.009783855180274,
    6.373011246797875,
    8.275423636332187,
    20.9336056472933,
    16.760225962748585,
    27.528776505913644,
    18.57297158107098,
    17.54102781716148,
    4.031121952818977,
    18.185266405138407,
    28.400692157042528,
    26.371360984807204,
    8.646403004272715,
    45.06001719205902,
    5.565845265845265,
    9.439706148361342,
    25.56318355962146,
    32.376129130776604,
    51.704888132660635,
    22.54269556916929,
    6.547754363080566,
    4.797746068289268,
    1.2018159780758941,
    1.236779560308972,
    22.384263504338687,
    12.943255621893048,
    10.266868958927635,
    27.140954745332454,
    23.98257802284955,
    22.6450565716575,
    28.6288937444091,
    14.16518495591405,
    15.577266102887458,
    11.207113834610253,
    29.674463099548323,
    86.94282410098687,
    38.42930677067704,
    42.47134417218013,
    30.789422239414172,
    26.206846219584065,
    23.324598795697277,
    21.912911871753447,
    32.455124268394,
    52.430652928939594,
    77.20918130910707,
    28.33283385797354,
    18.761409160843552,
    54.34792227366548,
    29.33315828203311,
    16.495489388989267,
    25.30688126829265,
    39.15747345864955,
    7.192755699622153,
    31.67879208406557,
    31.079579103679915,
    23.632900291214263,
    21.456648483572728,
    41.877385233077334,
    2.3528539961892285,
    5.714088907716878,
    0.0,
    150.1275034954951,
    57.83439619234215,
    66.43857057166844,
    34.29178646188144,
    41.6040445629341,
    112.59702103558084,
    128.944593443226,
    81.73021143777747,
    106.37653100315829,
    71.7405186774505,
    55.34693334504528,
    26.144480999081946,
    31.242644551554246
  ],