{
  "assortativity": -0.28104370826489655,
  "betweenness_centrality": [
    93.79612652241175,
    53.11649364481508,
    6203.707719762309,
    6171.951137676044,
    1486.0545282419296,
    1553.2984153515342,
    57.764287473739145,
    32.01564756854917,
    6.806480402439424,
    3.4727218945096534,
    49.384585898990274,
    51.51416093125881,
    137.9978772500672,
    249.26635207777733,
    52.30262932992041,
    33.2835763528788,
    16.34942872451768,
    42.21756803843067,
    88.48519950286067,
    69.4405922192667,
    82.8122547748421,
    66.10702708945232,
    5.6752185363061525,
    71.04206850550464,
    6.113079424916151,
    13.660523395484702,
    17.81598396553588,
    28.473146261129042,
    20.383451855822926,
    13.351308899570396,
    19.543532974190967,
    34.71985824672404,
    37.53067679419163,
    33.71697021374615,
    30.128378891202846,
    46.55629195370642,
    19.354463152422145,
    6.849920982226057,
    6.167400245533772,
    54.298280881267765,
    68.6627722186305,
    13.123392760931221,
    13.995183386120503,
    49.686975473120484,
    64.11990076401797,
    36.94796637707581,
    24.13646260341614,
    3.826851599468141,
    1.2662627043154426,
    51.70049753925995,
    42.46746898852447,
    37.19978737686639,
    61.10350160257835,
    1407.8027181668156,
    1540.0380738012757,
    791.9895829613927,
    843.6532570229166,
    185.80565698783064,
    406.77418243165016,
    395.24298275313714,
    373.3938871490213,
    28.841823699367808,
    35.41117938254427,
    53.11671536003836,
    49.15783883687576,
    19.080261137157443,
    144.75117071479724,
    195.70858591573278,
    142.01853737961096,
    62.268367792637434,
    111.60364975196198,
    79.15917064979124,
    7.7643560801198195,
    19.242523287010297,
    14.224993503120121,
    36.23035623812567,
    6.109744192610319,
    20.28905642636268,
    20.25908605309957,
    22.446631682785792,
    47.09754976114709,
    61.313481613447166,
    12.125508108939085,
    7.651245272204353,
    6196.412359050237,
    6336.230320822916,
    5569.813556139877,
    6036.328098723668,
    51.081741468712785,
    46.21443618780933,
    38.113879998845164,
    14.123031861042332,
    47.33509667566088,
    12.539735252500495,
    7.181486475496901,
    30.812685147659646,
    51.78897777026403,
    54.83009471133799,
    33.730047510012156,
    67.63203869659486,
    55.86677193907769,
    35.15231571722199,
    8.739470746995144,
    18.97154808428308,
    118.209469616983,
    138.70797381800404,
    50.44404940564044,
    44.52741472329568,
    27.608791664615413,
    48.88499957853288,
    475.064435925595,
    6.159134116723067,
    93.86223267775868,
    19.333858447021065,
    19.05616299524599,
    1663.834809669409,
    2068.0522672655957,
    66.66681939598983,
    77.24279923547887,
    21.820921285235315,
    43.82970298719108,
    26.455483217882865,
    12.947371791743226,
    12.35985552778396,
    12.274847209241694,
    8.254048712796827,
    19.85927368546218,
    5.268618441937863,
    27.535465437494473,
    19.602077820111628,
    11.83679319499554,
    33.679716976913895,
    22.723806923351606,
    49.0323921054392,
    23.979508065274867,
    35.362659059594634,
    30.12424062130162,
    33.940915023373144,
    12.598036389174833,
    19.713385214547706,
    11.09391663832004,
    15.057474982884125,
    14.651562151369594,
    19.28166444384983,
    19.11060265805229,
    44.79009958627479,
    27.696864438334256,
    16.005817981511914,
    18.463893989742093,
    1534.7302753589217,
    1391.8616845629124,
    61.233057140184876,
    74.23095812525409,
    11.787801883645262,
    33.40965643567498,
    18.057247389551588,
    18.505373585299907,
    18.317918163138376,
    0.18181818181818182,
    5551.671133952629,
    5601.185771266108,
    60.50358284497118,
    38.90498523139209,
    22.89723701758086,
    42.8853136039361,
    17.351741699967373,
    20.432322414474022,
    13.18306172631683,
    27.496860441082124,
    12.561160025236347,
    2.1916204267738797,
    15.654822134216968,
    381.425246333774,
    537.0341247128671,
    26.370662967425915,
    17.744568105598095,
    6.500053562170862,
    52.699835362595984,
    52.3650748528798,
    57.60014378219372,
    138.72888529975023,
    88.24236566232173,
    137.96835412524328,
    69.81350378399434,
    220.0457638729927,
    6.038071803647955,
    1.5156305893819844,
    197.29199064199528,
    291.5037269010706,
    310.16372123251807,
    287.1559706537144,
    294.9732801874857,
    419.2671071564716,
    94.72235914787824,
    62.94595414046547,
    56.39963857089317,
    111.54531685133654,
    35.283857368021685,
    69.79200415128723,
    3218.9940514008076,
    3351.15291821545,
    40.52949994888818,
    25.513715503520697,
    57.82678906077841,
    162.9452400201121,
    4.802713715727536,
    47.17330380458784,
    59.55436831124368,
    62.16732251162044,
    64.41269042858023,
    86.24043076181339,
    92.98414878402626,
    86.2283070497745,
    26.83833402366028,
    17.494090879473596,
    65.2384866434754,
    84.38315603833634,
    20.593434111676068,
    24.965081334286754,
    60.864269420295656,
    53.848300075116796,
    17.603520178331724,
    9.56790308974513,
    8.93551636468313,
    15.599288846757473,
    8.471911805918866,
    6.216935473748749,
    12.352739112807784,
    19.47167547290966,
    2.5623409896960476,
    14.806824254944368,
    13.266425260576348,
    15.715274081845825,
    12.030779114150468,
    24.227423797381025,
    11.585163752004453,
    8.488748197538285,
    12.320774475640384,
    21.858774283544143,
    17.71750013942054,
    22.78631828683177,
    27.346631596394563,
    1.6867876581006727,
    2.893175375779022,
    29.192859121025702,
    62.40315514126883,
    28.66451848872599,
    37.52907148312128,
    2.6470132744804586,
    6.321411338979375,
    2.3485437074821074,
    3.1372378000760297,
    13.371737918287806,
    13.526513447106343,
    4.477400429416483,
    41.12531681879193,
    14.737678177478342,
    21.297766713432484,
    18.554443305697948,
    32.24377406479886,
    24.602048697822475,
    5.9037614878986355,
    31.827454516856093,
    80.93145704213312,
    32.377958634548776,
    44.80806061264438,
    26.315535625800997,
    17.81985381961752,
    11.673358112674025,
    24.720072628100063,
    26.958695677244613,
    50.13783673345981,
    87.37655488770848,
    25.633250440750242,
    12.396864403205296,
    40.40018703160537,
    11.942952070367214,
    17.640813216850017,
    5.478861121240094,
    7.987345425444213,
    16.79821851793196,
    25.307687726702962,
    38.01557042518431,
    27.32771455462049,
    23.012649136137465,
    53.69094521388836,
    3.9043166924263475,
    3.8686662971963215,
    0.0,
    102.8772801767017,
    40.01704762220088,
    31.151889188571094,
    40.351005910060636,
    76.37308209079299,
    112.43976499991855,
    62.27277265796001,
    71.15939624865766,
    112.42569467724624,
    74.01931619442531,
    35.833927700767426,
    28.83324112792445,
    29.934258848319466
  ],