{
  "assortativity": -0.2731305146409251,
  "betweenness_centrality": [
    102.47832166005112,
    63.92657448318066,
    6198.04474214863,
    6357.272555683987,
    1360.086711749646,
    1621.1662644636754,
    53.90577652559362,
    21.42844789529823,
    7.335240400582132,
    7.412097848504969,
    70.80628924017047,
    68.75159851448326,
    171.8641419036139,
    196.59982928356732,
    69.32359951794265,
    43.590460488603945,
    13.905701386649042,
    39.78697118478322,
    126.42315693203041,
    79.78143505898879,
    90.39621803308385,
    69.69166102027857,
    2.752382528092619,
    25.281488316798885,
    9.954657292418808,
    23.798776107688997,
    28.61465997559445,
    34.23910024533702,
    24.551730775959665,
    17.412436207015958,
    19.104600881379547,
    27.107573711284164,
    24.268215700139642,
    28.318897238823986,
    46.8572232557686,
    17.336188346102194,
    9.291102788156827,
    5.943102994488343,
    6.1680204921108155,
    60.08488705638559,
    64.61145118446413,
    21.050860016594328,
    35.93718782011681,
    60.450856174975996,
    77.90220899921304,
    45.94069159380843,
    56.4260520252288,
    1.3548265460030164,
    1.0501954608776196,
    40.64609989120113,
    27.558477858783185,
    32.934863229826135,
    27.923838356317813,
    1361.3795767980357,
    1249.5830242977959,
    829.5589519544112,
    988.1957339695166,
    259.08955589053755,
    389.2294515346398,
    375.0662209229623,
    305.5180351018776,
    26.128811712725717,
    19.148928575929826,
    57.88720196907691,
    49.48873521355296,
    52.91027367697049,
    113.85357952146364,
    152.61051120875328,
    122.24006840419587,
    40.58855348183005,
    88.71495848045979,
    139.54471313747828,
    10.023681847229902,
    10.485754247016907,
    29.943848733213468,
    26.526734222621716,
    14.941344004634178,
    17.41910178364994,
    15.458020123322516,
    11.58502178491973,
    48.80599616817346,
    44.26294050228974,
    1.7337802645448357,
    3.4743893269813593,
    6182.535565905837,
    6086.99003820296,
    5900.5066354029905,
    5402.902387671435,
    27.50519786918288,
    54.370413484925685,
    39.114326050630424,
    44.16340992614731,
    37.23170115414262,
    16.150497593870117,
    7.098702146496531,
    32.32100278690346,
    56.086510053797305,
    48.23100049549528,
    67.01692731932577,
    77.49289319374175,
    37.51581854961389,
    16.66000064801994,
    12.217339969031462,
    11.345228671272052,
    123.8136020932107,
    137.60739612353416,
    68.25642440166702,
    47.98491220220478,
    38.10247901655235,
    39.14286325141754,
    580.0664205505066,
    5.860713143066084,
    86.43684397591156,
    28.33759365242028,
    31.0957602555969,
    1830.7066832341295,
    1934.4622811240029,
    39.774553019066914,
    75.7699139351264,
    43.59705828050646,
    54.98499914841748,
    33.453950886067815,
    11.722717592169289,
    9.58066977575194,
    16.522243115733044,
    23.30926065049525,
    17.65713820018281,
    10.683047511039197,
    26.6975807351187,
    13.814950015899338,
    13.994952853319829,
    28.892083856693574,
    11.00517001067256,
    14.096096172319871,
    27.935680826338558,
    30.536552459260445,
    37.68657950553599,
    20.324878467503606,
    8.68504260164821,
    26.035786665964277,
    10.056791627783786,
    20.410090751028335,
    19.024962531648068,
    96.60522281207284,
    19.907560958827624,
    39.32321863994465,
    29.598347705837348,
    115.38105124884737,
    27.478652132116252,
    1340.9703108424621,
    1545.6858177989204,
    46.00399302336051,
    69.14860568947408,
    10.780439390547897,
    26.89992433640859,
    27.710852529370477,
    13.428136170194591,
    16.429009535184903,
    0.4,
    6157.094756011789,
    6018.5797689845085,
    44.813801437964145,
    15.05348519297602,
    20.878208442334483,
    57.47096154077253,
    37.56629272786248,
    18.45836489706471,
    14.049961506587186,
    30.08387333853182,
    1.0447459165154265,
    11.047523935333418,
    15.045213031079156,
    370.1659776218857,
    426.4893968073071,
    32.09903423368901,
    17.850359331934087,
    4.0859687327856795,
    70.90953398921535,
    68.32251729023189,
    54.284885786483656,
    91.36106331863812,
    68.4323773722654,
    193.19074289342404,
    111.26173011421659,
    182.35116722520002,
    7.290354614469949,
    0.17944915254237287,
    233.62527106470645,
    279.996652847067,
    263.7659502042273,
    237.7345508471969,
    409.1571368752131,
    388.12277249384573,
    98.04066546173422,
    61.99659124000205,
    76.2479731413265,
    93.73441211753276,
    88.98889727450609,
    161.14459609842743,
    2870.4022720825506,
    2878.0421595751754,
    50.620447250303464,
    33.97425699639277,
    59.399667998828946,
    151.58759898694004,
    12.302822951043396,
    15.615187869823508,
    99.91420714876617,
    71.47440411955705,
    49.18887145927119,
    92.65478499055789,
    93.94291329257696,
    146.79875350382758,
    40.94850074790065,
    33.106570703028396,
    50.68900212238034,
    46.97844963042213,
    29.135018650617745,
    31.83074216666329,
    47.728648739976244,
    37.38635161119457,
    17.58064477535483,
    14.28809001807478,
    9.88582771861113,
    23.655516802698497,
    11.669076201762827,
    2.8250659750734477,
    11.668567244998302,
    16.89025876447071,
    10.350566078907708,
    12.980447646519188,
    41.18154429791252,
    35.322700505360814,
    21.64783070560289,
    38.727684139547854,
    43.73681022749331,
    17.106401455534954,
    12.322720234079169,
    28.561965342123063,
    32.44266745256167,
    9.112995470873651,
    20.956699238604752,
    4.1574750082092695,
    9.773547320326665,
    16.027317193800663,
    78.1341353896468,
    39.850065690617186,
    24.872968417622698,
    0.0,
    4.9566071182702665,
    1.263266679419637,
    1.2009157509157506,
    17.630220285423196,
    18.9862818343596,
    10.424739863381577,
    17.19486144752118,
    19.431741615675612,
    17.17000074746775,
    27.11199277765462,
    28.95405690398174,
    20.7456844618333,
    12.687335750215096,
    17.241694480060062,
    84.10246686128359,
    30.966332555947584,
    45.92916856423074,
    32.32389581506511,
    33.08056363967395,
    15.17062244760758,
    15.443479772390079,
    27.128746938732274,
    76.4060420493027,
    75.76370050078665,
    18.98010416097659,
    21.02121719150865,
    67.11438037535957,
    21.094448374825408,
    24.156657878678004,
    24.390152582977525,
    21.119377730099778,
    5.386352559279221,
    29.727974303343352,
    30.941329947023505,
    24.355127657595826,
    34.92985593645029,
    44.43416678554752,
    0.0,
    3.7732705770788915,
    0.0,
    107.24879642893654,
    35.651775765764015,
    19.388229574495078,
    11.801271382398838,
    63.034094969366954,
    76.21805506002593,
    52.45060982675597,
    71.46703726239669,
    122.70421362812137,
    82.08151269234422,
    54.429511456320824,
    22.894180978292045,
    28.842257541227998
  ],