{
  "assortativity": -0.29426476785034206,
  "betweenness_centrality": [
    315.6999554168172,
    160.44334469225393,
    5442.854255007611,
    4877.871636541369,
    2053.0235721916865,
    2625.7989652140586,
    134.5643847120217,
    61.18575741054677,
    15.784949991802232,
    20.856297205948866,
    139.79978136227928,
    77.89801616168933,
    405.0127466063293,
    506.1974130718516,
    165.8335100066084,
    145.86665561520553,
    49.99531134828832,
    126.08009935010341,
    123.61867835326132,
    58.90785787714378,
    197.74779851422701,
    118.0298917456208,
    4.001930579303371,
    48.380350169518266,
    4.81133982276269,
    37.87173669206856,
    71.37675930918068,
    68.80580331242138,
    18.541120596296185,
    7.495609522136221,
    132.8938568206258,
    7.925013659556927,
    13.049086574174765,
    10.282950769486591,
    18.61385321971796,
    8.322573044745209,
    2.4827727070745658,
    0.5105389762284335,
    39.0224571118561,
    233.81394481102495,
    244.57093060002327,
    105.52140067824634,
    73.08255816087896,
    101.69899631998388,
    91.24161931071285,
    72.5713392477124,
    71.78113402653081,
    2.415409366281822,
    3.199059625346714,
    111.72754102429595,
    122.59778707241794,
    90.3190389508077,
    107.74254390675226,
    2133.1486975664548,
    2076.588533329352,
    1673.7708928656302,
    1346.0448309101494,
    298.16096469525405,
    613.9759512979781,
    733.0604275632867,
    725.8877736711172,
    121.68413856708167,
    207.42846991700029,
    70.12773598381585,
    133.98462497341228,
    238.4714290645305,
    265.4381532499539,
    239.2720246237509,
    273.752954836757,
    143.7360921573854,
    417.79972311333813,
    86.64420961101563,
    16.680547797203825,
    62.34541135813306,
    84.63527118321663,
    55.242754836636365,
    16.050678997940484,
    12.581541152670933,
    23.946383516802133,
    33.23233497705984,
    103.1422088543268,
    95.73031368574397,
    0.01680672268907563,
    0.01680672268907563,
    4969.8635456730635,
    5316.67071757553,
    4524.000596228799,
    4772.329789720867,
    42.05518926066942,
    40.77820088536822,
    21.492303441554938,
    17.373832074401815,
    21.153681442216918,
    5.2248462242190366,
    0.5105389762284335,
    65.31329865191056,
    26.624076934263655,
    27.010025256223287,
    16.15022697937068,
    33.7017624248114,
    33.66336984365381,
    3.632081025460313,
    3.632081025460313,
    5.065022285296035,
    173.77365236216505,
    144.55888603217977,
    120.11201036566442,
    39.67554611288733,
    15.461418621246452,
    98.8600007721027,
    1091.4013302937085,
    16.865786048105228,
    320.11954384013706,
    26.99189756004201,
    9.691586977272504,
    2780.215282100648,
    3545.676146286715,
    215.9137528250993,
    215.9137528250993,
    68.93760292846943,
    68.93760292846943,
    9.877746602205555,
    8.99213076634948,
    4.2951559076548405,
    2.9337519656593987,
    57.229284202809815,
    34.07155554049746,
    29.737848461296174,
    84.00169320526467,
    31.52025721588429,
    37.04224378303877,
    43.49556738408544,
    54.08373639062916,
    77.69120093873249,
    69.35200718363113,
    73.86006028441808,
    65.86637380788822,
    51.17761197767369,
    36.89005188713998,
    18.26594857686743,
    7.610863662450272,
    8.682192333778946,
    14.317974359942605,
    14.317974359942605,
    6.351517623639652,
    139.34504037100047,
    40.978451635572085,
    36.56090855596316,
    192.69104206335194,
    1823.7368578616488,
    1823.7368578616488,
    101.5116192250736,
    247.27176046405123,
    47.155009295000944,
    58.16118163807926,
    51.809852477513495,
    53.446256374002736,
    72.93380956056637,
    0.2,
    3566.897208593937,
    3805.6717691421127,
    40.67103060206302,
    46.29646946535836,
    27.528767939365196,
    32.36591545429551,
    63.643807569517506,
    32.60636377938532,
    16.124541425793826,
    33.71431984419681,
    42.799359557161765,
    39.88467903327476,
    58.22436080100324,
    485.0922310124644,
    653.9254839424932,
    8.150139256990427,
    3.428109136639022,
    1.9356615198561467,
    96.63585854885737,
    153.18223065840328,
    125.07237115261218,
    173.7434214482323,
    144.71887533228357,
    373.48706997464257,
    309.5034643033551,
    577.3303373849162,
    16.369086393077726,
    5.66138111659514,
    467.37607818491114,
    516.3725546953483,
    576.9942196628701,
    406.07151369084295,
    609.6685630977339,
    694.7875037567227,
    384.5475310278309,
    45.34500058406992,
    87.76939566299397,
    296.36247697999727,
    170.7423602788132,
    248.88568547645366,
    4440.131308245023,
    4655.5359560671,
    112.9318628052039,
    117.33552670030603,
    139.9880545043779,
    223.85781469162254,
    22.09756253420492,
    40.93316098535207,
    109.92951748492051,
    133.31178354669882,
    128.307940773521,
    144.75155679161423,
    165.39365020711367,
    220.5940518427134,
    113.74845295184603,
    136.21972370843739,
    197.4737176376844,
    323.97383154527597,
    75.37135750277871,
    21.87416683648172,
    213.73678166212468,
    133.97741141459926,
    33.37981109228418,
    43.16785515979337,
    55.23689792507849,
    60.36431793852141,
    27.789892823340164,
    29.44287576378243,
    22.76288949279678,
    11.114656734141962,
    8.213588651759045,
    18.774228614739467,
    59.57313516040923,
    1.8429647831129907,
    0.39561602149837444,
    18.288491021661414,
    34.33920518880575,
    2.294989796713519,
    14.669392574031884,
    45.26374782983462,
    26.079508540887797,
    52.213272772785764,
    53.814335780343754,
    32.92759851230856,
    31.972353110517822,
    32.35322298114023,
    61.4522915271632,
    45.54183299402898,
    26.867581989442172,
    7.166479451719244,
    14.248532685276794,
    4.530550785065994,
    6.498171218609376,
    64.05516292821136,
    42.1510540464356,
    33.81815932101737,
    75.77290300157176,
    39.57115145405419,
    49.66611615337389,
    45.00862309792128,
    54.01386223627869,
    4.537232488235616,
    1.7540060917238378,
    29.535500076057016,
    218.67709611479395,
    20.639919211955732,
    20.498901697088712,
    26.483248452923487,
    13.003750944004112,
    7.691021999541374,
    10.242084404558769,
    15.63027142429688,
    88.71744099755405,
    178.41449485736112,
    22.797296422926504,
    9.307042017839693,
    55.44927865338332,
    4.9427033821838675,
    10.720165101175773,
    6.482831919372495,
    16.159844951681695,
    5.01248535637316,
    15.0606787567366,
    57.15226283921499,
    36.135267773831096,
    34.200621913399786,
    103.31962483304217,
    12.430504585295353,
    43.081491362197404,
    0.0,
    196.75272847198065,
    20.575606261546376,
    20.4274746471192,
    26.47302667789698,
    245.98599152940417,
    125.39088288612432,
    121.51598704134953,
    104.47118208205607,
    120.68285495008882,
    128.7178403095155,
    40.7197261717202,
    4.1708400234859235,
    7.444078430429678
  ],