{
  "assortativity": 0.012563339620372578,
  "betweenness_centrality": 439.3973509933775,
  "degree_distribution": [
    [
      0.0,
      2
    ],
    [
      3.0,
      1
    ],
    [
      4.0,
      1
    ],
    [
      5.0,
      2
    ],
    [
      6.0,
      3
    ],
    [
      7.0,
      5
    ],
    [
      8.0,
      6
    ],
    [
      9.0,
      5
    ],
    [
      10.0,
      8
    ],
    [
      11.0,
      11
    ],
    [
      12.0,
      12
    ],
    [
      13.0,
      14
    ],
    [
      14.0,
      17
    ],
    [
      15.0,
      14
    ],
    [
      16.0,
      19
    ],
    [
      17.0,
      12
    ],
    [
      18.0,
      7
    ],
    [
      19.0,
      13
    ],
    [
      20.0,
      15
    ],
    [
      21.0,
      6
    ],
    [
      22.0,
      15
    ],
    [
      23.0,
      8
    ],
    [
      24.0,
      8
    ],
    [
      25.0,
      4
    ],
    [
      26.0,
      9
    ],
    [
      27.0,
      6
    ],
    [
      28.0,
      7
    ],
    [
      29.0,
      1
    ],
    [
      30.0,
      4
    ],
    [
      31.0,
      4
    ],
    [
      32.0,
      6
    ],
    [
      33.0,
      3
    ],
    [
      34.0,
      8
    ],
    [
      35.0,
      3
    ],
    [
      36.0,
      4
    ],
    [
      37.0,
      1
    ],
    [
      38.0,
      4
    ],
    [
      39.0,
      6
    ],
    [
      40.0,
      2
    ],
    [
      41.0,
      1
    ],
    [
      42.0,
      1
    ],
    [
      43.0,
      1
    ],
    [
      44.0,
      2
    ],
    [
      45.0,
      3
    ],
    [
      46.0,
      2
    ],
    [
      47.0,
      3
    ],
    [
      48.0,
      1
    ],
    [
      49.0,
      1
    ],
    [
      57.0,
      1
    ],
    [
      61.0,
      1
    ],
    [
      63.0,
      2
    ],
    [
      64.0,
      1
    ],
    [
      65.0,
      1
    ],
    [
      71.0,
      1
    ],
    [
      76.0,
      1
    ],
    [
      83.0,
      1
    ],
    [
      98.0,
      1
    ],
    [
      99.0,
      1
    ]
  ],
  "density": 0.0764999669974258,
  "global_efficiency": 0.45383453242686256,
  "mean_clustering": 0.3735218636782265,
  "modularity": 0.39405274764859755,
  "path_length": 2.4710339770227328,
  "small_worldness": 2.309986659184872,
  "transitivity": 0.2839022640832775
}