{
  "assortativity": -0.23233619470699804,
  "betweenness_centrality": 301.39735099337753,
  "degree_distribution": [
    [
      4.0,
      1
    ],
    [
      7.0,
      2
    ],
    [
      8.0,
      2
    ],
    [
      10.0,
      4
    ],
    [
      11.0,
      2
    ],
    [
      12.0,
      4
    ],
    [
      13.0,
      4
    ],
    [
      14.0,
      4
    ],
    [
      15.0,
      5
    ],
    [
      16.0,
      12
    ],
    [
      17.0,
      9
    ],
    [
      18.0,
      9
    ],
    [
      19.0,
      6
    ],
    [
      20.0,
      13
    ],
    [
      21.0,
      11
    ],
    [
      22.0,
      21
    ],
    [
      23.0,
      13
    ],
    [
      24.0,
      11
    ],
    [
      25.0,
      13
    ],
    [
      26.0,
      9
    ],
    [
      27.0,
      8
    ],
    [
      28.0,
      11
    ],
    [
      29.0,
      9
    ],
    [
      30.0,
      8
    ],
    [
      31.0,
      12
    ],
    [
      32.0,
      6
    ],
    [
      33.0,
      5
    ],
    [
      34.0,
      6
    ],
    [
      35.0,
      6
    ],
    [
      36.0,
      6
    ],
    [
      37.0,
      1
    ],
    [
      38.0,
      4
    ],
    [
      39.0,
      5
    ],
    [
      40.0,
      3
    ],
    [
      41.0,
      2
    ],
    [
      42.0,
      3
    ],
    [
      43.0,
      2
    ],
    [
      44.0,
      2
    ],
    [
      45.0,
      6
    ],
    [
      46.0,
      1
    ],
    [
      47.0,
      1
    ],
    [
      48.0,
      2
    ],
    [
      50.0,
      1
    ],
    [
      51.0,
      2
    ],
    [
      52.0,
      1
    ],
    [
      53.0,
      1
    ],
    [
      54.0,
      2
    ],
    [
      55.0,
      1
    ],
    [
      57.0,
      1
    ],
    [
      59.0,
      1
    ],
    [
      61.0,
      1
    ],
    [
      63.0,
      2
    ],
    [
      64.0,
      1
    ],
    [
      65.0,
      2
    ],
    [
      67.0,
      1
    ],
    [
      76.0,
      1
    ],
    [
      83.0,
      1
    ],
    [
      84.0,
      1
    ],
    [
      98.0,
      1
    ],
    [
      99.0,
      2
    ],
    [
      100.0,
      1
    ],
    [
      108.0,
      1
    ],
    [
      109.0,
      1
    ],
    [
      112.0,
      1
    ],
    [
      119.0,
      1
    ],
    [
      126.0,
      1
    ],
    [
      127.0,
      1
    ],
    [
      164.0,
      2
    ],
    [
      175.0,
      1
    ],
    [
      176.0,
      3
    ],
    [
      177.0,
      1
    ],
    [
      181.0,
      1
    ]
  ],
  "density": 0.1157290268640954,
  "global_efficiency": 0.5379584607599392,
  "mean_clustering": 0.4809198894154809,
  "modularity": 0.2398333945495291,
  "path_length": 1.9946932152098593,
  "small_worldness": 1.3534034859040522,
  "transitivity": 0.27799791449426486
}