{
  "assortativity": -0.07803580920291675,
  "betweenness_centrality": [
    447.4394158843923,
    469.1859709913788,
    589.2617557562024,
    915.2059002773135,
    194.5710310114692,
    383.7031402668896,
    237.37905364015268,
    161.565385438153,
    21.726488267323614,
    102.68802888637362,
    710.7219096152912,
    952.1994956214724,
    807.8518841825127,
    727.2190088160114,
    153.39592306425035,
    193.94441510017265,
    161.88502693232198,
    247.00242711816728,
    224.4993308559474,
    412.0411337355553,
    586.8483509176591,
    917.6960659337755,
    35.390578758359425,
    93.02842279900027,
    66.4266665710049,
    83.32021531982777,
    52.51322107202629,
    646.2748946358755,
    96.27589882102279,
    54.21168788232031,
    38.37917193110209,
    117.0476576718556,
    153.63184618548496,
    109.56061124215556,
    141.41029808321596,
    121.37658865572084,
    178.29326827098814,
    31.122690913019937,
    17.275246824464514,
    471.6833537285955,
    505.7024046163958,
    139.49450546021487,
    86.87657523696572,
    933.8707768673546,
    464.4479027338764,
    52.75218400116859,
    51.931388438262445,
    30.27314233386562,
    19.756829972348807,
    285.8537104615448,
    325.0393586177582,
    287.40682851791667,
    308.75042316052424,
    11800.175650356901,
    11170.887141250776,
    4889.631401130234,
    4819.421160406265,
    2035.9361946223826,
    1413.1137418022206,
    1080.5057881951623,
    1877.6305121937955,
    813.5816534807219,
    1145.59194760587,
    514.5749047003034,
    787.8947626065374,
    531.54884308004,
    1239.3151977657144,
    1073.098450131059,
    1285.037255974315,
    1304.449366855051,
    797.3626356334537,
    85.32685716045364,
    208.12392705717926,
    263.2004021652335,
    337.55059551652306,
    230.70352128272344,
    204.6056595990086,
    52.28203401354605,
    209.73899872606611,
    358.74867314580587,
    103.3042328872333,
    232.51832007673522,
    0.0,
    0.0,
    447.0630461878752,
    357.09800271270115,
    276.4722737438536,
    285.90625625315243,
    537.2022299489402,
    771.3142076784397,
    406.6643152225076,
    186.16946273903704,
    470.16616518249054,
    194.10235866174878,
    6.864832488632795,
    109.17458284156659,
    203.72413113190999,
    248.2067467681363,
    322.4125475075367,
    751.6420720927952,
    493.74280952006353,
    41.61107748434452,
    43.71801132393026,
    51.38057807294711,
    177.969341796686,
    274.8487310450912,
    43.4775087148094,
    340.0128655267593,
    47.11982504416855,
    0.0,
    2103.922797437954,
    79.85616454945514,
    1345.632404615665,
    380.08221936619435,
    254.40671851733643,
    573.2227898229348,
    937.7232931246012,
    426.3425828562577,
    374.4831298958748,
    62.46206379407518,
    84.86259518827576,
    223.064219931787,
    136.26676683318314,
    260.46809772792517,
    124.77041497476091,
    429.5437348605108,
    170.05076270685186,
    275.8006092829987,
    201.00687330256346,
    260.4077847012712,
    285.1818342939694,
    0.0,
    0.0,
    102.90958175628583,
    286.35687064866295,
    26.471697822645908,
    41.12871804470286,
    379.52090606598676,
    196.84588110176443,
    711.1802645744984,
    371.34696924769696,
    287.2990464679539,
    150.7453120197499,
    302.96148246134527,
    193.7163178765541,
    155.73305151396082,
    212.92940201481812,
    161.94341314193534,
    539.632533642485,
    86.93324780536486,
    104.04956926065975,
    227.00552045684367,
    768.5816559901617,
    333.4238518909148,
    304.5034225980377,
    362.7493866531258,
    219.3684601404666,
    46.96768652443357,
    37.483777478482544,
    145.51687024510628,
    181.01773588732638,
    19.848407338736884,
    50.479588834941495,
    198.48384387617986,
    193.97548530169288,
    189.46333366755618,
    142.59967370397328,
    21.869258171865447,
    212.36351067779796,
    11.161313424552526,
    0.0,
    136.4813764793532,
    2248.9732421093136,
    2636.2617950391964,
    0.0,
    0.0,
    203.9934806065424,
    988.7143773296111,
    424.8817613568858,
    873.5769690746695,
    426.9208720693219,
    365.9954509199295,
    996.0770558007705,
    1270.8434815082726,
    853.2320195825789,
    44.16174338408443,
    11.689214699064365,
    870.2333575430803,
    570.4839713797337,
    1845.6409658129867,
    1805.8528577125564,
    522.8481142139128,
    338.8118143497893,
    529.4900220210283,
    186.80469418161627,
    457.28658362600555,
    1428.2353621829905,
    1910.7477743508805,
    1569.2086479556367,
    692.9981884612514,
    723.4731341592545,
    171.20580653328798,
    272.5270779211473,
    541.2410731709718,
    1414.3290526345604,
    435.818739575793,
    607.0025761588446,
    229.29843215392142,
    385.7355186639028,
    448.00432579765,
    567.2044204947737,
    292.02510198241845,
    790.8612656446747,
    168.08730743473677,
    53.49654189615428,
    23.999725691280748,
    386.58806652179186,
    254.06929263358788,
    88.67614424594399,
    1208.680343735488,
    536.9735014871414,
    34.64015913998562,
    156.5291902837783,
    216.3517126152744,
    317.6535354449076,
    141.01271642801504,
    109.39763694142837,
    95.60320428021933,
    55.26419652617555,
    103.26208253546815,
    36.31607223169744,
    267.06003616322005,
    15.516940795952923,
    7.769955117346422,
    22.981180625591914,
    25.31262485064714,
    0.0,
    40.591566230728056,
    119.9587757497413,
    51.45780483708754,
    143.88595528401402,
    396.29487704672306,
    96.90267984362313,
    149.32210602949039,
    453.14255201359146,
    380.00641834812734,
    388.24068767170087,
    407.1112317749344,
    46.04627478616306,
    104.21985850126916,
    20.04085003569467,
    36.605535778858254,
    205.1787319646486,
    393.2702097649368,
    97.49212448364104,
    537.4187945522325,
    45.413334210841384,
    110.59397321732195,
    114.77031778512264,
    168.67222539572072,
    92.45980267249016,
    9.004111087545429,
    142.76586761203276,
    817.5737820702484,
    607.6956209911467,
    239.72794220797306,
    363.9048229807193,
    499.93969035307236,
    187.00258131025456,
    90.34047711543397,
    447.50974456180074,
    534.5291713289444,
    363.88380283834067,
    135.65411046204844,
    196.43025879770866,
    445.8330097630048,
    134.71182994072694,
    358.1147059072009,
    187.34701050909337,
    177.15548411659918,
    202.78057956308007,
    354.78763190483625,
    551.5476062918302,
    253.30971098797954,
    303.3610584880975,
    631.7181629888538,
    107.21691636367898,
    75.31023304182442,
    0.0,
    375.5460830114544,
    160.7478600166161,
    25.381743452521373,
    64.93336502304736,
    74.25513588247432,
    688.7743915962391,
    159.36909496548765,
    79.67253309077057,
    137.40037447920557,
    166.5250032231809,
    34.34945910392963,
    16.632341374034127,
    21.2879096279888
  ],