{
  "assortativity": -0.06440946712277061,
  "betweenness_centrality": [
    525.1232880600379,
    659.9270521258493,
    924.6028336475952,
    587.5065806153167,
    259.2196649951341,
    432.51411822580206,
    712.5187064524854,
    579.7184476222402,
    78.11579991255603,
    67.44642417760245,
    467.0487785565501,
    121.08949115089736,
    1194.5136377415786,
    1296.9847695114943,
    204.53741500343403,
    458.4396541532241,
    240.38318673632014,
    291.1034780534934,
    194.34304892617126,
    253.40158328045203,
    715.4811614181489,
    513.94465903032,
    63.34685049941899,
    218.50721648167982,
    52.496371948730726,
    49.315475540957884,
    71.7150459025716,
    307.29332445663204,
    80.69267053892213,
    41.585942021066316,
    100.04539481010266,
    140.27278571698756,
    26.000538504120012,
    120.47171108404602,
    23.661674481050063,
    12.727837349197051,
    80.76147017735357,
    29.548431402179048,
    15.994153052733495,
    342.98491724164353,
    382.4332705908386,
    42.08675128062166,
    182.6826986581452,
    287.5253034032163,
    794.7150359114357,
    301.60368757285795,
    157.2755503603769,
    72.4245207409204,
    17.532721573411802,
    53.77635227239188,
    156.6066883879197,
    169.61726124671924,
    176.75935555042517,
    5024.134782649654,
    5777.840723047565,
    1796.5736022910705,
    2639.553419356025,
    1851.0523204530025,
    2888.7423914931414,
    2044.2383262664157,
    2399.7133688202807,
    415.6681878324326,
    334.8566394876347,
    563.4457473988336,
    465.2435346227257,
    527.0545829594489,
    745.8544897911596,
    749.4047470465133,
    324.1626785105809,
    330.9179825383253,
    517.2000600455898,
    304.9884005202631,
    44.76073945071073,
    326.67914947048706,
    168.38897107331775,
    186.34544545760897,
    268.06724833554244,
    279.2692088739585,
    382.5282355415473,
    260.3983709551444,
    86.75556787047074,
    151.74693647133398,
    0.0,
    0.0,
    602.2045804316463,
    381.2620294343116,
    490.6258141893779,
    1064.1421470225896,
    74.45718098189703,
    173.54193823582227,
    187.25297433946605,
    120.13806800789114,
    129.23369006719042,
    79.42611895902371,
    123.57635279966289,
    300.5913832442232,
    213.93520289309214,
    60.18062736911938,
    161.5332113711929,
    311.78772634374025,
    100.10063695094648,
    40.7663533657103,
    26.445880312948187,
    119.88775617562453,
    342.7398386962974,
    234.84464063740435,
    58.76438371206875,
    35.76158058457419,
    79.86026523419235,
    369.29738039441395,
    2219.1389356546288,
    36.75132317373815,
    483.73943366525515,
    259.6527251993874,
    131.4389131968732,
    281.8319521490053,
    1535.1799874049975,
    58.73618564193635,
    200.4147775934212,
    17.015737158740738,
    68.75562016996219,
    71.21328560512688,
    98.21381213662734,
    174.47291021552746,
    61.20420389364533,
    84.35491920615992,
    94.19709993773769,
    194.49937105070126,
    214.0329098808397,
    78.70242670697183,
    57.038068083689865,
    115.77422006641694,
    204.40413909220158,
    136.40605189594672,
    243.8870650482105,
    149.58130409168987,
    116.48807591893501,
    73.56678547027751,
    60.95880664536691,
    33.683762732572355,
    49.55724200589014,
    34.084510250269815,
    27.168354811555176,
    304.09130110653064,
    79.84233675101484,
    0.0,
    18.785011683677837,
    3.5914125049731735,
    111.06029632884594,
    119.39735023006149,
    89.33953466611537,
    250.40989359202615,
    541.6416293556194,
    197.15686125115525,
    193.39418228523,
    134.8215606475673,
    133.3838011299175,
    14.10334005681176,
    12.719431062511221,
    1.3563843563843565,
    7.687989228796417,
    70.8977136685926,
    95.07392980814149,
    179.823530652793,
    71.2327550257953,
    27.046792549184467,
    67.8085188499682,
    0.0,
    0.0,
    17.596361286492396,
    0.37216019847598797,
    161.69665763975522,
    1840.4569208494534,
    1625.059766132055,
    207.0395498628051,
    136.943769862101,
    13.17828329914941,
    400.6821156889905,
    1172.8515591438597,
    200.77383284112395,
    520.6541593825677,
    169.22386384770576,
    303.82444336103725,
    868.4365485951948,
    479.057341493924,
    195.52508194826578,
    32.50433169676277,
    1326.1528384959174,
    1510.4740603712273,
    639.0131723637122,
    734.1883823267391,
    614.0559953144178,
    783.9570101386175,
    294.10752277385546,
    236.98336474850487,
    740.9456306049586,
    492.7437632687965,
    612.4220065882794,
    1072.128027718988,
    895.1531338287757,
    895.6466814689769,
    137.42175209670393,
    187.15617768028687,
    633.15594001266,
    616.1481228927198,
    168.2169938982786,
    250.76324867905953,
    441.14250970429504,
    357.81246989138634,
    857.9059535810043,
    656.092907021852,
    399.16416050664697,
    383.93566155683123,
    162.1669127165105,
    85.84529926193294,
    146.3529884499902,
    404.2278563796792,
    271.74400060085185,
    84.8185570850422,
    1347.5152619631147,
    605.8240276913568,
    462.90838980488275,
    229.03005644318864,
    333.76340022299445,
    392.9622121745867,
    582.18346445631,
    125.8857499347962,
    87.50124536270917,
    25.406759397358954,
    27.7940011552245,
    196.75498351062845,
    141.07830867055148,
    75.27329794965053,
    127.88179458986733,
    49.57204461012365,
    85.70596680907101,
    41.36038229766361,
    46.0478197232587,
    211.18743014559405,
    122.25479256462567,
    198.36052257784027,
    302.0953755696644,
    365.54725957608645,
    204.59797830023845,
    563.0540423587414,
    744.0836600484248,
    837.6696591113824,
    512.8887286225564,
    20.480270360192,
    39.4988241739665,
    164.25570443080355,
    163.7940142773183,
    251.78332918117562,
    411.1626095686852,
    530.8824706388873,
    786.3902287390882,
    136.4347446268397,
    181.99004413116245,
    342.62032166306244,
    310.5007352776118,
    35.37011193057028,
    216.12145661742798,
    204.58683409330175,
    377.8689047169356,
    162.86572965213904,
    205.04761460665756,
    58.41830144594639,
    41.90855787132556,
    127.60296031403406,
    61.85281463856941,
    107.80989058967492,
    93.98945159653694,
    211.14505574702972,
    21.609208820165392,
    49.707527580437045,
    81.48725178514205,
    51.65227027562369,
    90.17204450729575,
    12.606648606875353,
    67.65525984077931,
    8.889214925462047,
    24.322929516911778,
    19.05542215450157,
    195.60595970874624,
    190.3163929430866,
    329.66468577856944,
    3.805370138626624,
    14.997293317051678,
    20.595108987590866,
    63.36545846664833,
    24.046473972834523,
    118.00389529325007,
    178.81711437658203,
    455.27713784031914,
    165.86469570985196,
    178.9633071421486,
    82.73093995585049,
    145.22860096847563,
    94.73242810319059,
    76.1815255053531,
    24.931629283184105,
    54.0458777201957
  ],