{
  "assortativity": -0.045148366592010485,
  "betweenness_centrality": [
    578.8534610679995,
    593.726211354972,
    820.5955707900887,
    534.1981946213759,
    420.96222607345015,
    400.6623234362949,
    478.4297846708957,
    875.6753392788381,
    120.28644950442634,
    68.98937590790634,
    574.1596096689227,
    157.5701364944001,
    1234.3475903705555,
    1259.4205804254361,
    273.400731938159,
    446.4378157851464,
    132.5366163593346,
    201.32697883885686,
    246.1657007251468,
    182.1775614262649,
    909.0122959799954,
    515.9778774639739,
    136.9795177811177,
    202.8062643394396,
    78.48274205002417,
    102.28953678690421,
    99.59853934606683,
    207.8751195855558,
    96.63675473304278,
    28.98921293507844,
    94.00970450884687,
    71.63228029574258,
    16.887386858523453,
    134.18098139030883,
    22.696198662973952,
    23.147343321682847,
    57.145364305513944,
    30.997202105495614,
    16.227988194235046,
    425.97988527216944,
    262.9013376771999,
    32.91107808201776,
    183.83939150284147,
    393.556359140718,
    558.7604719372517,
    262.3570070854332,
    309.293080617935,
    178.2921818061136,
    23.402326398824126,
    73.48001600454712,
    123.14709708552057,
    187.12772123606737,
    114.83765338894916,
    5437.854046187881,
    5262.288942180661,
    2008.7851340489608,
    2150.4471125557143,
    1810.316854899225,
    2506.6877428435487,
    1945.0163529334723,
    2447.614049451645,
    479.3928444008747,
    459.1639764575904,
    652.9171553245749,
    653.9423739830138,
    509.03832990002763,
    620.0685800081563,
    738.4654091678633,
    371.26759885614666,
    430.14897031496844,
    621.7899504250751,
    220.72390479360234,
    51.819537687593346,
    132.1093401923682,
    250.9632894672473,
    308.42556644540866,
    263.2395730482835,
    304.9168268929923,
    274.84048594489997,
    263.6328158244054,
    130.94709040943275,
    151.52966491741046,
    0.0,
    0.0,
    623.22870685036,
    604.1659253029206,
    322.297658050124,
    949.7295226037404,
    41.530692434742924,
    167.50374095193993,
    142.2211783711549,
    94.8301299387072,
    188.80788423826536,
    78.61003175994459,
    88.26606404338678,
    455.86217042173746,
    194.4559238749644,
    100.62258245118367,
    155.60324607111667,
    250.39345464292555,
    131.2042685495356,
    96.50602319536013,
    48.03741045195856,
    356.8151517257577,
    520.0831706737683,
    245.2618398078046,
    66.68288450001728,
    18.55683858586106,
    66.67912374352602,
    340.4862708738628,
    2073.1874101049625,
    55.77456505181416,
    524.3085430866636,
    150.79476008014694,
    238.4282577843599,
    757.7760489389958,
    999.8711095931951,
    82.68015631306962,
    172.18809443288458,
    31.785955468246,
    92.67722885602454,
    142.24252939878025,
    88.68847816305524,
    118.84066259906031,
    55.675343101571116,
    95.66748642271766,
    71.21062741159777,
    98.33460071903603,
    264.9765971631547,
    94.26705419986843,
    82.09989958296444,
    110.95382640870902,
    122.79891745734822,
    210.39700273713095,
    270.2527920773494,
    91.39966936872942,
    147.67716676075415,
    102.9533182937138,
    65.51796477625619,
    36.74546480571192,
    37.8875862217185,
    24.91075373012442,
    34.851535755194256,
    74.48608361130823,
    44.61124683464298,
    0.0,
    13.506935751743388,
    7.676437935641579,
    50.13141604060291,
    130.4099729731932,
    87.19545965941566,
    196.20464291868447,
    956.4358230142948,
    70.9955058545515,
    174.69130710516802,
    180.0053296175168,
    249.49171630774953,
    36.55967109314619,
    9.82760052599864,
    1.8076997484153416,
    19.81846064381237,
    162.5435026896395,
    167.83640942432328,
    82.3367418394306,
    62.842013374003294,
    42.37044477838142,
    48.914584451728665,
    0.0,
    0.0,
    10.00252066737027,
    0.0,
    150.0065442809841,
    2259.236169699996,
    1824.1496100404456,
    144.89281657905195,
    59.31687906402005,
    26.220857229003315,
    363.0108690214992,
    1298.3273639548645,
    203.59123317900932,
    485.69268683932114,
    173.71715313258937,
    774.1593635716432,
    834.7898467553738,
    508.37605898985703,
    69.46936130792253,
    63.93222817235079,
    1196.5734957663515,
    1365.8330119966224,
    636.495494461047,
    506.71330013905094,
    510.03858501212267,
    834.5866245735695,
    238.0210022190963,
    146.51133384786002,
    868.8428897016448,
    657.5294900774403,
    511.8216484091029,
    773.1727024015954,
    1110.5714808500315,
    693.9671135805625,
    158.20427017465303,
    226.79622838480734,
    736.1430343450853,
    611.6901010342947,
    167.10087775251617,
    305.7560379889025,
    582.8508716942004,
    359.8844432582267,
    975.6117881321443,
    686.6966870673826,
    301.0046736813392,
    450.7437312802904,
    152.32830940021012,
    145.76471994204007,
    244.75346822816735,
    248.63967409193083,
    188.51432568824362,
    183.9315595447993,
    1168.6409638278674,
    731.3428482140191,
    392.6727871866116,
    265.0178169433119,
    392.6384195967412,
    287.43730584198113,
    500.47421192938475,
    188.9094287159635,
    70.67499564608777,
    35.041122629764715,
    38.007734875023466,
    197.9102042113415,
    108.47461042774475,
    77.2709107423498,
    153.90926993216326,
    53.20319006300356,
    62.046135797664014,
    30.28465577531586,
    67.35143332444116,
    174.98417603874606,
    278.1987765105745,
    280.1955238775778,
    353.11934511139896,
    365.043121228674,
    193.77343861507927,
    507.77787130619527,
    503.6570385961796,
    655.6058751218667,
    436.6934922544998,
    32.92339284557381,
    56.5015761820932,
    143.47288137247054,
    186.30072151609997,
    181.58188582223414,
    394.6483473783637,
    628.1464978050265,
    1018.3686014045506,
    134.0418077463143,
    187.1599932141835,
    320.0217109729433,
    260.81109829595295,
    100.35229966486465,
    161.99605995002398,
    216.04997678272375,
    419.4005128674779,
    104.43318323657039,
    113.78363559770202,
    86.75356669610608,
    71.26684383455493,
    118.49029440679469,
    46.79680903110706,
    61.49232195098386,
    106.6725621731683,
    210.40532339558612,
    5.662897954548442,
    52.36809651351431,
    189.74303556849983,
    57.785936645338715,
    82.87013611089512,
    10.432809310340106,
    38.257086846701874,
    22.66250867008211,
    21.479501213087367,
    25.07269281735084,
    137.90790140813996,
    306.5541101323831,
    217.78838732007853,
    2.767156111294595,
    18.50283539015111,
    29.756572295268214,
    136.25372908185582,
    64.96884965276296,
    99.8472334580426,
    235.2757759636522,
    224.92483286598156,
    225.81023365450787,
    121.72953737791151,
    132.43704739860067,
    111.92447680116432,
    142.2449592974437,
    94.42821380123523,
    28.560917272942817,
    49.07338001596793
  ],