{
  "assortativity": -0.08460749570701005,
  "betweenness_centrality": [
    462.4982506574218,
    695.9551801602523,
    943.7012622912105,
    452.44655253251017,
    279.2358420651397,
    334.4660685511048,
    435.09132570478346,
    545.5727909726813,
    75.09100473722144,
    35.57404051913841,
    410.5490887484544,
    128.42850459063428,
    1227.8772504634126,
    1069.3574736387013,
    212.38935049429205,
    366.28569994726763,
    216.63556516635364,
    143.36541243084028,
    179.65560891385434,
    199.69156473824302,
    882.4021668967218,
    405.4843281595929,
    97.65757644606487,
    208.66421869434157,
    60.700860474427955,
    67.95610075537601,
    123.31498134866409,
    288.82140622294924,
    206.91808997766842,
    84.37372462151367,
    57.88356296406873,
    55.9510054222954,
    31.64369111665663,
    65.28601731852025,
    32.40041277775687,
    44.06217113222971,
    19.373722814268675,
    12.062927385099472,
    14.866578645934046,
    291.88340249975136,
    311.93187188654645,
    22.212266155387436,
    136.24615280524415,
    443.21421885418687,
    697.13270269735,
    237.13647916467852,
    87.6789360865969,
    86.08230480768047,
    58.3007893126219,
    64.75673590156185,
    165.79295936562886,
    165.9450156357323,
    131.07347392544582,
    5576.225500215042,
    5337.926517416915,
    2284.1038609924376,
    2856.2024050841287,
    2150.0884690860144,
    2261.2251641384055,
    2555.25552418788,
    2459.2885722039928,
    346.5796966419901,
    344.29646851973274,
    609.2660500311695,
    728.4595322842179,
    470.9923641234663,
    921.9645087436809,
    719.9507013088107,
    363.1660101354857,
    353.3435377210836,
    478.56443732249755,
    286.9678865473434,
    70.09856079405327,
    164.4146352419468,
    310.70560571310347,
    149.21638566732395,
    277.0782800718229,
    214.0864903614449,
    292.9014155688422,
    201.65066519681238,
    171.2808324638622,
    158.41880191453694,
    0.0,
    0.0,
    699.5286158399499,
    438.27651937364163,
    412.64499519953614,
    735.4813589816484,
    94.48924703029115,
    278.2273680650719,
    176.34738085158577,
    161.32381203236017,
    193.31485290875818,
    154.11981210960138,
    71.3100789500527,
    320.1316254431881,
    226.22719642050953,
    58.96320144944762,
    138.6806632429904,
    372.42691869542165,
    81.64475191359037,
    69.01346248386459,
    35.55239091548465,
    139.49915988052283,
    306.83611439739076,
    208.81485873696667,
    93.25384394098836,
    20.960896189375095,
    53.51113523841559,
    210.29725792372895,
    2680.8916938822285,
    27.329684229582085,
    484.7015722377297,
    239.30300187644724,
    218.91251961444289,
    480.90161377243993,
    1256.9127548807642,
    52.29394891941458,
    88.66306274265898,
    39.338359107948605,
    100.70447903415767,
    68.537464049511,
    146.54343676725932,
    150.41076969301145,
    50.65715333777493,
    53.87776530288257,
    80.09137191397706,
    156.9007091399121,
    199.77761883492425,
    95.91022371685776,
    96.15687092810056,
    133.78734044870697,
    119.26313255091667,
    220.3236169100805,
    127.87450008483765,
    81.97908395485283,
    181.15261950108734,
    64.95589072344782,
    156.75498334087848,
    36.116466251221375,
    42.20149487121097,
    46.78137352845052,
    62.19579294182155,
    76.53809733464303,
    52.730234931935044,
    0.0,
    19.699063005286288,
    2.802380322187769,
    115.25082173583925,
    166.05745740590976,
    50.6703297336414,
    172.569513137609,
    481.9581050975363,
    106.5120085678427,
    209.977608651622,
    180.8093083410962,
    206.02311201240536,
    35.40993882180348,
    5.874556727051504,
    1.8969607829058692,
    15.208516900406496,
    94.04316358915507,
    98.82881946199251,
    124.64139757000603,
    47.55166123049534,
    53.65048921345656,
    47.64563135297216,
    0.0,
    0.0,
    24.309107919159704,
    0.0,
    154.50937520305692,
    2338.6477417490137,
    1653.662785389672,
    187.34926749107746,
    149.502105124638,
    19.448586347884586,
    415.3994596013638,
    1161.8028521098029,
    179.84670030381227,
    463.6581009381334,
    250.25758616887617,
    460.94999972747365,
    991.0306228087624,
    465.48057146719066,
    94.03887259909538,
    24.742361493534247,
    1190.7452395732523,
    1146.9203471433154,
    643.0321060979284,
    397.9140074202756,
    552.3453537869049,
    933.3306211513603,
    232.5900109415465,
    168.06941226932273,
    373.4206386787711,
    530.5598215659977,
    519.9895112313808,
    1009.266089879144,
    878.93736753835,
    843.7373921055093,
    239.40144282553695,
    202.82449551483353,
    1055.0545901872317,
    585.4575998632976,
    295.188793929731,
    154.93424062843656,
    461.5398201739005,
    440.80356694916605,
    967.0637200324026,
    702.1306546831536,
    377.69592945547134,
    388.35593684246913,
    145.89149719161819,
    117.10687098687326,
    176.60936195852943,
    296.8691171809493,
    214.74633242742274,
    124.65802393918948,
    1287.8894737781795,
    639.2619140489209,
    420.8941845551235,
    290.6386582986649,
    380.0152545195867,
    270.2418204895986,
    735.3959948944122,
    210.28529568639578,
    136.26973159253825,
    64.94591423070983,
    43.69290275499535,
    226.47025760078608,
    121.58525116743886,
    115.4254886110547,
    98.14934563149663,
    33.41607263028924,
    70.77171401578612,
    32.247787313069544,
    45.76271981801297,
    209.63117696580295,
    176.84831778160228,
    294.5835059553951,
    361.0059977842172,
    312.8578383572777,
    252.63532283098434,
    653.9082515749554,
    417.3658443679123,
    504.64103172047425,
    482.40144363547313,
    40.88305804556217,
    17.54810019899981,
    147.20779731918037,
    247.30179304640393,
    208.58065922799253,
    457.3613151134094,
    534.3906895045627,
    814.9071362524875,
    86.43713924914897,
    123.40421595980733,
    413.09184736963965,
    270.2391964484219,
    50.918573828604025,
    88.77853989572013,
    116.61820923244152,
    328.1069714220514,
    103.88921252402768,
    180.2087854166823,
    61.67076417717873,
    68.63613829967767,
    165.7873312972239,
    45.76728644579547,
    93.26721629847435,
    106.7498901569062,
    285.7627775657354,
    17.225917548332802,
    34.631102636711674,
    102.74900426572124,
    62.003804937352996,
    88.8197460622918,
    7.824028640425201,
    27.354728622989676,
    41.69744896689217,
    72.0964138972841,
    16.661400083198437,
    184.49679952730804,
    284.0641334718796,
    395.65671466026544,
    3.6974094597403395,
    8.424969006646027,
    22.718923594753676,
    46.56999215824864,
    42.059611795044454,
    123.7014626713502,
    149.86394271391885,
    166.45210242427348,
    170.83893872174076,
    96.55584908326047,
    112.026875965275,
    207.15055394764673,
    178.94793686030917,
    50.23508986899039,
    51.00047166815184,
    79.66882671104437
  ],