{
  "assortativity": -0.1968511228061233,
  "betweenness_centrality": [
    63.50041319550544,
    27.872075553060046,
    73.66785320363715,
    71.42457118344628,
    753.7244339422894,
    578.7907775895375,
    474.19534018330796,
    376.6189611618587,
    126.74183983119798,
    97.50242617621564,
    85.88112619697185,
    126.12348677495183,
    0.0,
    0.0,
    82.00654073353428,
    46.35105788238027,
    0.0,
    0.0,
    328.97758711326145,
    134.39723730714533,
    7.817013509020712,
    14.532113255323038,
    1.1465976143857917,
    40.23576131917112,
    50.80722068513732,
    0.0,
    0.0,
    190.53057980777996,
    0.03636363636363636,
    0.07142857142857142,
    0.4167251846975349,
    0.0,
    0.05,
    0.26595013477088947,
    0.18556618819776716,
    0.2862970303585265,
    0.1,
    0.4165637191761739,
    0.37777777777777777,
    574.1043065261963,
    876.2795004098715,
    556.7888145343933,
    884.039434123959,
    714.4023206924838,
    507.45835407503546,
    1089.0812970494546,
    783.8411034536553,
    419.4545176869327,
    374.06274332163616,
    941.3090642918737,
    657.0018628834267,
    40.631231035312275,
    100.73261341763407,
    216.99273820547648,
    313.52162384465464,
    65.14082355016119,
    28.617972247962296,
    237.48655737163332,
    134.27887381460832,
    38.887396498439415,
    8.78534268482798,
    96.26070883883285,
    99.78812285108229,
    68.67564696889238,
    0.0,
    0.0,
    0.0,
    0.0,
    16.586795371411277,
    53.727478800261004,
    0.0,
    60.12140592743618,
    14.100803921006838,
    36.863925915899536,
    76.34383460662478,
    22.018043725070484,
    0.7329300670570802,
    4.294611945959033,
    105.18417793565678,
    44.80281973754079,
    855.2819599541125,
    919.7952856018792,
    0.0,
    0.0,
    0.0,
    0.0,
    0.0,
    0.0,
    0.24356959216316276,
    0.3714011419579394,
    0.19761460592327967,
    3.814881324445864,
    0.19999228143806458,
    0.03333333333333333,
    7.538626089315655,
    1.3346084835219651,
    0.20520876972489877,
    0.03225806451612903,
    49.90902737260949,
    0.13278688524590165,
    0.21000090532557772,
    3.213320064045142,
    0.2761698618841476,
    0.19598301242136862,
    137.22834083614362,
    163.4377712069818,
    109.23724134830942,
    171.89667069430288,
    167.4863708345302,
    62.11513930816518,
    475.89700688255454,
    0.02564102564102564,
    0.0,
    768.4563079334686,
    656.8485073130653,
    6.602729077754045,
    7.906702871255905,
    148.15955764041342,
    106.61303821309615,
    289.2822853663724,
    527.5529692452654,
    0.0,
    0.06801700425106277,
    2.4390733118775305,
    0.6903545321738084,
    0.0,
    0.0,
    0.0,
    0.0,
    0.0,
    0.0,
    43.47963855573978,
    19.52983511565185,
    97.02439881697148,
    35.72454133051022,
    88.44685603366435,
    10.642237697537427,
    73.02058345224593,
    151.66847388579447,
    0.0,
    194.74927259996042,
    301.7542023615001,
    235.80064770116613,
    410.71648368302795,
    184.00695063501917,
    45.398019921019426,
    254.27158175483748,
    99.9902204720054,
    0.0,
    19.16827399751159,
    13.99183837677635,
    138.77576097159215,
    124.79815169769729,
    149.52454886141558,
    277.4773383738964,
    261.17143446728113,
    427.56929550825015,
    0.0,
    0.0,
    0.0,
    0.0,
    2275.0781316990647,
    2953.3180672500594,
    991.9560325201318,
    820.4343758141222,
    0.0,
    0.0,
    98.13623125049443,
    53.40405231988572,
    0.0,
    0.0,
    2830.4327921539048,
    108.8211428861403,
    77.13161818826931,
    0.6729581774515766,
    1.2509558407403711,
    173.78288020415346,
    63.30808614380838,
    70.45888639818315,
    70.04928653333953,
    98.15283866640735,
    178.44231273089434,
    479.4719924894478,
    37.740552123247554,
    62.079076552993186,
    259.1749445931169,
    363.66515425001336,
    4.408151886822913,
    5.276990310755842,
    0.0,
    0.0,
    52.93495249766714,
    71.23401049253464,
    47.64620681903459,
    61.29499794405785,
    41.52201753340427,
    440.260475321452,
    648.3800190782191,
    0.0,
    314.0774423782351,
    434.81514706372013,
    0.0,
    0.0,
    0.0,
    50.90137725649791,
    164.37910000265586,
    180.42478844110195,
    0.0,
    0.0,
    0.0,
    0.0,
    0.0,
    0.0,
    221.86280073432127,
    464.22733054485025,
    483.4399743099307,
    264.16504487816877,
    0.0,
    0.0,
    922.530005497635,
    1123.0532190129695,
    0.0,
    0.0,
    435.0386887291165,
    243.80584945754623,
    72.80377141343637,
    19.92338937676361,
    0.0,
    0.0,
    0.0,
    85.23443140387015,
    53.166183592355026,
    36.456528384081295,
    82.21599124586133,
    26.114619025860943,
    69.39316976461328,
    0.0,
    0.0,
    0.0,
    0.0,
    81.90057065832069,
    23.61024768257213,
    0.0,
    0.0,
    0.0,
    0.0,
    0.0,
    0.0,
    111.12221923621603,
    240.78802470688865,
    235.02802802229027,
    115.27127862931854,
    0.0,
    0.0,
    1211.8906652745557,
    991.461145675995,
    97.65603691094509,
    103.92715070481633,
    60.36932891106333,
    50.441837021374845,
    0.19426864950226988,
    0.0,
    0.10915895698504395,
    0.0898989898989899,
    0.07100271002710028,
    0.08792270531400967,
    0.3518888239153658,
    0.022222222222222223,
    3.8146381123040447,
    0.25676647624330406,
    0.045454545454545456,
    0.06941176470588235,
    0.2365843915056702,
    0.3437172641749301,
    0.44481047176315547,
    0.057899090157154665,
    0.10977443609022555,
    0.20326797385620915,
    1.0754926766023911,
    0.3070561281467212,
    0.25427465600622856,
    0.10272195834855681,
    0.6832160295939366,
    4.475021007739311,
    5.428492902892885,
    3.665012176873679,
    3.9959131641916246,
    5.570895718667322,
    4.829875983664412,
    155.6870901394537,
    39.90493312472221,
    45.812906180410906,
    58.97574602024917,
    104.0808290198817,
    48.08926123658321,
    41.22627836689444,
    64.10572272196751,
    31.85199809935894,
    83.18749294687764,
    49.731290730464686,
    47.9278671893171,
    64.0245245643954
  ],