{
  "assortativity": -0.20068510583575763,
  "betweenness_centrality": [
    151.82881556709967,
    41.173692955224666,
    58.80972270182622,
    29.217983849816633,
    388.9334639216231,
    615.1365685146651,
    199.37603688857374,
    587.687475884664,
    185.25629323488337,
    84.1744961218,
    67.34789711519709,
    57.508464963153536,
    0.0,
    0.0,
    43.68812350659124,
    100.76215303199754,
    0.0,
    0.0,
    309.3422402721035,
    207.92036146995258,
    3.0811516377692314,
    4.263534079856767,
    0.8750256887193405,
    297.64462684242494,
    61.71226150640239,
    0.0,
    0.0,
    280.9187879080981,
    0.03278688524590164,
    0.2969111969111969,
    0.19498890128916418,
    0.47470029050770696,
    0.3330355325356795,
    0.31524872976485874,
    0.1304521897965252,
    0.14994588744588744,
    0.2978494623655914,
    0.0,
    0.10692942401666267,
    943.5250475214189,
    891.9936084371985,
    434.49175577161657,
    506.3960039031156,
    516.7151114473432,
    742.7610498021711,
    761.1087455761743,
    959.666556287073,
    467.12082102598475,
    385.4470380768434,
    997.3887023980033,
    781.9277750440896,
    108.09174729203431,
    63.811280892616594,
    289.68654157900045,
    342.69181124047344,
    31.965955390202897,
    114.88966504438389,
    350.9507082077984,
    350.3944970123367,
    11.10151226870766,
    8.002539667846797,
    88.23423798244157,
    111.3052168040692,
    81.08869682864511,
    0.0,
    0.0,
    0.0,
    0.0,
    16.72831215967919,
    37.48561255344723,
    0.0,
    115.37116663731094,
    16.93831396264208,
    61.11900941326237,
    13.000091227689083,
    44.51714704422561,
    1.634541576712056,
    8.72489660008812,
    40.83050382510402,
    49.55025020264127,
    602.4191026006678,
    1426.0910720613551,
    0.0,
    0.0,
    0.0,
    0.0,
    0.0,
    0.0,
    0.38145363408521304,
    0.20844099913867353,
    3.4101280587443683,
    0.0373972602739726,
    0.4382638308421984,
    4.8315119357527925,
    0.12233725978930102,
    0.04791965566714491,
    0.15809646856158482,
    0.13508771929824562,
    178.5663529976307,
    0.22465314048479978,
    0.03636363636363636,
    0.20050125313283207,
    0.5252562612153405,
    0.07935285053929123,
    145.66369737471942,
    72.97467807434478,
    130.2437466111557,
    56.72317198058007,
    66.26965496717614,
    143.49081190205715,
    329.75929350293376,
    0.4147000161424775,
    0.0,
    756.2740342975812,
    792.9541121211469,
    5.814027967422936,
    3.651253900202341,
    91.61295828825398,
    130.24559524461085,
    395.71646402269346,
    368.8016592694091,
    0.0,
    0.0,
    2.275802791990839,
    1.4151536275189045,
    0.0,
    0.0,
    0.0,
    0.0,
    0.0,
    0.0,
    14.256360328673445,
    12.036384739536487,
    28.457182365690265,
    46.0441977694152,
    20.78954589560315,
    14.285843705256179,
    32.49285723396375,
    74.83438110243891,
    0.0,
    328.2398953663819,
    205.71746405549064,
    735.6968122733991,
    191.64098527166777,
    259.90963742789313,
    28.601523074819962,
    271.56932493316083,
    311.2688787344691,
    0.0,
    20.871129115708534,
    5.4117934153543725,
    99.43173508687063,
    147.164654724955,
    354.26792765130836,
    273.4929797698289,
    231.9144161300548,
    384.9237459437678,
    0.0,
    0.0,
    0.0,
    0.0,
    2580.6924579591278,
    2847.9024367456777,
    633.062135798142,
    1020.4582227677362,
    0.0,
    0.0,
    82.04443421768417,
    115.23399277595465,
    0.0,
    0.0,
    1729.2312037916909,
    85.00050585578559,
    87.22041353035905,
    7.730247449024917,
    0.21164812946799494,
    218.4895876420635,
    22.001291145471672,
    30.28614366342622,
    38.12889389815116,
    25.617950017390974,
    470.17361674508174,
    261.40128999349014,
    56.946202595217606,
    59.668315918072594,
    328.5356568469851,
    173.09344407100096,
    15.814789198414303,
    3.2197434202952526,
    0.0,
    0.0,
    59.74694955915274,
    205.3259908422858,
    65.43360256739251,
    60.512170204953016,
    98.29784656974287,
    226.26354858629472,
    557.5326430209259,
    0.0,
    501.50284080245166,
    294.76307993881494,
    0.0,
    0.0,
    0.0,
    79.20629478788888,
    96.85702397621212,
    110.9047098011889,
    0.0,
    0.0,
    0.0,
    0.0,
    0.0,
    0.0,
    429.7127412677381,
    347.227160443294,
    228.07335800875842,
    160.98517221732016,
    0.0,
    0.0,
    1057.8834293077807,
    1017.4992356605119,
    0.0,
    0.0,
    205.70751556811234,
    384.8235060679937,
    51.27653931162498,
    36.27742258501216,
    0.0,
    0.0,
    0.0,
    49.895969988769934,
    55.385106029473945,
    68.42833618244578,
    111.68726274139202,
    19.312225335673144,
    76.3776732043442,
    0.0,
    0.0,
    0.0,
    0.0,
    61.85660197396959,
    26.039481642429937,
    0.0,
    0.0,
    0.0,
    0.0,
    0.0,
    0.0,
    288.98282300739527,
    295.8659117313625,
    225.72264183112424,
    115.36256328548208,
    0.0,
    0.0,
    1129.7471095793314,
    1321.7693496532004,
    80.2699094692279,
    25.463378286641742,
    50.58407353725657,
    94.89509244510829,
    0.24020013802622497,
    0.4572684993323203,
    0.029411764705882353,
    1.00986790986791,
    0.08781645569620253,
    0.23841949316793598,
    0.26437908496732027,
    1.0445941929964977,
    0.27902115779596365,
    0.7022039433804139,
    0.25294404843277024,
    0.5984880901440593,
    0.11830343569474006,
    0.3890775325410299,
    0.6910472435444689,
    0.26234090588142517,
    0.6123142658468744,
    0.0,
    0.3458128078817734,
    0.10038986354775828,
    0.32021940161475043,
    0.16237883414006535,
    0.03278688524590164,
    5.194690817135342,
    5.502697663434367,
    6.708387084379871,
    24.265214741510555,
    4.403493041191205,
    30.185024682442783,
    76.23066235533034,
    94.98480721538401,
    45.54665686938165,
    82.85078777433891,
    102.47256887364044,
    88.24034818386319,
    64.18021291493594,
    153.75872134727882,
    44.222257967943406,
    62.880157667838056,
    90.33191288860306,
    145.7891546843275,
    121.20778151088867
  ],