{
  "assortativity": -0.2006505567330137,
  "betweenness_centrality": [
    28.119143975406235,
    54.59203586267896,
    68.2901098131678,
    43.12015486024408,
    497.23831017325864,
    285.01401291384315,
    569.3082073100346,
    349.5207577137956,
    112.04793372230166,
    120.20518628477642,
    75.81837748936083,
    230.04957122152211,
    0.0,
    0.0,
    135.8995143203117,
    59.088040963189414,
    0.0,
    0.0,
    285.545035010415,
    283.64612277546235,
    4.771467313352988,
    17.860127306581088,
    0.6311336845809847,
    76.32035307113843,
    208.16867457803463,
    0.0,
    0.0,
    331.1573880183476,
    0.5634892340774693,
    0.34182330827067664,
    0.5402864805053588,
    1.5200561223347329,
    0.10256410256410256,
    0.996944800846159,
    0.06060606060606061,
    0.09523809523809523,
    0.23559067966780123,
    0.17005893920451562,
    0.6047939388928337,
    849.3930133221482,
    421.6580014060439,
    777.340621039348,
    520.5318954869296,
    387.10713947453104,
    747.7539550669052,
    795.6104289522706,
    1175.0439530333522,
    427.2650311363501,
    252.55229218141486,
    760.9487050661779,
    775.3991391303739,
    97.19949153905053,
    138.0632281681825,
    292.9375634613606,
    353.30779436541707,
    71.11128919185613,
    34.23392484341482,
    214.87440347428753,
    278.66440802523124,
    15.427049111334824,
    10.458127722681725,
    123.83349663978791,
    103.40058104926287,
    59.280050512731336,
    0.0,
    0.0,
    0.0,
    0.0,
    12.322435277744706,
    42.845585868878096,
    0.0,
    60.14352584443353,
    12.064027111763204,
    15.456854571917996,
    49.0368494800199,
    21.266374096684363,
    1.086915702384849,
    2.7385212201407043,
    51.57568601316879,
    158.35012663096785,
    823.4143200969795,
    902.2883921374882,
    0.0,
    0.0,
    0.0,
    0.0,
    0.0,
    0.0,
    0.3509803921568627,
    0.05454545454545454,
    0.2856530112044818,
    0.02702702702702703,
    0.33517126148705095,
    0.08589393497529982,
    0.3038095238095238,
    0.027777777777777776,
    3.777435679664109,
    0.08946608946608947,
    171.56002261634475,
    0.10833333333333334,
    0.19492454913507545,
    0.28599396788385345,
    0.2507497690694486,
    0.2380952380952381,
    130.13344576300645,
    60.446486748980384,
    94.98188634088622,
    132.7646993820241,
    138.29385639261073,
    166.5806988391447,
    335.0956531416727,
    0.3033504244609721,
    0.0,
    813.9869618884462,
    760.6924809851424,
    8.82215903760521,
    2.9184973432858206,
    145.4088493424558,
    232.1723088785934,
    205.9329058021611,
    473.97530744065085,
    0.0,
    0.12950971322849214,
    3.173913759966495,
    0.24597549402274574,
    0.0,
    0.0,
    0.0,
    0.0,
    0.0,
    0.0,
    17.20214613098574,
    10.268029892084227,
    60.60065933273997,
    77.21917355224076,
    13.688468183743195,
    59.94427897069621,
    24.970518131179855,
    66.25040195420189,
    0.0,
    134.44595707581834,
    179.98123107447455,
    467.52132360464606,
    392.2926734150558,
    243.5406007787845,
    48.857556295090234,
    464.61156467751243,
    232.20500193992387,
    0.0,
    8.560716012942306,
    7.593152706580099,
    74.93193835795987,
    43.09882290668514,
    225.101810659853,
    294.46385110846467,
    240.1062188628618,
    346.8518618103505,
    0.0,
    0.0,
    0.0,
    0.0,
    2817.791735391357,
    2622.4956831880727,
    747.5175113394134,
    723.3283890149403,
    0.0,
    0.0,
    81.01078970433673,
    105.59356369964512,
    0.0,
    0.0,
    2820.705590823441,
    68.85122418867239,
    41.6258779125552,
    0.34018409632974866,
    1.111092436322851,
    100.51495821263755,
    32.01073286790524,
    24.810348678225896,
    73.99581698458552,
    23.727782759667456,
    425.6857402003384,
    324.81745676980773,
    64.93674014536809,
    36.11411399889403,
    220.0785488232611,
    493.0466041154382,
    28.344670229568557,
    7.531818311014023,
    0.0,
    0.0,
    182.63267928408172,
    97.95510114689078,
    68.41262412852605,
    109.31353364161613,
    35.498657219465954,
    445.4291831749908,
    195.09610905208038,
    0.0,
    353.9496646455133,
    209.52902248156926,
    0.0,
    0.0,
    0.0,
    39.30890721163691,
    64.1489056020333,
    72.00069136295623,
    0.0,
    0.0,
    0.0,
    0.0,
    0.0,
    0.0,
    449.2215921396931,
    135.49928945799894,
    345.04377658762803,
    134.64104326104498,
    0.0,
    0.0,
    1073.0840446528573,
    1463.2832285519694,
    0.0,
    0.0,
    250.18442661426,
    240.0488134222661,
    85.5651737437545,
    39.52957343759864,
    0.0,
    0.0,
    0.0,
    57.38981093451073,
    79.66569002424018,
    18.98902655204086,
    69.66002611118691,
    146.37938124527773,
    87.22373704474678,
    0.0,
    0.0,
    0.0,
    0.0,
    27.784114048083925,
    154.94009047673862,
    0.0,
    0.0,
    0.0,
    0.0,
    0.0,
    0.0,
    199.71612775000358,
    261.83998966954863,
    163.314116607986,
    205.95569023055464,
    0.0,
    0.0,
    1116.4839878671207,
    1238.9002275583766,
    71.35741507386321,
    43.94399291184294,
    48.4621401603775,
    78.84979282828809,
    0.5063333524011273,
    0.41858173668401544,
    0.12747355113447334,
    0.2826895503115545,
    0.268589591637437,
    0.3926017802422297,
    0.49147633975220173,
    0.19781705785762582,
    0.0392156862745098,
    0.2739605734767025,
    0.36950988542120106,
    0.33819545517060057,
    0.15082273112807465,
    7.205144291725968,
    0.5543363499245852,
    0.08467023172905526,
    0.21045555677134625,
    0.031746031746031744,
    0.33098835408157434,
    0.42889796435417726,
    0.15441338930623066,
    0.6167962946870368,
    0.09845559845559845,
    3.2979065301830452,
    4.04713846388914,
    18.826840713018463,
    21.061160735359397,
    2.8282958527078037,
    5.095338199313884,
    51.2248193508268,
    47.29905471537585,
    55.05524922697545,
    54.57619628343573,
    95.26693599546853,
    67.67586351061739,
    154.8633645801055,
    147.4579742149249,
    122.3269873146581,
    51.65850337378367,
    231.0768482655533,
    170.9354325720308,
    49.66345556424845
  ],