{
  "assortativity": -0.049856086918749584,
  "betweenness_centrality": [
    675.7076875137245,
    774.4709550034779,
    53.13951217042483,
    0.0,
    0.0,
    23.756434209065787,
    216.02600732600732,
    0.0,
    0.0,
    20.482886557886555,
    85.12239704739703,
    199.8616757769234,
    619.758094851933,
    2216.4703255632953,
    0.0,
    0.0,
    794.8003698056331,
    385.699701932055,
    47.212518853695336,
    40.535425685425714,
    56.46668886668888,
    430.3358035953069,
    0.0,
    52.81936288685516,
    0.0,
    0.0,
    0.0,
    1104.012845891265,
    509.7532515317498,
    18.67912087912087,
    0.0,
    193.45844155844156,
    1459.3998713846538,
    0.0,
    105.33598243861408,
    547.2206606259238,
    261.195660264714,
    90.66450216450217,
    201.64384781884777,
    0.0,
    0.0,
    11.820821661998131,
    538.0,
    1999.3421084102033,
    1119.6003576515016,
    57.368925518925536,
    160.3670995670996,
    0.0,
    0.0,
    1225.670686039107,
    290.90235323425344,
    301.62826405620535,
    75.93016953806428,
    17512.816004481683,
    15165.551960620702,
    9245.083901122885,
    14013.106955873656,
    1116.2826789550325,
    648.6952771570722,
    362.20738644441366,
    636.5936405098165,
    183.34150812469565,
    362.6907466716292,
    105.54755473284882,
    605.838455421427,
    108.90632423132425,
    879.4637177030804,
    538.0,
    4141.790694822517,
    2011.9584910987226,
    109.75152877103008,
    109.68336663336667,
    137.78571428571428,
    299.3628066378066,
    194.91620046620054,
    800.3037916332032,
    0.0,
    0.0,
    198.71139000878873,
    66.20978086241246,
    0.0,
    0.0,
    0.0,
    0.0,
    30.342093871041232,
    353.7223722184251,
    5.9743589743589745,
    125.80593377211027,
    953.323692973693,
    686.1508672722262,
    19.4921901198217,
    1109.7705590848782,
    728.9074400054411,
    88.04603174603174,
    0.0,
    98.90137166754812,
    309.0351058212513,
    1775.8670458979714,
    282.30900847518495,
    217.13916410386992,
    694.8677874486382,
    229.3352884370531,
    155.80284519402164,
    538.0,
    113.4653280929597,
    203.65250380084618,
    53.0895104895105,
    239.37493584846524,
    0.0,
    0.0,
    654.6737361022192,
    244.3780525030525,
    2532.2142636981944,
    1140.1645604395608,
    1072.0,
    0.0,
    38.781746031746046,
    1260.470516076407,
    1857.5470850764236,
    690.4445143092203,
    166.1302752802753,
    637.3059456625249,
    69.88910533910533,
    112.18440056675354,
    0.0,
    337.75702893298796,
    588.7308427210901,
    55.211255411255415,
    538.0,
    295.85118215118206,
    135.72065238682885,
    0.0,
    0.0,
    0.0,
    562.6969696969697,
    0.0,
    0.0,
    12.73333333333333,
    25.430963188857916,
    1872.1765929632809,
    2614.5617981949267,
    2392.416646611493,
    355.38312096362955,
    682.5156686021239,
    805.984872970167,
    729.4401351486496,
    1320.5752576628747,
    815.960729140141,
    4513.218982728288,
    0.0,
    0.0,
    236.19608769283695,
    98.5007084418849,
    712.6840471791711,
    1077.2035854152725,
    1214.0361860074981,
    679.7984546839166,
    0.0,
    1.6818181818181819,
    235.13379449329778,
    338.4241674991674,
    0.0,
    100.0569236319236,
    0.0,
    13.843826142897347,
    319.9572667098984,
    142.7227120832385,
    537.740785604593,
    1146.3785111946886,
    0.0,
    0.0,
    0.0,
    1491.02023022445,
    1879.7653845238679,
    0.0,
    0.0,
    128.00848741901373,
    538.0,
    0.0,
    1957.1059335096636,
    787.8710882083174,
    591.7247899159663,
    375.8585580741927,
    764.0078658390114,
    460.0749249169192,
    0.0,
    0.0,
    0.0,
    0.0,
    5623.562761578917,
    3905.1270057704373,
    589.2817433684306,
    155.05961529011066,
    1234.161376580898,
    42.7888888888889,
    0.0,
    3249.731698019751,
    2306.88621802548,
    1006.4836436148018,
    883.3929131296314,
    2847.6962283072976,
    197.9100360423891,
    408.08598757324717,
    19.766666666666662,
    1975.119181285725,
    605.1603986656618,
    851.5629471354245,
    298.83624088329987,
    692.6142976304743,
    41.15892995892998,
    0.0,
    859.4353259254019,
    1091.37988257013,
    245.08581316344456,
    46.14122315592906,
    0.0,
    852.901845348083,
    0.0,
    0.0,
    791.7526780831232,
    881.9201488678231,
    35.10476190476191,
    0.0,
    0.0,
    0.0,
    26.07214452214451,
    42.223809523809535,
    269.1546530954426,
    29.08515177632824,
    176.12705627705628,
    0.0,
    1419.8861233134294,
    0.0,
    0.0,
    0.0,
    0.0,
    88.20945165945166,
    152.50601976843404,
    193.4641188876483,
    759.7088482123315,
    1200.238670153377,
    310.6834469280289,
    0.0,
    268.53936423054074,
    904.1604422753031,
    377.5295588914008,
    1684.1170110027117,
    703.2947660182957,
    0.0,
    0.0,
    0.0,
    0.0,
    44.55238095238094,
    257.45992807763565,
    0.0,
    23.757601342585858,
    79.69907869907873,
    12.888514263514262,
    34.12982099599746,
    101.25825854273154,
    40.52489177489179,
    70.66083334450208,
    90.25663780663778,
    762.4093390979581,
    874.3612331425027,
    226.63515440228988,
    304.794265332191,
    453.4444202396519,
    70.67820512820512,
    344.461605061605,
    2744.6242677610007,
    737.8120138573532,
    226.0725952152423,
    559.3261904761904,
    88.06663059163058,
    1504.4610525368503,
    726.2274067693578,
    227.18076587155528,
    648.6754758657236,
    159.5010109171874,
    152.1842508368824,
    456.4994420427541,
    1461.6732843004656,
    128.4536953384779,
    41.56026604114845,
    670.841080736541,
    148.36506271506275,
    153.00355657414485,
    0.0,
    1039.3288940394352,
    217.70158175158176,
    0.0,
    0.0,
    0.0,
    557.2486188218384,
    173.60779886309228,
    444.3979686979685,
    89.67229216140646,
    27.411494061494054,
    187.96373626373622,
    109.33492063492066,
    51.74088212829632
  ],