{
  "assortativity": -0.09349043046665237,
  "betweenness_centrality": [
    556.2945965471316,
    401.5717191181155,
    559.6367725892374,
    534.909531719027,
    81.09188471226291,
    293.4805836195686,
    511.3057249931676,
    246.21001852128126,
    27.329131120975163,
    59.078214249982096,
    386.8186370175178,
    335.0845685329542,
    994.2392524178151,
    1546.0003926933966,
    325.6294322912385,
    134.79861671155513,
    76.83543828803593,
    162.26374921970927,
    211.22709180455445,
    268.8814223424982,
    625.3664691510647,
    485.72755158150454,
    63.693433536063175,
    175.87788568952703,
    58.89444230203939,
    25.217741231627556,
    41.63634006299625,
    396.2395228259061,
    105.18063027223991,
    23.749920730662097,
    13.436230856187024,
    103.69654034703105,
    133.05085244342902,
    131.76566756533808,
    151.8137963065225,
    59.98225710698518,
    10.671581177884546,
    6.926577477842829,
    12.87090205664042,
    283.2320294660048,
    194.89253992571076,
    37.85809057985176,
    68.31142100930941,
    312.7396969518077,
    494.16727728738584,
    80.17020021667571,
    65.44454776598126,
    33.641920123401356,
    52.32416059204323,
    114.62305748181714,
    143.58490465526074,
    154.88230226264307,
    145.06376436155728,
    8464.7021247202,
    9026.24111039581,
    5315.224166055025,
    4572.856905444219,
    1606.5346230012644,
    3383.2327627593063,
    2949.051612058405,
    3154.07558999799,
    390.59737274175177,
    351.76029723778964,
    469.6966732394354,
    489.5969717886014,
    394.96168377147364,
    775.5558517582172,
    802.5522808691517,
    1145.6711585928329,
    433.0054633593098,
    628.2401548947204,
    296.80962824998676,
    40.934663322877974,
    224.36250842084948,
    179.38758068352954,
    212.06678079398532,
    186.29751449468387,
    149.62083229225496,
    153.08361518692348,
    201.45967137206696,
    113.87805041466828,
    148.0415127423437,
    0.0,
    0.0,
    415.7735432232709,
    669.7955069260239,
    340.22997805457607,
    339.36395735818724,
    132.42516324867842,
    346.4088366903822,
    162.75913725655803,
    141.47653666929318,
    106.73818304839757,
    83.15050748040262,
    0.4290956790956791,
    123.7992981704252,
    253.85417459958043,
    247.78926850204348,
    93.5365402949121,
    377.4103696745928,
    182.31625402908165,
    37.764422439655824,
    67.74048939365653,
    62.835935823318096,
    441.47371621539855,
    363.33555396623524,
    153.47473221757224,
    43.73577623304395,
    32.27073379585937,
    55.102681339333714,
    2479.103615571543,
    135.51191952016396,
    606.9915485631543,
    319.7801209152448,
    211.65580308257185,
    618.3640127826375,
    863.3989126048941,
    238.61777298798924,
    304.6701336279836,
    40.081967056493525,
    84.28850982670149,
    229.25784041907602,
    36.481435697653986,
    104.15600452912643,
    70.18470257575255,
    146.43204710120975,
    49.23237765526676,
    138.2968784726577,
    284.02659727495126,
    125.13255251515204,
    223.52281643454296,
    62.365189713659085,
    95.73948010258997,
    116.435150617427,
    137.8825542655365,
    81.22079312832034,
    74.37131647846934,
    93.4487440116784,
    165.86464327206798,
    184.7090620836019,
    68.52375431372353,
    130.72976112188834,
    274.015988460093,
    112.8776803967303,
    116.06197256623337,
    12.434528933250075,
    135.07328065184092,
    92.6505996996523,
    106.9874626076784,
    100.37816938264122,
    118.64002176811188,
    179.23538179509734,
    410.3226151841738,
    238.63507693137805,
    217.49570725478017,
    185.6175694407421,
    189.41056039236796,
    32.444422806639814,
    2.0658063549624437,
    92.72422892499087,
    51.768015762126105,
    45.96909313222627,
    52.96581480558788,
    70.19920963909424,
    166.41565119217955,
    89.52560741571007,
    30.640240029633752,
    12.488893997702299,
    340.5111098351329,
    1.556644794485874,
    0.0,
    72.1969880995627,
    2711.519746570335,
    2415.532771727626,
    34.80570649226873,
    26.99700796549613,
    46.55356453854419,
    639.653130358203,
    870.5646102872788,
    538.5893715965049,
    597.13217063946,
    159.00252609346754,
    458.33246801046886,
    621.1020451019588,
    772.3339483179183,
    86.28632385832941,
    45.44078588440851,
    1052.9633255071783,
    1294.5688033303518,
    1174.7592038958262,
    1143.7102244473183,
    564.8257255926953,
    472.5526537656937,
    295.7149872673072,
    165.7459803641926,
    409.1127456932758,
    930.1780468133903,
    564.5534132526166,
    830.7951375627716,
    845.3897320507689,
    720.6330986272926,
    393.6616860297966,
    365.1839026326925,
    461.54792698627733,
    926.2957787289379,
    137.5529950920679,
    277.23009951988234,
    433.6947367501537,
    353.5963545383923,
    568.5833155680591,
    619.7188715578812,
    391.65506075140314,
    520.0939127359529,
    104.30049807311583,
    65.47549874171123,
    206.82249483396888,
    371.93928457877746,
    163.72195687772174,
    80.70819033220808,
    781.5414601391947,
    547.522584659422,
    68.71521125482676,
    47.192637467416816,
    118.98944248416078,
    230.9647193600636,
    150.4794554822752,
    97.21872887581452,
    114.12249031523761,
    93.2899090226276,
    88.8807084536639,
    124.53639898864553,
    129.88417735722547,
    33.17172544136861,
    13.379407615151225,
    24.6722668969587,
    27.626800954981224,
    6.0570014419286515,
    27.634373466244284,
    81.8549996796091,
    82.59386416957007,
    259.8986538721788,
    203.82555412474477,
    74.56305066402949,
    108.22423808234277,
    266.7244789432638,
    569.3923038256454,
    240.31407047578878,
    254.31456863163064,
    22.7264553484631,
    65.83509115838179,
    29.738833647346787,
    30.746198968111173,
    98.15908070597447,
    194.1679714886163,
    157.06127746283696,
    206.14915298328975,
    107.74197467633665,
    49.68912599369332,
    142.02960664221112,
    120.70208558672282,
    70.07892327980905,
    7.044344372853917,
    110.71100368399459,
    333.0354701042414,
    133.1985806890739,
    200.51672620217684,
    127.23014503123103,
    49.99450668254608,
    31.332059173556374,
    144.71400051863245,
    100.96027766571632,
    220.04757642855233,
    525.9207285876302,
    99.58872778526768,
    60.8481939657136,
    194.83769168288674,
    30.725574420241564,
    141.23444515980225,
    50.571802517617456,
    76.95924733092846,
    29.211729215603352,
    93.8761213229993,
    316.4765880769732,
    162.9450487684219,
    374.57945497989596,
    588.0579818877413,
    55.842832576291826,
    52.78801520600612,
    0.0,
    345.2423921792828,
    38.93357558201069,
    7.967409457402809,
    19.809665274165802,
    178.0479783823344,
    307.0081858272882,
    278.33716499507165,
    193.26222561819552,
    550.813610910808,
    216.5583154398349,
    38.98912014989677,
    5.373830194010611,
    9.167824444617816
  ],