{
  "assortativity": -0.22543776231854215,
  "betweenness_centrality": 286.15231788079467,
  "degree_distribution": [
    [
      4.0,
      1
    ],
    [
      7.0,
      2
    ],
    [
      8.0,
      2
    ],
    [
      10.0,
      4
    ],
    [
      11.0,
      2
    ],
    [
      12.0,
      2
    ],
    [
      13.0,
      5
    ],
    [
      14.0,
      4
    ],
    [
      15.0,
      6
    ],
    [
      16.0,
      12
    ],
    [
      17.0,
      6
    ],
    [
      18.0,
      11
    ],
    [
      19.0,
      9
    ],
    [
      20.0,
      10
    ],
    [
      21.0,
      15
    ],
    [
      22.0,
      16
    ],
    [
      23.0,
      15
    ],
    [
      24.0,
      11
    ],
    [
      25.0,
      15
    ],
    [
      26.0,
      8
    ],
    [
      27.0,
      8
    ],
    [
      28.0,
      11
    ],
    [
      29.0,
      7
    ],
    [
      30.0,
      5
    ],
    [
      31.0,
      11
    ],
    [
      32.0,
      8
    ],
    [
      33.0,
      6
    ],
    [
      34.0,
      7
    ],
    [
      35.0,
      7
    ],
    [
      36.0,
      4
    ],
    [
      37.0,
      2
    ],
    [
      38.0,
      3
    ],
    [
      39.0,
      5
    ],
    [
      40.0,
      3
    ],
    [
      41.0,
      3
    ],
    [
      42.0,
      4
    ],
    [
      43.0,
      2
    ],
    [
      44.0,
      3
    ],
    [
      45.0,
      4
    ],
    [
      46.0,
      2
    ],
    [
      47.0,
      1
    ],
    [
      48.0,
      2
    ],
    [
      50.0,
      2
    ],
    [
      52.0,
      2
    ],
    [
      53.0,
      1
    ],
    [
      54.0,
      2
    ],
    [
      56.0,
      1
    ],
    [
      57.0,
      1
    ],
    [
      59.0,
      1
    ],
    [
      63.0,
      3
    ],
    [
      64.0,
      1
    ],
    [
      65.0,
      2
    ],
    [
      69.0,
      1
    ],
    [
      78.0,
      1
    ],
    [
      84.0,
      2
    ],
    [
      98.0,
      1
    ],
    [
      99.0,
      1
    ],
    [
      104.0,
      2
    ],
    [
      109.0,
      1
    ],
    [
      112.0,
      1
    ],
    [
      114.0,
      1
    ],
    [
      123.0,
      1
    ],
    [
      130.0,
      1
    ],
    [
      132.0,
      1
    ],
    [
      166.0,
      2
    ],
    [
      169.0,
      1
    ],
    [
      174.0,
      1
    ],
    [
      175.0,
      1
    ],
    [
      176.0,
      1
    ],
    [
      179.0,
      2
    ]
  ],
  "density": 0.11636707663197729,
  "global_efficiency": 0.5466143025822681,
  "mean_clustering": 0.4684738938047112,
  "modularity": 0.2018001973006749,
  "path_length": 1.9442129731152142,
  "small_worldness": 0.99955892979099,
  "transitivity": 0.2784852270637402
}