{
  "assortativity": -0.2273243929203712,
  "betweenness_centrality": [
    217.100771411063,
    167.28685479890663,
    5604.381649156647,
    4601.475352512788,
    1753.6415936686603,
    1691.0966825874036,
    161.08629079520813,
    157.80542880576334,
    31.54324235413492,
    27.71780086151731,
    79.05384270194577,
    30.633017677102846,
    318.1479458719193,
    340.87000098525874,
    59.753745130214874,
    155.6182135686524,
    42.75346419599808,
    56.10391599089315,
    92.84008307674736,
    65.062158464592,
    214.5060629085453,
    102.40756424809067,
    37.68574152116831,
    57.79449341877732,
    29.489007003971743,
    13.718911868304888,
    33.22524345964582,
    54.155028966706766,
    23.215513327966388,
    20.062480169927863,
    97.72650837455696,
    18.172327150170265,
    6.991822295300389,
    12.360307884534592,
    5.191567403988328,
    6.739119258729849,
    6.490491002415148,
    6.301010115719652,
    4.509685497828479,
    128.73685802523926,
    73.50441233016416,
    52.423181134180005,
    34.45049787179023,
    128.85738918733242,
    159.37714978267664,
    63.03297140426137,
    42.68709742440989,
    30.671154879057735,
    1.2954162439791252,
    22.136053365511774,
    91.72070945312197,
    44.74145606702799,
    33.593504871250694,
    1699.2452032840645,
    1463.8410227905463,
    859.5848158859028,
    1407.0082283970999,
    388.0783874150645,
    545.9448944251047,
    562.3175272181053,
    661.2087781486194,
    245.87439568521262,
    123.09182859998381,
    143.71679299057334,
    249.4609635476909,
    399.18728030443236,
    326.90670207701413,
    200.08623648854612,
    218.14862199890402,
    99.29597868161888,
    428.9557767469989,
    78.03171106676795,
    11.579360942965668,
    45.012077822283736,
    110.6945071912095,
    53.618484760250496,
    34.08103355928226,
    33.84872021197606,
    78.23392501444077,
    33.21650638213957,
    79.21501549306788,
    88.95482237970813,
    0.0,
    0.0,
    5097.530682017248,
    4779.010738409627,
    4807.73833008142,
    5496.1122103040125,
    14.962941365512522,
    38.82835895265489,
    37.48941197378615,
    15.264728012951807,
    32.84101808768762,
    9.773938924645439,
    26.587269440452765,
    190.3362694665762,
    43.5865968707174,
    21.44710440524999,
    27.651263311548437,
    69.24052707734378,
    43.273175887831826,
    18.754901171671015,
    16.068690554210143,
    89.67440196614098,
    212.77693650505918,
    111.9820430238269,
    22.442809401779922,
    14.263216391489772,
    65.92579311583616,
    281.3999191119663,
    918.4013267117714,
    11.465332395994556,
    407.84846741363094,
    27.928181702703107,
    19.597863120489453,
    1772.5531140161497,
    2802.686650706495,
    42.84786989017924,
    57.49286669053224,
    38.12333200266461,
    52.0914454218648,
    26.021570246849485,
    19.4260673889371,
    9.886897784231312,
    3.894483216053727,
    41.43090248248693,
    35.6175983120578,
    30.74926176726311,
    38.57896108935559,
    39.29963499902455,
    22.014047666568644,
    47.36054347270684,
    59.9415131710686,
    100.36001863215999,
    71.9728139979318,
    36.134583210863156,
    57.47831853757395,
    30.288315871322737,
    53.3823781390819,
    13.574619121820257,
    19.504523337717284,
    15.020018265152755,
    20.39604459116343,
    19.922398524223382,
    21.028544411960034,
    25.709106828227846,
    6.666394518519882,
    4.848980233028827,
    29.93942896103632,
    1517.4168840908796,
    1392.9827687346353,
    55.70153058249697,
    153.14576694620482,
    23.138921495460192,
    47.32630751754004,
    48.33440107283258,
    33.65554619224096,
    71.00811959495474,
    5.654085027807953,
    4044.3451924512733,
    3680.0615082753193,
    24.886863632562097,
    32.97606788958029,
    52.18092206041123,
    58.231207835477996,
    47.57809151020027,
    22.882118467307436,
    6.213646382042581,
    6.615446554812315,
    59.03858947523424,
    10.32374337143637,
    53.82290697445069,
    473.01782857587534,
    467.7296964766666,
    41.545705747860424,
    25.270847736757197,
    2.954026938475945,
    63.12734110007365,
    361.1695235922903,
    237.85692465523172,
    417.9255999406643,
    181.1380791387023,
    395.34329078348844,
    570.7276830183661,
    698.6374512121264,
    22.77257211406763,
    14.793751725684483,
    273.98081894498165,
    368.32659594077086,
    227.3109653634165,
    200.44032589744168,
    464.88682313414694,
    514.9130911814493,
    140.93504275938247,
    19.83189471470218,
    105.0003171781717,
    192.54225703830542,
    177.10112219596311,
    267.5428726093573,
    2302.263512149585,
    2120.795123496311,
    98.97847587243055,
    116.97213328799727,
    133.20192102849367,
    104.69265374351691,
    51.39681468465552,
    47.763317616541485,
    154.46021737876785,
    109.46431967113934,
    137.1351377711424,
    129.20747869668037,
    157.56427348457734,
    210.85411946911907,
    80.22791396863832,
    91.90013986050076,
    87.58763287609281,
    161.6850733913192,
    62.741331599207335,
    26.05489394564407,
    251.18853948887832,
    148.1563936059439,
    98.26797961842684,
    46.85217879549127,
    85.4389711408758,
    52.55458231422002,
    147.275791163745,
    55.35879160685617,
    24.23554180376393,
    8.62872823158051,
    5.3966338626483985,
    42.2227439796177,
    54.21870420664446,
    44.219221954922546,
    66.92412744376321,
    33.29365784594361,
    32.42405909377978,
    51.63156718069781,
    25.365182069990116,
    129.85590100788988,
    97.35705167307043,
    69.68104544432205,
    68.8588805992603,
    74.34085599319832,
    60.56487616976544,
    80.75455483634921,
    72.73269854080644,
    90.86133197138874,
    43.4537325203881,
    5.417386689497719,
    5.2440920340680455,
    25.235774044445265,
    26.047370386677336,
    69.06198194675481,
    87.35847124637915,
    99.6822026690779,
    127.54624669335668,
    30.66920027197352,
    85.30630079505039,
    52.309781785420256,
    67.08450847367544,
    14.191040542131615,
    34.36387252264052,
    76.4884069211891,
    88.76542540316476,
    43.50513197505643,
    45.89465142562585,
    22.87698642762399,
    12.153977275913377,
    32.64373156181696,
    13.357899901603677,
    18.724343926949427,
    20.786178770350187,
    70.60977002956032,
    12.683147148008075,
    55.80907034125134,
    50.14772076278671,
    17.362004912592468,
    46.57319938531877,
    8.800067542199486,
    26.56740506095024,
    12.102146734272036,
    12.430805554814599,
    9.080462204624691,
    17.342628969258627,
    22.52560765202341,
    79.13618079436733,
    4.564457588530933,
    24.41120145168443,
    6.3997083325716835,
    105.89679826143815,
    15.222575315950492,
    144.6019682795164,
    213.80524321325785,
    191.9437309709165,
    93.51383413731263,
    77.2815361058755,
    92.64079041903287,
    110.86042927257577,
    113.85162767005049,
    53.26409155781767,
    16.522644729558735,
    49.10020118179882
  ],