{
  "assortativity": -0.2273243929203712,
  "betweenness_centrality": 285.7549668874172,
  "degree_distribution": [
    [
      4.0,
      1
    ],
    [
      7.0,
      2
    ],
    [
      8.0,
      2
    ],
    [
      10.0,
      5
    ],
    [
      11.0,
      1
    ],
    [
      12.0,
      3
    ],
    [
      13.0,
      4
    ],
    [
      14.0,
      5
    ],
    [
      15.0,
      5
    ],
    [
      16.0,
      14
    ],
    [
      17.0,
      7
    ],
    [
      18.0,
      8
    ],
    [
      19.0,
      10
    ],
    [
      20.0,
      9
    ],
    [
      21.0,
      13
    ],
    [
      22.0,
      22
    ],
    [
      23.0,
      9
    ],
    [
      24.0,
      14
    ],
    [
      25.0,
      12
    ],
    [
      26.0,
      9
    ],
    [
      27.0,
      9
    ],
    [
      28.0,
      8
    ],
    [
      29.0,
      10
    ],
    [
      30.0,
      9
    ],
    [
      31.0,
      8
    ],
    [
      32.0,
      8
    ],
    [
      33.0,
      5
    ],
    [
      34.0,
      7
    ],
    [
      35.0,
      8
    ],
    [
      36.0,
      5
    ],
    [
      37.0,
      1
    ],
    [
      38.0,
      5
    ],
    [
      39.0,
      5
    ],
    [
      40.0,
      3
    ],
    [
      41.0,
      2
    ],
    [
      42.0,
      2
    ],
    [
      43.0,
      4
    ],
    [
      44.0,
      2
    ],
    [
      45.0,
      3
    ],
    [
      46.0,
      2
    ],
    [
      47.0,
      2
    ],
    [
      48.0,
      1
    ],
    [
      50.0,
      1
    ],
    [
      51.0,
      2
    ],
    [
      52.0,
      3
    ],
    [
      54.0,
      1
    ],
    [
      55.0,
      1
    ],
    [
      57.0,
      1
    ],
    [
      58.0,
      1
    ],
    [
      62.0,
      2
    ],
    [
      63.0,
      1
    ],
    [
      64.0,
      1
    ],
    [
      65.0,
      2
    ],
    [
      68.0,
      1
    ],
    [
      77.0,
      1
    ],
    [
      83.0,
      1
    ],
    [
      85.0,
      1
    ],
    [
      98.0,
      1
    ],
    [
      99.0,
      1
    ],
    [
      102.0,
      1
    ],
    [
      104.0,
      1
    ],
    [
      110.0,
      1
    ],
    [
      112.0,
      1
    ],
    [
      114.0,
      1
    ],
    [
      125.0,
      1
    ],
    [
      128.0,
      1
    ],
    [
      130.0,
      1
    ],
    [
      164.0,
      1
    ],
    [
      166.0,
      1
    ],
    [
      170.0,
      1
    ],
    [
      172.0,
      1
    ],
    [
      174.0,
      1
    ],
    [
      175.0,
      1
    ],
    [
      179.0,
      1
    ],
    [
      182.0,
      1
    ]
  ],
  "density": 0.11528899254141824,
  "global_efficiency": 0.5468728227468409,
  "mean_clustering": 0.4456672441593221,
  "modularity": 0.20567123492220735,
  "path_length": 1.9428972413490637,
  "small_worldness": 0.9974150881243888,
  "transitivity": 0.26349312772376804
}