{
  "assortativity": -0.22786294729506548,
  "betweenness_centrality": 285.7218543046357,
  "degree_distribution": [
    [
      4.0,
      1
    ],
    [
      7.0,
      2
    ],
    [
      8.0,
      2
    ],
    [
      10.0,
      4
    ],
    [
      11.0,
      2
    ],
    [
      12.0,
      3
    ],
    [
      13.0,
      3
    ],
    [
      14.0,
      4
    ],
    [
      15.0,
      6
    ],
    [
      16.0,
      10
    ],
    [
      17.0,
      11
    ],
    [
      18.0,
      10
    ],
    [
      19.0,
      8
    ],
    [
      20.0,
      12
    ],
    [
      21.0,
      12
    ],
    [
      22.0,
      16
    ],
    [
      23.0,
      16
    ],
    [
      24.0,
      10
    ],
    [
      25.0,
      16
    ],
    [
      26.0,
      7
    ],
    [
      27.0,
      6
    ],
    [
      28.0,
      10
    ],
    [
      29.0,
      8
    ],
    [
      30.0,
      12
    ],
    [
      31.0,
      7
    ],
    [
      32.0,
      7
    ],
    [
      33.0,
      6
    ],
    [
      34.0,
      7
    ],
    [
      35.0,
      8
    ],
    [
      36.0,
      5
    ],
    [
      38.0,
      6
    ],
    [
      39.0,
      4
    ],
    [
      40.0,
      3
    ],
    [
      41.0,
      1
    ],
    [
      42.0,
      6
    ],
    [
      43.0,
      2
    ],
    [
      44.0,
      4
    ],
    [
      45.0,
      3
    ],
    [
      46.0,
      1
    ],
    [
      47.0,
      1
    ],
    [
      48.0,
      2
    ],
    [
      51.0,
      2
    ],
    [
      52.0,
      2
    ],
    [
      53.0,
      2
    ],
    [
      54.0,
      1
    ],
    [
      55.0,
      1
    ],
    [
      57.0,
      1
    ],
    [
      59.0,
      1
    ],
    [
      63.0,
      2
    ],
    [
      64.0,
      2
    ],
    [
      65.0,
      2
    ],
    [
      68.0,
      1
    ],
    [
      78.0,
      1
    ],
    [
      84.0,
      1
    ],
    [
      85.0,
      1
    ],
    [
      98.0,
      1
    ],
    [
      99.0,
      1
    ],
    [
      104.0,
      2
    ],
    [
      111.0,
      1
    ],
    [
      112.0,
      1
    ],
    [
      114.0,
      1
    ],
    [
      125.0,
      1
    ],
    [
      130.0,
      1
    ],
    [
      132.0,
      1
    ],
    [
      164.0,
      1
    ],
    [
      166.0,
      1
    ],
    [
      170.0,
      1
    ],
    [
      173.0,
      1
    ],
    [
      176.0,
      1
    ],
    [
      177.0,
      1
    ],
    [
      180.0,
      1
    ],
    [
      181.0,
      1
    ]
  ],
  "density": 0.11649908692878044,
  "global_efficiency": 0.5468966579393193,
  "mean_clustering": 0.4703302021563679,
  "modularity": 0.17351500931974778,
  "path_length": 1.9427875970352178,
  "small_worldness": 1.0043030686511236,
  "transitivity": 0.27791382546433513
}