{
  "assortativity": -0.22729321032977695,
  "betweenness_centrality": [
    227.2809593692223,
    155.1948662871177,
    5370.5960010651515,
    4679.882255737185,
    1616.0286754709273,
    1827.9769348056668,
    160.3569689419339,
    150.7784345725894,
    30.865387258913547,
    29.11403671741451,
    80.70768339973353,
    30.316381252111626,
    325.7750829252893,
    330.5257417199153,
    62.70949543830262,
    166.73768784086496,
    43.29231087779879,
    52.01364032289238,
    94.61522609193976,
    64.63985354207044,
    208.9863737414416,
    104.21789899507245,
    38.30000461372396,
    59.58743905595468,
    30.516959729122643,
    16.365982883625907,
    31.981391944561686,
    54.07087136342013,
    20.40527688197054,
    19.980247076521515,
    111.101349375561,
    15.942795163318404,
    7.48896188922105,
    12.279769261540599,
    4.831260234256211,
    7.07416852998447,
    5.539696181890831,
    5.609949840662102,
    4.46080966049291,
    135.1277386853038,
    76.27739899456182,
    52.29446829042583,
    33.949084487236114,
    114.65679972750868,
    158.90370353855528,
    61.76806105636594,
    42.97650466773249,
    30.530028352507355,
    1.3898017139900787,
    16.36905553077368,
    99.33599987612119,
    40.91876338754238,
    33.80839440231876,
    1644.9187710462386,
    1451.7893259330938,
    867.1516113947853,
    1410.708549437813,
    381.05199922418706,
    519.8939703793732,
    554.8521280687072,
    645.9902465402483,
    234.82226453949912,
    115.33247578634277,
    144.72451191647397,
    248.38497489669024,
    405.15475164804343,
    321.61666474546365,
    199.89624061507442,
    214.00070034101012,
    96.306972191221,
    386.55379136041694,
    84.793879331922,
    10.611309294134074,
    45.285003549128355,
    103.59846048288212,
    52.59708013541897,
    35.91505297185432,
    37.66695880365203,
    80.28075865260793,
    31.238590595048716,
    71.11690303899502,
    80.51018063369845,
    0.0,
    0.0,
    5444.6067039624095,
    4889.95769650687,
    4858.752987213972,
    5290.656524791951,
    18.25264726298347,
    37.58220605281596,
    37.280286416235086,
    17.675587690230298,
    33.49762387482187,
    9.56331072136281,
    25.8455690385023,
    192.31977739665732,
    43.70170303667563,
    19.56338010898579,
    27.673400388837667,
    71.05987349336365,
    43.802318545378355,
    20.211478402528755,
    16.990962831791276,
    84.94987049429147,
    199.83130423577788,
    112.88375140104125,
    19.565714174957638,
    23.162851444717656,
    61.22429366809817,
    289.4516277068492,
    926.7203139010272,
    11.958128137901289,
    424.5486174286082,
    27.020184380869146,
    19.091029892559312,
    1684.251487271081,
    2808.8362850025164,
    43.09188490326074,
    61.927460902609646,
    38.83839288637322,
    46.98677973505326,
    26.555646068457882,
    18.759562049122202,
    9.748356310515563,
    5.68506297585298,
    40.65870793721896,
    41.01527388734922,
    31.521650873146566,
    42.11623778447675,
    38.99546923705311,
    29.34101633186447,
    55.64222473471196,
    63.383134840122146,
    93.94199734540003,
    68.26940600307871,
    36.47887079955876,
    47.088361776565584,
    30.279032656579815,
    53.30646780356142,
    13.417031131609644,
    24.13150684902336,
    16.684604852675907,
    21.537719219719662,
    20.707916528495335,
    22.024325065559424,
    24.58825124569722,
    7.915040104845255,
    4.526140376132092,
    26.30911841038502,
    1490.928912721299,
    1406.4311247248816,
    52.39165934196232,
    136.63046706765172,
    23.146238300528363,
    44.09028587407966,
    42.78286076912108,
    33.989768248358736,
    70.13028565613034,
    5.631586416675274,
    3600.839039330407,
    4136.120257277042,
    23.915684945657457,
    31.65234523931402,
    53.952794221662295,
    56.45282137000546,
    50.54619819924504,
    22.857952579525854,
    6.09591071730166,
    6.520508164082328,
    57.37933644686564,
    10.468743199782741,
    58.53404854633443,
    483.95737611525783,
    461.16173792360763,
    43.0983877263266,
    25.106319949430606,
    2.77972342848172,
    64.21077405829097,
    363.7443858045774,
    237.48237300674685,
    419.1618152037781,
    186.24729925525614,
    376.6817511678724,
    555.7157593785196,
    703.3189824199819,
    23.240538001126417,
    14.83921220088959,
    266.67539458733023,
    372.2345136123192,
    228.6515491406367,
    184.68070611686977,
    437.5638443087608,
    472.2558805622012,
    139.55907724505312,
    19.91268220339617,
    108.00300092605171,
    187.85992048850815,
    167.09049372022943,
    267.2896268515452,
    2254.2120716270124,
    2386.044981783889,
    104.9203369677837,
    113.75894847307897,
    134.21490616092495,
    115.3184822406923,
    47.93254580857543,
    46.787840618892574,
    159.86245337828743,
    112.80468438731555,
    145.05688424176282,
    125.27783642935253,
    150.4962773954783,
    208.63587658950266,
    78.68228320230065,
    97.53702900484959,
    84.95475269473665,
    173.00977541047328,
    61.23549868369609,
    23.087478622114254,
    261.25570123426905,
    144.45989631312233,
    93.06074557750088,
    50.71278846189055,
    81.32534839379367,
    49.49603608484003,
    141.41962658074948,
    62.80973550395222,
    24.347374870973923,
    8.554184683789927,
    5.312027476077921,
    40.734101337603725,
    53.812935787104486,
    43.94039414066705,
    54.72207066905232,
    35.16339954226167,
    32.49751944326282,
    55.78793235187287,
    28.15563408681754,
    128.34960300048056,
    88.32931438176976,
    68.56004632331555,
    69.89376983880572,
    75.75472435842471,
    59.78700436944012,
    74.68475890738056,
    72.65869720653244,
    88.58681120562461,
    44.567027683592585,
    7.23377002124949,
    5.719142501517043,
    26.759530546321646,
    25.52569797224642,
    67.08462732336783,
    88.1733287676755,
    108.3694489818697,
    124.27413521992774,
    32.27345294320947,
    78.71010960097854,
    49.335954738053715,
    65.26698533171638,
    12.225401888635208,
    29.75688514713133,
    74.46626221817544,
    87.05199291949744,
    46.141713267337856,
    45.13638820300996,
    22.30364016478849,
    12.056851045904116,
    31.648435657338087,
    13.289328685836502,
    18.04735058273748,
    20.617638992615497,
    70.78740546296677,
    9.633891314536307,
    56.86765909609129,
    49.27651856504787,
    17.514587400935053,
    47.60441379168237,
    5.730165284425518,
    23.8279488353171,
    9.859824503644418,
    9.797806341846238,
    7.500329252639611,
    18.271999677354508,
    24.542542238835626,
    80.06836796440466,
    4.7180585245878905,
    25.62574540631218,
    6.4477087383961305,
    108.02201511965539,
    15.457889929096737,
    146.61462378448792,
    211.8960162690493,
    198.72164257511383,
    94.05145975782712,
    80.57645308075585,
    94.26795247558286,
    112.17347723076816,
    111.91451788448697,
    48.4341731040067,
    15.710228063909094,
    46.85348848134485
  ],