{
  "assortativity": -0.22581548274973626,
  "betweenness_centrality": 286.2980132450331,
  "degree_distribution": [
    [
      4.0,
      1
    ],
    [
      7.0,
      2
    ],
    [
      8.0,
      2
    ],
    [
      10.0,
      5
    ],
    [
      11.0,
      1
    ],
    [
      12.0,
      3
    ],
    [
      13.0,
      3
    ],
    [
      14.0,
      4
    ],
    [
      15.0,
      9
    ],
    [
      16.0,
      12
    ],
    [
      17.0,
      9
    ],
    [
      18.0,
      6
    ],
    [
      19.0,
      11
    ],
    [
      20.0,
      8
    ],
    [
      21.0,
      15
    ],
    [
      22.0,
      19
    ],
    [
      23.0,
      13
    ],
    [
      24.0,
      11
    ],
    [
      25.0,
      11
    ],
    [
      26.0,
      10
    ],
    [
      27.0,
      12
    ],
    [
      28.0,
      7
    ],
    [
      29.0,
      7
    ],
    [
      30.0,
      9
    ],
    [
      31.0,
      11
    ],
    [
      32.0,
      7
    ],
    [
      33.0,
      5
    ],
    [
      34.0,
      8
    ],
    [
      35.0,
      6
    ],
    [
      36.0,
      5
    ],
    [
      38.0,
      5
    ],
    [
      39.0,
      6
    ],
    [
      40.0,
      3
    ],
    [
      41.0,
      1
    ],
    [
      42.0,
      3
    ],
    [
      43.0,
      4
    ],
    [
      44.0,
      2
    ],
    [
      45.0,
      3
    ],
    [
      46.0,
      3
    ],
    [
      47.0,
      1
    ],
    [
      48.0,
      1
    ],
    [
      50.0,
      2
    ],
    [
      52.0,
      3
    ],
    [
      53.0,
      1
    ],
    [
      55.0,
      2
    ],
    [
      57.0,
      1
    ],
    [
      58.0,
      1
    ],
    [
      62.0,
      2
    ],
    [
      63.0,
      1
    ],
    [
      64.0,
      2
    ],
    [
      65.0,
      1
    ],
    [
      67.0,
      1
    ],
    [
      78.0,
      1
    ],
    [
      84.0,
      1
    ],
    [
      85.0,
      1
    ],
    [
      98.0,
      1
    ],
    [
      99.0,
      1
    ],
    [
      103.0,
      2
    ],
    [
      111.0,
      1
    ],
    [
      112.0,
      2
    ],
    [
      121.0,
      1
    ],
    [
      131.0,
      1
    ],
    [
      132.0,
      1
    ],
    [
      162.0,
      1
    ],
    [
      165.0,
      1
    ],
    [
      169.0,
      1
    ],
    [
      171.0,
      1
    ],
    [
      172.0,
      1
    ],
    [
      174.0,
      1
    ],
    [
      176.0,
      1
    ],
    [
      181.0,
      1
    ]
  ],
  "density": 0.11504697366394578,
  "global_efficiency": 0.5464914596671874,
  "mean_clustering": 0.4458545080292473,
  "modularity": 0.21260252513665476,
  "path_length": 1.944695408096136,
  "small_worldness": 0.9969064915628756,
  "transitivity": 0.26515723917523787
}