{
  "assortativity": -0.22644417067245098,
  "betweenness_centrality": [
    228.74156531543773,
    163.16038820370554,
    5184.149018354594,
    4711.984148971445,
    1704.1570829030738,
    1715.826160327223,
    161.74881937324704,
    153.5646441052933,
    33.445486365587946,
    28.00471164559158,
    77.28154718121957,
    29.175476393566793,
    321.50968828951994,
    345.75097465719284,
    65.26172120992537,
    162.33245133196513,
    42.66318534981016,
    57.97799954082562,
    96.99094407101066,
    67.61103587226232,
    201.76514925998444,
    102.74559488451285,
    37.500921948774206,
    66.61123722253129,
    29.24934981461701,
    15.71846974717315,
    32.06781636111554,
    53.542085238766056,
    22.213459610845668,
    19.95370822356424,
    106.08742955120738,
    18.403352796605507,
    7.865695756894355,
    13.446185474191868,
    4.523467844082015,
    6.371009996068725,
    5.543256273844914,
    5.936324434977607,
    4.321721696693954,
    133.72941199572503,
    74.01871132450998,
    53.74736563843493,
    31.71496977801202,
    113.126286490189,
    155.3321665024172,
    61.48335105509963,
    40.09350023327439,
    29.07275493715939,
    1.575807830043199,
    20.02738045963854,
    103.73942745888353,
    41.58345140834099,
    32.540466317789765,
    1679.0003987334399,
    1445.34930655983,
    869.1857939622896,
    1395.1111485634387,
    391.3790824453544,
    530.5716464167584,
    560.2795910539013,
    643.9933204707962,
    246.7778241912609,
    114.62143832181435,
    142.753224859446,
    245.62967143201692,
    401.78454892038167,
    297.3843740655844,
    205.68410147573306,
    206.18178241548264,
    99.43803409982092,
    397.37719445961454,
    78.5101708477875,
    11.440992786787035,
    44.70113511048497,
    113.10321200970381,
    58.808468993807075,
    36.171052455608745,
    35.934810749700745,
    83.94662487183386,
    33.05343562274957,
    76.48284873801894,
    78.35299702719637,
    0.0,
    0.0,
    5318.0458570114915,
    5147.741068074528,
    4492.070617696231,
    4834.665075016882,
    16.9556796391618,
    37.529396797147136,
    37.38163460452849,
    17.40619302002786,
    30.873148642903537,
    9.478447492686252,
    26.550037186442523,
    187.91863195180525,
    42.81578917863193,
    18.993311851878094,
    27.128914120817097,
    66.25188157051991,
    40.60225704136625,
    17.73980192950562,
    16.74817310993947,
    90.61360379710848,
    206.84606109681724,
    126.95798873784008,
    19.36664324610249,
    14.987631023070769,
    62.51329932208026,
    279.9044510385229,
    922.1772427529922,
    10.888072553765456,
    414.6817901233666,
    27.666592731657783,
    18.824752132201326,
    1943.0517060235884,
    2804.218983438029,
    40.263156085152566,
    56.725282695111915,
    36.12303014982556,
    49.86319298917911,
    24.343381005069368,
    25.71909928933579,
    9.980313865725654,
    8.040684613098142,
    44.650728420482935,
    37.86209226496404,
    28.44240324089427,
    37.679524069656665,
    37.84923045427323,
    23.352366698407266,
    54.58920669134209,
    54.80889831954597,
    93.9879696982233,
    73.29277184677062,
    37.32780055087511,
    51.8703845107571,
    27.982565260171505,
    53.3214174010665,
    17.202463401934867,
    22.54478376665263,
    18.365263774963978,
    18.803617370465442,
    21.664199694694158,
    18.231287195858343,
    30.615767379443977,
    6.7940289031327366,
    5.325295889418189,
    29.676384579551954,
    1375.3811767469783,
    1459.9926084478689,
    55.683425823218286,
    138.10723027865396,
    23.748476093278178,
    46.863744055990196,
    45.87163804295303,
    31.85146393148206,
    71.03617784602405,
    5.670861060936051,
    4247.841262926941,
    4162.2837106015495,
    22.585639421792298,
    34.88201304919084,
    57.19703273858305,
    57.901258180042156,
    52.646304148756315,
    21.58281996522579,
    9.854609330482328,
    8.757622456949766,
    59.15730592938215,
    9.870579350191012,
    56.2110575435376,
    474.7533261541801,
    464.21872835803504,
    44.029809867144806,
    25.506061210174096,
    2.6669140713770085,
    63.85367162153463,
    354.4149777000009,
    236.08040407956597,
    431.2013379101402,
    187.1293220905419,
    393.6890184498229,
    547.4465603499343,
    702.93541483428,
    22.319521206314718,
    15.2634566870906,
    279.5613230502638,
    352.5910948782816,
    231.95407425706003,
    196.16404295178992,
    449.64285700420965,
    472.1490436313043,
    140.61304524242584,
    20.063776554761947,
    107.03441438669788,
    196.86049575940223,
    174.48621453296266,
    276.1112444893156,
    2299.7968313806728,
    2208.636396422865,
    104.36283624644784,
    114.92245177563755,
    138.38618018075917,
    110.47265303741598,
    51.004123536968926,
    45.05030150354265,
    156.84462963913919,
    115.85110492759098,
    138.92396765493532,
    134.81672007165423,
    147.31128615851813,
    214.42427807149997,
    77.63779014940283,
    87.63532470110802,
    84.59178137400995,
    168.54844898241868,
    64.55272488507205,
    21.280521805408416,
    255.02985085742478,
    146.13121021798383,
    90.28631467620187,
    53.21756804537488,
    81.81530324682481,
    51.17246777686357,
    140.24228727988927,
    61.44907069621187,
    25.298383716444043,
    8.409741022635833,
    6.171493548077443,
    43.10096751929973,
    53.98028984572685,
    47.02069859644396,
    58.88663384933514,
    35.81318761727814,
    30.65381367391985,
    48.867481514748285,
    29.415327258996232,
    136.42925157945086,
    92.34346931710473,
    70.92551595271085,
    67.4559065829535,
    73.56082350034252,
    58.74201953422802,
    79.76769313015879,
    68.85088377515964,
    89.60024336135055,
    49.00043150996056,
    6.036996453122005,
    5.567778465429269,
    25.136579881927464,
    26.71651426106684,
    73.36921879725858,
    86.21792473769241,
    102.68375376738814,
    124.30543854224267,
    29.895993507832998,
    81.06830943468681,
    50.10418090783838,
    63.983780567312785,
    14.549874802266347,
    33.30939801702643,
    73.15456681193889,
    92.47549695447822,
    45.049242549134966,
    44.83057771742335,
    25.53165817864342,
    13.818259237650564,
    33.23586836693926,
    14.948035801945247,
    18.50725870570455,
    18.67572819758505,
    66.08944405173868,
    10.609565077662872,
    51.25051968579954,
    47.35861319080613,
    18.415516209415674,
    46.8160339932057,
    7.1036967679883976,
    24.017750656180166,
    10.068976817477653,
    9.838571112234943,
    7.4627696740977525,
    17.935950151274003,
    23.709445362218936,
    80.26748873331789,
    4.454410503650822,
    24.627590991414806,
    6.288426775150522,
    107.0187195498398,
    16.227688660622892,
    142.9333226251766,
    212.05708190904537,
    198.2129662414585,
    100.02654290752913,
    75.99600904396542,
    91.62305192019565,
    112.64457737926439,
    112.36961952363264,
    48.67395627532057,
    16.98176058024065,
    50.45075323993589
  ],