{
  "assortativity": -0.22644945440166697,
  "betweenness_centrality": [
    218.96001815046813,
    153.5026406789028,
    5230.529259384668,
    4663.233280132658,
    1852.9922319732893,
    1827.9991910351966,
    163.70137297178923,
    146.849579435749,
    31.55873178784259,
    26.513590700489516,
    79.60956293453724,
    29.679666783817318,
    324.58176701468307,
    352.71982759829143,
    64.7820748119636,
    168.56238593421338,
    43.739415282396834,
    53.288606374698176,
    93.000146889417,
    70.50834103577137,
    213.37522267604598,
    112.62049125230776,
    38.91855032777572,
    61.17986966310669,
    30.658406865376136,
    15.502614806135213,
    32.490560915147974,
    51.96008685689704,
    23.92339349455728,
    19.28029970445953,
    103.0545945866737,
    17.93882354529869,
    6.74453128842161,
    12.789472716881784,
    5.213651469518198,
    7.643427577660722,
    6.604840573283595,
    6.1917996914552225,
    3.6823176065790575,
    135.74278720319234,
    75.87543132773723,
    54.85983605022469,
    36.53564511694368,
    120.51112461125055,
    155.1078696166615,
    61.67694598801138,
    42.72080464195162,
    28.763187718660657,
    1.5236741535356413,
    17.77586322466658,
    91.36511351764722,
    41.425421067945194,
    34.310548406122024,
    1666.3762294502503,
    1462.7239971077067,
    873.7046769222068,
    1407.5274812648581,
    392.083765942946,
    535.071283651342,
    562.1826526145671,
    655.6057991335788,
    231.01534264834012,
    120.3280700337509,
    141.69160501749099,
    239.99605470355107,
    402.6540375269001,
    330.4614024460903,
    211.04672451644106,
    211.87032023639145,
    98.12661030069076,
    404.16768197571577,
    80.84828102752338,
    11.193036744786296,
    44.506973044306754,
    106.66290879242501,
    56.0242502052988,
    38.74932961500756,
    33.58102513369976,
    77.10126103009416,
    31.191795190559176,
    76.29856497823306,
    84.34632972672274,
    0.0,
    0.0,
    4807.620880642736,
    4856.229043280263,
    4725.309324620496,
    5505.926337339275,
    16.027934233110134,
    36.94768853143521,
    35.15527957219248,
    15.438609758134774,
    33.631310579474516,
    9.413934289845194,
    25.047334164788985,
    187.58583812599645,
    44.96715473553209,
    20.043232079434603,
    28.682095308478075,
    75.39077511232293,
    42.84803267967667,
    19.05984190572896,
    14.739860324278615,
    88.58569620356342,
    215.22070258295383,
    114.41865024544408,
    19.774242680784194,
    13.531386284908669,
    62.96112158107877,
    280.48690602351877,
    939.0782761239971,
    11.19811406163923,
    416.3204160946425,
    27.90416331906116,
    19.03502157151299,
    1841.9948660589164,
    2840.8699882980422,
    42.82202537606543,
    57.014797660488,
    37.79887710188709,
    50.12800755746204,
    31.776744198681747,
    23.38731292218531,
    10.114286194506247,
    5.264292418920919,
    40.10877503928209,
    40.3154825363256,
    28.09480905789116,
    34.70434158592002,
    41.936228211815674,
    27.01076654649929,
    57.318062569800986,
    63.22104544153164,
    107.28477490631099,
    72.87473173350607,
    35.2132300055565,
    45.11859930803991,
    30.718104631227646,
    51.66040509290647,
    13.796673493019755,
    18.91328870311662,
    19.16463041745013,
    23.344498231713203,
    18.860896847915154,
    18.754371289017175,
    27.501942994419316,
    7.965463250419015,
    4.418262541081794,
    26.747354357426442,
    1319.1785830405142,
    1607.5926404904026,
    61.329533988645736,
    145.2290554459242,
    22.228512415052844,
    47.55555721985272,
    46.94199952479758,
    33.25433120710955,
    71.25015092052499,
    5.40154521418136,
    4145.173771297893,
    3942.850255337742,
    23.593311681641435,
    34.44023583623571,
    51.51375711197645,
    55.3464142147657,
    48.882898907863215,
    21.868160449451036,
    8.408565233895633,
    7.753829316628966,
    58.225326670102845,
    10.666804301047604,
    52.137030072663975,
    479.7896096583824,
    473.15346868357716,
    44.4388077229947,
    25.018072138414166,
    2.7252083492973322,
    63.894153067487466,
    359.7937776865182,
    236.06714100205764,
    407.52528187012837,
    184.27002195339767,
    385.34764394615144,
    567.4540316730939,
    723.2323408026863,
    22.151187501130615,
    14.841825776033028,
    271.9504698680299,
    353.93933123197803,
    229.5183324702995,
    193.82604461571265,
    401.0374310382971,
    527.9331434410299,
    158.5990587320695,
    20.59933400657008,
    102.70946707776054,
    192.9133635419447,
    172.7948266248228,
    268.9552354657249,
    2244.8303085526104,
    2166.7736524924153,
    105.27555512151102,
    118.52432441355484,
    135.07492613342882,
    114.2630436369121,
    50.02290016362194,
    46.33044568084716,
    159.39171561031387,
    113.3017179517848,
    135.0072059257915,
    139.98205998656087,
    143.03011776024303,
    224.66493835258248,
    77.93687322814553,
    93.13323149015858,
    85.70019430670828,
    162.89053267510363,
    61.51275064642126,
    19.429343533391002,
    255.99310712336884,
    141.38776270203869,
    98.39841738265675,
    53.62219321099862,
    85.82879346761706,
    49.95259204076098,
    142.92576173937258,
    63.241612956482406,
    23.41564506625338,
    8.149521921160654,
    6.871171343695034,
    42.74959668594936,
    54.023357244578975,
    41.62450641870422,
    56.8549073589421,
    33.14059220462881,
    33.133923410316356,
    53.52881053301077,
    27.019200674974677,
    129.82567640504342,
    84.50232087347555,
    72.3987115590185,
    70.03453984561601,
    74.09476159042467,
    59.42876840129984,
    73.98539145219381,
    70.64459069966509,
    85.98984848506909,
    45.6327042318607,
    6.735175280945343,
    5.582166663955723,
    28.17848140639719,
    25.229300006068456,
    71.35178514318928,
    88.14789709666432,
    103.9114566454932,
    126.07808297727229,
    32.32413232155463,
    83.77366457543866,
    49.4887360478539,
    61.844668834018435,
    12.81561080664433,
    34.52886847579731,
    75.03171609029249,
    93.49011661495896,
    42.63902849440442,
    45.80538007650918,
    21.052325183474064,
    12.329842542710587,
    34.40367839706634,
    12.202422498098208,
    17.550605111240866,
    20.618345933279336,
    66.87392415103915,
    11.478680840959477,
    51.02648836014586,
    52.2516036040548,
    18.14823513799807,
    45.91642776970348,
    6.7995296928949145,
    25.204644829116784,
    9.929931651967758,
    9.661809953041805,
    7.040365530031042,
    17.67949339845516,
    23.32472954310754,
    77.91993992995152,
    4.116415312093096,
    23.621415335424174,
    6.37547864829385,
    106.2420396795632,
    15.671185758779858,
    145.99077549141944,
    209.71129980526834,
    191.53947661537813,
    94.95591576663287,
    79.39374592246206,
    94.33578552712588,
    110.47250333135926,
    115.95015089722455,
    47.57156443532182,
    16.05911514954184,
    50.6348053824161
  ],