{
  "assortativity": -0.226666873423616,
  "betweenness_centrality": 286.00662251655626,
  "degree_distribution": [
    [
      4.0,
      1
    ],
    [
      7.0,
      2
    ],
    [
      8.0,
      2
    ],
    [
      10.0,
      5
    ],
    [
      11.0,
      1
    ],
    [
      12.0,
      4
    ],
    [
      13.0,
      2
    ],
    [
      14.0,
      4
    ],
    [
      15.0,
      9
    ],
    [
      16.0,
      11
    ],
    [
      17.0,
      9
    ],
    [
      18.0,
      6
    ],
    [
      19.0,
      11
    ],
    [
      20.0,
      8
    ],
    [
      21.0,
      12
    ],
    [
      22.0,
      26
    ],
    [
      23.0,
      11
    ],
    [
      24.0,
      10
    ],
    [
      25.0,
      12
    ],
    [
      26.0,
      8
    ],
    [
      27.0,
      9
    ],
    [
      28.0,
      10
    ],
    [
      29.0,
      8
    ],
    [
      30.0,
      9
    ],
    [
      31.0,
      11
    ],
    [
      32.0,
      6
    ],
    [
      33.0,
      5
    ],
    [
      34.0,
      6
    ],
    [
      35.0,
      7
    ],
    [
      36.0,
      7
    ],
    [
      38.0,
      6
    ],
    [
      39.0,
      4
    ],
    [
      40.0,
      4
    ],
    [
      41.0,
      2
    ],
    [
      42.0,
      2
    ],
    [
      43.0,
      4
    ],
    [
      44.0,
      3
    ],
    [
      45.0,
      1
    ],
    [
      46.0,
      4
    ],
    [
      47.0,
      1
    ],
    [
      48.0,
      1
    ],
    [
      49.0,
      1
    ],
    [
      50.0,
      1
    ],
    [
      51.0,
      2
    ],
    [
      52.0,
      1
    ],
    [
      53.0,
      1
    ],
    [
      54.0,
      1
    ],
    [
      55.0,
      1
    ],
    [
      57.0,
      1
    ],
    [
      58.0,
      1
    ],
    [
      62.0,
      2
    ],
    [
      63.0,
      1
    ],
    [
      64.0,
      1
    ],
    [
      65.0,
      2
    ],
    [
      67.0,
      1
    ],
    [
      78.0,
      1
    ],
    [
      84.0,
      1
    ],
    [
      85.0,
      1
    ],
    [
      98.0,
      1
    ],
    [
      99.0,
      1
    ],
    [
      103.0,
      1
    ],
    [
      105.0,
      1
    ],
    [
      111.0,
      1
    ],
    [
      112.0,
      1
    ],
    [
      114.0,
      1
    ],
    [
      126.0,
      1
    ],
    [
      131.0,
      1
    ],
    [
      133.0,
      1
    ],
    [
      164.0,
      1
    ],
    [
      166.0,
      1
    ],
    [
      169.0,
      1
    ],
    [
      171.0,
      1
    ],
    [
      174.0,
      2
    ],
    [
      176.0,
      1
    ],
    [
      180.0,
      1
    ]
  ],
  "density": 0.11533299597368595,
  "global_efficiency": 0.5467481463554157,
  "mean_clustering": 0.4482852295148464,
  "modularity": 0.20178778265123318,
  "path_length": 1.9437305381342924,
  "small_worldness": 1.0028985559748635,
  "transitivity": 0.2651313856491358
}