{
  "assortativity": -0.226666873423616,
  "betweenness_centrality": [
    226.0609655670082,
    181.41854312849313,
    5328.6669820617735,
    4504.484100979381,
    1740.3867953204797,
    1881.2146257831216,
    167.00701897597398,
    147.78537678275296,
    29.678036871091432,
    28.64478292878206,
    78.0734025033334,
    28.940943539379617,
    310.27347037549896,
    334.9815730625699,
    62.18290044333093,
    175.8995733033324,
    41.17114674597694,
    57.858876248803426,
    92.77330674379846,
    65.224455364031,
    201.8074627460245,
    105.68840996904233,
    37.85310492696756,
    58.339900922195056,
    26.20938567178247,
    14.610286444734918,
    32.39127761200418,
    51.89386221032841,
    23.103934294628846,
    20.151746935884177,
    107.19929997021221,
    18.12174650119411,
    6.826417720677372,
    13.34921132716171,
    5.135335071322886,
    7.4522154611362295,
    6.73896522032116,
    5.344393296385294,
    5.268703606894337,
    125.66030079012411,
    78.96577421293578,
    56.38997652237316,
    31.57257386916157,
    130.18628588925884,
    159.14210531390705,
    60.71485123600962,
    37.90242071656984,
    30.001215345602947,
    1.3763216172656447,
    17.101385179731057,
    105.79851072858824,
    41.4805007940305,
    34.76579762922507,
    1653.563137968618,
    1442.8867866962357,
    871.6611524499056,
    1427.784747088061,
    392.1746738979224,
    532.2013325107738,
    559.3827223507834,
    668.8418961651024,
    240.2922320435001,
    111.52968227730553,
    144.8515874691794,
    249.1711785590872,
    400.56392905324185,
    312.4593270428233,
    209.35878076001802,
    211.33592351469343,
    100.23704359231866,
    410.18867626773147,
    76.18863834586456,
    11.277092774232816,
    44.295233095841255,
    115.05839170595362,
    54.590055644062886,
    36.407536923282954,
    37.58562260357729,
    76.81780826332691,
    30.5646376993033,
    70.50256618282486,
    77.37928401497682,
    0.0,
    0.0,
    5424.65007683859,
    4962.951753241946,
    4489.9718349071745,
    4984.293590019152,
    16.410496626263274,
    39.47667280967117,
    43.214788976893544,
    16.853201879012975,
    33.873171531772115,
    10.067369061038615,
    25.90630768740946,
    189.47337821000374,
    42.762251034258405,
    20.041596035151176,
    28.357536658534265,
    67.1414358956169,
    44.89145057574841,
    20.606010468238857,
    16.71466156547589,
    87.6785655197496,
    214.66934969650467,
    113.22229253712673,
    19.79705365518716,
    13.814498989520867,
    64.18595731893603,
    287.6416408286108,
    929.2035484696506,
    11.179477000943994,
    422.9458246402097,
    25.909630990774875,
    19.93816055336605,
    1841.1418490378132,
    2743.1468958363334,
    42.4661688277011,
    55.42532802421518,
    39.65013505569908,
    54.22106726509189,
    29.322971115742295,
    20.160464870836584,
    8.841675205404151,
    6.114927822956259,
    43.0935305190188,
    33.753275324449234,
    27.37361052094088,
    41.50049992789102,
    40.55451911469897,
    26.401339564106646,
    57.490883613722104,
    63.647221128728944,
    103.77878248464759,
    66.32080782637277,
    32.56152867606441,
    46.601883420536176,
    28.682270454456955,
    54.679866668945024,
    12.093630414012726,
    18.123712480286223,
    17.533260012174118,
    21.351531611144516,
    21.36728825084017,
    20.329393934346108,
    23.94628767710738,
    7.206879731091032,
    4.704009535702215,
    24.917447775566608,
    1499.2524654752806,
    1437.5475296355366,
    59.57317417445879,
    148.91264073433783,
    20.56779013652816,
    46.510845743277216,
    44.87892651286533,
    34.89326439047588,
    68.78406048328269,
    6.0777878222104516,
    4211.6785174880115,
    3999.5315173390686,
    23.510065137873042,
    35.77741559565535,
    52.72058163118824,
    59.17429343717681,
    47.96991079965451,
    22.255167254987366,
    5.524501388849156,
    7.476784379652169,
    59.753364026574886,
    13.853579486459225,
    59.69150395919213,
    483.53742272765385,
    479.8085321897641,
    44.72512293936008,
    25.352269665472136,
    2.467138437812906,
    64.76796463667843,
    352.86425325369436,
    234.27009146693308,
    405.01731231737716,
    193.1640321471126,
    368.6119411755988,
    557.1961926578176,
    730.0590437383155,
    23.456077865839603,
    15.347371807012793,
    272.15436903711037,
    361.5175467209763,
    213.77966361011133,
    191.10974300510688,
    488.4287186751354,
    534.5889114063101,
    135.09281642976282,
    19.906529634221933,
    106.80794456489824,
    189.16010478853264,
    172.6391310360211,
    267.73269378085615,
    2283.2458219835894,
    2279.7790273284786,
    103.76586755499102,
    124.46271565285922,
    134.46884644638794,
    113.72654838048315,
    50.553054720321526,
    45.56522300652879,
    165.0350833046476,
    103.63894524793591,
    137.86983374382362,
    136.38477357660105,
    149.6425075125496,
    210.4400547537287,
    76.5176802314364,
    87.19427639048254,
    86.44796324819666,
    166.87703379172527,
    58.834374848018044,
    23.089822590276263,
    262.36172888372516,
    143.50148306579237,
    93.11988303244672,
    56.87812694738521,
    82.39417390632568,
    49.92670932234316,
    145.6142974540999,
    56.193026174394724,
    25.081215337594003,
    8.403908076013742,
    6.599130177297305,
    41.2403826821757,
    52.864982946708444,
    45.69492152146137,
    57.67104996383785,
    34.883142598506815,
    31.40982708553871,
    50.010273158492886,
    28.536026107101655,
    126.01829791990461,
    82.13323677856135,
    68.2032702365125,
    68.96858335891606,
    78.90751205821851,
    59.38362864801158,
    72.28663350294426,
    69.80172315671543,
    84.34824522225205,
    44.3699047815558,
    5.581566527346554,
    5.8365989587644735,
    27.457969981693882,
    26.237632522309084,
    70.17215900594209,
    92.51858498019777,
    97.55133199703393,
    125.29183841379522,
    27.62723381492406,
    86.04374339090195,
    52.4626752160197,
    64.96403081292364,
    11.786699777490888,
    32.78626639439609,
    73.87154028098014,
    90.23953962323853,
    43.96368531903889,
    46.73396165751304,
    24.66568655888949,
    11.126781097302056,
    34.39392554215608,
    13.514533624856288,
    16.696038544178055,
    18.725856805216505,
    69.2440791167784,
    12.416601140024454,
    49.64713475307925,
    49.94044593701879,
    17.079185085583863,
    45.87530021978491,
    6.573583585745443,
    22.560863701912886,
    10.856045605574193,
    11.963023291817883,
    8.570087273476885,
    17.41649114196152,
    22.689387222450744,
    77.52731590936175,
    4.22483982137165,
    23.894776948495917,
    6.049620460281167,
    109.26701306269737,
    16.698226166661915,
    140.6733631445749,
    212.9708032825141,
    190.23071612322533,
    93.15368159359284,
    76.63651154247324,
    94.9867547489403,
    113.08264178160432,
    109.26554811813111,
    49.667317132662006,
    16.154632205252515,
    53.83996247552932
  ],