{
  "assortativity": -0.22620148268814885,
  "betweenness_centrality": 285.6754966887417,
  "degree_distribution": [
    [
      4.0,
      1
    ],
    [
      7.0,
      2
    ],
    [
      8.0,
      2
    ],
    [
      10.0,
      5
    ],
    [
      11.0,
      1
    ],
    [
      12.0,
      3
    ],
    [
      13.0,
      5
    ],
    [
      14.0,
      3
    ],
    [
      15.0,
      6
    ],
    [
      16.0,
      15
    ],
    [
      17.0,
      6
    ],
    [
      18.0,
      8
    ],
    [
      19.0,
      11
    ],
    [
      20.0,
      9
    ],
    [
      21.0,
      12
    ],
    [
      22.0,
      21
    ],
    [
      23.0,
      13
    ],
    [
      24.0,
      9
    ],
    [
      25.0,
      16
    ],
    [
      26.0,
      6
    ],
    [
      27.0,
      10
    ],
    [
      28.0,
      12
    ],
    [
      29.0,
      5
    ],
    [
      30.0,
      9
    ],
    [
      31.0,
      10
    ],
    [
      32.0,
      5
    ],
    [
      33.0,
      6
    ],
    [
      34.0,
      8
    ],
    [
      35.0,
      7
    ],
    [
      36.0,
      6
    ],
    [
      38.0,
      6
    ],
    [
      39.0,
      5
    ],
    [
      41.0,
      4
    ],
    [
      42.0,
      4
    ],
    [
      43.0,
      4
    ],
    [
      44.0,
      2
    ],
    [
      45.0,
      2
    ],
    [
      46.0,
      3
    ],
    [
      47.0,
      1
    ],
    [
      48.0,
      1
    ],
    [
      50.0,
      2
    ],
    [
      52.0,
      4
    ],
    [
      55.0,
      2
    ],
    [
      57.0,
      1
    ],
    [
      59.0,
      1
    ],
    [
      62.0,
      1
    ],
    [
      63.0,
      2
    ],
    [
      64.0,
      1
    ],
    [
      65.0,
      2
    ],
    [
      68.0,
      1
    ],
    [
      78.0,
      1
    ],
    [
      84.0,
      1
    ],
    [
      85.0,
      1
    ],
    [
      98.0,
      1
    ],
    [
      99.0,
      1
    ],
    [
      102.0,
      2
    ],
    [
      111.0,
      1
    ],
    [
      113.0,
      1
    ],
    [
      115.0,
      1
    ],
    [
      123.0,
      1
    ],
    [
      130.0,
      1
    ],
    [
      133.0,
      1
    ],
    [
      163.0,
      1
    ],
    [
      166.0,
      1
    ],
    [
      170.0,
      1
    ],
    [
      172.0,
      1
    ],
    [
      175.0,
      1
    ],
    [
      176.0,
      1
    ],
    [
      177.0,
      1
    ],
    [
      178.0,
      1
    ]
  ],
  "density": 0.11531099425755209,
  "global_efficiency": 0.5469296605135201,
  "mean_clustering": 0.4457474283843181,
  "modularity": 0.21261594503088874,
  "path_length": 1.9426340949958336,
  "small_worldness": 0.9977328170987547,
  "transitivity": 0.2652758221021677
}