{
  "assortativity": -0.22620148268814885,
  "betweenness_centrality": [
    222.5650400813534,
    161.01831394310705,
    5133.937731647476,
    4418.297404477878,
    1737.5200709193605,
    2104.873321043542,
    164.9381913728022,
    148.51756660095162,
    31.28123284030742,
    28.5136550607854,
    73.0257846694068,
    29.18108917006761,
    311.5768543862583,
    347.96726975883644,
    63.67620558238448,
    176.62532249607173,
    42.143706218513536,
    54.11715472483548,
    93.63498199731524,
    64.22833753729648,
    207.8305646132692,
    105.67757650959044,
    36.74946374636343,
    60.84327968573709,
    28.883292159439687,
    14.686118418053306,
    33.69224852647654,
    52.000341841192956,
    23.362354896039907,
    20.730287341711506,
    107.10182644603893,
    19.43234793960576,
    7.053795099679186,
    12.54849649382388,
    5.699246666195804,
    8.119693097751805,
    6.348374176050761,
    5.465660593312703,
    4.830109898677362,
    130.2391150363851,
    72.10838993346061,
    51.27758186358877,
    36.2509800602608,
    121.95273475998007,
    146.47975286706398,
    59.339285099346384,
    39.667381494375284,
    28.10915066936719,
    1.334641264998042,
    18.698455600440177,
    96.61377065172394,
    39.73230821292373,
    32.480593013229466,
    1667.3695491218698,
    1447.7339794631155,
    864.300461318474,
    1384.1248592584127,
    396.8870151505729,
    531.8500539079051,
    563.3497955265927,
    652.4915151708676,
    232.8510587563454,
    123.5248772764667,
    144.46752927308555,
    247.532328522436,
    408.07931993703727,
    307.6296595194949,
    211.9739410824774,
    212.0559218211506,
    97.77478023698401,
    422.0908373513108,
    94.15225249297737,
    10.149886297986175,
    44.0980165267553,
    111.49844339595285,
    52.77900279937886,
    36.70243018516346,
    35.23135883018967,
    81.97246656935391,
    29.163334218558965,
    74.66543005975714,
    84.8217889569406,
    0.0,
    0.7114746778925884,
    5315.84282095061,
    4814.89191009628,
    4701.141087743822,
    5296.647349007685,
    15.450036193718054,
    38.75412764131888,
    37.27092684839172,
    16.16730709037198,
    32.46379266296022,
    9.300935425084766,
    26.43686586135028,
    189.37689354034902,
    42.81158758870361,
    21.31051459637619,
    26.76687680985148,
    65.83903439106281,
    44.67524724433136,
    19.439529532901815,
    16.06019979430165,
    87.5148089169266,
    209.82194468240067,
    111.12624637186171,
    19.544051991858126,
    13.653923549845656,
    61.77890583937917,
    284.0647809373749,
    925.9412445580974,
    11.811081642071894,
    424.15048192039336,
    27.50632141860741,
    19.39555284484263,
    1815.709811741137,
    2594.930256887845,
    41.51801837031165,
    60.51237701091878,
    38.5966207028758,
    52.655480939793044,
    25.172645697991797,
    18.72107547104508,
    9.745747305740695,
    3.3325040477608354,
    43.833243176168416,
    39.33995285620228,
    32.72891086703238,
    39.78976906197317,
    38.2352482449658,
    27.402593077199434,
    54.35176591876095,
    59.21008198496078,
    96.96632699792679,
    70.99078938288345,
    38.653867437222644,
    49.52220415908641,
    29.152039194846864,
    53.0214810586723,
    13.549848706539661,
    22.736340636111564,
    15.745903597526983,
    20.752669944447568,
    16.489670036906567,
    23.237003304746022,
    24.91282108605298,
    6.946983316071511,
    7.005086543133807,
    29.983241896608536,
    1517.7402501513016,
    1407.173760883454,
    58.76206881190224,
    145.26623656891817,
    21.179229533987705,
    46.98096479542291,
    49.32570156226986,
    34.44567122860827,
    71.53485611304541,
    5.731172298483847,
    4237.40603562192,
    4103.196729138035,
    24.720578157987646,
    34.080959706769555,
    66.20738304663487,
    58.699590564431766,
    51.27092560975111,
    24.42533078797215,
    6.907042839105982,
    7.5044331360668295,
    57.7836925216029,
    10.088019126350032,
    56.697839371044836,
    482.07539555115227,
    471.58633540114016,
    42.99175023089725,
    24.92453373251208,
    2.5291060941943435,
    64.85500117912993,
    359.60793263361296,
    237.53472377929646,
    410.8960267884795,
    184.78594728376876,
    385.7111755261323,
    573.3682919495512,
    695.160349761931,
    22.946481149819505,
    15.113236495193453,
    265.5547092045462,
    364.0497264896732,
    225.85448978887743,
    206.41084615957885,
    456.3797791590091,
    496.31809010971335,
    141.0636513556998,
    20.132603252352837,
    107.38523225733245,
    191.64496153085653,
    174.54567568027025,
    265.4516888345748,
    2228.908005548805,
    2132.260978502755,
    104.41363117968856,
    121.45431293019703,
    132.36977906896536,
    110.47554475870203,
    46.88460090234015,
    46.936314911229125,
    157.28433731812828,
    109.38704505291932,
    141.09017605228095,
    141.7614852706144,
    145.08670613260145,
    215.12874026588622,
    87.20957235622363,
    86.32603743528195,
    82.59048141918518,
    165.30584535382255,
    56.896409008443825,
    20.93746203150152,
    256.2845268559743,
    146.4289540638192,
    98.97659932235428,
    48.91116650947608,
    83.86030390226895,
    48.212505892879435,
    140.9069326996663,
    60.10736199805583,
    25.959753065991134,
    7.588043652111595,
    5.914143989401791,
    44.14129928718272,
    52.56134079497729,
    42.06032701348215,
    56.66170201014454,
    36.41146006159351,
    31.83061206913347,
    46.77767984330626,
    26.12587708842427,
    132.92356238885728,
    89.06985110371049,
    70.3722904809929,
    68.67733448282135,
    75.00528984826485,
    60.66574797401633,
    76.15411464520751,
    66.91227913448742,
    90.32233703769941,
    43.66175830678466,
    6.6326514538649155,
    5.315156234824168,
    30.519192976992752,
    27.445026182650867,
    69.47514298218195,
    87.85087639628416,
    100.78936902740202,
    127.98751842590356,
    29.526041607122036,
    80.01782947958712,
    54.55153088029558,
    62.801471287452515,
    23.50314216833844,
    35.752850812246336,
    74.59934026758323,
    96.0653941809335,
    44.81395960466824,
    44.943113928331705,
    25.693201169882883,
    13.34188793539018,
    33.94957862565347,
    11.939385858895733,
    19.244650534955383,
    19.281076639801718,
    68.86508827953887,
    10.839748518987381,
    50.25989969572181,
    51.81527698316637,
    16.90743367740452,
    44.584038397441574,
    7.588045673515446,
    24.013203931203783,
    10.527417676425015,
    9.852618352894227,
    7.801940891818973,
    17.94799516980866,
    23.688963957143805,
    80.68125169054052,
    4.45119834929453,
    24.474459120951362,
    6.388177264453961,
    109.03801785769477,
    16.050694164411677,
    143.87496920734728,
    213.22971040194545,
    197.04924060167195,
    95.68183344510537,
    77.45998393680117,
    92.3537532281794,
    109.10416278533911,
    109.86206687720933,
    48.879877264913915,
    15.616936459938334,
    49.45318423605744
  ],