{
  "assortativity": -0.22795143085792188,
  "betweenness_centrality": 285.8079470198675,
  "degree_distribution": [
    [
      4.0,
      1
    ],
    [
      7.0,
      2
    ],
    [
      8.0,
      2
    ],
    [
      10.0,
      5
    ],
    [
      11.0,
      1
    ],
    [
      12.0,
      3
    ],
    [
      13.0,
      4
    ],
    [
      14.0,
      4
    ],
    [
      15.0,
      6
    ],
    [
      16.0,
      13
    ],
    [
      17.0,
      8
    ],
    [
      18.0,
      8
    ],
    [
      19.0,
      12
    ],
    [
      20.0,
      8
    ],
    [
      21.0,
      13
    ],
    [
      22.0,
      20
    ],
    [
      23.0,
      13
    ],
    [
      24.0,
      11
    ],
    [
      25.0,
      15
    ],
    [
      26.0,
      6
    ],
    [
      27.0,
      9
    ],
    [
      28.0,
      11
    ],
    [
      29.0,
      6
    ],
    [
      30.0,
      9
    ],
    [
      31.0,
      10
    ],
    [
      32.0,
      5
    ],
    [
      33.0,
      5
    ],
    [
      34.0,
      9
    ],
    [
      35.0,
      7
    ],
    [
      36.0,
      4
    ],
    [
      37.0,
      2
    ],
    [
      38.0,
      6
    ],
    [
      39.0,
      4
    ],
    [
      40.0,
      3
    ],
    [
      41.0,
      2
    ],
    [
      42.0,
      3
    ],
    [
      43.0,
      3
    ],
    [
      44.0,
      3
    ],
    [
      45.0,
      3
    ],
    [
      46.0,
      3
    ],
    [
      47.0,
      1
    ],
    [
      48.0,
      1
    ],
    [
      50.0,
      2
    ],
    [
      51.0,
      1
    ],
    [
      52.0,
      2
    ],
    [
      53.0,
      2
    ],
    [
      55.0,
      1
    ],
    [
      57.0,
      1
    ],
    [
      58.0,
      1
    ],
    [
      62.0,
      2
    ],
    [
      63.0,
      1
    ],
    [
      64.0,
      1
    ],
    [
      65.0,
      2
    ],
    [
      66.0,
      1
    ],
    [
      78.0,
      1
    ],
    [
      83.0,
      1
    ],
    [
      85.0,
      1
    ],
    [
      98.0,
      1
    ],
    [
      99.0,
      1
    ],
    [
      103.0,
      2
    ],
    [
      112.0,
      1
    ],
    [
      113.0,
      2
    ],
    [
      125.0,
      1
    ],
    [
      130.0,
      1
    ],
    [
      132.0,
      1
    ],
    [
      165.0,
      2
    ],
    [
      170.0,
      1
    ],
    [
      172.0,
      1
    ],
    [
      174.0,
      1
    ],
    [
      175.0,
      1
    ],
    [
      176.0,
      1
    ],
    [
      181.0,
      1
    ]
  ],
  "density": 0.11531099425755209,
  "global_efficiency": 0.546850821030707,
  "mean_clustering": 0.44641609115574976,
  "modularity": 0.20223895509846504,
  "path_length": 1.943072672251217,
  "small_worldness": 0.9990166655054781,
  "transitivity": 0.26474643787344876
}