{
  "assortativity": -0.22664970861493267,
  "betweenness_centrality": 286.0662251655629,
  "degree_distribution": [
    [
      4.0,
      1
    ],
    [
      7.0,
      2
    ],
    [
      8.0,
      2
    ],
    [
      10.0,
      4
    ],
    [
      11.0,
      2
    ],
    [
      12.0,
      3
    ],
    [
      13.0,
      4
    ],
    [
      14.0,
      4
    ],
    [
      15.0,
      5
    ],
    [
      16.0,
      11
    ],
    [
      17.0,
      10
    ],
    [
      18.0,
      10
    ],
    [
      19.0,
      9
    ],
    [
      20.0,
      10
    ],
    [
      21.0,
      13
    ],
    [
      22.0,
      18
    ],
    [
      23.0,
      13
    ],
    [
      24.0,
      11
    ],
    [
      25.0,
      14
    ],
    [
      26.0,
      10
    ],
    [
      27.0,
      8
    ],
    [
      28.0,
      8
    ],
    [
      29.0,
      8
    ],
    [
      30.0,
      9
    ],
    [
      31.0,
      11
    ],
    [
      32.0,
      8
    ],
    [
      33.0,
      3
    ],
    [
      34.0,
      7
    ],
    [
      35.0,
      8
    ],
    [
      36.0,
      6
    ],
    [
      37.0,
      1
    ],
    [
      38.0,
      3
    ],
    [
      39.0,
      7
    ],
    [
      40.0,
      1
    ],
    [
      41.0,
      3
    ],
    [
      42.0,
      2
    ],
    [
      43.0,
      2
    ],
    [
      44.0,
      5
    ],
    [
      45.0,
      3
    ],
    [
      46.0,
      2
    ],
    [
      47.0,
      1
    ],
    [
      48.0,
      2
    ],
    [
      50.0,
      1
    ],
    [
      51.0,
      1
    ],
    [
      52.0,
      2
    ],
    [
      53.0,
      2
    ],
    [
      55.0,
      2
    ],
    [
      57.0,
      1
    ],
    [
      60.0,
      1
    ],
    [
      63.0,
      2
    ],
    [
      64.0,
      2
    ],
    [
      65.0,
      2
    ],
    [
      69.0,
      1
    ],
    [
      78.0,
      1
    ],
    [
      84.0,
      1
    ],
    [
      85.0,
      1
    ],
    [
      98.0,
      1
    ],
    [
      99.0,
      1
    ],
    [
      103.0,
      1
    ],
    [
      104.0,
      1
    ],
    [
      109.0,
      1
    ],
    [
      112.0,
      1
    ],
    [
      114.0,
      1
    ],
    [
      125.0,
      1
    ],
    [
      132.0,
      2
    ],
    [
      164.0,
      1
    ],
    [
      165.0,
      1
    ],
    [
      169.0,
      1
    ],
    [
      172.0,
      1
    ],
    [
      173.0,
      1
    ],
    [
      174.0,
      1
    ],
    [
      178.0,
      1
    ],
    [
      183.0,
      1
    ]
  ],
  "density": 0.11627906976744186,
  "global_efficiency": 0.5466418047274353,
  "mean_clustering": 0.4685808608505765,
  "modularity": 0.21240012491400997,
  "path_length": 1.943927897899215,
  "small_worldness": 0.9999375285170699,
  "transitivity": 0.27746235889550086
}