{
  "assortativity": -0.22808129417988898,
  "betweenness_centrality": 285.6225165562913,
  "degree_distribution": [
    [
      4.0,
      1
    ],
    [
      7.0,
      2
    ],
    [
      8.0,
      2
    ],
    [
      10.0,
      4
    ],
    [
      11.0,
      2
    ],
    [
      12.0,
      2
    ],
    [
      13.0,
      3
    ],
    [
      14.0,
      6
    ],
    [
      15.0,
      5
    ],
    [
      16.0,
      12
    ],
    [
      17.0,
      8
    ],
    [
      18.0,
      10
    ],
    [
      19.0,
      9
    ],
    [
      20.0,
      11
    ],
    [
      21.0,
      11
    ],
    [
      22.0,
      21
    ],
    [
      23.0,
      11
    ],
    [
      24.0,
      11
    ],
    [
      25.0,
      16
    ],
    [
      26.0,
      6
    ],
    [
      27.0,
      10
    ],
    [
      28.0,
      9
    ],
    [
      29.0,
      9
    ],
    [
      30.0,
      6
    ],
    [
      31.0,
      9
    ],
    [
      32.0,
      11
    ],
    [
      33.0,
      3
    ],
    [
      34.0,
      9
    ],
    [
      35.0,
      7
    ],
    [
      36.0,
      4
    ],
    [
      37.0,
      4
    ],
    [
      38.0,
      3
    ],
    [
      39.0,
      5
    ],
    [
      40.0,
      2
    ],
    [
      41.0,
      1
    ],
    [
      42.0,
      4
    ],
    [
      43.0,
      2
    ],
    [
      44.0,
      6
    ],
    [
      45.0,
      3
    ],
    [
      47.0,
      2
    ],
    [
      48.0,
      2
    ],
    [
      50.0,
      2
    ],
    [
      51.0,
      1
    ],
    [
      53.0,
      3
    ],
    [
      54.0,
      1
    ],
    [
      56.0,
      1
    ],
    [
      57.0,
      1
    ],
    [
      60.0,
      1
    ],
    [
      63.0,
      2
    ],
    [
      64.0,
      1
    ],
    [
      65.0,
      3
    ],
    [
      67.0,
      1
    ],
    [
      78.0,
      1
    ],
    [
      83.0,
      1
    ],
    [
      85.0,
      1
    ],
    [
      98.0,
      1
    ],
    [
      99.0,
      1
    ],
    [
      103.0,
      1
    ],
    [
      106.0,
      1
    ],
    [
      109.0,
      1
    ],
    [
      112.0,
      1
    ],
    [
      113.0,
      1
    ],
    [
      124.0,
      1
    ],
    [
      132.0,
      1
    ],
    [
      134.0,
      1
    ],
    [
      166.0,
      2
    ],
    [
      174.0,
      2
    ],
    [
      175.0,
      1
    ],
    [
      177.0,
      2
    ],
    [
      185.0,
      1
    ]
  ],
  "density": 0.11665309894171745,
  "global_efficiency": 0.547012166949022,
  "mean_clustering": 0.4692288407070583,
  "modularity": 0.20942795409573572,
  "path_length": 1.94245866409368,
  "small_worldness": 1.0020991161448674,
  "transitivity": 0.2776142681055518
}