{
  "assortativity": -0.2275707890390174,
  "betweenness_centrality": [
    214.90828343584928,
    163.13115552433842,
    5100.794214855416,
    4638.84070125372,
    1693.026500562366,
    1722.7981051868433,
    160.50130918130415,
    155.34975236266413,
    34.86309112481069,
    26.250436175472345,
    83.49702115961854,
    32.40437432177045,
    313.4481046291099,
    345.0167423541411,
    66.31685228992521,
    167.49481016277045,
    47.19254379253378,
    61.279239160653134,
    94.37881830850485,
    65.30540455495729,
    210.76341405960233,
    97.23720499805874,
    39.03890802467446,
    59.79727853129455,
    29.430439139676963,
    15.052769576320381,
    32.745302793317975,
    51.939393484022546,
    21.308884448999972,
    18.782005271768565,
    111.65388212752342,
    17.841449335843212,
    7.030822224678645,
    13.774869917032465,
    5.188927341462015,
    7.501507220492252,
    5.927358673972169,
    5.836740068491122,
    3.815562575567529,
    132.71132850253892,
    80.07955562652889,
    55.682647651767475,
    37.80251247286766,
    127.71293215431552,
    154.90107246653935,
    61.953228643492956,
    46.24624568001161,
    30.817848962245453,
    1.2970544004093603,
    18.59504089855328,
    88.95908623207653,
    48.06445567348395,
    33.87167292685776,
    1706.9555198712424,
    1440.8534159002745,
    887.915846103231,
    1447.3595675779097,
    389.37840869886304,
    529.7461350636677,
    556.9831270243988,
    649.1824832399313,
    243.60702111442615,
    114.01497985179311,
    142.174568185456,
    244.83403724834295,
    404.2321226136457,
    295.665538726061,
    205.18149398272442,
    213.65439871257993,
    99.77594981217325,
    427.1795640282647,
    78.42443189132854,
    11.404156380812497,
    44.43015648014691,
    112.94239026571991,
    53.65186117420019,
    35.49828862441384,
    36.64249906560343,
    81.59244232695694,
    30.70361769657861,
    72.34974236709037,
    86.21937789042174,
    0.0,
    0.0,
    5221.5452053304225,
    4834.055268112081,
    4660.7394533892375,
    5397.20804284294,
    18.110615616751804,
    42.022722120311684,
    33.684775629279805,
    14.367228511083598,
    32.09278941838767,
    9.125346980518268,
    27.787606080851425,
    189.8890196126539,
    43.654497988990755,
    20.855107987970847,
    28.154383314612208,
    64.95516727959698,
    42.128286115297875,
    19.935340341127798,
    17.078407971919866,
    87.95124974310106,
    210.55136789440246,
    115.5555043219444,
    19.958511156102247,
    15.457932103291654,
    62.56878138731743,
    285.26325365160204,
    916.429765033199,
    11.259059659901558,
    422.72693193483775,
    27.608570754821734,
    19.543416271357902,
    1726.9190316978204,
    2830.9547149640484,
    40.9576010061838,
    61.42005670654938,
    33.8810480535079,
    51.743119757732316,
    28.120475940228587,
    24.533437204615105,
    9.925577410441536,
    5.201335468025176,
    46.46493061541308,
    30.39074263486489,
    30.037451896905832,
    39.59622399843643,
    36.60366144559166,
    21.627152943746133,
    50.29670528988012,
    69.1155701858425,
    95.5663772511283,
    70.6854142842296,
    31.180795515263878,
    52.674895088858456,
    30.982962381666223,
    54.104833336303074,
    15.39407910555245,
    21.191110000931364,
    14.73495020835652,
    19.970051865728745,
    20.339446828818502,
    19.525241695532234,
    26.630996169774715,
    8.68912247336344,
    5.421437162255911,
    28.953404730207986,
    1405.9690140417829,
    1394.3061482885028,
    57.050618642743956,
    153.06651221981988,
    21.217990759766916,
    47.46590906289778,
    45.081051775514034,
    33.27691383978901,
    71.58405665093696,
    5.648432158988132,
    4146.371230721275,
    4192.173921342789,
    25.452142106553712,
    31.516077026905453,
    55.42214453769217,
    57.59107588792459,
    49.35637770386611,
    22.64717116117302,
    6.46180466338261,
    6.298698611221238,
    57.45836383571329,
    9.55334793092593,
    54.75845784473721,
    494.5655219952941,
    479.50716900760267,
    44.57944575982,
    23.8640567712648,
    2.7329959116544584,
    65.00745721839445,
    362.4812832716773,
    236.2330076574918,
    408.4584914236665,
    180.61493260381073,
    385.5704808054537,
    573.6339254759457,
    722.363835485643,
    22.978574875728928,
    15.199813571246528,
    305.943208238151,
    359.6357168264158,
    225.50733962512695,
    220.63086741894264,
    436.04847300466446,
    484.2732887815477,
    135.4735580238355,
    20.18346052823868,
    110.59165222417471,
    193.0610166752545,
    174.6873718720283,
    265.9516229425298,
    2226.2873860125574,
    2252.5387130307167,
    98.08543119263281,
    126.45505093532468,
    135.6778127468558,
    115.05683242403498,
    50.45906727210479,
    45.55973782608203,
    156.85469726604833,
    110.42563515306134,
    136.53917657086797,
    129.2460881098515,
    150.74187335799803,
    228.27253196928567,
    77.50114577080396,
    89.50203124829187,
    84.89992610601911,
    173.7121291382388,
    57.93615910075122,
    22.228730006998212,
    255.46084378660424,
    145.91244129131388,
    94.69995176638196,
    49.67028185107659,
    80.97162728745072,
    51.339171605721575,
    136.22027383968143,
    61.677232436776166,
    24.06488699078427,
    8.204152802127314,
    5.691462012459385,
    46.1415920474877,
    52.20169427713325,
    46.51440304449599,
    62.48496396084841,
    39.283594355516705,
    31.936092222057972,
    48.03886280402355,
    25.09612090728521,
    129.58596714472472,
    84.40050435192092,
    72.63487855165302,
    69.55737561702563,
    73.92030314522206,
    61.34521230803059,
    79.21042559904218,
    81.18836233349433,
    95.8996690736547,
    45.28055246728385,
    6.362835038463148,
    5.622165850398816,
    26.299382225070207,
    28.14105924126597,
    68.18163380688762,
    92.0018469908708,
    100.4570727959531,
    127.55597908139723,
    30.450521653329726,
    89.35285870091333,
    53.26678270877897,
    65.20320542798648,
    12.38317249665283,
    32.07572675902542,
    75.00817015697983,
    89.058543816749,
    43.801565644425565,
    42.8864278752153,
    24.3766598098187,
    10.986578469871567,
    33.63453752462083,
    14.151628775456828,
    17.412703339038963,
    20.802565286517577,
    65.96130113860592,
    13.222592380487477,
    54.252160261535586,
    46.30492438418989,
    17.71463910995027,
    46.257092002427356,
    6.791816107223173,
    26.840954783776354,
    11.817468049081242,
    12.934962543857933,
    8.723705299914897,
    17.83484362455504,
    23.49035521482083,
    79.36912988172578,
    4.302704157776368,
    25.130729350957427,
    6.333074395153384,
    108.43523699440607,
    16.155328984453497,
    140.75584084514057,
    215.65329802284305,
    191.1178533422456,
    99.46465954046312,
    79.89141014217114,
    93.30678412979977,
    112.92953659466846,
    112.14397536434012,
    54.65892100386638,
    16.13207357929707,
    55.67035307103466
  ],