{
  "assortativity": -0.22700191512154055,
  "betweenness_centrality": 285.94701986754956,
  "degree_distribution": [
    [
      4.0,
      1
    ],
    [
      7.0,
      2
    ],
    [
      8.0,
      2
    ],
    [
      10.0,
      4
    ],
    [
      11.0,
      2
    ],
    [
      12.0,
      4
    ],
    [
      13.0,
      2
    ],
    [
      14.0,
      5
    ],
    [
      15.0,
      6
    ],
    [
      16.0,
      10
    ],
    [
      17.0,
      10
    ],
    [
      18.0,
      9
    ],
    [
      19.0,
      8
    ],
    [
      20.0,
      10
    ],
    [
      21.0,
      15
    ],
    [
      22.0,
      18
    ],
    [
      23.0,
      12
    ],
    [
      24.0,
      14
    ],
    [
      25.0,
      13
    ],
    [
      26.0,
      8
    ],
    [
      27.0,
      8
    ],
    [
      28.0,
      9
    ],
    [
      29.0,
      8
    ],
    [
      30.0,
      7
    ],
    [
      31.0,
      12
    ],
    [
      32.0,
      9
    ],
    [
      33.0,
      4
    ],
    [
      34.0,
      8
    ],
    [
      35.0,
      5
    ],
    [
      36.0,
      5
    ],
    [
      37.0,
      2
    ],
    [
      38.0,
      5
    ],
    [
      39.0,
      7
    ],
    [
      41.0,
      2
    ],
    [
      42.0,
      3
    ],
    [
      43.0,
      2
    ],
    [
      44.0,
      4
    ],
    [
      45.0,
      4
    ],
    [
      46.0,
      1
    ],
    [
      47.0,
      2
    ],
    [
      48.0,
      2
    ],
    [
      50.0,
      1
    ],
    [
      51.0,
      1
    ],
    [
      52.0,
      2
    ],
    [
      53.0,
      2
    ],
    [
      54.0,
      1
    ],
    [
      55.0,
      1
    ],
    [
      57.0,
      1
    ],
    [
      59.0,
      1
    ],
    [
      63.0,
      3
    ],
    [
      64.0,
      1
    ],
    [
      65.0,
      2
    ],
    [
      69.0,
      1
    ],
    [
      78.0,
      1
    ],
    [
      85.0,
      2
    ],
    [
      98.0,
      1
    ],
    [
      99.0,
      1
    ],
    [
      103.0,
      1
    ],
    [
      104.0,
      1
    ],
    [
      112.0,
      2
    ],
    [
      113.0,
      1
    ],
    [
      123.0,
      1
    ],
    [
      130.0,
      1
    ],
    [
      135.0,
      1
    ],
    [
      164.0,
      1
    ],
    [
      167.0,
      1
    ],
    [
      171.0,
      1
    ],
    [
      173.0,
      1
    ],
    [
      175.0,
      1
    ],
    [
      176.0,
      1
    ],
    [
      177.0,
      1
    ],
    [
      182.0,
      1
    ]
  ],
  "density": 0.11645508349651273,
  "global_efficiency": 0.5467591472134826,
  "mean_clustering": 0.4690419033967598,
  "modularity": 0.21819313184249287,
  "path_length": 1.9435331783693697,
  "small_worldness": 1.0011365487309756,
  "transitivity": 0.27755623511702404
}