{
  "assortativity": -0.22673824048276092,
  "betweenness_centrality": 286.08609271523176,
  "degree_distribution": [
    [
      4.0,
      1
    ],
    [
      7.0,
      2
    ],
    [
      8.0,
      2
    ],
    [
      10.0,
      4
    ],
    [
      11.0,
      2
    ],
    [
      12.0,
      2
    ],
    [
      13.0,
      4
    ],
    [
      14.0,
      6
    ],
    [
      15.0,
      4
    ],
    [
      16.0,
      12
    ],
    [
      17.0,
      7
    ],
    [
      18.0,
      11
    ],
    [
      19.0,
      9
    ],
    [
      20.0,
      12
    ],
    [
      21.0,
      12
    ],
    [
      22.0,
      18
    ],
    [
      23.0,
      12
    ],
    [
      24.0,
      11
    ],
    [
      25.0,
      15
    ],
    [
      26.0,
      9
    ],
    [
      27.0,
      7
    ],
    [
      28.0,
      9
    ],
    [
      29.0,
      8
    ],
    [
      30.0,
      9
    ],
    [
      31.0,
      12
    ],
    [
      32.0,
      8
    ],
    [
      33.0,
      4
    ],
    [
      34.0,
      8
    ],
    [
      35.0,
      6
    ],
    [
      36.0,
      5
    ],
    [
      37.0,
      2
    ],
    [
      38.0,
      4
    ],
    [
      39.0,
      5
    ],
    [
      40.0,
      2
    ],
    [
      41.0,
      1
    ],
    [
      42.0,
      4
    ],
    [
      43.0,
      2
    ],
    [
      44.0,
      5
    ],
    [
      45.0,
      3
    ],
    [
      46.0,
      1
    ],
    [
      47.0,
      2
    ],
    [
      48.0,
      2
    ],
    [
      50.0,
      2
    ],
    [
      52.0,
      2
    ],
    [
      53.0,
      2
    ],
    [
      54.0,
      1
    ],
    [
      55.0,
      1
    ],
    [
      57.0,
      1
    ],
    [
      60.0,
      1
    ],
    [
      63.0,
      2
    ],
    [
      64.0,
      2
    ],
    [
      65.0,
      2
    ],
    [
      68.0,
      1
    ],
    [
      77.0,
      1
    ],
    [
      85.0,
      2
    ],
    [
      98.0,
      1
    ],
    [
      99.0,
      1
    ],
    [
      105.0,
      2
    ],
    [
      110.0,
      2
    ],
    [
      116.0,
      1
    ],
    [
      120.0,
      1
    ],
    [
      134.0,
      2
    ],
    [
      164.0,
      1
    ],
    [
      166.0,
      1
    ],
    [
      172.0,
      1
    ],
    [
      173.0,
      1
    ],
    [
      174.0,
      1
    ],
    [
      175.0,
      1
    ],
    [
      179.0,
      1
    ],
    [
      182.0,
      1
    ]
  ],
  "density": 0.11649908692878044,
  "global_efficiency": 0.5466949755414255,
  "mean_clustering": 0.46892875985031873,
  "modularity": 0.21040134154785645,
  "path_length": 1.9439936844875225,
  "small_worldness": 1.0006531643408418,
  "transitivity": 0.2777725109497355
}