{
  "assortativity": -0.22912252747697642,
  "betweenness_centrality": [
    215.5951325472973,
    167.2371603019914,
    5501.4834456786175,
    5027.257168173498,
    1718.7271027834784,
    1760.1506839736157,
    166.6151851416316,
    157.7064391759761,
    33.166401442457776,
    29.455259894584824,
    81.9565606559756,
    30.447819276903477,
    308.60852438291164,
    357.8176901994434,
    66.72922183639,
    159.4292746993785,
    41.38973479438817,
    54.92410787269586,
    87.62349131339052,
    68.36484788825443,
    206.30858921983543,
    100.87309259669135,
    38.2899065113097,
    61.90069982828774,
    27.44187534643085,
    15.979413272589563,
    32.15437856143258,
    52.737187206902604,
    22.438198757564543,
    21.224680402165223,
    108.1833183918016,
    16.959630690817338,
    7.65582243318836,
    14.098086866055201,
    5.105496611981135,
    7.379410834790194,
    5.596578824623141,
    6.05666632338822,
    4.297776579902934,
    134.6526539411463,
    79.3131661637075,
    54.28316187793568,
    31.72357792522192,
    124.34523018727934,
    156.6595891568318,
    61.84993845715768,
    43.28567030434363,
    32.087980908502104,
    1.4093774371358099,
    19.45413990767153,
    99.24472641996695,
    41.59601563375488,
    35.075427486254355,
    1699.1414370754412,
    1431.2880937858238,
    874.5025465457838,
    1433.4236947787258,
    392.30225135937064,
    531.973337422493,
    560.8330725302303,
    648.3346689627233,
    258.21776910531565,
    121.872733683794,
    143.72782580158315,
    245.09019053959997,
    406.7304822002315,
    316.85845653273924,
    210.42284056088246,
    213.05769758700015,
    100.3430452082042,
    434.9825480892048,
    81.65664379433755,
    10.83467534121333,
    44.923867873219564,
    107.06705298995801,
    60.56796484746572,
    38.05250487432434,
    36.10966707097062,
    81.21488213628226,
    30.64400878080777,
    77.38938472410051,
    83.52279730164436,
    0.0,
    0.0,
    5206.494804238118,
    4850.538317292109,
    5080.880740048668,
    4983.893853313235,
    16.891347530667584,
    37.53702661294359,
    41.4305127009841,
    14.146385065713046,
    31.475245193280763,
    9.076258715377033,
    31.264723085874,
    192.41859280421102,
    41.61396073920383,
    19.76329684007498,
    28.70190491512551,
    68.50590604989134,
    42.6565205461108,
    19.93189448849286,
    15.317511288553863,
    87.37488334195633,
    212.6414959471403,
    116.04969585603777,
    18.965016993223525,
    14.140081413135428,
    61.322367611937665,
    285.5624956664667,
    928.5442274775094,
    11.56664872566586,
    435.03872008505,
    26.47584589076769,
    19.81286473232373,
    1588.9448819665492,
    2558.462352137537,
    42.220852388597955,
    48.477229639801514,
    34.807314227579376,
    52.42208364640041,
    25.4900263254134,
    19.597502805003913,
    9.863354838171924,
    3.6652799509527023,
    40.594926230914766,
    37.496712346941585,
    28.115880429183555,
    37.113125055377886,
    38.90284087171575,
    26.93788582751392,
    53.405403668145404,
    62.68567247667957,
    95.6092541704492,
    67.7109084368686,
    33.66092257680719,
    46.79115594629083,
    30.292008488280967,
    53.60422384159187,
    14.258606232168404,
    24.445424286345503,
    16.929431192567947,
    21.29291719396619,
    15.058484383147976,
    20.174786051079067,
    22.96717879002166,
    5.272037989060575,
    6.562130822583693,
    30.279574361681647,
    1433.0853697511204,
    1371.3059121496021,
    62.999892203625166,
    139.3302046842694,
    21.743614117510223,
    44.11813582190423,
    42.35366639602059,
    31.373344749512036,
    69.3198290523569,
    5.61848804214063,
    4091.2921385225727,
    3835.570495977047,
    23.22864023007995,
    32.363362422180344,
    55.49783769541569,
    58.49326919002668,
    49.43759463400898,
    22.179142992587554,
    7.684399410912542,
    6.912604381371478,
    59.59109310666514,
    11.41889917696377,
    58.759375606867636,
    483.3986978527428,
    475.29389184709095,
    42.49957192970154,
    32.34741504657396,
    2.8246648833253003,
    64.96499430832901,
    360.2479960707626,
    236.62684343158696,
    394.66103316717306,
    184.2820994374891,
    400.5266411441388,
    563.3982974732252,
    697.4211226243614,
    22.216076055553753,
    14.788242524976004,
    272.9163150381745,
    358.6447082791235,
    221.74941466505317,
    209.45270547143394,
    446.9630441887712,
    469.88956753028737,
    136.19822096404107,
    19.924692091964413,
    106.46317458816073,
    193.89638478846143,
    174.75844984658582,
    273.64542468886685,
    2174.6831816903687,
    2407.298121721468,
    100.78047834135421,
    115.98956754600343,
    139.1049422937431,
    112.31056181440644,
    48.49042207345511,
    45.73581602952371,
    153.16539536845855,
    108.36872570023998,
    134.05749077751418,
    132.53145492988443,
    150.32327058800067,
    203.50525775635745,
    80.48367745448466,
    87.0455052089182,
    90.4727483437261,
    161.16015521706905,
    53.491553729297124,
    23.898525576671336,
    259.90073511288927,
    146.95984030766502,
    94.27830009062826,
    52.31333682139496,
    85.8301526017751,
    50.42466788267486,
    142.94805494345357,
    59.407641185992055,
    23.11130315207427,
    8.827559621092421,
    6.539930024399499,
    41.39813435383187,
    51.479963348282155,
    50.06631811290881,
    55.67382039273796,
    35.22167046888447,
    32.93243506198477,
    50.57529645019951,
    26.406468457676663,
    131.867670490779,
    85.44261382089606,
    69.94515965702311,
    70.27216613386838,
    78.22861754653354,
    61.26642159602763,
    72.91572241354491,
    71.89222679830836,
    93.03273848361786,
    44.05900504673163,
    5.288611722224123,
    4.9951706280305626,
    25.849180983385036,
    26.53145986900032,
    65.69055566118156,
    84.34137019314544,
    96.9396071017061,
    126.02628641715391,
    28.468059384102457,
    78.94613403753233,
    48.79299061595176,
    63.35718641839021,
    11.904036261250152,
    32.420780838716986,
    75.98006540968498,
    90.83427545533145,
    48.00359891180554,
    47.8452283608022,
    24.176825803861654,
    11.523354883568425,
    33.388620781905594,
    12.050938582902845,
    18.405488428461172,
    20.29782735090129,
    66.98304508335696,
    11.06739574344759,
    49.96526604722451,
    51.73995455027242,
    17.327896672713845,
    45.67681304605049,
    7.846356414488237,
    24.552655953537787,
    11.661465429596133,
    10.436790730340766,
    9.20181900358573,
    17.711182088788508,
    23.12820314013193,
    76.44475952984254,
    4.246736203231395,
    23.87368068315342,
    6.145930747565913,
    108.8497260365308,
    18.48431924592441,
    141.65654372397944,
    211.30872959746424,
    194.47243072648433,
    95.79281727313433,
    77.1055030462265,
    95.19230811391263,
    117.47416311636267,
    113.4629299323262,
    51.53601568602806,
    15.52484963307867,
    49.701862500402925
  ],