{
  "assortativity": -0.22713902669759037,
  "betweenness_centrality": 285.6490066225165,
  "degree_distribution": [
    [
      4.0,
      1
    ],
    [
      7.0,
      2
    ],
    [
      8.0,
      2
    ],
    [
      10.0,
      5
    ],
    [
      11.0,
      1
    ],
    [
      12.0,
      3
    ],
    [
      13.0,
      3
    ],
    [
      14.0,
      4
    ],
    [
      15.0,
      8
    ],
    [
      16.0,
      12
    ],
    [
      17.0,
      8
    ],
    [
      18.0,
      8
    ],
    [
      19.0,
      10
    ],
    [
      20.0,
      8
    ],
    [
      21.0,
      14
    ],
    [
      22.0,
      23
    ],
    [
      23.0,
      9
    ],
    [
      24.0,
      13
    ],
    [
      25.0,
      12
    ],
    [
      26.0,
      10
    ],
    [
      27.0,
      8
    ],
    [
      28.0,
      9
    ],
    [
      29.0,
      10
    ],
    [
      30.0,
      8
    ],
    [
      31.0,
      8
    ],
    [
      32.0,
      7
    ],
    [
      33.0,
      6
    ],
    [
      34.0,
      7
    ],
    [
      35.0,
      8
    ],
    [
      36.0,
      4
    ],
    [
      37.0,
      1
    ],
    [
      38.0,
      6
    ],
    [
      39.0,
      5
    ],
    [
      40.0,
      2
    ],
    [
      41.0,
      1
    ],
    [
      42.0,
      4
    ],
    [
      43.0,
      5
    ],
    [
      44.0,
      1
    ],
    [
      45.0,
      2
    ],
    [
      46.0,
      4
    ],
    [
      47.0,
      1
    ],
    [
      48.0,
      1
    ],
    [
      50.0,
      1
    ],
    [
      51.0,
      2
    ],
    [
      52.0,
      3
    ],
    [
      55.0,
      2
    ],
    [
      57.0,
      1
    ],
    [
      59.0,
      1
    ],
    [
      61.0,
      1
    ],
    [
      63.0,
      2
    ],
    [
      64.0,
      1
    ],
    [
      65.0,
      2
    ],
    [
      67.0,
      1
    ],
    [
      78.0,
      1
    ],
    [
      84.0,
      1
    ],
    [
      85.0,
      1
    ],
    [
      98.0,
      1
    ],
    [
      99.0,
      1
    ],
    [
      101.0,
      1
    ],
    [
      104.0,
      1
    ],
    [
      113.0,
      2
    ],
    [
      114.0,
      1
    ],
    [
      121.0,
      1
    ],
    [
      129.0,
      1
    ],
    [
      133.0,
      1
    ],
    [
      164.0,
      1
    ],
    [
      166.0,
      1
    ],
    [
      172.0,
      2
    ],
    [
      174.0,
      1
    ],
    [
      175.0,
      1
    ],
    [
      178.0,
      1
    ],
    [
      181.0,
      1
    ]
  ],
  "density": 0.11539900112208752,
  "global_efficiency": 0.5469699969930989,
  "mean_clustering": 0.4473839134345161,
  "modularity": 0.20524746887725476,
  "path_length": 1.9425463795447568,
  "small_worldness": 1.0014781715929373,
  "transitivity": 0.26539766482422467
}