{
  "assortativity": -0.22767750616504095,
  "betweenness_centrality": [
    208.9005258612082,
    166.16158140939274,
    5194.948046919429,
    4659.5022478154115,
    1712.4466169624216,
    1876.3739908495224,
    165.75584699095802,
    157.22862193026225,
    32.85077113343734,
    28.533127958628892,
    82.61055229991858,
    29.091731453804684,
    313.90072802995957,
    340.0550063277808,
    63.66876243618267,
    169.05079047527192,
    44.92645317391708,
    57.75824103503001,
    92.23571947640939,
    62.85282680953956,
    211.6544307369919,
    104.78405203572434,
    36.68254538797278,
    64.30156897832764,
    29.077856627809318,
    15.36498367966521,
    31.601773200151495,
    52.72791406638079,
    20.48439450794589,
    18.900329835473222,
    105.0489208859791,
    17.688719994226425,
    6.631170588108034,
    14.110564306099041,
    4.3751014047361165,
    8.474702676366816,
    7.373872727603617,
    6.0293589763044295,
    3.8859709788358483,
    130.15306301195773,
    74.87703565903965,
    54.01125772073459,
    33.6669112338274,
    126.43368033532394,
    146.36680025286816,
    63.26322168978716,
    42.70321568089855,
    31.16867192398729,
    1.3452917414002226,
    22.324364972195816,
    102.60590186904415,
    42.98875102331333,
    36.19876683894522,
    1713.9667149543982,
    1452.652575489113,
    874.7825386301137,
    1427.8237313132522,
    394.0170525913176,
    532.6940419709899,
    560.3822568731149,
    643.7548628183707,
    248.6767096442877,
    112.04994538943284,
    145.04138376384594,
    254.2338897698741,
    403.1631267382352,
    309.6921072141302,
    221.2150079861394,
    214.18134154701124,
    98.43123691267314,
    406.5991502127546,
    74.16187921233497,
    11.115875973435271,
    44.922683695380286,
    109.95722684263878,
    58.41720212439132,
    36.42964011235175,
    34.24660531671921,
    80.3281369758165,
    32.12598898842943,
    74.91067080009954,
    83.23060995309541,
    0.0,
    0.0,
    5086.783321703171,
    4879.252327539212,
    4416.941479556434,
    4909.384135504032,
    17.54802740817749,
    41.56662327517781,
    38.08398457360431,
    16.984168944288278,
    32.50414797974159,
    10.461590760460174,
    27.053738208755664,
    191.16383712325953,
    43.199747391640734,
    19.282335724449855,
    29.27599477070944,
    75.00696418330935,
    44.02343249673313,
    18.414694842185632,
    15.536568957680018,
    87.41591781875943,
    207.3977673510477,
    116.17690344071923,
    25.008557523900066,
    14.913533576210924,
    62.3167166839083,
    285.02031170878536,
    952.3977984273774,
    11.461500495193999,
    415.1821935216386,
    27.248764666594678,
    18.84327824370881,
    1821.447672831203,
    2615.51433343954,
    40.00224345154587,
    61.095081075440625,
    31.421764501648095,
    57.443719008413204,
    22.508418433847382,
    21.612821229256824,
    9.559777680264723,
    4.80276412653992,
    46.32030723137267,
    32.45513917008154,
    29.938832257244584,
    41.3570695261617,
    39.89293818767396,
    26.478651562409386,
    48.43540853109961,
    59.3020744784108,
    101.20658045140301,
    75.87338429845205,
    37.08321870961295,
    49.01207327869753,
    29.78714438935612,
    52.647460518880834,
    14.905152011957462,
    19.54935435043807,
    18.62828101343464,
    19.577027729662532,
    18.869836921185335,
    21.662100518139773,
    27.044927436180064,
    4.825552984220302,
    4.975203126258329,
    27.065759873281788,
    1456.6349229669254,
    1445.1934786676084,
    59.331989090861434,
    142.68548768030016,
    23.64361174494857,
    45.11822504408559,
    46.63684168623444,
    33.592219742347154,
    69.4706233534929,
    6.246338473361372,
    4259.704933254435,
    4334.547204006112,
    23.97277905093896,
    32.67975799739811,
    53.618060345254555,
    58.58408231962108,
    48.29078875531633,
    27.27431827666184,
    7.116720399036887,
    11.468910259279623,
    58.50844092140309,
    13.042851398024807,
    63.509627245593556,
    480.6592040777259,
    480.5223172033835,
    40.81579117557645,
    25.236013503146808,
    2.796639880622973,
    64.39161259814303,
    359.7889850629358,
    236.73572830305255,
    399.8713737438214,
    189.5554519924063,
    384.971893928947,
    571.1775286568776,
    736.0428807544747,
    23.35461624581923,
    15.203313954440292,
    294.4642191245488,
    366.651070931643,
    222.81128064935206,
    199.83852680882666,
    567.300672847268,
    545.7123628492551,
    141.60280662830849,
    19.70608202516195,
    106.34024902284385,
    193.15707427643173,
    176.3487828011018,
    269.79667380552075,
    2090.9640931386166,
    2492.019179341074,
    106.71468606634784,
    116.07354832207177,
    135.59150900457618,
    111.99070629107622,
    48.70916121601412,
    48.03152498419291,
    169.0293367958277,
    103.71097652381174,
    138.3252860512938,
    137.05201937657233,
    145.33377791414318,
    219.1158392950656,
    81.86904584528821,
    93.45478040016232,
    86.51499018646987,
    173.61976691521352,
    61.31187901796622,
    23.057115937704076,
    262.8896952539911,
    145.90080045044945,
    89.96021559531752,
    49.64461967342369,
    80.80543434125232,
    51.56327549736633,
    142.71254400175638,
    56.82344128151418,
    24.159717222764215,
    8.183001481588201,
    5.9703161013804795,
    44.25458850296299,
    55.5022854749066,
    45.11278138952777,
    60.26661491293869,
    34.24724880955929,
    34.702141049178145,
    49.39191753865688,
    28.50743500038642,
    133.26278611650903,
    89.52718954082609,
    69.71602207161877,
    71.40017366637025,
    75.22708384624785,
    60.24198543158582,
    75.21369490380465,
    72.14507270890631,
    87.14958825173855,
    45.74890706701462,
    5.506974050926981,
    5.575713886112702,
    29.004681008386186,
    25.41968645559081,
    71.79079294926201,
    92.52602142363638,
    102.8419622503086,
    127.31923642904476,
    26.388496565054997,
    82.39579936471053,
    54.12449541654108,
    63.624121106103594,
    13.3324907229668,
    32.953243136703186,
    73.38635443235582,
    90.00871917489577,
    44.954781610138994,
    44.29787768895325,
    23.87406176806415,
    12.284107609416788,
    33.998679079125544,
    13.946937758244047,
    17.96264497517788,
    20.366902450580337,
    72.74694227534579,
    9.870618837139707,
    50.79112447626424,
    50.82174079263019,
    19.12346077881819,
    48.015055100473944,
    8.181992674340476,
    25.211620507648842,
    11.068367497285138,
    10.084998228794673,
    7.318416490550129,
    17.946124968639495,
    22.931606398998806,
    76.79436680956884,
    4.174491084351071,
    22.838134307551982,
    6.165260095223805,
    108.41652279706281,
    15.941000113621122,
    145.47365311032738,
    208.74486485132167,
    193.13803668557875,
    93.15270234327234,
    77.68775799877713,
    95.79288900803824,
    112.95319992391357,
    118.10158190061881,
    49.97989653424175,
    14.993084373490202,
    53.69655494143523
  ],