{
  "assortativity": -0.22935084156680158,
  "betweenness_centrality": [
    213.8796729025327,
    164.6625423131183,
    5339.636096532725,
    4602.112519846449,
    1593.0073951041143,
    1742.6891173754934,
    168.23218034192337,
    149.15090142724358,
    33.93194446241354,
    29.14228180233961,
    85.23158644497614,
    29.94763405234818,
    331.9668255744186,
    355.00419606734675,
    66.53123661129199,
    168.42340303684762,
    43.32083415286422,
    52.45682953769396,
    95.22667267903925,
    63.025344239396844,
    194.44652960083138,
    102.00674803945869,
    38.14038242104146,
    61.82231556824961,
    29.050410944833523,
    15.683574995076167,
    35.45635581026369,
    51.58169523356487,
    22.7401459901876,
    19.993775996307953,
    111.96290652458217,
    18.243600122359958,
    7.246874549267748,
    11.950381909205456,
    4.425591298595406,
    6.969340506573315,
    6.55525097727042,
    6.240798309749257,
    3.7971069017379024,
    134.20150167858296,
    75.0085945164543,
    52.034631618605026,
    33.1957090759631,
    118.05674278674226,
    157.04690538283054,
    63.40183680564872,
    42.095677510146835,
    29.533191155190824,
    1.40330603015857,
    17.04959015148135,
    99.14203620499025,
    41.956264830764226,
    37.18427588097402,
    1653.9910520123078,
    1442.8097929499195,
    878.5375329133537,
    1400.5620067268155,
    389.60456716823813,
    532.0817909932815,
    559.5117298251379,
    651.9636230667519,
    245.87187934429735,
    120.66386437593843,
    144.97048412159555,
    249.8561512803428,
    412.9576677105688,
    322.88771940807175,
    206.45740777181305,
    212.4498364744336,
    98.17402428355484,
    418.16487941855587,
    78.689538680579,
    11.301676533500078,
    44.657113583732546,
    103.26693067922206,
    57.81014066229796,
    37.01514189323799,
    33.447593857211906,
    80.11494052206824,
    30.333104748718124,
    69.12983814324883,
    77.67807903770692,
    0.0,
    0.0,
    5203.6647818246165,
    5128.3244877145025,
    4704.606186647849,
    5597.868489959373,
    15.472459094534852,
    40.50992453519297,
    36.70887592711063,
    17.196725072928547,
    31.589698909759537,
    10.309755941638969,
    28.409316833691328,
    195.38256296729216,
    43.51950647308873,
    23.14402306061664,
    27.956040867592886,
    67.21841230997691,
    40.530586455794264,
    19.16927348896028,
    15.311384190023011,
    88.91208518869023,
    212.70843692612917,
    110.85110549238833,
    19.131824548606318,
    14.837998929556775,
    60.64684691598153,
    281.29309228060464,
    933.5898018145427,
    11.57675439515289,
    416.1809768559873,
    26.41857070410131,
    19.351968124311888,
    1861.7552351353854,
    2737.9068668007208,
    43.105900700474876,
    54.17167961574899,
    34.03179545709951,
    45.45225913650421,
    25.247835136438972,
    20.170105599532594,
    9.024777646086998,
    5.162505595897335,
    39.66321429583239,
    38.31786515365766,
    29.336783350521145,
    38.04131726227851,
    33.257271974189486,
    21.152500930890838,
    53.931549958248524,
    57.82556292225069,
    106.53796627944767,
    68.21440013614823,
    35.55190544416936,
    49.944169058193964,
    29.786564781421642,
    50.63642974269306,
    12.879310374166007,
    15.21476565498338,
    14.521289239657246,
    20.078347080775956,
    19.34825341304523,
    16.454049484997316,
    24.462520735538632,
    5.4133409870626705,
    8.595317589152133,
    24.42408202400295,
    1324.1206847071269,
    1357.4724756896,
    61.71459248109068,
    141.94237498256837,
    21.475675088105884,
    44.24025811487236,
    45.1671832128611,
    32.92558108333981,
    68.71255223646516,
    5.80906622912758,
    3775.8831091097672,
    4327.474796610365,
    24.561827044331014,
    33.00546845459763,
    53.127697662466844,
    59.735347210051586,
    49.427124909947565,
    22.842210748396436,
    7.464627722653959,
    9.008320578735033,
    58.296399533687946,
    11.328647014485835,
    56.263880160182836,
    484.4150230327836,
    477.0843436662413,
    42.97383757712103,
    26.35677941332565,
    2.557665677647527,
    64.06623784671409,
    362.68198039891035,
    234.64041201675295,
    432.8871158790504,
    179.95138560213712,
    391.7932765045547,
    585.5622595060083,
    703.7622552229993,
    23.510863940254257,
    14.861232969363055,
    277.7267781624817,
    346.07701034790864,
    217.6972332544195,
    193.42085728239826,
    374.62757648214387,
    446.2462096098978,
    136.8875774921408,
    20.281372588290807,
    110.69467882070087,
    192.7548983453009,
    167.44368115913713,
    262.49177787086484,
    2275.8907572319085,
    2145.203185798231,
    106.89022547880225,
    118.00554081565926,
    132.45075415127698,
    109.73383151611552,
    50.37158437104762,
    47.251052563574,
    158.24042366918837,
    114.18796712739216,
    131.6242774066759,
    140.35320543006063,
    153.64192819490714,
    206.42900368054487,
    81.37340336038102,
    84.04823787043036,
    94.24202399427226,
    172.29132728704627,
    55.24982127582284,
    25.579284227311472,
    261.95768590160446,
    142.42933301326477,
    98.17220277026652,
    48.33459703092516,
    82.20485293938408,
    49.67094221686589,
    136.4890162147522,
    58.64029695794941,
    25.50140670906318,
    8.819867529579984,
    6.006088074376883,
    42.031861824226176,
    51.69959772601678,
    44.34628546516886,
    56.19661597893774,
    32.43036029633929,
    34.182449585649096,
    52.56247758354097,
    25.421803550778417,
    129.6133031820064,
    78.18797219853214,
    69.4927458270201,
    68.44607444489968,
    76.05179069991078,
    61.67984246440417,
    77.96197766630861,
    71.40111164016027,
    86.9373261782551,
    42.05375350757799,
    6.0032207287179995,
    5.5187918168990615,
    29.200299607395554,
    26.992512360669,
    74.41131539804768,
    85.45268699167852,
    100.35460846303285,
    121.70154886300783,
    34.07671289357264,
    73.38910946173293,
    56.49148352758825,
    63.46933256987035,
    12.030114638940399,
    32.034576549474345,
    74.20363945217447,
    89.51301165686652,
    45.36514386256811,
    46.214972614420205,
    24.837144918582233,
    11.187047664904155,
    35.698233248174525,
    14.42673875602878,
    18.824877090145794,
    19.43485597914571,
    64.02297297896011,
    11.442907255429771,
    50.78842378784743,
    48.702143152771846,
    17.842267875117493,
    47.96640941781373,
    9.204113829270694,
    23.49411943999413,
    9.187450545204499,
    9.558833916449096,
    7.084037039377579,
    17.40823517990593,
    22.49333392435395,
    77.31236514669013,
    4.478461495728399,
    23.709632951634344,
    6.1715800126781835,
    109.14613117589366,
    15.619381465418748,
    141.69889703068904,
    206.27580916383025,
    189.75374370214473,
    92.62467730679803,
    82.35117559579821,
    90.69343648693297,
    111.92349529624614,
    109.1581335040993,
    48.88317226848787,
    16.15926345751618,
    46.40465543390386
  ],