{
  "assortativity": -0.22785812264420832,
  "betweenness_centrality": [
    223.00122925244364,
    165.793578549806,
    5309.455288903606,
    4916.5267462087995,
    1841.9258588797964,
    1671.63262062509,
    163.6317576326323,
    154.1622923913498,
    28.89540326154348,
    30.182741594863078,
    86.85645521829382,
    30.2385181370052,
    315.69808911237834,
    344.59482237369565,
    64.41713088353863,
    166.34674336850733,
    47.3102729098402,
    61.08945967179979,
    88.63007924085875,
    71.04150039815556,
    211.02645207987752,
    102.12591692360752,
    38.02972768346191,
    64.69957114728966,
    31.29929032753202,
    15.075834954299397,
    33.654622588506406,
    52.31984127637917,
    20.477732539406524,
    19.169530046629273,
    108.67886845383542,
    16.963641531755243,
    7.637024980932782,
    13.243372349317218,
    4.215608903606985,
    7.363405967114379,
    5.963319391886054,
    6.107968844049199,
    4.336025037472618,
    140.1950312867665,
    80.15458122599594,
    54.696275968844205,
    32.01287957008519,
    122.8084215865843,
    164.8311408578088,
    62.67350779346043,
    38.75413984551479,
    29.22529291480626,
    1.304440294343162,
    17.34617863029097,
    98.39601503704732,
    41.058137861708744,
    34.776302888475016,
    1670.1651868802403,
    1451.328940250927,
    877.2291564701325,
    1412.8695177521722,
    392.17700946429767,
    527.5405993301105,
    567.4256078894542,
    656.7128303271928,
    230.44554571773787,
    121.27399124614834,
    144.65421990756477,
    241.83549644872673,
    407.88820016182393,
    315.5343868633726,
    205.2464443086546,
    212.54418596752566,
    100.04985796600243,
    409.8769807756515,
    76.41696755559786,
    10.55735340257365,
    45.170241683768275,
    105.51366272407874,
    55.78264342224243,
    37.73949088157196,
    34.14733458735068,
    80.2204543490904,
    30.631458391358937,
    74.80872503642759,
    91.86658618640008,
    0.0,
    0.0,
    4992.110095653539,
    4743.575834284316,
    4559.344007173055,
    5306.995873156696,
    15.632709753096556,
    40.061142772586685,
    36.49880823862518,
    17.385089877311756,
    33.44032486433015,
    10.304414957198865,
    27.610792083782933,
    191.98654839239748,
    45.12835378168946,
    19.445000313070377,
    26.51758587921822,
    68.82649611162533,
    46.28595411174072,
    20.185893838963654,
    15.529344757187028,
    91.25409691157998,
    208.14069416806464,
    115.1879877473892,
    21.405063232527166,
    14.93634225355133,
    64.5394063120217,
    289.684897841079,
    937.515602856349,
    11.822822534268722,
    424.71013268069015,
    26.72554241161209,
    19.84042218165386,
    1805.6428982318344,
    2845.1822534793323,
    46.283229163461655,
    55.66575472113836,
    34.61443772472411,
    61.79850113323842,
    21.519006827409136,
    20.010908483714314,
    9.553525427435048,
    6.92864446136364,
    43.60240094853464,
    36.65120556156915,
    31.50171250536999,
    33.652174775278475,
    38.03656953128295,
    26.56550237896251,
    52.05136901007539,
    58.84465712304375,
    99.02540710980489,
    73.03261757978835,
    32.097206707816305,
    46.096947093122395,
    31.81063125859166,
    52.44288130847895,
    16.470222712230864,
    21.016794036928584,
    19.920109934268126,
    23.651648157088374,
    18.910979840595136,
    20.837210692757687,
    26.367675935264796,
    11.19458630549692,
    5.6568898085758885,
    30.06156762339039,
    1311.0141727615367,
    1402.847478463827,
    60.064537817870864,
    147.34562569614133,
    22.182471716280403,
    48.10379943873609,
    43.949767179104384,
    34.73899610526201,
    70.66097866936293,
    5.795224614406792,
    4181.706236988119,
    3981.2127474428494,
    25.34686725459574,
    32.97760181665268,
    52.98767543180992,
    59.63657793826228,
    48.22711544481598,
    24.96933079930417,
    6.827365101037352,
    9.16804358207816,
    58.524655261949505,
    10.37207295993386,
    59.61201374706728,
    481.4733222016089,
    463.92699302672804,
    45.17695118899815,
    25.548763680451337,
    2.5650379879805336,
    64.06695943163577,
    356.94217298217916,
    237.57120260470276,
    391.94602176225095,
    182.18653893031936,
    382.30793291790536,
    565.8000495211046,
    706.2656713933148,
    23.407655369093728,
    15.275258295713146,
    274.95956032955024,
    361.9044611661794,
    221.13690156206752,
    225.7334868912405,
    401.6043365204858,
    585.8031185852268,
    142.55631394583435,
    20.059906235885606,
    108.74920470763345,
    187.64189061249868,
    176.44191207694337,
    270.40183248564836,
    2421.974535247882,
    2214.4428044576616,
    100.54865568041805,
    117.50315720590031,
    134.51983136807684,
    111.5179119637826,
    49.85671146759527,
    46.598498712377186,
    155.6418466302242,
    111.7871985437236,
    144.2426171355748,
    135.4709795675383,
    142.9258325274458,
    209.84186510310033,
    78.24127686656239,
    94.75405697514442,
    78.89797799239359,
    169.59219549509766,
    60.11484365582036,
    23.875162974446518,
    264.2139452066729,
    144.60671831803893,
    99.22806952733755,
    56.47542802498452,
    81.95988249801323,
    47.10695102699583,
    139.0128947197178,
    61.82910850748966,
    24.342147133391993,
    8.942887884093812,
    5.43056473123477,
    41.47460703516056,
    50.34477470048375,
    43.70058524391805,
    56.03704749799353,
    34.01327733659382,
    35.24641544311225,
    52.81154428239156,
    29.99047752215833,
    130.1689726278887,
    88.4637973033207,
    68.91032565108549,
    67.90548047613076,
    77.27129820444428,
    61.31794803333588,
    79.42394152153449,
    68.75018682942837,
    86.54289553565866,
    43.87873627481742,
    6.020741846715352,
    5.118724388481794,
    25.320976170641142,
    25.320374423190074,
    68.292412010638,
    90.05768480690736,
    96.21699624380581,
    130.00510348581395,
    26.996417347878264,
    82.12476160859258,
    52.00356901762746,
    62.19438678745187,
    12.557396056918561,
    32.25355516253236,
    79.62511051758531,
    90.85763435989533,
    41.472275153189436,
    40.40125148321429,
    24.760110954597952,
    11.953560430118166,
    33.419714217515434,
    13.248001731954751,
    17.050109931542845,
    19.515945188954,
    68.43493431662036,
    11.579794871526612,
    52.136214782936726,
    46.3367907200468,
    16.321942340573887,
    47.465492788554734,
    7.289637146600916,
    23.677035181590668,
    10.726087742313206,
    11.685003189230867,
    7.101526304472031,
    18.41015061493157,
    24.170354110117213,
    79.0763191414212,
    4.330452867392874,
    24.24903428580921,
    6.19759535963927,
    115.05720956741666,
    16.947503975648353,
    145.41723668516838,
    217.30966807895211,
    189.3781109039037,
    92.3378538737808,
    78.41502022024481,
    100.43888928961347,
    112.16853918330419,
    108.72970934078273,
    47.70749906719229,
    15.634670855346549,
    51.98005448264918
  ],