{
  "assortativity": -0.22783262692446796,
  "betweenness_centrality": 285.6291390728477,
  "degree_distribution": [
    [
      4.0,
      1
    ],
    [
      7.0,
      2
    ],
    [
      8.0,
      2
    ],
    [
      10.0,
      4
    ],
    [
      11.0,
      2
    ],
    [
      12.0,
      3
    ],
    [
      13.0,
      3
    ],
    [
      14.0,
      4
    ],
    [
      15.0,
      6
    ],
    [
      16.0,
      10
    ],
    [
      17.0,
      11
    ],
    [
      18.0,
      9
    ],
    [
      19.0,
      9
    ],
    [
      20.0,
      11
    ],
    [
      21.0,
      16
    ],
    [
      22.0,
      13
    ],
    [
      23.0,
      13
    ],
    [
      24.0,
      10
    ],
    [
      25.0,
      17
    ],
    [
      26.0,
      9
    ],
    [
      27.0,
      7
    ],
    [
      28.0,
      10
    ],
    [
      29.0,
      10
    ],
    [
      30.0,
      7
    ],
    [
      31.0,
      10
    ],
    [
      32.0,
      7
    ],
    [
      33.0,
      5
    ],
    [
      34.0,
      8
    ],
    [
      35.0,
      7
    ],
    [
      36.0,
      6
    ],
    [
      37.0,
      1
    ],
    [
      38.0,
      3
    ],
    [
      39.0,
      4
    ],
    [
      40.0,
      5
    ],
    [
      42.0,
      6
    ],
    [
      43.0,
      2
    ],
    [
      44.0,
      3
    ],
    [
      45.0,
      2
    ],
    [
      46.0,
      2
    ],
    [
      47.0,
      2
    ],
    [
      48.0,
      2
    ],
    [
      50.0,
      1
    ],
    [
      51.0,
      1
    ],
    [
      52.0,
      1
    ],
    [
      53.0,
      4
    ],
    [
      55.0,
      1
    ],
    [
      57.0,
      1
    ],
    [
      59.0,
      1
    ],
    [
      62.0,
      1
    ],
    [
      63.0,
      2
    ],
    [
      64.0,
      1
    ],
    [
      65.0,
      2
    ],
    [
      67.0,
      1
    ],
    [
      78.0,
      1
    ],
    [
      84.0,
      1
    ],
    [
      85.0,
      1
    ],
    [
      98.0,
      1
    ],
    [
      99.0,
      1
    ],
    [
      103.0,
      1
    ],
    [
      104.0,
      1
    ],
    [
      112.0,
      1
    ],
    [
      113.0,
      1
    ],
    [
      114.0,
      1
    ],
    [
      124.0,
      1
    ],
    [
      131.0,
      2
    ],
    [
      165.0,
      1
    ],
    [
      166.0,
      1
    ],
    [
      173.0,
      1
    ],
    [
      174.0,
      1
    ],
    [
      175.0,
      1
    ],
    [
      176.0,
      1
    ],
    [
      179.0,
      2
    ]
  ],
  "density": 0.11647708521264659,
  "global_efficiency": 0.5469479952769649,
  "mean_clustering": 0.46728676915264566,
  "modularity": 0.2061875516533696,
  "path_length": 1.9424805929564493,
  "small_worldness": 0.997898814661379,
  "transitivity": 0.2766400763877691
}