{
  "assortativity": -0.22771665261089252,
  "betweenness_centrality": [
    222.80743650285723,
    159.08559855454772,
    5471.395403883243,
    4682.174098207831,
    1706.2331006233421,
    1611.6261189010268,
    171.22096569844092,
    157.41984223709332,
    33.823354433644006,
    28.50183725321637,
    81.4619772031214,
    27.8330303345167,
    299.43039677224607,
    366.4763705175006,
    62.379954165567696,
    168.63468244403066,
    45.59885778871481,
    52.687070502254464,
    84.6970360504923,
    63.48505134074782,
    203.74539992614012,
    106.12921067540341,
    38.02661842040958,
    58.24306192802018,
    28.818763744720954,
    14.380802294796315,
    33.86498586430901,
    51.84025109034968,
    20.385578212477927,
    20.178866509062104,
    107.04630214700255,
    17.278959614081096,
    9.365756002461913,
    13.564924014586452,
    5.028376816882234,
    6.213133654535479,
    5.871776628711961,
    5.519185737713113,
    4.4375983150358485,
    134.86905856250246,
    77.96511647917005,
    55.22085847925264,
    30.744079044824407,
    130.1296897883725,
    159.7182062193793,
    74.02071751934618,
    39.83441203123356,
    31.119737134945133,
    1.3646617061945603,
    18.695074191848935,
    93.89613702454056,
    43.731482367242464,
    35.583314415365244,
    1659.353084951802,
    1423.1743859592762,
    868.1688193350027,
    1428.7075417624928,
    383.93226998436586,
    532.7282249986177,
    551.17257157673,
    647.4959867688453,
    233.32665204616725,
    112.57582716061721,
    143.4575408100462,
    249.15159061615284,
    401.8597513828854,
    323.0743444127687,
    206.45078511262355,
    207.1809434475598,
    100.59624112356123,
    397.5333476530807,
    83.61547593082473,
    10.312427277542042,
    44.24976604277057,
    103.17467226988956,
    56.742329365462744,
    38.842651184538404,
    38.05154642350038,
    80.40916330336167,
    32.95283694712726,
    73.62052560050647,
    80.96439983365933,
    0.0,
    0.0,
    4944.691053083588,
    5147.023528028257,
    4387.887491080201,
    5041.138164875014,
    19.54728972034776,
    38.676685847441945,
    36.11898281923848,
    16.441588560394624,
    33.004056054411066,
    9.885677703881903,
    26.10295663183327,
    185.11041208759622,
    41.70894479732475,
    21.068057762535396,
    25.091972484487687,
    68.70121760058339,
    41.69676511482632,
    19.930372170843132,
    16.704350480802415,
    79.8378000135787,
    206.61612055155643,
    112.90559941734834,
    20.951522420131628,
    13.714681976523284,
    61.66546586972755,
    285.4385126749312,
    932.1356739991842,
    10.865674909071027,
    426.0236851790427,
    26.25947698253024,
    19.10970402471421,
    1844.693808709161,
    3013.7408764666716,
    40.81294161686095,
    56.87368725874036,
    33.50360021160929,
    51.769993130729155,
    22.602352776387367,
    20.626958491952113,
    9.684361699320714,
    5.697922380931367,
    41.76308748788525,
    34.76020838911825,
    29.68024815478675,
    38.37607290573369,
    39.46186937807469,
    26.489264093546705,
    56.13376796177894,
    60.569611080978866,
    97.13979299492337,
    68.42942858627416,
    35.42331825262933,
    45.30247182016413,
    28.109024838519467,
    54.37085064148831,
    15.449345460812618,
    20.242364593765622,
    14.501770556245456,
    22.808061685920027,
    18.53167623670852,
    20.95167550093985,
    24.341166868574284,
    8.702178370702192,
    8.94261849770985,
    27.92290870572265,
    1599.6386858215803,
    1308.9389816643104,
    54.92114280403161,
    148.96005931975975,
    22.32314663767054,
    46.85601411372703,
    41.96824979032333,
    33.34337717485179,
    74.35017493924919,
    5.420875183278775,
    4075.4378697105144,
    3955.2255727581905,
    24.800514680457827,
    31.896506426288788,
    52.79248912009142,
    58.319750113449885,
    47.23453081070295,
    20.244885832810002,
    6.5829426920907075,
    8.566885801277015,
    54.87318791814384,
    11.21700028741011,
    57.64853240545235,
    475.8520332629811,
    471.4453066086531,
    43.97386978266902,
    23.267754190026285,
    2.679611573637673,
    63.26483592560419,
    360.185895391446,
    238.50557986493683,
    420.50674877512245,
    183.81271488276408,
    406.0526273434834,
    571.5118742439699,
    713.506491780051,
    20.122850150463005,
    14.706858263045532,
    271.4697411881605,
    358.0388719303714,
    235.60580885763,
    196.04320446183786,
    420.86983841192887,
    517.9807015818939,
    138.4003422498821,
    20.242506255438183,
    108.78365597483977,
    202.1716215599431,
    176.2006308813542,
    276.1747047667551,
    2612.761768323811,
    2163.857388008698,
    100.7907829823489,
    115.65910252263879,
    131.33025072430627,
    109.50515130319222,
    49.294537444845815,
    45.980286268023676,
    158.76758590306358,
    106.18432569576932,
    136.31153029108214,
    131.27866461046378,
    137.14488263085371,
    211.62942879989905,
    76.40339587330632,
    91.6892799535522,
    83.72742101182648,
    167.0802020785816,
    58.46876318004071,
    21.642518205739254,
    256.44791879454965,
    148.05689669494055,
    94.33884706638942,
    48.54821179998223,
    80.0163036430405,
    46.33225247194702,
    141.17414001232925,
    57.59987852499514,
    24.193523908839413,
    8.304763099748659,
    5.463996944446804,
    41.30948998153245,
    51.023909391172005,
    43.24393183177561,
    56.44246563695921,
    33.19666197913281,
    31.81275305202468,
    53.5182389964566,
    28.741527178473422,
    129.37606634353736,
    85.88487350103567,
    71.3169205554383,
    68.89954853445953,
    76.26544110765805,
    60.225554540968105,
    77.04520400374442,
    71.67861221785834,
    87.47638431024008,
    48.1678848742813,
    6.589881696672598,
    5.49173595552253,
    26.382558758054888,
    25.639616161158525,
    71.5764593982051,
    88.64981871592786,
    99.60274950637269,
    128.2247971817402,
    27.214170829564043,
    79.04561421115905,
    52.154078744570995,
    64.75718720108931,
    11.580006272433776,
    35.15784589693738,
    79.12963127208965,
    91.57648356105557,
    41.78460750725582,
    43.50045082751491,
    24.868656155165514,
    11.772875899629302,
    33.78136250694755,
    13.371969641744146,
    18.035997950414743,
    20.617134863428028,
    65.74620455262014,
    10.510358064590136,
    51.22822263729468,
    49.78033503163886,
    19.166572430707717,
    46.56815033972277,
    6.022179689165358,
    24.634847101360243,
    10.758111958118747,
    11.798393351578344,
    8.82840211450747,
    17.849209785548982,
    23.44179459213805,
    79.34942669211785,
    4.320430522849752,
    24.83145546083534,
    5.953900643440957,
    105.6953668649065,
    17.163475513637717,
    146.4343175077398,
    221.4746476605976,
    193.19233944559724,
    91.0009841196443,
    77.84069556223713,
    103.01171108064037,
    109.22540760434048,
    115.7409267047698,
    50.836268328705344,
    15.133487758391626,
    48.26640920690151
  ],