{
  "assortativity": -0.22641972294882404,
  "betweenness_centrality": 285.9801324503311,
  "degree_distribution": [
    [
      4.0,
      1
    ],
    [
      7.0,
      2
    ],
    [
      8.0,
      2
    ],
    [
      10.0,
      4
    ],
    [
      11.0,
      2
    ],
    [
      12.0,
      3
    ],
    [
      13.0,
      3
    ],
    [
      14.0,
      6
    ],
    [
      15.0,
      4
    ],
    [
      16.0,
      10
    ],
    [
      17.0,
      11
    ],
    [
      18.0,
      11
    ],
    [
      19.0,
      7
    ],
    [
      20.0,
      9
    ],
    [
      21.0,
      15
    ],
    [
      22.0,
      19
    ],
    [
      23.0,
      11
    ],
    [
      24.0,
      12
    ],
    [
      25.0,
      18
    ],
    [
      26.0,
      5
    ],
    [
      27.0,
      7
    ],
    [
      28.0,
      10
    ],
    [
      29.0,
      7
    ],
    [
      30.0,
      9
    ],
    [
      31.0,
      11
    ],
    [
      32.0,
      7
    ],
    [
      33.0,
      4
    ],
    [
      34.0,
      8
    ],
    [
      35.0,
      9
    ],
    [
      36.0,
      4
    ],
    [
      38.0,
      6
    ],
    [
      39.0,
      4
    ],
    [
      40.0,
      4
    ],
    [
      42.0,
      5
    ],
    [
      43.0,
      2
    ],
    [
      44.0,
      5
    ],
    [
      45.0,
      2
    ],
    [
      46.0,
      2
    ],
    [
      47.0,
      1
    ],
    [
      48.0,
      2
    ],
    [
      49.0,
      1
    ],
    [
      50.0,
      1
    ],
    [
      52.0,
      2
    ],
    [
      53.0,
      1
    ],
    [
      54.0,
      2
    ],
    [
      55.0,
      1
    ],
    [
      57.0,
      1
    ],
    [
      59.0,
      1
    ],
    [
      63.0,
      2
    ],
    [
      64.0,
      2
    ],
    [
      65.0,
      2
    ],
    [
      68.0,
      1
    ],
    [
      78.0,
      1
    ],
    [
      84.0,
      1
    ],
    [
      85.0,
      1
    ],
    [
      98.0,
      1
    ],
    [
      99.0,
      1
    ],
    [
      102.0,
      1
    ],
    [
      105.0,
      1
    ],
    [
      111.0,
      1
    ],
    [
      112.0,
      2
    ],
    [
      126.0,
      1
    ],
    [
      128.0,
      1
    ],
    [
      132.0,
      1
    ],
    [
      165.0,
      1
    ],
    [
      166.0,
      1
    ],
    [
      173.0,
      1
    ],
    [
      174.0,
      1
    ],
    [
      175.0,
      1
    ],
    [
      176.0,
      1
    ],
    [
      177.0,
      1
    ],
    [
      181.0,
      1
    ]
  ],
  "density": 0.11641108006424501,
  "global_efficiency": 0.5467243111629374,
  "mean_clustering": 0.4692774996837067,
  "modularity": 0.20304345814548092,
  "path_length": 1.9436428226832156,
  "small_worldness": 1.0015873808291615,
  "transitivity": 0.2777637081379852
}