{
  "assortativity": -0.22831192388159013,
  "betweenness_centrality": 285.3973509933775,
  "degree_distribution": [
    [
      4.0,
      1
    ],
    [
      7.0,
      2
    ],
    [
      8.0,
      2
    ],
    [
      10.0,
      4
    ],
    [
      11.0,
      2
    ],
    [
      12.0,
      3
    ],
    [
      13.0,
      2
    ],
    [
      14.0,
      5
    ],
    [
      15.0,
      6
    ],
    [
      16.0,
      10
    ],
    [
      17.0,
      10
    ],
    [
      18.0,
      10
    ],
    [
      19.0,
      9
    ],
    [
      20.0,
      9
    ],
    [
      21.0,
      15
    ],
    [
      22.0,
      16
    ],
    [
      23.0,
      15
    ],
    [
      24.0,
      9
    ],
    [
      25.0,
      17
    ],
    [
      26.0,
      9
    ],
    [
      27.0,
      7
    ],
    [
      28.0,
      9
    ],
    [
      29.0,
      7
    ],
    [
      30.0,
      9
    ],
    [
      31.0,
      11
    ],
    [
      32.0,
      8
    ],
    [
      33.0,
      4
    ],
    [
      34.0,
      8
    ],
    [
      35.0,
      7
    ],
    [
      36.0,
      5
    ],
    [
      37.0,
      1
    ],
    [
      38.0,
      5
    ],
    [
      39.0,
      5
    ],
    [
      40.0,
      1
    ],
    [
      41.0,
      2
    ],
    [
      42.0,
      4
    ],
    [
      43.0,
      2
    ],
    [
      44.0,
      6
    ],
    [
      45.0,
      3
    ],
    [
      46.0,
      1
    ],
    [
      47.0,
      1
    ],
    [
      48.0,
      2
    ],
    [
      50.0,
      1
    ],
    [
      51.0,
      1
    ],
    [
      52.0,
      2
    ],
    [
      53.0,
      3
    ],
    [
      56.0,
      1
    ],
    [
      57.0,
      1
    ],
    [
      59.0,
      1
    ],
    [
      63.0,
      2
    ],
    [
      64.0,
      2
    ],
    [
      65.0,
      2
    ],
    [
      67.0,
      1
    ],
    [
      77.0,
      1
    ],
    [
      84.0,
      1
    ],
    [
      85.0,
      1
    ],
    [
      98.0,
      1
    ],
    [
      99.0,
      1
    ],
    [
      104.0,
      2
    ],
    [
      112.0,
      1
    ],
    [
      116.0,
      2
    ],
    [
      124.0,
      1
    ],
    [
      129.0,
      1
    ],
    [
      133.0,
      1
    ],
    [
      165.0,
      1
    ],
    [
      166.0,
      1
    ],
    [
      172.0,
      3
    ],
    [
      179.0,
      1
    ],
    [
      180.0,
      1
    ],
    [
      181.0,
      1
    ]
  ],
  "density": 0.11660909550944974,
  "global_efficiency": 0.5471221755296913,
  "mean_clustering": 0.46698282983029094,
  "modularity": 0.21038220435386232,
  "path_length": 1.9417130827595281,
  "small_worldness": 0.9976414019336483,
  "transitivity": 0.276704294633285
}