{
  "assortativity": -0.22801876727029352,
  "betweenness_centrality": 285.6754966887417,
  "degree_distribution": [
    [
      4.0,
      1
    ],
    [
      7.0,
      2
    ],
    [
      8.0,
      2
    ],
    [
      10.0,
      5
    ],
    [
      11.0,
      1
    ],
    [
      12.0,
      2
    ],
    [
      13.0,
      3
    ],
    [
      14.0,
      6
    ],
    [
      15.0,
      7
    ],
    [
      16.0,
      12
    ],
    [
      17.0,
      7
    ],
    [
      18.0,
      9
    ],
    [
      19.0,
      12
    ],
    [
      20.0,
      8
    ],
    [
      21.0,
      14
    ],
    [
      22.0,
      19
    ],
    [
      23.0,
      14
    ],
    [
      24.0,
      9
    ],
    [
      25.0,
      14
    ],
    [
      26.0,
      7
    ],
    [
      27.0,
      12
    ],
    [
      28.0,
      6
    ],
    [
      29.0,
      8
    ],
    [
      30.0,
      9
    ],
    [
      31.0,
      11
    ],
    [
      32.0,
      6
    ],
    [
      33.0,
      6
    ],
    [
      34.0,
      7
    ],
    [
      35.0,
      7
    ],
    [
      36.0,
      7
    ],
    [
      38.0,
      4
    ],
    [
      39.0,
      5
    ],
    [
      40.0,
      3
    ],
    [
      41.0,
      2
    ],
    [
      42.0,
      5
    ],
    [
      43.0,
      2
    ],
    [
      44.0,
      2
    ],
    [
      45.0,
      4
    ],
    [
      46.0,
      2
    ],
    [
      47.0,
      1
    ],
    [
      48.0,
      1
    ],
    [
      50.0,
      1
    ],
    [
      51.0,
      3
    ],
    [
      52.0,
      1
    ],
    [
      53.0,
      1
    ],
    [
      54.0,
      1
    ],
    [
      55.0,
      1
    ],
    [
      57.0,
      1
    ],
    [
      59.0,
      1
    ],
    [
      62.0,
      2
    ],
    [
      63.0,
      1
    ],
    [
      64.0,
      1
    ],
    [
      65.0,
      2
    ],
    [
      67.0,
      1
    ],
    [
      78.0,
      1
    ],
    [
      84.0,
      1
    ],
    [
      85.0,
      1
    ],
    [
      98.0,
      1
    ],
    [
      99.0,
      1
    ],
    [
      104.0,
      1
    ],
    [
      105.0,
      1
    ],
    [
      110.0,
      1
    ],
    [
      112.0,
      1
    ],
    [
      114.0,
      1
    ],
    [
      122.0,
      1
    ],
    [
      132.0,
      1
    ],
    [
      133.0,
      1
    ],
    [
      165.0,
      2
    ],
    [
      172.0,
      2
    ],
    [
      174.0,
      1
    ],
    [
      176.0,
      2
    ],
    [
      179.0,
      1
    ]
  ],
  "density": 0.1153549976898198,
  "global_efficiency": 0.5469388278952424,
  "mean_clustering": 0.4467649062049521,
  "modularity": 0.19547596935783412,
  "path_length": 1.9426340949958336,
  "small_worldness": 1.0000330477210488,
  "transitivity": 0.26407851189603165
}