{
  "assortativity": -0.2270683697424655,
  "betweenness_centrality": 285.7682119205298,
  "degree_distribution": [
    [
      4.0,
      1
    ],
    [
      7.0,
      2
    ],
    [
      8.0,
      2
    ],
    [
      10.0,
      4
    ],
    [
      11.0,
      2
    ],
    [
      12.0,
      3
    ],
    [
      13.0,
      3
    ],
    [
      14.0,
      7
    ],
    [
      15.0,
      3
    ],
    [
      16.0,
      10
    ],
    [
      17.0,
      11
    ],
    [
      18.0,
      10
    ],
    [
      19.0,
      8
    ],
    [
      20.0,
      10
    ],
    [
      21.0,
      15
    ],
    [
      22.0,
      17
    ],
    [
      23.0,
      13
    ],
    [
      24.0,
      11
    ],
    [
      25.0,
      13
    ],
    [
      26.0,
      10
    ],
    [
      27.0,
      7
    ],
    [
      28.0,
      10
    ],
    [
      29.0,
      9
    ],
    [
      30.0,
      8
    ],
    [
      31.0,
      9
    ],
    [
      32.0,
      8
    ],
    [
      33.0,
      5
    ],
    [
      34.0,
      9
    ],
    [
      35.0,
      6
    ],
    [
      36.0,
      5
    ],
    [
      38.0,
      6
    ],
    [
      39.0,
      5
    ],
    [
      40.0,
      2
    ],
    [
      41.0,
      1
    ],
    [
      42.0,
      4
    ],
    [
      43.0,
      2
    ],
    [
      44.0,
      3
    ],
    [
      45.0,
      5
    ],
    [
      46.0,
      1
    ],
    [
      47.0,
      2
    ],
    [
      48.0,
      2
    ],
    [
      50.0,
      2
    ],
    [
      52.0,
      2
    ],
    [
      53.0,
      1
    ],
    [
      54.0,
      2
    ],
    [
      55.0,
      1
    ],
    [
      57.0,
      1
    ],
    [
      59.0,
      1
    ],
    [
      62.0,
      1
    ],
    [
      63.0,
      1
    ],
    [
      64.0,
      2
    ],
    [
      65.0,
      2
    ],
    [
      68.0,
      1
    ],
    [
      78.0,
      1
    ],
    [
      83.0,
      1
    ],
    [
      84.0,
      1
    ],
    [
      98.0,
      1
    ],
    [
      99.0,
      1
    ],
    [
      102.0,
      1
    ],
    [
      104.0,
      1
    ],
    [
      113.0,
      1
    ],
    [
      114.0,
      2
    ],
    [
      123.0,
      1
    ],
    [
      132.0,
      1
    ],
    [
      133.0,
      1
    ],
    [
      164.0,
      1
    ],
    [
      165.0,
      1
    ],
    [
      171.0,
      1
    ],
    [
      173.0,
      1
    ],
    [
      174.0,
      1
    ],
    [
      175.0,
      1
    ],
    [
      178.0,
      1
    ],
    [
      184.0,
      1
    ]
  ],
  "density": 0.11649908692878044,
  "global_efficiency": 0.5468673223178074,
  "mean_clustering": 0.4681775928353186,
  "modularity": 0.20252769206268614,
  "path_length": 1.9429410990746019,
  "small_worldness": 0.9995808575298197,
  "transitivity": 0.277890886558567
}