{
  "assortativity": -0.2265902891873393,
  "betweenness_centrality": 285.8543046357615,
  "degree_distribution": [
    [
      4.0,
      1
    ],
    [
      7.0,
      2
    ],
    [
      8.0,
      2
    ],
    [
      10.0,
      5
    ],
    [
      11.0,
      1
    ],
    [
      12.0,
      2
    ],
    [
      13.0,
      3
    ],
    [
      14.0,
      7
    ],
    [
      15.0,
      7
    ],
    [
      16.0,
      11
    ],
    [
      17.0,
      7
    ],
    [
      18.0,
      9
    ],
    [
      19.0,
      11
    ],
    [
      20.0,
      8
    ],
    [
      21.0,
      11
    ],
    [
      22.0,
      24
    ],
    [
      23.0,
      13
    ],
    [
      24.0,
      11
    ],
    [
      25.0,
      12
    ],
    [
      26.0,
      7
    ],
    [
      27.0,
      10
    ],
    [
      28.0,
      12
    ],
    [
      29.0,
      8
    ],
    [
      30.0,
      9
    ],
    [
      31.0,
      9
    ],
    [
      32.0,
      3
    ],
    [
      33.0,
      6
    ],
    [
      34.0,
      8
    ],
    [
      35.0,
      8
    ],
    [
      36.0,
      4
    ],
    [
      37.0,
      1
    ],
    [
      38.0,
      5
    ],
    [
      39.0,
      7
    ],
    [
      40.0,
      2
    ],
    [
      41.0,
      1
    ],
    [
      42.0,
      3
    ],
    [
      43.0,
      4
    ],
    [
      44.0,
      2
    ],
    [
      45.0,
      3
    ],
    [
      46.0,
      3
    ],
    [
      47.0,
      1
    ],
    [
      48.0,
      1
    ],
    [
      50.0,
      2
    ],
    [
      51.0,
      2
    ],
    [
      52.0,
      1
    ],
    [
      53.0,
      1
    ],
    [
      54.0,
      1
    ],
    [
      55.0,
      1
    ],
    [
      57.0,
      1
    ],
    [
      58.0,
      1
    ],
    [
      62.0,
      2
    ],
    [
      63.0,
      1
    ],
    [
      64.0,
      1
    ],
    [
      65.0,
      2
    ],
    [
      67.0,
      1
    ],
    [
      78.0,
      1
    ],
    [
      84.0,
      1
    ],
    [
      85.0,
      1
    ],
    [
      98.0,
      1
    ],
    [
      99.0,
      1
    ],
    [
      102.0,
      1
    ],
    [
      105.0,
      1
    ],
    [
      108.0,
      1
    ],
    [
      109.0,
      1
    ],
    [
      112.0,
      1
    ],
    [
      125.0,
      1
    ],
    [
      130.0,
      2
    ],
    [
      166.0,
      2
    ],
    [
      170.0,
      1
    ],
    [
      171.0,
      1
    ],
    [
      174.0,
      1
    ],
    [
      175.0,
      1
    ],
    [
      176.0,
      1
    ],
    [
      179.0,
      1
    ]
  ],
  "density": 0.11511297881234736,
  "global_efficiency": 0.5467591472134826,
  "mean_clustering": 0.44578754429202544,
  "modularity": 0.22959265756950872,
  "path_length": 1.9432261742906012,
  "small_worldness": 0.9975164403031361,
  "transitivity": 0.26370358489052853
}