{
  "assortativity": -0.2265902891873393,
  "betweenness_centrality": [
    214.0579572595128,
    163.11032473170826,
    5219.8043464718685,
    4813.270151511017,
    1740.639510298743,
    1780.6347662219246,
    163.23499650279098,
    158.08412284028424,
    32.339920989746425,
    28.469202091212193,
    85.19899291565245,
    32.01689286588569,
    313.7039600540211,
    350.6546215689511,
    64.95253247878755,
    176.26965180945174,
    40.96600853533019,
    52.549829784249326,
    89.9127157574478,
    63.19602119605354,
    212.48618458154482,
    112.68131605381625,
    39.484388625474026,
    62.268266385392764,
    27.496484355977096,
    15.278374081285799,
    33.306832626889886,
    52.67385521234648,
    23.896999563559437,
    20.394657812913874,
    107.45345348792162,
    17.631777615269225,
    6.988535472319457,
    13.041855429817822,
    4.212603974973955,
    6.235322723806223,
    5.202275345871327,
    5.752503479047488,
    3.809374681629131,
    131.87992973619828,
    75.79660757392554,
    57.245288056627075,
    32.398546044339675,
    116.30472833958979,
    157.6576740889512,
    62.78732212805469,
    43.056339447933496,
    29.938842091081064,
    1.251595115908087,
    19.362695767648336,
    96.7914332907071,
    44.53786021721249,
    36.02547036953875,
    1679.1873571227925,
    1446.548025376913,
    872.6239193626475,
    1412.2028117790387,
    385.1649157633942,
    528.8866395717457,
    552.9841504707191,
    670.155002228694,
    234.8632598335619,
    115.01524913533473,
    141.78827470808895,
    249.4668618275233,
    405.08989664589353,
    313.3649599605149,
    207.05264433700165,
    208.16819748638687,
    99.16997888217628,
    423.54475137431393,
    77.01504217940852,
    11.468320379421803,
    44.133513057572024,
    100.03385959109761,
    52.07427425549105,
    37.82388228341366,
    34.15536161577078,
    81.34083412387304,
    30.920895953331264,
    73.02037116092812,
    79.13676761804489,
    0.0,
    0.263741673317845,
    5302.563150049127,
    5101.657064480783,
    4720.186603246216,
    4717.971431926692,
    15.244291394557223,
    37.26403070214083,
    36.30463617709152,
    15.88360858994488,
    29.645474170758234,
    8.972219793115562,
    27.717212436519155,
    187.64037810086404,
    42.22717939507896,
    19.441915495476884,
    24.50621688810308,
    73.46492103110275,
    38.460542463143305,
    20.239584463592347,
    15.307912489511926,
    87.1899064387282,
    212.79610056797776,
    114.95245967511038,
    23.070111686485212,
    15.517766228827428,
    64.10063017274923,
    279.30861368186737,
    910.9324604967853,
    11.309867589537868,
    427.1008701677182,
    26.931734562416207,
    20.40244166561546,
    1722.057182411959,
    2760.004186119692,
    44.62358839952132,
    59.73946987945557,
    37.809503498023716,
    53.08473015298607,
    20.722070525945064,
    22.386105680671328,
    9.00751840035533,
    7.418993370687008,
    43.09876515817641,
    30.769489593474866,
    31.704642465822687,
    42.36893377254153,
    41.82826902577583,
    23.474998904953633,
    53.6779173364428,
    68.2951311364984,
    102.35836685931811,
    69.58536938496562,
    37.89387576582623,
    47.9227928224763,
    29.39193860794234,
    53.37848486345584,
    13.040822148228209,
    17.500574559816002,
    16.67502049674332,
    23.766619968340787,
    23.097494664679754,
    20.057426871067364,
    25.46694647640049,
    9.575095820525698,
    6.790473976102621,
    25.997492486630282,
    1508.0765615737048,
    1487.6398284155957,
    55.22659712555596,
    159.34454769846397,
    20.69211183546046,
    44.08285824852912,
    47.038234556913835,
    36.26597249688212,
    72.9639374623875,
    5.76955549317139,
    4221.302266298563,
    3878.046302906025,
    23.86904908333846,
    33.08453868020117,
    51.7350986463327,
    56.54962037280347,
    47.14147363860212,
    23.230431394445475,
    6.72830772629617,
    10.267701008282032,
    58.15560701445663,
    11.596439655275235,
    56.41349089033453,
    483.6590775660297,
    467.92859300574383,
    43.26869721405961,
    23.755739176015318,
    2.9464464049646732,
    64.60102968879538,
    355.33197320670126,
    238.19250523959906,
    401.5999379836031,
    191.36574792506943,
    386.95127056883933,
    564.8881849245511,
    726.4129571938888,
    23.666971223847828,
    15.167411842507375,
    288.179553426029,
    363.5077069639296,
    220.10880103293292,
    208.11684056962122,
    434.60021657344026,
    465.4630143912698,
    141.65056381721953,
    20.14016327969383,
    107.75304236258654,
    190.87657041497195,
    178.9536822996334,
    273.56308322350077,
    2277.541052653994,
    2321.77287829737,
    104.24027848991399,
    118.41886176279856,
    132.4309753243301,
    109.74723118508969,
    49.08997177367733,
    48.336259719576944,
    173.30341994016828,
    111.49579317192789,
    140.90627864136155,
    127.84984584211328,
    149.40656224451104,
    205.2662195259411,
    74.99194860355902,
    87.74227059502468,
    86.68595377570914,
    171.7234219464692,
    57.22636945686006,
    25.751779345261774,
    259.6172221822339,
    149.1120255902922,
    90.5307827550731,
    59.063967794127755,
    82.7097423918007,
    49.79444193195223,
    139.24970276245674,
    58.25182730687406,
    24.482358107448704,
    7.870031760958088,
    6.069730548318403,
    42.866643305510195,
    51.559153722779065,
    44.78421656706852,
    65.20862779986105,
    38.410373872142486,
    35.07297319849942,
    49.79592451159267,
    32.2398200207102,
    120.66824779056377,
    81.5065984148276,
    70.89101056788122,
    68.47585030735739,
    78.62021926921436,
    60.392896090480285,
    77.74886726120832,
    70.23258330225461,
    88.09488122321144,
    46.04807980743844,
    5.952976943618674,
    5.871407148316397,
    28.948483783111943,
    26.839323581786577,
    70.77627686440592,
    90.3139064279703,
    97.60325694591464,
    130.5683183431117,
    28.990386159328672,
    83.54067118637816,
    51.193736538831956,
    69.31678633291082,
    12.159994688454608,
    31.195357140296377,
    72.26674064266898,
    89.37055568399597,
    43.33641872857211,
    44.320971222246634,
    26.245156813843376,
    11.442551231830585,
    33.541170750240006,
    13.600883973897673,
    17.03292306638413,
    17.475651387245524,
    71.02878983590226,
    11.702807291426918,
    51.29177703191299,
    50.49235582351952,
    16.41497575486698,
    46.41733382684644,
    6.692615063352118,
    22.62992100466461,
    9.829010939735342,
    9.62287429116639,
    8.11705263647526,
    18.31920106015447,
    23.77323025733117,
    79.27581577305925,
    4.37767368662989,
    24.515765852747286,
    6.3211504329116295,
    110.02575763871016,
    15.36229578901053,
    139.69002845422872,
    222.35208671272665,
    197.212982278578,
    94.89817866919046,
    77.83326569263247,
    101.24302667394736,
    113.24333625024803,
    110.17421362854653,
    49.0538006616526,
    15.28215910727426,
    49.7948188409522
  ],