{
  "assortativity": -0.2284538772755872,
  "betweenness_centrality": [
    213.3568004693815,
    172.0968878829346,
    5319.446459534302,
    4796.608277594908,
    1645.1233113010826,
    1694.7171614819838,
    170.2599858013708,
    147.85122820264436,
    33.75326522384082,
    25.799586061741753,
    81.29292804135625,
    28.24611933914222,
    310.188958168932,
    343.63233780946126,
    62.53210873174641,
    170.33424642109628,
    41.46669777660281,
    54.741375190997665,
    93.74027189795774,
    64.91741191635023,
    214.13776607826227,
    111.4059825087755,
    37.30792740216175,
    60.30512007290263,
    29.480490140112064,
    13.129593942543481,
    33.20899674754577,
    53.0974611500643,
    20.89049193198342,
    22.167164431005173,
    104.63380281351634,
    16.3107266875803,
    6.9865295912383925,
    13.854692940280383,
    4.820415500875873,
    7.078729892554322,
    6.578870750235101,
    6.0038562584710995,
    3.512013005591629,
    137.10085868227188,
    72.58991110283712,
    52.01134706935994,
    33.416255633655105,
    122.6727678473141,
    156.98752035906972,
    64.24505078046509,
    41.535290031239356,
    29.00512255737511,
    1.2780118174703283,
    19.791177775926606,
    94.31816786178685,
    44.56502844962254,
    34.39629615392265,
    1666.6237865895068,
    1455.8076095879012,
    883.8982067070075,
    1425.2653504141392,
    388.394742825478,
    531.7984513536337,
    577.8784073137193,
    670.8320863464119,
    233.06310818242173,
    122.20842362084308,
    145.6665554193228,
    233.2608993010737,
    412.6459510104565,
    311.1760616867981,
    205.2603298810548,
    218.0958707932306,
    102.66154626649538,
    433.7013698480172,
    75.45001979079991,
    9.982060434133153,
    43.07950155714224,
    100.89155431476742,
    54.43176804671534,
    34.430622380603566,
    34.494116856165675,
    78.2018953242255,
    31.372419165978688,
    75.86320067542852,
    86.06995772905694,
    0.0,
    0.0,
    5458.414879057964,
    4984.28445997375,
    4499.047758968955,
    5254.821030668329,
    16.888147452011747,
    41.49951619515589,
    36.219266532754986,
    14.255846116612037,
    30.89683500622098,
    9.628136701858478,
    27.48808062492768,
    189.66278121612368,
    41.69256925391089,
    19.208083908459535,
    28.446189148139986,
    68.90060422047223,
    43.913408130340095,
    21.666916786055122,
    15.5191301472812,
    86.10824424200646,
    212.92478657002573,
    116.22337930785365,
    19.759506459082214,
    16.29854392625052,
    64.84238028011904,
    289.4069584843932,
    934.1341801603963,
    12.445920578068305,
    429.37134592261333,
    26.82335619088507,
    19.122223484941284,
    1906.4426901754841,
    2596.386475842877,
    40.61083866171838,
    58.135497094249125,
    34.43263354492352,
    50.62869641822715,
    22.96741613187218,
    20.602035889908976,
    9.542551085514326,
    5.571788403450935,
    40.22258875276173,
    40.3538916389644,
    28.26778429035655,
    33.073326874027885,
    37.866643762079335,
    26.55020040334181,
    51.76046041158931,
    64.39605223280756,
    106.51814170983852,
    66.69103257022712,
    35.10155048196957,
    48.21591155267189,
    30.284547879253644,
    54.484207912449804,
    14.415739014131232,
    18.66618011292921,
    14.77680489766959,
    22.5047339377068,
    19.25879432897459,
    21.56104822416692,
    24.251497452780146,
    8.214196291787253,
    4.478969860567733,
    29.04306876303142,
    1543.264108498385,
    1411.903216993666,
    53.0527342088338,
    146.84548278735176,
    23.140010712343184,
    45.49100546301295,
    45.55932419295428,
    34.7512819481473,
    72.08922721638665,
    5.584930677787821,
    3821.3601371439836,
    3868.5083662767174,
    24.079811352171802,
    33.77898312399418,
    51.68257003134889,
    62.49820407422393,
    50.40777206377504,
    23.80535701438957,
    6.186991872183552,
    8.037153490058042,
    55.10060717771161,
    11.842824719669364,
    55.261824828358776,
    480.89576095560386,
    478.5450889336361,
    43.75440642459857,
    23.60552826302095,
    2.5744440409616343,
    64.88916999448475,
    359.54717504158816,
    238.50517101059543,
    386.2791970644344,
    182.5497133310985,
    388.30337871681445,
    564.3470870071634,
    697.8274381595282,
    21.92643723486188,
    15.063942224183094,
    272.75894357367656,
    369.4531634944563,
    219.59867267226713,
    200.5780821555606,
    445.0132555221331,
    532.4055841622782,
    140.4096738464521,
    19.779863457768553,
    106.53943524127895,
    192.4665942652193,
    172.87284641695342,
    272.8489928876162,
    2243.9631340244723,
    2374.2619816221422,
    100.41329744290533,
    115.25081698684149,
    131.06455954508547,
    111.44392314554253,
    50.900896663023815,
    45.433799758977074,
    152.71020311614836,
    107.1251050990562,
    145.6016774902285,
    134.68715612769353,
    151.99051624587437,
    234.6268614735359,
    78.73970431278657,
    90.42427296281153,
    83.55210070371696,
    166.5843153187949,
    64.26286626480142,
    23.769302444036526,
    260.61782652920823,
    148.1241167058897,
    89.11705843275097,
    53.150428451174555,
    81.21951670137676,
    47.61136945000173,
    148.50202898307884,
    55.35235188737464,
    25.69412080742403,
    9.308270693056855,
    6.574633478880423,
    40.06336048493511,
    52.370725289520685,
    43.05400612854348,
    55.15489256887772,
    33.63744957079024,
    32.45367541144014,
    50.26890151501866,
    25.626450252244375,
    131.9879855832987,
    84.9321701634919,
    70.05663476780369,
    71.20009458309278,
    76.1044741862665,
    60.97760504599725,
    79.9129605453168,
    67.2449430170528,
    81.94777735398962,
    42.77019468828897,
    6.2943093195214725,
    5.559049313043762,
    27.180495481710835,
    27.644125507299762,
    71.42403328773557,
    91.15289387954533,
    97.4274598038422,
    132.80389823401427,
    29.555938014590808,
    81.84661741795198,
    50.28197553527284,
    64.69119954369454,
    11.941587657468522,
    33.651815196574034,
    75.74743741934866,
    90.92119167271125,
    44.828086349735074,
    43.645200373912814,
    24.356803991061664,
    10.894709437079987,
    31.097806127561064,
    13.733185930535319,
    17.846802984172175,
    21.007730832835364,
    70.65230652050757,
    12.13183175816374,
    53.73845532532282,
    49.32007036740435,
    15.674006266077052,
    46.93136430153231,
    6.933840466595488,
    24.72335312649415,
    10.294649332118485,
    11.010289536609209,
    7.142678646948855,
    17.233214401235454,
    22.705528934614325,
    77.68441959222392,
    4.674727170419409,
    24.022472025847932,
    6.627030529381859,
    110.66868907070689,
    15.124814006350087,
    144.02934639590802,
    226.13155982895776,
    194.22714289084803,
    93.22685367546107,
    78.55120750782218,
    93.76704487067572,
    116.41268202934714,
    117.47168964015636,
    49.477196517903984,
    16.492954081620255,
    46.34354932252705
  ],