{
  "assortativity": -0.22910035408528556,
  "betweenness_centrality": 285.6754966887417,
  "degree_distribution": [
    [
      4.0,
      1
    ],
    [
      7.0,
      2
    ],
    [
      8.0,
      2
    ],
    [
      10.0,
      5
    ],
    [
      11.0,
      1
    ],
    [
      12.0,
      4
    ],
    [
      13.0,
      2
    ],
    [
      14.0,
      5
    ],
    [
      15.0,
      8
    ],
    [
      16.0,
      12
    ],
    [
      17.0,
      6
    ],
    [
      18.0,
      8
    ],
    [
      19.0,
      11
    ],
    [
      20.0,
      9
    ],
    [
      21.0,
      15
    ],
    [
      22.0,
      19
    ],
    [
      23.0,
      12
    ],
    [
      24.0,
      12
    ],
    [
      25.0,
      14
    ],
    [
      26.0,
      7
    ],
    [
      27.0,
      11
    ],
    [
      28.0,
      8
    ],
    [
      29.0,
      8
    ],
    [
      30.0,
      9
    ],
    [
      31.0,
      7
    ],
    [
      32.0,
      7
    ],
    [
      33.0,
      6
    ],
    [
      34.0,
      10
    ],
    [
      35.0,
      6
    ],
    [
      36.0,
      4
    ],
    [
      37.0,
      1
    ],
    [
      38.0,
      5
    ],
    [
      39.0,
      4
    ],
    [
      40.0,
      4
    ],
    [
      41.0,
      1
    ],
    [
      42.0,
      6
    ],
    [
      43.0,
      3
    ],
    [
      44.0,
      1
    ],
    [
      45.0,
      4
    ],
    [
      46.0,
      1
    ],
    [
      47.0,
      2
    ],
    [
      48.0,
      1
    ],
    [
      50.0,
      2
    ],
    [
      51.0,
      1
    ],
    [
      52.0,
      2
    ],
    [
      53.0,
      1
    ],
    [
      54.0,
      1
    ],
    [
      56.0,
      1
    ],
    [
      57.0,
      1
    ],
    [
      58.0,
      1
    ],
    [
      61.0,
      1
    ],
    [
      62.0,
      1
    ],
    [
      63.0,
      1
    ],
    [
      64.0,
      1
    ],
    [
      65.0,
      2
    ],
    [
      67.0,
      1
    ],
    [
      78.0,
      1
    ],
    [
      84.0,
      1
    ],
    [
      85.0,
      1
    ],
    [
      98.0,
      1
    ],
    [
      99.0,
      1
    ],
    [
      102.0,
      1
    ],
    [
      104.0,
      1
    ],
    [
      111.0,
      1
    ],
    [
      113.0,
      1
    ],
    [
      114.0,
      1
    ],
    [
      124.0,
      1
    ],
    [
      130.0,
      1
    ],
    [
      134.0,
      1
    ],
    [
      164.0,
      2
    ],
    [
      172.0,
      1
    ],
    [
      174.0,
      2
    ],
    [
      175.0,
      1
    ],
    [
      176.0,
      1
    ],
    [
      177.0,
      1
    ]
  ],
  "density": 0.11528899254141824,
  "global_efficiency": 0.5469168261791086,
  "mean_clustering": 0.44504233696807716,
  "modularity": 0.20250165710040208,
  "path_length": 1.9426340949958336,
  "small_worldness": 0.9961388655569222,
  "transitivity": 0.26396558387015384
}