{
  "assortativity": -0.22635989533319567,
  "betweenness_centrality": 286.2450331125827,
  "degree_distribution": [
    [
      4.0,
      1
    ],
    [
      7.0,
      2
    ],
    [
      8.0,
      2
    ],
    [
      10.0,
      5
    ],
    [
      11.0,
      1
    ],
    [
      12.0,
      2
    ],
    [
      13.0,
      4
    ],
    [
      14.0,
      5
    ],
    [
      15.0,
      7
    ],
    [
      16.0,
      13
    ],
    [
      17.0,
      6
    ],
    [
      18.0,
      9
    ],
    [
      19.0,
      12
    ],
    [
      20.0,
      8
    ],
    [
      21.0,
      11
    ],
    [
      22.0,
      22
    ],
    [
      23.0,
      12
    ],
    [
      24.0,
      11
    ],
    [
      25.0,
      15
    ],
    [
      26.0,
      9
    ],
    [
      27.0,
      6
    ],
    [
      28.0,
      9
    ],
    [
      29.0,
      9
    ],
    [
      30.0,
      11
    ],
    [
      31.0,
      6
    ],
    [
      32.0,
      7
    ],
    [
      33.0,
      7
    ],
    [
      34.0,
      7
    ],
    [
      35.0,
      8
    ],
    [
      36.0,
      5
    ],
    [
      38.0,
      6
    ],
    [
      39.0,
      5
    ],
    [
      40.0,
      3
    ],
    [
      41.0,
      1
    ],
    [
      42.0,
      3
    ],
    [
      43.0,
      4
    ],
    [
      44.0,
      1
    ],
    [
      45.0,
      5
    ],
    [
      46.0,
      2
    ],
    [
      47.0,
      1
    ],
    [
      48.0,
      1
    ],
    [
      50.0,
      2
    ],
    [
      51.0,
      1
    ],
    [
      52.0,
      1
    ],
    [
      53.0,
      2
    ],
    [
      54.0,
      1
    ],
    [
      55.0,
      1
    ],
    [
      57.0,
      1
    ],
    [
      58.0,
      1
    ],
    [
      62.0,
      2
    ],
    [
      63.0,
      1
    ],
    [
      64.0,
      1
    ],
    [
      65.0,
      2
    ],
    [
      68.0,
      1
    ],
    [
      78.0,
      1
    ],
    [
      84.0,
      1
    ],
    [
      85.0,
      1
    ],
    [
      98.0,
      1
    ],
    [
      99.0,
      1
    ],
    [
      103.0,
      1
    ],
    [
      105.0,
      1
    ],
    [
      109.0,
      1
    ],
    [
      112.0,
      1
    ],
    [
      113.0,
      1
    ],
    [
      125.0,
      1
    ],
    [
      129.0,
      1
    ],
    [
      132.0,
      1
    ],
    [
      165.0,
      1
    ],
    [
      166.0,
      1
    ],
    [
      172.0,
      1
    ],
    [
      174.0,
      2
    ],
    [
      175.0,
      1
    ],
    [
      176.0,
      1
    ],
    [
      180.0,
      1
    ]
  ],
  "density": 0.11537699940595367,
  "global_efficiency": 0.5466326373457129,
  "mean_clustering": 0.4496217550949536,
  "modularity": 0.2054442118587019,
  "path_length": 1.9445199771939827,
  "small_worldness": 1.0055062368123948,
  "transitivity": 0.26601107662500717
}