{
  "assortativity": -0.22741630833356793,
  "betweenness_centrality": 285.682119205298,
  "degree_distribution": [
    [
      4.0,
      1
    ],
    [
      7.0,
      2
    ],
    [
      8.0,
      2
    ],
    [
      10.0,
      4
    ],
    [
      11.0,
      2
    ],
    [
      12.0,
      3
    ],
    [
      13.0,
      3
    ],
    [
      14.0,
      5
    ],
    [
      15.0,
      5
    ],
    [
      16.0,
      11
    ],
    [
      17.0,
      10
    ],
    [
      18.0,
      10
    ],
    [
      19.0,
      8
    ],
    [
      20.0,
      10
    ],
    [
      21.0,
      16
    ],
    [
      22.0,
      16
    ],
    [
      23.0,
      12
    ],
    [
      24.0,
      11
    ],
    [
      25.0,
      17
    ],
    [
      26.0,
      8
    ],
    [
      27.0,
      7
    ],
    [
      28.0,
      7
    ],
    [
      29.0,
      9
    ],
    [
      30.0,
      9
    ],
    [
      31.0,
      11
    ],
    [
      32.0,
      8
    ],
    [
      33.0,
      5
    ],
    [
      34.0,
      7
    ],
    [
      35.0,
      7
    ],
    [
      36.0,
      5
    ],
    [
      37.0,
      1
    ],
    [
      38.0,
      4
    ],
    [
      39.0,
      5
    ],
    [
      40.0,
      2
    ],
    [
      41.0,
      3
    ],
    [
      42.0,
      3
    ],
    [
      43.0,
      2
    ],
    [
      44.0,
      4
    ],
    [
      45.0,
      3
    ],
    [
      46.0,
      1
    ],
    [
      47.0,
      3
    ],
    [
      48.0,
      2
    ],
    [
      50.0,
      1
    ],
    [
      51.0,
      1
    ],
    [
      52.0,
      1
    ],
    [
      53.0,
      3
    ],
    [
      54.0,
      1
    ],
    [
      55.0,
      1
    ],
    [
      57.0,
      1
    ],
    [
      59.0,
      1
    ],
    [
      63.0,
      2
    ],
    [
      64.0,
      3
    ],
    [
      65.0,
      1
    ],
    [
      70.0,
      1
    ],
    [
      78.0,
      1
    ],
    [
      84.0,
      1
    ],
    [
      85.0,
      1
    ],
    [
      98.0,
      1
    ],
    [
      99.0,
      1
    ],
    [
      104.0,
      1
    ],
    [
      107.0,
      1
    ],
    [
      110.0,
      1
    ],
    [
      114.0,
      1
    ],
    [
      116.0,
      1
    ],
    [
      125.0,
      1
    ],
    [
      132.0,
      2
    ],
    [
      164.0,
      1
    ],
    [
      165.0,
      1
    ],
    [
      170.0,
      1
    ],
    [
      172.0,
      1
    ],
    [
      176.0,
      2
    ],
    [
      177.0,
      1
    ],
    [
      182.0,
      1
    ]
  ],
  "density": 0.11658709379331587,
  "global_efficiency": 0.5469571626586873,
  "mean_clustering": 0.46977711320294463,
  "modularity": 0.22975846700934668,
  "path_length": 1.9426560238586026,
  "small_worldness": 1.0031788223769205,
  "transitivity": 0.2780810506353479
}