{
  "assortativity": -0.22880500213680938,
  "betweenness_centrality": [
    212.6804269877212,
    159.14873249615988,
    5009.785621871869,
    5021.042831256006,
    1733.489691523189,
    1766.5666795437746,
    165.9406425183357,
    149.42410297878538,
    33.60116062338841,
    27.876224284371485,
    85.25011185524518,
    29.175622104420928,
    300.06501931991687,
    355.47753137822093,
    66.30855430545473,
    148.28746425729386,
    43.09229182459252,
    56.22284835964755,
    93.18138188623537,
    65.12027191711077,
    218.09044354141156,
    104.9260177983383,
    38.76557066350356,
    56.1825924111844,
    28.991831072851717,
    14.95161536959557,
    33.16287271651267,
    54.439000328518866,
    21.098516655050705,
    18.105924617559673,
    103.17578708410876,
    16.53821781884193,
    8.065938202729907,
    13.288939064366398,
    5.110332931360513,
    6.894565519313237,
    6.344229868747826,
    6.035363984828043,
    3.4579022890050393,
    133.78633176655953,
    71.82887944456913,
    49.216837686097236,
    32.70051652734246,
    114.85178965719129,
    153.18713715067537,
    58.26877244757685,
    43.66652869895983,
    32.5565638580303,
    1.4463622349511402,
    17.405309870420616,
    89.67168982672202,
    42.69506734969778,
    34.451524726941,
    1673.1356030104855,
    1439.3024689958568,
    874.7895428205783,
    1416.5064134040874,
    386.904792019923,
    535.5410843762677,
    563.0328829949249,
    648.6545604554367,
    243.04672226563554,
    121.28814915365358,
    142.35381651436066,
    245.68473869260333,
    400.1465371591421,
    317.6605214503573,
    223.92758378290083,
    212.4245631081311,
    99.5707955795982,
    430.32196516898614,
    81.81791194851996,
    10.34389223141625,
    44.341040929509305,
    109.18950546688369,
    52.05775186620047,
    37.22342445889273,
    34.193229955021586,
    81.75051229488825,
    30.33296622451558,
    74.38811025721702,
    83.50804055691664,
    0.0,
    0.0,
    5316.410250983191,
    4948.8438520392965,
    4572.416310682151,
    5144.555410875125,
    16.75424913642275,
    38.660239291571735,
    34.93157407587907,
    17.42995334788534,
    31.180928081097495,
    9.259024505180445,
    24.781959910487686,
    189.20183553508758,
    42.22258974421394,
    20.952388254493137,
    26.28219955162501,
    75.36803250798181,
    44.32138135125155,
    20.207667310787834,
    15.059701148146729,
    86.61141230734545,
    205.8717373356946,
    113.51215844350152,
    21.86715631628434,
    16.092519523251447,
    62.42766090435115,
    284.08944748523555,
    929.9424843788935,
    11.252740803729358,
    415.5005514343643,
    25.854830245699215,
    19.681823389057932,
    1890.0690079211004,
    2781.6154271526148,
    42.32607320743868,
    53.01935434324331,
    33.6620412680646,
    51.1392983294025,
    27.576242594167347,
    18.567115257066508,
    9.072798361345432,
    6.142353239391731,
    46.730530255787585,
    38.79602325487916,
    32.66756174992155,
    35.67525554471,
    35.08866549988122,
    28.133037351985816,
    55.78741368471388,
    62.06363894149384,
    99.18999791493813,
    70.15299857411574,
    36.92768120132892,
    48.739338487060074,
    28.992279670477426,
    52.96514747877153,
    14.932605983266159,
    19.325338590907066,
    16.15789572285673,
    20.289580183339414,
    20.688669384705477,
    23.89397067031603,
    24.99003801244958,
    6.6642313949914325,
    3.736070346194052,
    28.667135346250955,
    1459.6820638502852,
    1409.972849392115,
    55.21002060435209,
    143.1123959295781,
    23.67105073465998,
    46.83026197847154,
    49.12872295450328,
    32.81097784108393,
    69.40605263862187,
    5.662452554025063,
    4066.5798571854734,
    3973.6256443503435,
    21.958431243536385,
    33.62886155849024,
    50.90142317782246,
    54.83928144939974,
    47.82304621132351,
    22.094335611264725,
    7.081946092123715,
    9.337392193945648,
    58.637005896116314,
    12.9092420917968,
    52.98066319716064,
    481.1872264793798,
    461.2094153135435,
    43.697950939877266,
    25.217786710398382,
    2.770234206458328,
    65.43085617224234,
    358.0564124633231,
    234.69687611059481,
    432.9383942401853,
    181.26026145081593,
    376.58025884873604,
    556.1650250394109,
    692.7616275290045,
    23.592237867075543,
    14.97415490996313,
    272.01627078347155,
    357.0637212948923,
    225.40256603889378,
    198.3581950945997,
    415.5337057411696,
    481.14654214893494,
    138.9152070051116,
    19.899974067320635,
    104.0506868907992,
    190.61765444583298,
    174.3850086958857,
    263.80349864677174,
    2158.237526503553,
    2470.187597097886,
    106.6208789258469,
    118.08772552492664,
    132.93376646679704,
    107.17724535028077,
    50.91127557135514,
    46.69987011367017,
    161.9931689506276,
    110.71226806831903,
    146.51702254524972,
    143.15866457659573,
    148.69598110735603,
    209.41271620763735,
    74.12653878348931,
    89.42607357362097,
    87.03669167901927,
    168.44061120725618,
    58.59543568695177,
    21.608478290176148,
    256.77852047253305,
    142.38874130128218,
    95.98876306959093,
    47.79064841081802,
    80.01476605044238,
    48.83545371043781,
    137.3878372212718,
    59.646040022035855,
    24.693714562282164,
    9.509801396804077,
    5.287959664876093,
    42.97601807840968,
    55.37084809988931,
    40.564704011985455,
    58.60396284396517,
    35.562276376466166,
    33.54861205812491,
    52.02119485821691,
    29.57955852211439,
    127.84281980786346,
    88.05017821651464,
    68.35813118073231,
    67.63065544644688,
    71.97075430714945,
    60.111814709389954,
    72.67112115633522,
    67.16100374619833,
    89.09224758437158,
    44.1158901765909,
    6.038531756544277,
    5.341891944792006,
    27.325729548314726,
    27.234376472358907,
    68.6056204720517,
    84.85480703051556,
    102.88887593488731,
    121.10417955309565,
    32.27146579943811,
    84.5302239226723,
    51.28074365062947,
    63.3089168419694,
    11.061157551031783,
    34.15752025928527,
    76.53395393714602,
    88.84144919475102,
    42.74084504901127,
    40.91850678446744,
    23.762290694208353,
    12.030197084412986,
    35.7724493187928,
    13.847194868454345,
    18.525158274180832,
    20.069827242778974,
    64.72402246331596,
    13.698480482322351,
    51.48883450886334,
    47.07639433625383,
    16.68976350410545,
    45.872100307457075,
    6.942576054405763,
    25.27276912491505,
    10.060039449598348,
    10.782005199614083,
    7.465673541969796,
    17.857974441440952,
    23.282265657572577,
    79.99479061324985,
    4.332478728928176,
    24.203441842015813,
    5.952707751447872,
    104.8707844403199,
    14.840713031130974,
    142.66849447375262,
    213.17591958435824,
    188.52596107061123,
    95.11970820158092,
    74.16216649533278,
    114.45782451689067,
    112.15726336905817,
    111.38624030500625,
    49.407085855366205,
    16.39646993976753,
    49.81563692192846
  ],