{
  "assortativity": -0.22609546432208794,
  "betweenness_centrality": 286.2450331125828,
  "degree_distribution": [
    [
      4.0,
      1
    ],
    [
      7.0,
      2
    ],
    [
      8.0,
      2
    ],
    [
      10.0,
      5
    ],
    [
      11.0,
      1
    ],
    [
      12.0,
      3
    ],
    [
      13.0,
      2
    ],
    [
      14.0,
      8
    ],
    [
      15.0,
      5
    ],
    [
      16.0,
      12
    ],
    [
      17.0,
      9
    ],
    [
      18.0,
      8
    ],
    [
      19.0,
      11
    ],
    [
      20.0,
      6
    ],
    [
      21.0,
      15
    ],
    [
      22.0,
      21
    ],
    [
      23.0,
      10
    ],
    [
      24.0,
      14
    ],
    [
      25.0,
      12
    ],
    [
      26.0,
      8
    ],
    [
      27.0,
      10
    ],
    [
      28.0,
      8
    ],
    [
      29.0,
      10
    ],
    [
      30.0,
      8
    ],
    [
      31.0,
      9
    ],
    [
      32.0,
      7
    ],
    [
      33.0,
      5
    ],
    [
      34.0,
      7
    ],
    [
      35.0,
      8
    ],
    [
      36.0,
      3
    ],
    [
      37.0,
      2
    ],
    [
      38.0,
      6
    ],
    [
      39.0,
      4
    ],
    [
      40.0,
      2
    ],
    [
      41.0,
      3
    ],
    [
      42.0,
      5
    ],
    [
      43.0,
      2
    ],
    [
      44.0,
      2
    ],
    [
      45.0,
      3
    ],
    [
      46.0,
      2
    ],
    [
      47.0,
      2
    ],
    [
      48.0,
      1
    ],
    [
      50.0,
      1
    ],
    [
      51.0,
      2
    ],
    [
      52.0,
      3
    ],
    [
      55.0,
      1
    ],
    [
      56.0,
      1
    ],
    [
      57.0,
      1
    ],
    [
      58.0,
      1
    ],
    [
      62.0,
      2
    ],
    [
      63.0,
      1
    ],
    [
      64.0,
      1
    ],
    [
      65.0,
      2
    ],
    [
      68.0,
      1
    ],
    [
      78.0,
      1
    ],
    [
      84.0,
      1
    ],
    [
      85.0,
      1
    ],
    [
      98.0,
      1
    ],
    [
      99.0,
      1
    ],
    [
      101.0,
      1
    ],
    [
      102.0,
      1
    ],
    [
      112.0,
      2
    ],
    [
      113.0,
      1
    ],
    [
      128.0,
      1
    ],
    [
      130.0,
      1
    ],
    [
      131.0,
      1
    ],
    [
      165.0,
      2
    ],
    [
      171.0,
      1
    ],
    [
      172.0,
      2
    ],
    [
      175.0,
      2
    ],
    [
      178.0,
      1
    ]
  ],
  "density": 0.11522298739301666,
  "global_efficiency": 0.5465794665317228,
  "mean_clustering": 0.446252277412629,
  "modularity": 0.21020615383796404,
  "path_length": 1.9445199771939827,
  "small_worldness": 0.9978956863053069,
  "transitivity": 0.26528547831542826
}