{
  "assortativity": -0.22609546432208794,
  "betweenness_centrality": [
    227.02604038803693,
    172.90364621610078,
    5455.774871420891,
    4387.994892759216,
    1724.525011851125,
    1771.5177278065448,
    166.5244066585447,
    149.33768626081542,
    27.33249936264378,
    28.70155180052142,
    76.19070645660877,
    29.102707910391747,
    324.440183507103,
    344.7666651271129,
    65.04528742112679,
    163.39191153660488,
    43.39346657587493,
    60.82321731769432,
    93.32957519464517,
    69.07829655177049,
    205.7490231662128,
    105.06305055591143,
    36.42713130094674,
    62.99488112618102,
    28.66528924641241,
    17.17611368455871,
    39.18798251171314,
    52.63672069489618,
    23.351118919105716,
    19.481530814515303,
    106.56363835610202,
    17.014722809005736,
    8.890190539804566,
    13.587890200617565,
    4.808484865793657,
    6.298132087555961,
    6.126097228388522,
    6.2630458341494215,
    5.23093415452484,
    132.71905408518825,
    74.76361054470519,
    57.43225326404425,
    31.23292644918964,
    117.42464752108944,
    149.1426831761213,
    74.3329223679885,
    51.10837104498984,
    27.211774232708432,
    1.358343732514313,
    17.974822924825805,
    97.00625053573509,
    41.76850771906875,
    36.584422474117105,
    1664.3233847067236,
    1442.9906268838974,
    870.9232550134918,
    1426.9993352828567,
    390.7922602516016,
    530.9988135268829,
    573.377188517365,
    657.6914124103846,
    234.64372293762827,
    122.20619581503176,
    142.62876651768502,
    244.47295025067334,
    410.7445671441246,
    319.34381428576296,
    198.9819306995185,
    212.22117135376445,
    99.0476235809717,
    431.63730012370564,
    73.70871066882391,
    11.890830766029039,
    44.61371690544151,
    112.89151750040267,
    53.59672532807639,
    36.14922108033785,
    34.38951555127782,
    76.88388490205352,
    31.13122172420184,
    77.40567842173984,
    83.82114882456575,
    0.0,
    0.0,
    5485.397731758829,
    4985.077215334378,
    4617.533969310287,
    5050.175672395085,
    17.747884607352983,
    38.37075273975825,
    35.0173668197147,
    17.143084206517226,
    30.210328507789463,
    9.545668985296063,
    25.310817378032944,
    187.90304201619915,
    40.30430870942024,
    24.89948660863479,
    27.33153958684902,
    70.67570609435032,
    44.67426313744296,
    21.31455552878634,
    16.46953605829543,
    87.59932082562433,
    213.998276343743,
    114.03695950263675,
    22.440241950935963,
    16.532672435326184,
    61.483832567579306,
    280.34186705076445,
    939.9746821879166,
    12.001598429857719,
    420.243245430346,
    27.666336095659517,
    19.724756961686516,
    1940.2829643196897,
    2992.404262187313,
    43.665992011933426,
    56.36054260276944,
    36.30123113356147,
    52.68144820370776,
    25.403923503557216,
    19.484333513514386,
    10.022623212937614,
    5.098564116459006,
    45.86617978800296,
    37.862608391871035,
    27.411204716017966,
    41.28000653485069,
    39.23555447043753,
    23.87228905957498,
    51.92940338249023,
    60.256235247543074,
    98.49942942225888,
    66.20903063503091,
    34.08783228681022,
    49.22458333044675,
    30.61333772721173,
    52.09099776494749,
    16.952868475550236,
    21.008207102161762,
    15.833473112379501,
    24.641051824276232,
    19.553141715496047,
    28.168043526205587,
    26.88272601851636,
    5.4124105129674325,
    4.155253755282764,
    23.4908039630994,
    1340.6333882736978,
    1291.7613198931092,
    55.522859155398955,
    149.4429827703334,
    24.483484634232262,
    48.90874964327732,
    43.9971094170839,
    32.416712110828385,
    72.0540058253614,
    5.624171580283301,
    4065.1487795603434,
    4043.2185684213346,
    24.06832682323029,
    33.59197392651261,
    49.43485497324897,
    57.47003678185244,
    49.49388582698182,
    21.18743424900047,
    5.485011398093519,
    9.286385429570958,
    59.51940474798142,
    10.460248765748739,
    53.174241359656826,
    484.2309040936752,
    458.00409624940255,
    44.45744441971531,
    25.43801087294018,
    2.7032656892696325,
    63.0034401300399,
    360.64672882095874,
    234.801623588662,
    429.91788341984744,
    183.59404240896717,
    381.1284246685685,
    555.7239724712827,
    677.9677024562374,
    22.781044382278775,
    14.727306273588397,
    279.4842480822488,
    359.15920736568546,
    225.83500738596695,
    196.2275423436917,
    440.8167760021574,
    532.1685578158368,
    146.61104528967073,
    19.52298155713081,
    107.53374903500843,
    192.75985969514218,
    181.6961495874111,
    271.3744745888881,
    2179.5181956637934,
    2237.738522364457,
    102.91775301281139,
    119.28069298148824,
    136.08764728672003,
    112.56546194445697,
    50.790423413960305,
    47.15071784415186,
    166.17362227598792,
    115.3157122256088,
    149.89813392628818,
    139.14949248755443,
    152.8766965384329,
    215.61711824694342,
    80.87450194991231,
    86.52592832703293,
    90.39555624464981,
    173.58247507230828,
    61.301629987766006,
    22.44463936186138,
    263.3979072692857,
    142.97271494848957,
    92.11530307201303,
    49.77138510824262,
    84.18565305073268,
    51.20878462499554,
    144.97683189833057,
    58.21712166571744,
    26.34987208002046,
    8.863420346094887,
    5.8399090773425675,
    49.10504622423761,
    53.476479162485965,
    42.84705100616762,
    63.299108107154126,
    33.72616928431076,
    35.63235700810837,
    53.02324007881376,
    28.722024223301048,
    132.16526531431003,
    81.71813288743047,
    68.85014785719463,
    70.85080057369107,
    78.7462199226819,
    59.640333903355746,
    77.31468572815722,
    71.27102319179791,
    89.3890962968382,
    44.54395746188059,
    5.512993238447008,
    5.5410105558545455,
    28.31121751515029,
    27.16615674872116,
    72.67839280184126,
    88.69772878890086,
    100.41751493247938,
    124.99735903389424,
    27.37133417488032,
    82.91365290174743,
    49.13374124909213,
    65.94071983720941,
    12.075091532037515,
    32.84856271658842,
    77.3569688341735,
    91.63431323076583,
    44.351698965353066,
    47.074956346607976,
    23.5806135316216,
    11.902614522517586,
    35.01986952417229,
    14.414459579690895,
    17.170732058474055,
    19.13194359535761,
    69.5715955744233,
    12.66370745244102,
    55.32142842329145,
    50.42887474111579,
    18.20391206197391,
    46.107424616984616,
    7.364805266046314,
    23.750174606675326,
    10.638444743256168,
    10.928961982342079,
    8.34788171516063,
    17.87460855454845,
    23.21004474899904,
    76.6626289003552,
    4.147544170533593,
    23.63425789942651,
    6.044597508007512,
    110.2692680619317,
    15.344058720698484,
    146.79541465921673,
    204.74202900362013,
    188.60894286509426,
    106.5464243036343,
    78.09232914615566,
    93.18639337352191,
    110.57349269273314,
    110.19539013557775,
    51.111633478766194,
    16.032444072936322,
    48.56056511309959
  ],