{
  "assortativity": -0.06475022610027668,
  "betweenness_centrality": [
    857.8983533259741,
    310.68620911559043,
    894.7273945993526,
    596.9766889783425,
    104.39250778534799,
    353.2465696025707,
    486.9161861946893,
    244.05498379680512,
    27.78504811332696,
    61.818584501202636,
    446.890292513753,
    265.5106159694079,
    1163.5357582153417,
    1498.8853307996967,
    267.61100107696666,
    113.65276807102127,
    80.14316410117434,
    134.4260526061923,
    222.8679985592514,
    131.56683718174,
    617.2139961070627,
    566.8933910853191,
    35.915543568351595,
    336.7846815399839,
    30.23505190743889,
    23.694476706872358,
    68.93170205008288,
    381.8406325825611,
    117.17406088000361,
    41.14840323502817,
    23.49645962656149,
    68.57323719062441,
    239.50027972981303,
    79.87398222776255,
    123.23501432688549,
    50.93974464879559,
    10.634908208458771,
    0.7009374854536145,
    21.503040090252522,
    208.04938889855973,
    254.97305095345143,
    65.93584753190547,
    86.8542590205612,
    424.08659310533994,
    352.0447955548983,
    69.45754207930355,
    74.19024481989666,
    29.892146398196438,
    70.62792993029909,
    55.793794514104185,
    105.32650406942344,
    106.67802159964167,
    189.43537204425704,
    7148.841393356942,
    8099.373483248611,
    5912.074607926209,
    4688.176535534758,
    1933.6825603691946,
    3001.9418890673037,
    2884.180509351943,
    2792.2670935218266,
    482.43477268171057,
    314.2257056697947,
    678.0795029262034,
    499.1469693053755,
    374.4288351014241,
    911.413056647746,
    652.2780688134094,
    972.4572968858163,
    592.5657009021436,
    630.3677012821682,
    426.19670954951084,
    79.26743575993699,
    158.07017235306128,
    112.14978136764752,
    150.81672791955472,
    97.93855218046546,
    104.03627094442791,
    149.5111674381414,
    109.9284572372061,
    75.2105081999429,
    271.093922639811,
    0.0,
    0.0,
    304.222068209926,
    411.7962960775771,
    167.16406889984748,
    407.88186373079895,
    191.91739074176442,
    429.3379548784154,
    146.9565021255061,
    116.77348908753311,
    147.02100176626203,
    69.59106325880975,
    2.2281045751633988,
    94.73494965879712,
    133.3201687756117,
    183.15051364593225,
    197.2078035996235,
    599.6188066475934,
    208.64429829601113,
    37.146216821015386,
    39.9611702695308,
    43.40794014736989,
    549.6681163580516,
    424.42973556574594,
    131.96946197109816,
    74.0551855946963,
    40.050623521387635,
    60.12589278286581,
    2672.9380654439324,
    68.62674005204694,
    868.288223960637,
    176.32086607107445,
    323.02724610246497,
    785.6856677622103,
    1017.8794663359943,
    314.5337093644249,
    307.87196858830254,
    60.54335976996835,
    62.3676164115963,
    175.21215390030594,
    58.51121714620929,
    80.38583512202841,
    80.32570336434377,
    175.4926126846186,
    76.37818784467001,
    105.83423564364146,
    330.43882336157554,
    84.16037031204904,
    99.88550034866164,
    110.54570290110081,
    70.9294049928135,
    239.0991402601602,
    91.11774092808068,
    159.1837768673187,
    85.59938897101286,
    119.78927096009137,
    101.30696958466439,
    111.80994843952813,
    97.0571001613027,
    108.96987399012697,
    161.6723252357515,
    232.4159257516788,
    86.303365430737,
    23.933650424106855,
    97.77134338132149,
    95.57604404440002,
    106.74640661887288,
    86.12060791407961,
    254.83892338959612,
    317.3326833410295,
    370.81473367777306,
    161.381601934397,
    258.6450881935963,
    195.92187437794885,
    219.5222969974586,
    17.576867183416205,
    7.338739798897155,
    77.91418562523418,
    225.09913712787844,
    66.36932422448824,
    99.83333457448816,
    96.51249846658847,
    165.42943302071404,
    62.79206486373322,
    48.335996209469954,
    6.889257234281749,
    213.28398884202952,
    3.197048932033452,
    5.235456483848443,
    79.89261057909384,
    2805.6342292687336,
    2528.3199160286,
    46.53602545654896,
    38.133887953651666,
    97.05764132924968,
    424.08341547937306,
    725.0371387131776,
    557.2522755689683,
    734.729808259876,
    193.14388345009831,
    560.5806476447927,
    786.977210567536,
    710.7275866693832,
    57.41487566057193,
    31.192366939430674,
    1051.5248930923658,
    1265.2160713685007,
    1730.3247566703794,
    1102.7131476517397,
    610.9065678494349,
    565.7091011270333,
    242.81784002538885,
    170.36566509043226,
    298.45190161232006,
    904.4082961998901,
    695.7564964513308,
    740.3142238440043,
    829.6843834881616,
    789.6285073418601,
    282.3880589227363,
    443.29587395279435,
    337.9421641567013,
    1182.6436641090763,
    191.19297968776215,
    241.28256378289632,
    581.0738293397181,
    193.17873386552634,
    564.5786225711307,
    533.5868091031896,
    400.67819689723245,
    511.73325560391214,
    91.06705384421808,
    109.40798534157454,
    262.089841069268,
    304.05366306922224,
    111.80034765358276,
    80.65844197929266,
    736.3770704205787,
    560.0809464201724,
    67.67774812278165,
    150.79987592500834,
    125.17406827809002,
    261.0924675294658,
    95.56803344121288,
    96.23065747258715,
    449.1771023922442,
    83.44004556082758,
    95.64931018157044,
    125.44586212261792,
    111.44477113565401,
    20.22990110575558,
    16.412041012329112,
    36.99083548813709,
    23.659179252831336,
    16.26610323731068,
    34.15245613029365,
    86.2888602895107,
    123.50296577751271,
    140.4071126062406,
    243.76605453012027,
    208.19699863137157,
    137.88721425591652,
    284.7313265932857,
    596.4900154770979,
    311.6986170916077,
    319.53581375231335,
    69.50577310731155,
    77.74030750635255,
    27.950593308294913,
    89.59504007785829,
    107.95930383804244,
    143.49114793433253,
    111.42445799812667,
    295.8212728498298,
    131.37190465330065,
    92.87977225813897,
    111.34997270954686,
    179.2899502560104,
    44.13893245036672,
    4.8342978197401285,
    144.7800952172043,
    523.0722634927315,
    187.04118513176823,
    135.15917725778652,
    136.2497779148717,
    68.8119301819336,
    60.27924130855162,
    55.777621230635404,
    115.64496111597344,
    274.5681497793851,
    366.3985648379214,
    89.8255150365593,
    76.24434231889687,
    233.12636899521974,
    84.15018021954226,
    86.46044508653561,
    72.5269832019671,
    126.2775700932436,
    37.65826922500696,
    126.86493547353254,
    86.482862239118,
    197.2122625048568,
    574.7797416051089,
    456.54402033059245,
    29.552304983607687,
    131.7990093354684,
    0.0,
    239.76330833399263,
    44.02834343886219,
    12.405055780757412,
    25.071003654421055,
    95.06461474373495,
    512.4280132737299,
    246.03958322297692,
    300.01508492717244,
    290.83875484664793,
    120.5582738575041,
    42.46999869504366,
    5.209211496625683,
    7.223793316130219
  ],