{
  "assortativity": -0.08176418266103748,
  "betweenness_centrality": [
    670.5214754874354,
    523.1737114963485,
    673.2217121534636,
    672.292073054281,
    88.93206230188814,
    313.15528866595685,
    343.67111719324896,
    283.3410665447211,
    28.955332946317725,
    60.43854238771513,
    382.10306750795905,
    283.7543161264491,
    1063.3248910174452,
    1868.875370619056,
    289.3296521074028,
    197.37723591524784,
    138.09234455496974,
    195.50942216808173,
    205.52124847000965,
    160.58836166047178,
    645.1713683554273,
    409.2722513390871,
    36.336262148286956,
    217.34082101080315,
    49.08791536693353,
    18.58216309567058,
    43.204184795929535,
    625.2923352665448,
    124.67601511449581,
    30.47498045253954,
    21.86941011907377,
    109.89963567623094,
    143.73870013836432,
    62.88014545736139,
    237.99206717506362,
    62.989710980701055,
    18.44198500681671,
    0.0,
    10.469955242572267,
    241.150116051465,
    204.53287528555217,
    30.90731790708795,
    82.74964724159481,
    343.62738678918754,
    405.84443827926964,
    81.67007318375276,
    51.28082958278548,
    26.461116165781874,
    20.375063891358202,
    97.92698724468248,
    80.75864065577012,
    151.3197344871269,
    168.8294717742894,
    8364.430827410677,
    8126.631162575657,
    5438.534755909817,
    5172.902493122071,
    1820.8525996151675,
    2877.879882237435,
    2587.0365075157583,
    2996.455249610494,
    396.9282521867539,
    310.1231811133735,
    684.234748254987,
    376.03801054802244,
    468.4468052149318,
    927.1973757434331,
    901.9920416035427,
    1072.7317041996973,
    537.4567337949595,
    764.6608161605399,
    255.39557799530604,
    133.3868996944967,
    234.7258661879847,
    110.24928037580582,
    204.52413485091296,
    110.01616793992079,
    109.08586215899948,
    518.8812124364163,
    135.60634090480275,
    72.52169207869557,
    301.2641887455313,
    0.0,
    0.0,
    347.8613213797218,
    572.7086761133845,
    237.94512687309592,
    369.8726743841201,
    121.07527773992992,
    232.12602095574903,
    175.90342513618134,
    136.0452609496513,
    91.05678722970377,
    38.43507408801217,
    2.728652711897976,
    16.916319139489012,
    141.532181870351,
    234.98825883238698,
    154.66094093531294,
    316.2064577697703,
    265.45639966600714,
    38.47936722807367,
    34.459428466793455,
    26.59968888704788,
    350.0278801784637,
    589.6117548147747,
    260.4626511980115,
    58.88512670425915,
    33.339812136815205,
    104.15161876314998,
    2247.2985921231357,
    84.73809706011231,
    709.195193461936,
    142.18855678718572,
    263.6401303276233,
    407.89828717398836,
    895.9018785129085,
    237.36971783905258,
    243.00104725323598,
    47.77330860840291,
    64.8625336135256,
    213.4480290750143,
    45.205250632388406,
    95.39506219356659,
    52.73788725616896,
    369.35086276524504,
    65.83245940262854,
    168.88991454608274,
    571.8267663085838,
    106.99053653864436,
    132.54079092466927,
    30.368771893062252,
    75.34129741140737,
    248.5396620116841,
    130.6426623471423,
    129.5839350016313,
    92.98438066209809,
    149.42223704937712,
    94.56672825814073,
    134.6151782441297,
    76.12668747027703,
    76.19039786964915,
    151.24379755230663,
    150.26767704902284,
    79.34278672578134,
    46.00413304292472,
    71.24511762042665,
    48.45982924102527,
    402.4547161125996,
    126.02476814113831,
    90.44201630497047,
    315.8614972732633,
    368.6844327144279,
    104.27387974352875,
    204.57827059048566,
    210.30282511445193,
    184.74909079663598,
    15.465225006284363,
    11.04621088767593,
    54.02384547772576,
    106.3929464066255,
    57.245150599545504,
    70.33374855819193,
    88.53406216284252,
    128.7980434191443,
    64.39704737575612,
    33.318066004853165,
    5.321769980009832,
    130.6681187716246,
    1.4877228163992868,
    6.135786795390037,
    102.98354893615948,
    2766.6502874479293,
    3154.3294704187015,
    45.94849475599799,
    8.98510910695443,
    67.15967013679534,
    796.6391291960302,
    584.8909260247362,
    417.80182650848127,
    694.557412484097,
    159.21671430576598,
    485.45546166779025,
    785.2999764380586,
    802.796250345791,
    325.87059329185297,
    13.637806963344575,
    782.9504860971091,
    1523.1389209627007,
    1194.3887847467752,
    943.6200212229118,
    583.6782223313562,
    548.9395975413373,
    285.8742375096368,
    280.57982086156426,
    371.6850740735431,
    830.2874325649368,
    495.2245784121986,
    822.0202878558664,
    1185.528850999432,
    631.8830861594112,
    315.04677977159514,
    345.2109581399489,
    527.577091665404,
    502.9396856884507,
    102.08449980254274,
    438.4984898754468,
    329.26884409039815,
    282.87605997320594,
    513.834027765971,
    584.6006792376049,
    390.8930662893963,
    547.6819263580041,
    87.94008441392573,
    176.44065150030494,
    272.6040390654341,
    312.0408789833721,
    194.0235289409135,
    60.27422523063742,
    828.7514047250401,
    544.0363720941776,
    64.86798586005344,
    80.46575408485906,
    150.30172213495715,
    268.03327517150734,
    174.28373993876593,
    132.61068506441921,
    303.0762465016306,
    47.635147350321766,
    92.03908719979508,
    107.33592332599886,
    179.8526274364117,
    27.162381796996065,
    8.458008144480583,
    18.76354804173356,
    35.19863723767517,
    4.168041777039753,
    39.2313866665484,
    142.90649741795104,
    81.0836456782141,
    276.7188705926377,
    315.9605035112837,
    119.87476442927762,
    108.33306521114545,
    204.90893636358433,
    364.1628755085206,
    313.37188577238993,
    239.42487335144787,
    39.49739991412837,
    51.69446578544886,
    23.19835605517632,
    56.69534225999252,
    152.6011755098963,
    149.194976481234,
    167.1199107333816,
    388.8703913304929,
    182.23088081002038,
    103.4631342439141,
    169.23701358305996,
    119.97756540604344,
    39.25764351882438,
    4.270479314287363,
    52.13930954555279,
    404.05774360349113,
    157.27084373332875,
    179.69360224265085,
    117.39009495330556,
    59.77740060916573,
    39.16514160325301,
    77.12776115819311,
    175.44693012186093,
    234.6556618277836,
    323.4971253418499,
    53.403348689908064,
    67.00578625689386,
    176.99623278923215,
    37.084160896219295,
    84.51330407040828,
    102.74448887309192,
    96.25402196733499,
    22.793084463489215,
    103.41129359582165,
    68.01077815826353,
    225.19136534417285,
    230.35322867906905,
    426.68941104299086,
    31.61662401915633,
    131.35125919367326,
    0.0,
    258.86502921111537,
    22.18206789886908,
    30.07572433420616,
    31.022359411363137,
    120.50876337744161,
    359.4403647593583,
    128.7180414819475,
    149.82606055892097,
    215.23765202403416,
    288.51090742867586,
    26.75386443694174,
    0.749258844510804,
    17.65780505168755
  ],