{
  "assortativity": -0.08120913619116954,
  "betweenness_centrality": [
    593.8226723476679,
    569.276636986383,
    784.1362805715811,
    579.7017602380693,
    131.18493865731182,
    285.08811598669155,
    342.1725764822232,
    604.3336347535155,
    24.89496106561185,
    60.132425891387705,
    285.2019120268757,
    268.6493024287544,
    1095.9590084355054,
    1494.4529789626981,
    232.83731843507405,
    144.305232786267,
    100.82522460898731,
    187.87336659586404,
    139.47628594641034,
    196.6764853051102,
    486.4049913438956,
    477.4447859740837,
    75.00095843826311,
    202.35511968118362,
    98.72268721295387,
    36.94688435380761,
    37.39064304311147,
    515.2430364353314,
    116.08361245792726,
    13.173956390352501,
    76.058081234029,
    85.38840312606692,
    152.1555723064413,
    54.26124561615773,
    108.09330287219657,
    74.53350422309349,
    11.728388835911426,
    8.131290019897857,
    15.080265076878849,
    195.52536888719408,
    263.9692643405364,
    22.760173719180948,
    92.80907001053355,
    286.1910287062968,
    464.73683269871884,
    111.93642694960559,
    40.55830102028788,
    45.14443720031471,
    19.37417670392109,
    151.29167962702965,
    99.94644817159826,
    186.91383527590534,
    167.9694864519651,
    7512.238279483792,
    8420.344009533352,
    5130.415756481096,
    4667.770132526314,
    1751.2659022543178,
    2482.3197478801917,
    2703.6118450585313,
    2250.8438627583355,
    402.52296131521877,
    324.2675282672956,
    425.4227704936934,
    574.6643787107832,
    617.3699601228403,
    909.338276063455,
    893.2972873623356,
    1130.2843252817154,
    489.27529602387625,
    758.467273437672,
    515.1695326343913,
    91.7497894613782,
    195.53064234127814,
    169.40676442806478,
    260.01827701951566,
    112.5457079020819,
    129.2984661296087,
    70.7073883277536,
    121.00060775219283,
    124.0946502155276,
    166.0473484196265,
    0.0,
    0.0,
    342.8604280412181,
    664.5320840672866,
    263.662919066717,
    328.8600840047608,
    252.92407692924294,
    235.8702738626611,
    175.58641686327954,
    136.92690131045586,
    150.2267504081913,
    69.85357847672813,
    1.577379935640318,
    79.0654425906049,
    140.54612613952344,
    211.88506045314432,
    334.390085429288,
    244.8206237783273,
    159.24364319412763,
    36.6916593586555,
    25.68493105142142,
    22.640047658146617,
    400.33275437856264,
    412.12120430324336,
    245.8705160469003,
    44.868745673138235,
    13.88225667965074,
    118.61970480142976,
    2106.7589564782766,
    119.29300748290505,
    633.3209309979245,
    197.9331391187163,
    255.22423010752462,
    366.30082933710514,
    1299.5170745621226,
    217.15051098781257,
    276.698406144507,
    33.35899977345541,
    63.92769541076446,
    147.84038793034782,
    76.09818190532668,
    134.9648849500628,
    109.80400981341408,
    89.84115479831252,
    69.27654865721831,
    123.32467857459748,
    433.4544651664623,
    145.0914543183816,
    211.24089646748348,
    243.23802462385947,
    93.66683849965064,
    164.17116655981786,
    178.26071568346674,
    133.41684514797666,
    102.61572181023881,
    148.40786788383937,
    142.65147049142266,
    127.04546692133297,
    92.10412290230468,
    85.78344669141406,
    249.59747682387754,
    116.43052145134882,
    60.78845382713705,
    34.92250810596683,
    193.18769168968058,
    105.3095959383376,
    121.38126006334095,
    161.7221379880325,
    106.25282717873034,
    315.0665857989607,
    685.383049553205,
    99.53424567913581,
    249.5397934761478,
    317.8483519440181,
    268.20389705141656,
    14.821188970305885,
    1.7814582173204225,
    73.24541440935657,
    116.45760451283465,
    86.98105767452618,
    97.43185996751552,
    70.07407642679092,
    122.43053430374712,
    88.78876467826781,
    33.00921816533256,
    12.894600739440977,
    197.52114368696695,
    8.99017720855682,
    0.6377912867274569,
    72.3741656771083,
    2578.535595506871,
    2866.1095592388315,
    57.06410139770589,
    33.298353448455394,
    56.29640885586199,
    451.2766968654033,
    754.8333678109135,
    538.1983627439198,
    525.0248925043442,
    188.8825413681381,
    435.93222199006414,
    751.5360854681483,
    965.7515956569387,
    322.4442522736542,
    42.13870930350735,
    1592.0166904941152,
    1326.4775819831723,
    1358.8882376178733,
    1729.77056177183,
    682.475580268102,
    656.5795823501223,
    343.5716788331654,
    254.99553190511645,
    271.619616974999,
    1094.8417677340558,
    567.1224408275042,
    875.2078073018072,
    813.4507821870322,
    1272.6701642332123,
    818.3780788957276,
    285.88827469550216,
    561.9787114370553,
    842.9745136537471,
    86.3692472210112,
    258.98309477357515,
    467.48744593431246,
    437.20753893481213,
    383.96426473607477,
    565.1894794609478,
    394.428217340537,
    611.3011903862985,
    89.05064875097959,
    153.04502551328616,
    174.27739369892993,
    317.6608874097844,
    160.84296992510838,
    88.46205741554255,
    909.6808599526228,
    596.897095109214,
    58.324038188859916,
    98.70802521975475,
    142.77024057270077,
    180.54925622789608,
    235.29520902084326,
    80.19942658026844,
    230.8450683623505,
    60.09469458891862,
    121.7753611654244,
    87.52906011462711,
    119.27373207672002,
    9.096697074811718,
    19.05064943799612,
    26.668127016944084,
    53.61131169116762,
    4.4233238502541665,
    188.56924087374432,
    63.57587156438725,
    43.17245185869129,
    187.12255590475536,
    201.41361450370758,
    90.74985978926729,
    229.18439964318213,
    273.68062868485913,
    428.30682760777256,
    313.92832124483397,
    262.75419915897606,
    33.047502457143324,
    46.96395768666915,
    18.252801048914787,
    53.31500423512396,
    148.12816502960445,
    223.86650297537625,
    290.74982315918794,
    319.2998734400021,
    119.67152744232375,
    57.446377114865804,
    115.21993258878516,
    149.808790483588,
    58.29263774414124,
    3.948772279435115,
    106.35609798797412,
    404.0808091908429,
    138.36498977741704,
    140.99790260265198,
    110.4929480726788,
    81.50900310881025,
    48.45084690715677,
    40.61923443949083,
    204.78414029184137,
    168.9354024934991,
    459.8411281762894,
    78.75802969770574,
    17.546958548989835,
    152.70350376097636,
    39.11325377408614,
    83.62671581252525,
    195.1244571638739,
    110.84094381865103,
    24.33768303048068,
    97.31322065943584,
    68.0092706085655,
    311.6720489415577,
    298.8466611844012,
    455.262681347596,
    33.59770574207072,
    75.95400419548187,
    0.0,
    345.3280730328094,
    9.746672911090986,
    13.115315469484969,
    10.885232514407457,
    184.16295124092343,
    219.9430969544303,
    243.93156162265012,
    255.33616059783392,
    254.64994068729465,
    251.96865581086982,
    122.98826012391017,
    5.221603487291714,
    10.274788545725833
  ],