{
  "assortativity": -0.10131200273928757,
  "betweenness_centrality": [
    473.31362681725403,
    444.59179108207906,
    890.7655675255716,
    566.7935400271366,
    143.9852302078887,
    224.6079387732437,
    497.95310527903825,
    231.9182819760744,
    24.589977892169824,
    27.75633281865055,
    397.51797979369064,
    410.4116087480714,
    1099.7827823969155,
    1461.6975034137072,
    189.30151756015388,
    195.104424490301,
    50.532573605026556,
    108.68267374075853,
    183.57577320504004,
    241.44048892544478,
    556.0524840103558,
    594.6536602634225,
    69.74817533343936,
    211.34226769405385,
    44.05342275192272,
    13.738230050325491,
    55.80833122411799,
    421.8789025900557,
    124.43906697456859,
    24.018772073773675,
    40.32857290340078,
    86.42001386170304,
    174.41282399147642,
    65.45890893822202,
    80.04182284295896,
    51.055375056377855,
    6.490823640695763,
    0.0,
    21.70174989156096,
    273.7990566800751,
    319.18052171293334,
    48.13034102461075,
    103.48120582022234,
    343.4810464325036,
    386.09003183395396,
    126.43923767368197,
    62.37393305732127,
    22.223363787734527,
    46.048216078350144,
    293.2291217524185,
    75.79989073596671,
    191.9828467807573,
    130.53885931691804,
    7691.464339378376,
    7939.350719248994,
    4892.787540069592,
    4312.345159661161,
    1678.5788625501534,
    3157.816142705987,
    2962.4406064683253,
    2870.2530750248748,
    846.7091714456224,
    273.9251081683382,
    588.3322426179878,
    425.15286377096254,
    464.98331777697234,
    948.9624402625076,
    777.4460995542627,
    1147.2841681900186,
    720.946896838135,
    664.2783055234795,
    588.5846422621423,
    84.63623861274182,
    353.8676393803491,
    198.17829792198916,
    176.6686000328296,
    176.0873999196924,
    118.88191406668508,
    178.6360407409539,
    148.50570449937086,
    71.9017675220043,
    130.73434312044807,
    0.0,
    0.0,
    674.1348729080854,
    408.0863858314298,
    178.96794990092542,
    397.4350630866762,
    241.00796270691188,
    222.33475873846382,
    145.54249775753746,
    131.9145757474522,
    384.1304207282826,
    132.74040245111598,
    2.4038461538461537,
    98.06205594876708,
    128.5874259788852,
    198.7860968444521,
    75.38147037286973,
    391.75392172009884,
    125.61441052194061,
    47.392021661929185,
    29.743279484470385,
    20.33585146072679,
    486.8095391298051,
    377.0081409652857,
    229.40108434619796,
    23.64698631081456,
    27.559412548697374,
    379.9574036673268,
    2429.8456937451165,
    76.08646502526634,
    685.0386680604355,
    172.9097814592096,
    429.03136688893034,
    527.4564835831826,
    907.1450869893285,
    345.14197695333485,
    217.88247762025674,
    62.61891235512892,
    53.00083140747105,
    158.43132091440592,
    101.31843283446038,
    144.39712809983092,
    50.3186095683343,
    179.97188459317437,
    63.53585699180379,
    189.12138797761875,
    552.999660006549,
    219.67780615909632,
    88.4439694099485,
    40.60019857920871,
    87.52465130145956,
    221.50716083895443,
    191.1894911100445,
    44.23242408869192,
    116.2387132546988,
    121.9162686631485,
    48.594301777187425,
    179.0920115870799,
    93.0353312852593,
    133.36433154040037,
    184.97252936181718,
    271.0988198955995,
    67.90045919070084,
    16.0912782131914,
    75.47670519426683,
    86.84479314042524,
    144.4514346517042,
    118.0198973691449,
    66.88580147350358,
    277.25592348141106,
    332.0623164639408,
    152.8871352932532,
    268.4673217631738,
    165.06922763621915,
    187.32706268479572,
    26.492300068617215,
    0.0,
    76.83737868568149,
    166.41745237382017,
    106.41875223506413,
    58.43176850761827,
    94.17893625096255,
    117.57440974336683,
    101.7636501136095,
    9.96286520201297,
    8.661740868662212,
    139.48400303869852,
    3.175652085434694,
    1.5431153416490209,
    66.25228512279483,
    3256.462976829218,
    2541.8917203880333,
    268.18010162647585,
    85.50673629326177,
    61.423483660029824,
    365.3604739708343,
    900.2786525829985,
    526.7136156628154,
    660.2960817899406,
    370.71870341241043,
    356.08178290350145,
    821.5880627650516,
    745.0178197805469,
    176.89529937524352,
    43.594849459268296,
    1059.1540220148786,
    1393.0222516935974,
    1413.4402773103632,
    1061.2974694631794,
    566.1901502630562,
    560.9899278321388,
    381.35895110651677,
    241.12584109735286,
    305.95258624221987,
    1151.782007894514,
    451.4746059405433,
    952.9714743127299,
    687.5714934007141,
    1072.384554940076,
    454.6134259030259,
    351.26575004730927,
    404.9246526438344,
    662.5141859818697,
    107.5138961863407,
    215.96215101891002,
    370.847410843705,
    346.74139865051035,
    514.9132053083049,
    394.9433666963942,
    262.6943608801055,
    537.333240649089,
    91.66189349547945,
    73.45757896055378,
    141.84805359317997,
    467.2098858870443,
    177.01622253199696,
    120.25047510467917,
    577.1654280705244,
    472.0622281616497,
    53.89891286562762,
    86.09440176197965,
    267.9019724256636,
    248.24781333229788,
    167.22706885505093,
    193.87529705858387,
    169.1011019992332,
    126.53461621865566,
    83.02644008387291,
    131.35971493523687,
    220.5176192836829,
    16.425965059555814,
    4.022349631490991,
    18.961642603245945,
    31.70793127407355,
    8.427416838158527,
    27.67363202665016,
    116.93845893493703,
    104.49770975660006,
    202.43538875675682,
    265.3929468269354,
    89.44119716285509,
    85.27063523542662,
    184.5843425482519,
    543.7251693470033,
    223.0444950721138,
    253.36364187106352,
    24.542097954586033,
    342.83737270482277,
    19.06512420185718,
    31.430960338199796,
    78.52235938736737,
    184.63238417272314,
    105.78680151878443,
    336.66417492399296,
    123.9124814386552,
    212.66178321441976,
    215.3940183002176,
    149.1398851413759,
    57.05226653600312,
    9.504122768617547,
    134.19349377174373,
    478.1080880042328,
    210.47349477309848,
    192.9012656106719,
    108.00560019241271,
    82.32889132795466,
    56.958394803235926,
    385.67997492915964,
    124.25613638963283,
    212.54434056374043,
    354.4907515031563,
    75.76520400235438,
    39.1067878367496,
    410.3904409462501,
    42.438025167798735,
    91.83420680475791,
    64.67448419290861,
    118.45228624356207,
    25.34498809787425,
    269.6077463591052,
    131.16522719583784,
    206.4270785371775,
    257.29715523573066,
    501.33624466697177,
    44.638543230097625,
    111.8450948566911,
    0.0,
    304.5627204398015,
    24.853167688291542,
    15.86597873772169,
    15.540688923768277,
    99.72968578540048,
    332.451705855408,
    129.11516781961362,
    166.62018403276804,
    367.61714913874107,
    259.61155545370985,
    38.533340878362694,
    2.529040404040404,
    17.282191120615522
  ],