{
  "assortativity": -0.09745824890079123,
  "betweenness_centrality": [
    591.8580577059394,
    393.70234723277446,
    837.3631219425213,
    669.167299834311,
    89.62544934456841,
    292.3556760647196,
    464.1194951992493,
    324.51940707407704,
    11.971724046999881,
    83.08031430237182,
    516.7157132609714,
    450.8840649161319,
    1301.3867133045924,
    1602.8733941854314,
    277.9463948658057,
    172.21110901440832,
    70.21821431814418,
    158.18827394053338,
    228.59942184841447,
    157.5759722629796,
    515.4498092864976,
    480.08333837391285,
    46.48001085960474,
    196.00184427086572,
    35.20568720060612,
    13.47969742454242,
    36.06595210404594,
    327.0797900485953,
    163.42684403008792,
    32.74867986721027,
    51.17234367676884,
    89.55055314860816,
    97.93139121371019,
    58.53237783277628,
    150.97830627428146,
    29.796641680822304,
    10.960631888817117,
    2.2772436247226158,
    11.698364655193673,
    201.08173888776514,
    165.39389546840852,
    33.8330118374089,
    118.12348771675535,
    455.25324416377094,
    360.65497471105715,
    98.44736224871588,
    76.35226107843242,
    32.489886163024856,
    17.693241563884047,
    127.82238594562716,
    107.59284095925804,
    119.15226844553683,
    185.5991994393224,
    7646.1747502689095,
    7878.200642631147,
    5314.845256046079,
    4725.102189610703,
    1944.4951746964048,
    2983.0422205500854,
    2702.058622620259,
    2891.8449732712756,
    378.39332512422857,
    316.89575873789903,
    399.13140843582954,
    631.7306517302546,
    514.8206497301346,
    968.4736334620563,
    1203.5263839652937,
    1282.696599019381,
    540.0807523880877,
    829.6550534347832,
    442.9763440781468,
    44.96336623314977,
    151.46336385009846,
    180.66901179091835,
    154.58463840710553,
    160.63881385769236,
    65.01678478232186,
    182.3690728184452,
    130.88102887103727,
    178.24581145654633,
    187.62386332930464,
    0.0,
    0.0,
    325.35291934089867,
    511.39377345044363,
    249.94475642802044,
    319.60463034728747,
    153.80897316734,
    483.3834064273815,
    139.32001049211,
    368.39181617882764,
    100.11962801591228,
    43.41918782401693,
    1.8337889962031837,
    83.15225565049951,
    111.43823145006542,
    196.23386377850184,
    114.5338838414297,
    371.5130917615532,
    157.7169236993511,
    33.10033996311185,
    33.63339553830899,
    27.221739448925852,
    513.1041115352231,
    740.6316087144933,
    141.7529987322046,
    87.13348873423688,
    11.398706221835878,
    31.375916455580448,
    2390.0056559066084,
    109.83186968007627,
    792.738616073077,
    243.51275071801973,
    131.24142727419547,
    428.095011540152,
    1176.3141682441258,
    144.8825199141053,
    314.43311341229094,
    49.78306197362041,
    53.47721881304144,
    201.8458438965153,
    64.33931739456253,
    106.69362877750231,
    47.98728480867823,
    151.8234936294803,
    74.52019772878482,
    173.88433056686182,
    567.2894020459544,
    123.13827393262709,
    169.85422932277095,
    49.94730121462867,
    70.2468221444624,
    160.67360119521265,
    135.93779104580918,
    109.89272938044114,
    99.22946803177972,
    170.4510824992052,
    100.81382673367385,
    150.2736556752829,
    49.941477107751254,
    58.744962065301124,
    168.08181475516386,
    200.98763774918896,
    62.408988048113265,
    51.544959430477405,
    288.3427747941723,
    94.6606636511525,
    137.26636264943954,
    105.90340576856639,
    130.85564401274448,
    246.0202112853203,
    551.5012377795842,
    128.0851749946398,
    192.37368488134226,
    259.939108203857,
    139.5173580210098,
    22.93972586942472,
    16.158596106505346,
    49.83117111342293,
    204.7600824572091,
    81.05497681670269,
    25.63967866998238,
    91.50017291044833,
    134.04221074754975,
    84.28546036929706,
    31.677669331948373,
    4.280097556344374,
    260.23904052134435,
    1.622111162586371,
    0.37808612440191386,
    60.42441127572768,
    2868.645976405753,
    2401.3872437622053,
    21.0685606049675,
    26.805467489115248,
    26.034223955391173,
    576.865373813664,
    1005.1893493904338,
    581.8916851478339,
    702.8489755472476,
    202.3292130487288,
    535.4690961075022,
    848.4608102224258,
    847.1890321913452,
    90.75766964619942,
    25.294352823635464,
    977.5924568647246,
    1209.6636223509456,
    1392.0500667472004,
    1017.4430427764768,
    542.2624972547864,
    902.1159072346786,
    268.0688827064668,
    247.75781638614788,
    344.7942666803689,
    1268.416885207168,
    568.7784987861218,
    921.5331040051465,
    685.4987959300798,
    752.163575732361,
    364.18085842607866,
    333.85706140168224,
    329.6269626911822,
    688.8616832997247,
    107.08947943823584,
    258.114447488547,
    394.0767339170859,
    323.2994209928103,
    417.05287242678475,
    592.8327589290323,
    315.6425034145826,
    515.5757582504982,
    61.71687319024637,
    109.87732343924468,
    302.5172322501343,
    347.28203661923163,
    202.01928878087682,
    63.15682799427991,
    885.6592766151483,
    706.6971713318213,
    109.6272799859056,
    115.09483066069087,
    279.85124879779113,
    230.7197223116659,
    154.91561971763159,
    79.6518214337782,
    199.72923960956774,
    65.37808895642071,
    66.82630386221538,
    93.96095346682203,
    165.09343134856815,
    9.394782961218752,
    10.471918896604203,
    19.07015444583589,
    28.347046744516813,
    3.1970554094183203,
    48.191300310351366,
    53.76759161956975,
    80.50730488905145,
    182.15658742734522,
    248.66907111368704,
    92.18116615892636,
    110.39122794127017,
    260.1468264865861,
    495.6097553901929,
    215.4936679561965,
    258.6216877702767,
    18.798636283109026,
    86.71663310080248,
    30.843199880308394,
    39.04349659268645,
    165.07561166551088,
    191.86687569388565,
    192.32220772877383,
    303.64312850523146,
    121.67992331553151,
    86.2834784668134,
    178.3813440817865,
    158.05553135352338,
    41.64719734964831,
    1.7987607379467723,
    73.89096172078158,
    396.56312260165026,
    245.31069104006195,
    137.57722435910168,
    109.48991388098574,
    82.29544358497813,
    41.91971373455649,
    66.33540945372066,
    147.77865934795477,
    164.50533779597723,
    355.5043289685272,
    88.76089248053937,
    72.4679348277511,
    213.71013175976424,
    47.501804621122105,
    85.10272442508244,
    81.73796762586612,
    101.05712879541504,
    32.95060268495519,
    81.35770126595126,
    111.29182043157684,
    200.19298116211442,
    381.21008867508533,
    483.4317983482408,
    20.946634734100464,
    47.70775919648996,
    0.0,
    360.85046964050844,
    18.450767378583155,
    33.87999801493119,
    29.746732271261862,
    156.0408577511749,
    131.60538658153774,
    219.27671339199944,
    298.488389955156,
    254.7552071884354,
    165.16326310881703,
    51.495989973185935,
    1.7911061896216598,
    11.069898937237918
  ],