{
  "assortativity": -0.07764563601122801,
  "betweenness_centrality": [
    586.0333428300115,
    828.7944443347619,
    773.824700567914,
    635.0765683192965,
    104.68055301870645,
    336.759754812421,
    376.71118307604536,
    176.8942254919549,
    35.35171189925394,
    57.9718024693869,
    447.1576058905906,
    371.8818400639531,
    1015.2318168489531,
    1286.7251132764343,
    334.20787885511686,
    133.1329543934532,
    66.35025935549527,
    141.85756164595992,
    215.3018854321967,
    182.1881538581524,
    494.6521475536223,
    588.9878909901546,
    83.12094981029796,
    185.4901778971965,
    22.806593252475622,
    29.53911187272494,
    55.77076288261483,
    293.4037927822653,
    116.634485952652,
    48.00532727904363,
    20.60167291986474,
    90.74638812024438,
    216.7273130719185,
    89.13672037562368,
    121.31665896110063,
    121.05224619650917,
    15.374289973095562,
    1.802552298511378,
    28.058992467213383,
    385.49405975788443,
    332.6300318657376,
    25.68298027057777,
    68.88848075451311,
    519.589047848735,
    459.9252261629914,
    68.51906802261469,
    60.68002707780714,
    29.972958472314005,
    25.304384930133626,
    159.41719212081276,
    108.71735451340429,
    178.90874608768647,
    183.61874492451173,
    7954.322564453536,
    7424.778005450795,
    5068.979913130332,
    5098.755561416904,
    1917.3504807090485,
    2857.6849443654387,
    2667.8589885939905,
    3242.625823883951,
    498.12420769646565,
    349.43204722448513,
    535.116135078872,
    676.5653078755541,
    448.42865160593175,
    776.9634850188766,
    745.2351912352971,
    1290.6718507479677,
    608.5148124811454,
    905.6239918706132,
    558.419617332842,
    121.793502533528,
    181.14844876377842,
    167.38100800751366,
    272.6315282759541,
    152.56241960276498,
    146.15518016696063,
    119.93569277762607,
    112.26370267808993,
    91.49146442698948,
    185.73076504892694,
    0.0,
    0.0,
    303.75397490381016,
    501.64288887093016,
    232.3895756266805,
    355.26157769932087,
    167.84616555052338,
    298.9672226655935,
    124.40006267692533,
    110.63798195468777,
    147.51733124341965,
    71.78255725463853,
    4.31541514041514,
    138.00940608209677,
    118.21017945092171,
    271.4194767287946,
    157.2761774986864,
    381.4693844300746,
    229.89969291544992,
    39.59900656074763,
    50.695987823315946,
    32.94849333320665,
    511.7097159029245,
    313.5143541563771,
    194.3091338947185,
    47.69705906120537,
    18.067485602118786,
    59.400792251475245,
    2741.3294179474556,
    83.64054538614413,
    585.9516156188508,
    190.84117031987998,
    347.3067249733331,
    473.46974345507556,
    1028.0249137509793,
    343.5731480005377,
    235.9792949769712,
    68.70005076601086,
    18.107650236005266,
    154.84868733030711,
    78.38260869847484,
    108.11901867367274,
    60.377518059762224,
    201.909266605939,
    100.09795252707923,
    114.77672629702192,
    346.8301815789198,
    97.57829893701233,
    82.83170419081853,
    38.02829749242536,
    56.99378300043664,
    144.77217489900337,
    152.44120603615985,
    127.33762409741252,
    90.15976761995981,
    168.39882318066475,
    152.5254163402207,
    193.02550527999838,
    101.96588423726523,
    92.08108890733467,
    176.87384844476878,
    213.95463449306925,
    81.52065846030956,
    33.867389493775235,
    230.35801920991247,
    66.81454770108611,
    123.593150795729,
    109.82587359990656,
    103.90778823612591,
    386.42928724132224,
    577.3479773982431,
    135.1007165049073,
    228.3492550167192,
    177.3154741773167,
    271.95471831778406,
    28.125687184105992,
    26.02407223952332,
    54.243564467325335,
    87.31159371777623,
    78.98095321614188,
    63.92004320809006,
    91.3702031204019,
    128.3939589034372,
    56.56410360859951,
    53.37274057961964,
    9.055488144940472,
    183.53313466394502,
    0.0,
    0.557031986453366,
    59.53015404556795,
    2557.7459545003785,
    2883.8655798167424,
    29.034797666960063,
    47.23116399804756,
    60.971802138926115,
    664.3636084287355,
    417.2276883095989,
    582.104941141527,
    513.9341524842127,
    201.2825499260918,
    473.134876599951,
    910.0935702999071,
    645.4914865040699,
    37.27228761006591,
    17.6982869688088,
    994.3813871174349,
    1439.3846061234087,
    1261.636642148354,
    1033.5363847363442,
    659.6496189634986,
    504.86950053202764,
    274.76246369634583,
    209.76674962303426,
    318.6728725604759,
    1070.6082272685744,
    494.0730209436276,
    952.6672847032819,
    883.8517399661489,
    911.0074182361592,
    293.92998794710206,
    306.60670168357166,
    556.4271631084541,
    838.1742705820197,
    164.22059352227762,
    210.68121637174028,
    498.2380469082968,
    417.0516399834785,
    366.767606051883,
    506.7395718641919,
    568.9886833631521,
    507.7750873267536,
    114.47455441647226,
    69.65996837363662,
    337.3076108191787,
    479.3412651554457,
    210.49885567265244,
    42.40732906569181,
    754.0048595207621,
    431.0044826904338,
    109.6840085990777,
    162.37634200931083,
    162.23843369539986,
    222.8200250241345,
    134.62309577154943,
    71.04951440421532,
    170.16583950178304,
    298.27828679250797,
    69.60827279086524,
    86.68425610591294,
    123.82768367925604,
    51.8879197968792,
    11.927642238949973,
    31.013145087869663,
    26.75436346215691,
    7.0938684058690535,
    28.943897217007745,
    47.49196092242675,
    50.48554003085277,
    169.1010763984171,
    235.26349745981798,
    112.23789009664551,
    76.66853367869102,
    251.8416529346251,
    343.1315496461374,
    398.40141893678367,
    181.27784175842854,
    34.753693100785654,
    64.78207575509761,
    10.209893022252443,
    53.864957988443344,
    174.0428350027364,
    217.35102631634362,
    166.1050976846635,
    338.14190296539516,
    60.23153474294931,
    68.7028504396734,
    150.0781712312042,
    149.41543787232135,
    98.20608383687241,
    11.577689593552188,
    61.445810027851955,
    454.0174288884955,
    174.71188319773717,
    648.2408110534584,
    198.00681370142576,
    50.26504158901672,
    87.39455992765235,
    36.91536742673995,
    223.59105189247651,
    297.84082423512405,
    374.62457146542175,
    120.33631306980735,
    65.46647839287587,
    231.24493851667424,
    47.35244094240109,
    126.94323790991146,
    76.6500042883358,
    138.19767697083313,
    33.28691028111293,
    82.47486752723017,
    112.3680647575527,
    240.8842641355867,
    240.4584005994574,
    468.30805653240014,
    17.805552496571625,
    50.12090197731014,
    0.0,
    230.6036184312967,
    67.41739733718266,
    19.85242167051376,
    20.767643590640414,
    95.10481551149941,
    483.0401893060774,
    314.16047908451344,
    149.90410480944996,
    277.2960012789573,
    278.4014450753168,
    33.851947120207136,
    0.545434750011409,
    12.54326355489621
  ],