{
  "assortativity": -0.07049623010577244,
  "betweenness_centrality": [
    563.4933155376563,
    421.40125229346205,
    1013.4217839706124,
    505.7618309825232,
    96.63835290404654,
    328.7233501536564,
    365.46367272693584,
    257.1816517031153,
    18.080512616471722,
    43.10975865020532,
    607.1629731355691,
    222.72912493530504,
    984.767602889124,
    1433.921142090909,
    309.61454156924657,
    197.8075744646371,
    59.6988426712198,
    133.01422640067275,
    160.071524960784,
    230.7467838453289,
    516.870006965124,
    519.5360663050318,
    65.19030954532138,
    153.91650012487062,
    50.156920382744396,
    5.274143889138552,
    47.047393270533945,
    358.5848281846446,
    164.75670822043503,
    19.517920166671804,
    45.80293196491583,
    289.74781449447073,
    125.72290092779176,
    72.80931416115237,
    73.5084942399695,
    73.06029253795238,
    10.25362039776728,
    1.7617603576718355,
    15.642034405060283,
    328.5450375511615,
    202.3409699647419,
    52.0841787482003,
    99.36398282713935,
    297.07413985298643,
    471.59418548658306,
    83.34778738645895,
    29.087464278920763,
    17.807799419244905,
    23.76584419882685,
    92.72229506016771,
    66.26089551508545,
    189.58429523494598,
    122.57271546725437,
    7570.313910203614,
    8548.421746313825,
    4730.70149828016,
    4908.396549571321,
    2694.6707076256603,
    2392.4599589884865,
    2946.9128215256956,
    3037.9652234924015,
    428.67755834933575,
    317.8097413270865,
    381.72299195985613,
    638.8215059302071,
    457.4353606321151,
    653.8423753495957,
    700.946972277618,
    1105.6711578942181,
    505.64057742365867,
    726.4069188995102,
    442.85796165756017,
    49.256781608692854,
    230.69429044834547,
    127.47096121563891,
    201.71054433777883,
    169.13284551735603,
    102.08472797614452,
    148.01155786353166,
    182.90291241418535,
    86.77916305585241,
    174.458630596904,
    0.0,
    0.0,
    327.92562634956306,
    574.214775380443,
    170.81409078281328,
    371.76894641831666,
    267.28900129910016,
    272.0132398550724,
    176.17045189930903,
    106.88440160691255,
    150.7745968845281,
    57.21055096113479,
    6.434556087187666,
    113.4886201321588,
    132.84640272688392,
    172.4942351190182,
    113.84402107477813,
    364.415174958481,
    187.56898445040017,
    26.541658827423564,
    24.455807455863265,
    42.21876322540161,
    370.87472520386183,
    366.7915176160788,
    223.00306269133938,
    52.823142054408414,
    20.96851534825095,
    144.8660386657343,
    2652.9622088093915,
    52.827898196790116,
    740.5255823894157,
    182.4037178493435,
    174.5943732297994,
    513.5781154363486,
    1065.320073794139,
    230.93014511238317,
    601.3890890127282,
    84.69011473816828,
    74.74766606446887,
    284.11990631172154,
    78.67421513897155,
    136.07947191907314,
    66.04886587308808,
    148.45183400649253,
    47.03413377860471,
    109.7511552257795,
    247.6626714466626,
    161.91455445341035,
    191.5209599518247,
    39.97034593772071,
    44.346933607520974,
    138.73018122762727,
    187.1410261404262,
    137.76166778952972,
    81.73225444649853,
    128.23143948792128,
    199.93626338547983,
    170.81549837765917,
    59.46415142355529,
    157.8059340581362,
    169.47733283243315,
    157.12366597101197,
    86.78082690045362,
    24.11357220421066,
    92.5941005036417,
    53.257734682357395,
    125.4793649514585,
    133.29699154431856,
    122.34632221496543,
    304.08057667117475,
    558.0742092592317,
    139.03940902788295,
    196.69292788080773,
    275.8533902573727,
    205.54503839357653,
    37.63389203717858,
    6.035186987498584,
    79.1163386525534,
    155.6832103710609,
    68.82919518795968,
    43.082146721991336,
    47.03592650914365,
    158.65621306987975,
    113.76935446531795,
    30.432092651277987,
    8.097662573215533,
    166.109897232209,
    0.9331852156716041,
    5.0956837280366685,
    102.30957349226057,
    3294.9090672511456,
    2722.880881355636,
    20.52286163255497,
    36.8268176760998,
    38.93855126903343,
    520.9314589075288,
    810.188310205146,
    481.20022768434023,
    669.7322274699034,
    172.02540464410328,
    374.8390067328209,
    869.6913182469921,
    911.0670293350906,
    67.83922584229859,
    18.37755169062879,
    1113.6538404222456,
    1416.1153037767738,
    1803.1383735476963,
    925.4301526899889,
    477.1819776370385,
    338.57567176028175,
    240.54448850636305,
    230.32008505691599,
    304.2544817163608,
    1004.6235755245345,
    447.45889043565023,
    840.5059415289743,
    1148.9143453638035,
    978.2729016113389,
    493.2225222936126,
    382.17643042099394,
    510.6451916554591,
    984.3387249739145,
    132.20508172267645,
    321.9828893695357,
    374.81766893675297,
    290.48227263215483,
    581.065759882357,
    390.7189654174011,
    460.28214270389157,
    568.4975773782215,
    83.66627528821493,
    98.95696682353773,
    224.51120813800762,
    419.3717428610037,
    220.09686879504508,
    73.60527004482775,
    833.6680547012329,
    494.7761401637768,
    79.21868604028262,
    129.98529276430835,
    197.73471126462024,
    215.67861030424748,
    134.07413277670608,
    137.06011238380614,
    137.78298556775204,
    133.89183040214064,
    65.06154162668025,
    80.60180815785655,
    162.6158107299391,
    15.119850832783907,
    42.780883764872364,
    26.86118116408896,
    29.592193294197603,
    14.970700677226088,
    45.58135224078589,
    85.58406888013792,
    55.87315386407684,
    213.73092682449246,
    442.9900470710242,
    63.01677294017944,
    114.16319279721225,
    274.609646777276,
    458.06325436618977,
    260.9395838545967,
    208.1498973717341,
    284.0932664067663,
    61.123147187260685,
    31.58491790258593,
    56.66797047721116,
    149.0957709460407,
    171.68269937284555,
    138.10908532741826,
    236.49281515364473,
    101.15489552324277,
    84.27253412763643,
    124.89769645617648,
    166.70109736715378,
    63.06664530064519,
    3.551712108210229,
    102.18183833920808,
    345.8631052809824,
    155.38337594474368,
    143.61021855683572,
    108.8432146197815,
    97.5950284767345,
    51.02226823781608,
    8.008173429373146,
    148.85708424691325,
    182.63475808226121,
    377.17726822626605,
    152.27533021714294,
    44.78189283053286,
    227.1918870175673,
    112.31154518821293,
    97.50238791377147,
    32.780435288989345,
    143.6608291055615,
    30.03261043259634,
    99.28073467643358,
    78.63382469935473,
    170.36490290550867,
    308.0552614689213,
    479.02334750955686,
    32.35711633586003,
    87.81741456154388,
    0.0,
    306.0668703891601,
    43.06723651935535,
    18.397819635780994,
    9.716211610616634,
    163.41892142170556,
    310.94663040483806,
    262.3224094966327,
    597.3820098632078,
    278.5193276489406,
    167.91966927655417,
    59.090884064362584,
    1.2775575301891093,
    19.61669177012035
  ],