{
  "assortativity": -0.20996569698656012,
  "betweenness_centrality": [
    168.44335779175498,
    529.2143639478264,
    710.9744639748413,
    592.2677739469405,
    1731.7299020195333,
    1971.9967955408874,
    724.3555070523298,
    473.0490272866388,
    253.77745502904418,
    115.64065248813726,
    349.420415899834,
    339.44900461556585,
    165.55790031163184,
    258.78657476549824,
    69.75253214218436,
    28.80203358145564,
    18.769374758872214,
    60.367546097432424,
    737.6950270936835,
    406.057051830874,
    334.06424868906765,
    318.6964774602054,
    29.96978620514969,
    77.7817631259666,
    90.73529990398981,
    15.181610358149053,
    5.439105671273885,
    551.2788658279491,
    119.06025244178483,
    26.405051528127142,
    28.053330688941326,
    33.35741457329848,
    40.86126662558831,
    13.82605128177898,
    51.178221920130916,
    84.50260585950316,
    12.73353670377419,
    11.205449401818544,
    86.47684861108178,
    821.5177401565351,
    767.1717685149429,
    584.8420310772922,
    417.1716586287536,
    1262.7772295860266,
    931.5087599067226,
    475.18513798524475,
    396.02568517322493,
    535.2625468340332,
    484.98733489848325,
    717.0050897030585,
    884.5947209745061,
    117.04514504258444,
    140.3437243269907,
    4740.5891987435025,
    3093.5002901167527,
    2214.1046135514507,
    2109.4447671951802,
    1366.083772809069,
    814.1170161951673,
    533.1096761139446,
    885.5027573220126,
    314.18701854090267,
    240.96024093103685,
    95.62609567820027,
    156.64352087154714,
    157.97392460114375,
    256.53517930919315,
    176.64294192712282,
    305.7541248503446,
    340.8465530747773,
    58.06427355109754,
    268.77612367078297,
    148.29745869212132,
    179.12043065778812,
    151.21227336883481,
    194.67596538498933,
    41.87510729026641,
    104.80049431479279,
    103.6018930232582,
    275.926474713654,
    401.53150472389063,
    429.17122265130365,
    0.0,
    0.0,
    593.3237809042387,
    732.680872650772,
    974.8007010105512,
    582.4373239266455,
    70.56993187186163,
    156.2954196450955,
    41.68136482658296,
    144.60934949847277,
    40.91746770676065,
    19.188192006253665,
    0.14970461569640775,
    19.24171488489961,
    61.61187316802196,
    89.8633592681227,
    81.90236618521413,
    48.53654500175117,
    54.75756668453051,
    26.562303674905728,
    27.212312669083794,
    21.948680306561,
    546.6468922076052,
    309.65264288169817,
    175.749354900351,
    229.2552751434319,
    115.22571984732802,
    132.57758500943154,
    1092.8034800769647,
    27.531239860918383,
    214.37437615355765,
    624.653883102189,
    962.83527515679,
    1092.4773603774283,
    1911.978426859686,
    344.4665337052266,
    270.5631186377136,
    448.9592254398747,
    314.5537475844287,
    59.569260827802616,
    24.74472915358502,
    113.29755979152375,
    100.80475923072581,
    64.16039287363795,
    15.47108681249766,
    18.278805989878723,
    22.094393581526575,
    20.81445225070692,
    31.078461871907084,
    96.32838978794942,
    68.03281712860402,
    224.8252777569695,
    142.44831023939656,
    66.05388594218174,
    100.32956385128469,
    174.63375255473449,
    180.54021239328034,
    72.0005963754355,
    828.6885687436093,
    520.9353454565029,
    675.3524144199046,
    631.6315752113015,
    371.8281378840532,
    218.40959808676843,
    433.2198419288465,
    380.2569130710694,
    200.5854187739677,
    515.0022811086942,
    323.65450189181837,
    249.04425618995018,
    298.8469087587056,
    85.15152656635992,
    276.4207732152429,
    144.38723316061936,
    211.06403504893652,
    7.699602029496313,
    8.023021165559204,
    805.2215879451334,
    997.2689916933253,
    529.875664104944,
    505.532946778031,
    310.3242543364196,
    618.7049806241075,
    62.73743918611363,
    7.231198075658145,
    65.57168532045951,
    63.11619873322284,
    3.561547508028222,
    0.22493912591390822,
    337.95468924629245,
    833.2532499409434,
    832.4196313649002,
    165.83118115397548,
    64.11344151874422,
    113.2471130513849,
    132.41105442197676,
    280.88311966484343,
    276.14843704727616,
    232.7065975066759,
    63.8825922453777,
    419.81252007077785,
    437.6754587693654,
    396.00385621754725,
    68.42330181657869,
    90.68600473903912,
    328.0658317607456,
    286.3460810578476,
    437.2872498290815,
    576.0065583290811,
    816.675595080079,
    751.849767012121,
    442.3656078767804,
    153.53026627409187,
    280.6655945436447,
    1619.271877581314,
    723.4831655063041,
    387.19944418721366,
    1778.531402847284,
    1813.617255486604,
    47.35947935762438,
    48.020695864081404,
    89.35335553959588,
    396.44836427638694,
    95.08821832258883,
    190.88761356599096,
    151.30357153241982,
    151.5602778095169,
    80.95906472136703,
    28.603293866423314,
    170.50283154176344,
    126.46036777308109,
    301.4497208155177,
    316.6754485471985,
    408.77619185398214,
    472.13614565076864,
    20.0599625350808,
    26.412707456623874,
    1505.8156331882237,
    1398.4986633515007,
    27.03710493455896,
    21.952908627793445,
    353.11240469656013,
    282.8928223544775,
    216.09543840272949,
    145.95811046665298,
    72.5773487368687,
    21.02170192936177,
    62.30588721881801,
    89.70985596646025,
    186.8975714036887,
    122.17896868796736,
    50.79062637935865,
    81.37762621671413,
    174.49871568914918,
    24.10009296835955,
    6.470368859047177,
    20.635771732090372,
    23.353863411652373,
    170.16006644079386,
    80.54157464162334,
    26.880298267467406,
    43.63355676284738,
    80.32800966281286,
    31.375875229589248,
    67.23079417727634,
    58.719284187646046,
    180.15281078281302,
    12.613107752752326,
    12.405358099102761,
    54.94897273944105,
    38.233612157874575,
    18.78629470961667,
    398.66393040867496,
    621.4946686121984,
    45.59173795448325,
    76.83596967806227,
    71.08042089671119,
    171.7669147409859,
    16.69353298677096,
    14.14086943297318,
    65.74662746171398,
    158.69601804688935,
    64.5040962904541,
    118.53674399010323,
    115.92201626443251,
    15.479553030968534,
    34.1346269470276,
    68.2623374110774,
    190.36096922337882,
    119.72469553923509,
    213.16056096060512,
    61.50586629320881,
    14.038225880933412,
    208.59455380514578,
    18.36231052665167,
    94.31567521818573,
    19.078616232168542,
    36.58403882732176,
    33.902722005027506,
    192.0123135955182,
    296.27275923024627,
    104.94165616992922,
    47.656580407786784,
    498.0554318956073,
    44.78546364686411,
    34.145622361720754,
    0.0,
    407.9025285091722,
    186.48232425889157,
    108.69880003639294,
    167.11761994243398,
    177.98769191449213,
    280.440651128182,
    286.4311741632796,
    189.72315883378988,
    309.92168626073027,
    274.266371003562,
    113.61848205634794,
    123.10496555856136,
    79.8575666073999
  ],