{
  "assortativity": -0.2220386479911372,
  "betweenness_centrality": [
    366.76623660153496,
    532.003562182869,
    816.4719695735662,
    915.4712990231685,
    1559.1469283590131,
    1760.2909935464204,
    471.36627937911857,
    614.9464363195987,
    19.664556890138776,
    55.001860604328236,
    435.5994742907301,
    236.23027620401436,
    166.6221933742947,
    254.90826790871242,
    267.82492495522484,
    65.78223670025749,
    21.0387971942787,
    29.649234382307544,
    538.0812328759122,
    474.9638401411119,
    240.45489256353306,
    230.94736358036886,
    46.01841923875858,
    137.225322478647,
    38.09803682216689,
    2.3185910114649775,
    32.15805352568598,
    653.9083348392763,
    17.496069152095885,
    3.3267556248240866,
    16.366005619695077,
    67.30212426256739,
    46.349147255665734,
    23.091440372498617,
    67.35780965510607,
    33.293798151399486,
    17.772971336942625,
    18.029928354749504,
    74.71149186874763,
    695.8519409141128,
    701.1014086233266,
    488.70314724458774,
    737.9338304879707,
    946.8546524460263,
    1137.6326347059066,
    305.14787324478976,
    601.9129227860333,
    268.85095844458044,
    264.31382044678816,
    919.0913012945197,
    912.1070176009719,
    146.40706537349905,
    73.44981015341548,
    4380.723711142855,
    4093.1411892617284,
    2154.561253514262,
    1717.743003675568,
    1094.54444991138,
    988.1763409725127,
    607.9883462372977,
    579.1978594070101,
    320.8021497087388,
    333.25138051070337,
    141.4183614047461,
    169.0931984149817,
    135.24850503990785,
    145.84021097983742,
    312.2893372740398,
    522.8836915096709,
    431.2939326378159,
    84.11384319946397,
    318.61830454899183,
    98.92975163984099,
    189.64706823740605,
    137.9878888495994,
    94.02111995637806,
    40.15110310920764,
    46.02413346655866,
    233.22463989234524,
    157.08636955153315,
    447.5731134164273,
    516.8153451364925,
    0.0,
    0.0,
    596.1459448329613,
    742.3433972764889,
    803.4380521177223,
    891.2674619853332,
    36.74031008552525,
    51.80361236690236,
    71.06068542410385,
    180.99764077279832,
    117.50095608467794,
    41.52393367858339,
    2.421867791169078,
    24.64246151905315,
    74.20291343521694,
    117.68418400288262,
    89.58229362481231,
    101.52808979733238,
    105.49406057332637,
    53.90501487214839,
    6.433802233055265,
    8.1190592094336,
    301.7400531520793,
    350.09327222454215,
    198.01714525341797,
    229.26796938726002,
    281.18831299032877,
    274.45658174638334,
    1482.6542319353991,
    19.980350105859504,
    225.0814037090401,
    731.1709595178376,
    798.751580987584,
    1541.0174944242929,
    1770.9624748284732,
    247.7985312017244,
    212.45730926119427,
    276.49242588034747,
    367.2523380609039,
    50.19478968941978,
    56.13125894884666,
    340.30879463664144,
    48.03695705693513,
    97.71686987444359,
    158.06664539389467,
    20.874789022328194,
    123.90558202180617,
    35.244895784174304,
    195.6097851809825,
    69.26549486491702,
    57.55600705646347,
    199.10714405931623,
    148.79623290860505,
    128.22821972977638,
    72.58103292373241,
    79.73854922015289,
    219.39193417864607,
    121.45389579322844,
    487.1385804365283,
    458.7889366015549,
    388.83220003597427,
    824.1202690696384,
    131.03117246967025,
    139.97028990133347,
    356.948036783894,
    547.4450639250274,
    76.40834889977056,
    531.7396365150577,
    428.01433551125365,
    120.75321218935632,
    307.3913453269331,
    204.31567608568463,
    184.05934917440746,
    264.6039711247999,
    206.60565858369893,
    9.289074573262567,
    1.5971426629473036,
    519.6834797862437,
    1086.305596835859,
    564.1118517966189,
    600.2007928184655,
    408.87168336460485,
    403.29337516388136,
    96.70591967872096,
    72.69488520617969,
    17.569651718091446,
    204.90392221733399,
    1.03006777132555,
    0.2354229640219379,
    481.6175606264037,
    795.476274630723,
    1064.1911014020968,
    15.121821062912314,
    12.144819364195452,
    118.71054770665253,
    143.4402205612001,
    335.31161443860356,
    455.38843788635734,
    403.42960100322796,
    166.10219855017417,
    180.30416118546972,
    369.4242732232034,
    342.3414643858475,
    86.46301569769649,
    117.39598374856102,
    325.8415205542578,
    501.2865243006468,
    695.5701171961304,
    538.0960716587466,
    696.0049180654798,
    493.034905195374,
    479.9257907549833,
    89.22109729764388,
    169.0830560054883,
    1548.2470845652658,
    1307.5204650366027,
    238.53910128866673,
    1964.5899643425926,
    2020.4113149430955,
    29.483754721829445,
    16.975128874682966,
    94.36313100000207,
    511.27054488057644,
    153.70903940116187,
    278.9443350546225,
    17.38183885892718,
    29.8704082664909,
    188.48649032186773,
    118.82823863114947,
    123.47022403582658,
    68.1964014287188,
    303.0199220278766,
    222.44773724020277,
    255.18997747914227,
    543.082300466361,
    55.035921845823864,
    15.193510495457188,
    1105.0302130573252,
    851.6961146129839,
    9.273572488318523,
    14.577423385500625,
    365.19862064807995,
    281.4367012451173,
    27.719168163012977,
    31.87350464824305,
    45.91073539930015,
    11.396253543198338,
    11.430588087940192,
    89.68147441162078,
    406.5983334854319,
    162.4574952458947,
    146.51016092042488,
    384.1291499250846,
    50.18620530891308,
    1.3051862768757108,
    76.61434728412377,
    29.020755679891277,
    243.42688641447666,
    112.61142792950102,
    127.08125212947776,
    45.96337556762005,
    11.705025405467866,
    57.53534687947161,
    79.68944664426463,
    105.89890132232149,
    107.34634811616164,
    166.58196944728644,
    56.46186428484915,
    59.84827724486939,
    23.09460203090885,
    25.203284218525745,
    77.6099378098814,
    663.5130669108453,
    818.811981801236,
    159.02487139940897,
    75.28028579676047,
    166.35316827030843,
    106.41685517397298,
    8.941127355062795,
    8.587832422670843,
    35.02125964188557,
    142.36304919374135,
    81.96727626702184,
    126.68823208708038,
    55.20988758638764,
    36.402673807277395,
    11.979238632811922,
    23.235554561511368,
    250.40143030204962,
    117.99426323789805,
    150.22430222593448,
    108.00425568271878,
    33.94887896243909,
    195.17226950834342,
    23.5705223466682,
    40.196519230260826,
    27.739750975865494,
    79.73320098269687,
    20.377884532425295,
    101.45853606643601,
    145.03205750178446,
    79.2838704850196,
    149.20446452973187,
    387.53610379174364,
    41.36057152515782,
    9.823977527199398,
    0.0,
    263.12081340047945,
    204.97832354147008,
    134.2007940977375,
    204.79134158258367,
    217.8688336455556,
    316.5260573265395,
    142.4242136356457,
    218.8152961734798,
    197.19361988942876,
    176.97655011589447,
    134.65335538781713,
    123.96823677283801,
    129.4443166555157
  ],