{
  "assortativity": -0.20944632793459145,
  "betweenness_centrality": [
    371.85059674031686,
    289.29412192129155,
    397.102705305309,
    744.6920362144658,
    1010.784409015228,
    1757.546511652447,
    608.0834101204612,
    425.87773990114147,
    140.78383089906512,
    289.1762671040752,
    408.77695252124755,
    281.65483021966827,
    227.13194271688482,
    289.1948446615554,
    182.78348938683882,
    83.74143426830439,
    46.45578796893101,
    52.21730430515642,
    631.2760493598765,
    610.2191164348875,
    114.66061778189739,
    149.73092878114744,
    6.347409188221268,
    274.7647151450498,
    105.68271143490564,
    32.185100921788575,
    20.998642384686033,
    551.328125092265,
    60.33037411190909,
    17.294445102558008,
    11.18954114722938,
    31.211121986402592,
    53.362956902566935,
    32.145099477368554,
    41.78842022137104,
    46.173124701946094,
    41.319424549996484,
    70.70492039758227,
    12.436484277856708,
    895.7460831995925,
    678.9676163706536,
    383.61757856363687,
    701.5991910263482,
    745.7181125197794,
    915.4028493914858,
    646.3303863653045,
    358.80393514261624,
    325.58570634710827,
    259.14984155858514,
    863.7583502896986,
    724.8648675282334,
    248.1366181748147,
    123.5217932568042,
    4659.259803365437,
    4901.0537833589215,
    1835.6878869140191,
    2551.7136273462875,
    679.9743414406762,
    1206.1234274501796,
    685.6135306897695,
    804.3171838842445,
    360.99573352240145,
    282.8561211916719,
    155.62216027455284,
    128.50286119443697,
    161.36629905199413,
    313.8630591067209,
    108.22135230980817,
    603.9952481845364,
    251.72909832157745,
    220.77062893339524,
    192.06446090282563,
    31.481717579801707,
    89.8269959309455,
    127.49577211113487,
    152.15816747565023,
    20.91015562056571,
    37.02017853749732,
    248.65304260852758,
    274.7250342342584,
    446.8710166730411,
    469.43093561167694,
    0.0,
    0.0,
    1147.7827218874595,
    659.9318207704849,
    844.3557273943115,
    436.81602916064725,
    50.03616416200874,
    77.24788260521943,
    78.85168292486186,
    116.61858738926516,
    46.96565846322168,
    28.99676532958292,
    1.2553234054592748,
    12.74169095440462,
    23.467932360926415,
    168.25954092386218,
    259.2326381765071,
    226.25134447322057,
    71.79618788785113,
    8.357857188185031,
    11.103030549513935,
    10.046389471881492,
    202.92354689959234,
    427.0040892415723,
    116.97672076386147,
    233.43877550547677,
    139.82369435214807,
    96.49441778984837,
    1342.8741535625861,
    48.54281559480981,
    235.8862220364046,
    1094.4189620666002,
    903.038865633936,
    835.0871984259178,
    2309.262109444071,
    319.65316302538713,
    258.38588101563175,
    392.8246670673187,
    315.9782678434797,
    57.77971409504292,
    24.352742919244758,
    196.8898841938141,
    46.32421508327794,
    43.846052920134255,
    46.924384393940656,
    20.68740212821059,
    119.62066490474746,
    84.04007706695822,
    17.833562886082806,
    32.04710058366631,
    86.081207360957,
    200.66317694650928,
    108.43676598969864,
    121.95663374279499,
    129.017201295989,
    166.90252177087282,
    132.42432874233472,
    126.79108364040384,
    611.5354684571755,
    556.454454155251,
    511.5699822970212,
    479.63053750643354,
    265.61036684039436,
    147.86214468077145,
    100.0892588090995,
    280.12411826638294,
    100.06591577213639,
    333.3173456346026,
    675.8558575247683,
    234.37436202175803,
    328.0166862106082,
    107.4023069069969,
    103.84151628986349,
    253.9416724619863,
    173.55290863147007,
    10.792297190649306,
    1.4088083452834608,
    1128.652574415957,
    694.4672304506249,
    534.4522763038389,
    991.9533037007185,
    332.50549639315255,
    644.7214268972556,
    30.809028183511092,
    20.979321523612857,
    35.002624127106806,
    139.95141949910268,
    0.7448607476266523,
    0.4098420809575114,
    274.71920959985283,
    1105.2121750055253,
    907.0993601517085,
    6.1820702410198045,
    8.87116626755351,
    59.200873655457045,
    149.36668292330347,
    288.9842758883968,
    497.06213536460274,
    288.86581870694994,
    164.51017434093012,
    407.44843238328286,
    684.0739143278599,
    360.6399657244128,
    62.57322974922305,
    92.30921686100487,
    297.2447970585522,
    201.41846258960243,
    487.2299997773857,
    402.4936996797012,
    796.3504019114113,
    900.1527264149194,
    265.65737746921195,
    155.5821221801994,
    310.2632041824439,
    1329.8949875265466,
    1422.6997076722305,
    262.8692009142156,
    1247.4580010247212,
    2055.866678989289,
    64.7811911380496,
    38.014445871846114,
    53.38054945945166,
    524.6765344667607,
    110.75722557073308,
    161.6123728324481,
    71.516701854197,
    74.07787364804913,
    58.461224286940755,
    93.2889652336329,
    80.21679760394804,
    365.4857798485963,
    267.0561117040728,
    335.039824777465,
    284.0593822511609,
    608.1492222036651,
    50.75443743707868,
    17.563889440220112,
    1558.6510155327303,
    1125.9982445076505,
    79.79053532673944,
    37.983253183614245,
    285.95660489959477,
    204.5988959308847,
    213.39795409942604,
    102.92063142957008,
    59.25649709760147,
    35.00954156377944,
    5.5464244096006325,
    127.28890664048359,
    200.17502663714785,
    48.827607894800806,
    114.75658963747836,
    110.34422832337567,
    120.67693384323432,
    1.8586787348128135,
    9.507282153474279,
    15.182043192831111,
    8.696182841619388,
    80.91530538615986,
    111.72430628685468,
    17.567578381532666,
    22.764536306435918,
    31.46007059796602,
    86.181139302471,
    92.24293196192897,
    63.99240271488695,
    45.13233554464795,
    67.52493295290512,
    37.81007490767891,
    25.566316203251898,
    138.55923826810934,
    74.43748027808707,
    602.1948613233403,
    664.7030145699516,
    91.31770820041105,
    171.80307498470927,
    200.78811484626434,
    136.4879630335899,
    14.77780883318085,
    27.675471959124653,
    42.77274633063947,
    151.84338735182504,
    167.7816099841992,
    71.96406584662168,
    64.09650362519719,
    31.198958966004675,
    40.25040570191431,
    41.24459268588279,
    176.08726385165448,
    170.4062054491334,
    92.95545305660814,
    64.6974697553921,
    50.51493069849159,
    106.12904515231789,
    51.34924381476142,
    104.76762800154091,
    28.172775791015827,
    47.21012697778878,
    33.25560113650223,
    100.25071273577596,
    205.8119051808897,
    63.545117391861,
    177.63724257638526,
    204.88647588305295,
    77.17148829437802,
    87.2979089855324,
    0.0,
    365.9739870423475,
    196.15092014944753,
    113.6039566382762,
    99.43955524425135,
    181.29593155556415,
    156.9489116146222,
    331.6091291073038,
    307.27758650495025,
    248.37987554472505,
    127.73816865148892,
    353.20145204358846,
    139.2239228955045,
    121.36863822535672
  ],