{
  "assortativity": -0.22025530765631304,
  "betweenness_centrality": [
    291.9105361108399,
    494.9224555321228,
    788.3753403191205,
    954.8168182441781,
    1587.0669920217795,
    2107.0984723006895,
    722.140022918853,
    324.59887673884975,
    173.34507975407632,
    160.55041936203983,
    394.8594967775664,
    402.84257474325403,
    437.9660793340399,
    288.25694826711424,
    41.73610348213896,
    40.08266769926161,
    68.94779505557814,
    12.942856275391891,
    635.813216731679,
    410.435055414863,
    391.9942604561322,
    449.1962804166064,
    23.505470354363492,
    244.7021563366575,
    139.67833190956446,
    3.996487339048696,
    19.46717151696879,
    741.2228272385664,
    79.0818504860084,
    7.466238624939332,
    51.823300112551856,
    41.131733836932554,
    71.09650533154833,
    15.494719606998258,
    32.76259135761789,
    31.528175370331883,
    28.27009349585707,
    7.353672528529326,
    28.04129644092993,
    1066.0784392938594,
    522.2960190215391,
    427.5618168969814,
    659.3232624572809,
    780.4438037293845,
    1417.1952893417192,
    544.7381331049243,
    501.67343470098615,
    527.0445306309169,
    573.6300430389849,
    828.5275429340434,
    592.5212184529079,
    89.88604108956658,
    189.40812750852848,
    5343.139616644216,
    3347.6506162467194,
    1434.2886499556012,
    2208.120324078043,
    1102.1002941488255,
    931.95989560053,
    384.5809648552847,
    603.6773110515447,
    219.04844944614487,
    274.50866105594866,
    166.21820609586118,
    106.08832369289631,
    35.09907854625353,
    291.9966112671088,
    93.42611755069142,
    842.1351767012062,
    653.0994630497172,
    93.65747993373631,
    109.15046288427777,
    87.83405154032685,
    160.7592017530336,
    275.28340035612064,
    142.14087678780166,
    48.43248214603152,
    36.50819832493473,
    206.1788775886929,
    389.33030211042774,
    531.1936884189928,
    549.2648519543212,
    0.0,
    0.0,
    863.0454716141782,
    777.0467907477695,
    1041.1416447197394,
    729.8089926594016,
    94.9232660665856,
    123.43872981433206,
    48.27232529551866,
    180.2221664830124,
    56.19536944098004,
    65.54374740685229,
    1.83958624606007,
    5.080695164075078,
    26.369351450982567,
    103.30065970965461,
    218.71587094352714,
    168.9984972994893,
    97.17906992412044,
    31.04404575935069,
    29.89175799799336,
    19.1857059768954,
    366.17259678896517,
    329.70511749776625,
    275.5214150715606,
    189.7224502769901,
    180.6552741639769,
    76.15983598808779,
    912.1129799961526,
    29.32269414900046,
    400.0644382522109,
    679.0022658268791,
    583.1094561750424,
    1547.3507120241602,
    1195.1624486901069,
    148.4846752544648,
    242.41540828120594,
    278.31743183191975,
    316.3815437349315,
    39.64617141999587,
    30.40345374049636,
    101.29348809230135,
    60.73496643578802,
    204.76721628471472,
    38.68458132283014,
    183.5207276304053,
    92.6387358272043,
    32.14317487710468,
    53.363486679355354,
    72.03642949040733,
    32.40947798567747,
    161.3707099255457,
    255.72126163845468,
    82.07903430594493,
    82.51275644117287,
    127.45939891682987,
    35.7770071826452,
    99.30989041826936,
    340.75691548775364,
    357.23803327736925,
    794.4228966172013,
    822.3824723889073,
    282.57934049311194,
    118.59091915169036,
    360.42687816269336,
    335.97055842169016,
    70.74539622638048,
    559.6411288881974,
    473.78746683912107,
    203.57734748012206,
    270.72149024266776,
    140.26685012340897,
    270.06882728673037,
    234.40015089397912,
    379.80642638984875,
    80.21567234323626,
    6.6204530374466595,
    707.9955134521398,
    1230.4400469689197,
    535.2499395825884,
    407.86974225448085,
    340.2729320649886,
    353.5640796975285,
    47.63203982077965,
    28.5457459648018,
    34.323371130411,
    206.34284287924746,
    1.51391393160668,
    1.0918764119928497,
    342.1286407003009,
    734.3936978465083,
    908.8209752133746,
    81.92078465347078,
    82.61621880199213,
    97.2569386678746,
    281.96021622764334,
    366.9428611696183,
    803.8781205968268,
    514.5365667439494,
    211.8444984937144,
    329.64769350106184,
    379.5941376716692,
    397.25440450418955,
    61.20331404946455,
    58.72615419221572,
    162.35808376606556,
    465.50992412413706,
    252.10246705998827,
    236.70878973952944,
    620.3609539005874,
    831.0705994658512,
    96.3122201839899,
    140.6799617972748,
    208.74958030743798,
    1252.797764202864,
    841.2103778351556,
    245.80942602756866,
    1549.679511497826,
    1366.1286980689454,
    59.03144987097492,
    30.79288590593616,
    78.91619832953734,
    673.0336010004522,
    77.29378565876762,
    245.1006330547383,
    45.495688376043766,
    76.6865820404698,
    97.52206687582212,
    99.80947258150036,
    75.55934494891251,
    104.33075536442368,
    392.2549383713249,
    255.8157288920584,
    472.8127982890351,
    357.6626796916771,
    21.25661911752398,
    14.023431330577981,
    899.1192026310513,
    1166.5569847163135,
    7.544153194916624,
    111.29674965939768,
    377.4496161850314,
    398.3131128636894,
    89.91404235325722,
    136.73217149528747,
    83.66714700320976,
    19.759534641186498,
    12.948789280809875,
    175.58600446457962,
    239.28161326279417,
    62.40053326404451,
    139.1329926493288,
    100.34417648821436,
    299.72612304366237,
    3.2068945052057947,
    3.9912949141071095,
    35.70321247974624,
    9.7375032341756,
    79.19184818833462,
    135.76140863913568,
    4.8348004183765,
    26.612110377605696,
    51.45402440879527,
    52.40415183013217,
    67.03865955545798,
    128.6165003146861,
    28.145372303851474,
    144.35331907744674,
    138.732386056084,
    17.211624788207335,
    26.060883724709594,
    74.35876818695185,
    849.2724068761077,
    542.2625706538385,
    48.54445081827261,
    140.2867605406107,
    239.38904463063054,
    220.76872639230254,
    10.413234427915503,
    7.0860993782074955,
    201.16008070550583,
    89.00464836851016,
    62.77136846166853,
    62.30390741523959,
    55.1632787307494,
    71.02561784974667,
    23.123596249205548,
    89.3739054091847,
    321.55989153368415,
    128.37147712523867,
    87.71237154904237,
    38.986829763559335,
    38.83294798509913,
    218.97644787974448,
    33.26618145810921,
    42.137108107368086,
    62.943486915744515,
    69.96345069756649,
    42.00344965880622,
    207.1467535531768,
    138.43681063010217,
    123.58771468665573,
    47.07443805732892,
    270.46036991879356,
    31.643528066316616,
    34.28189017671349,
    0.0,
    478.60572251744736,
    90.77383870674844,
    108.14433302948738,
    227.88215526384593,
    163.58090407362172,
    562.5778726126514,
    276.75546168241175,
    116.4851667914727,
    226.67260976852677,
    450.87304985882776,
    107.32403265707347,
    123.27949213419478,
    120.36253424166809
  ],