{
  "assortativity": -0.22000101951844792,
  "betweenness_centrality": [
    514.3491877531338,
    223.30331678196455,
    753.6550261950478,
    1247.912026344477,
    1399.7335384043392,
    1823.2032485669142,
    808.7955884597714,
    595.4980524601734,
    247.706895000989,
    39.05564168058926,
    388.00224692585607,
    299.984786856914,
    289.127110430215,
    224.85561252731947,
    121.80468305714653,
    25.037981302166802,
    23.5468319494399,
    65.61222251810858,
    403.7118339197405,
    489.6351700399124,
    395.90068131149815,
    326.9937917895805,
    21.717191095424287,
    164.9024015451441,
    63.58875586820338,
    2.7657188084643325,
    6.147952193063248,
    837.108331410731,
    55.512924379517976,
    22.10414513641182,
    7.7507939279171785,
    46.27569115278231,
    40.483507617549684,
    23.01790510854838,
    49.134783462420394,
    68.33857092466536,
    15.171695392200043,
    48.270098146819294,
    21.08770798909439,
    1169.490163022278,
    747.3062175373475,
    480.1003773043636,
    752.0155464834836,
    525.184914538099,
    764.9792257751137,
    612.9870382530978,
    491.9081414335709,
    409.91796884562547,
    374.0611566484769,
    826.8387170970126,
    796.8366493309239,
    88.63316640208018,
    95.97226284839408,
    4490.088077828905,
    3580.3374425818442,
    2407.4575259508983,
    1822.5043110879524,
    828.2163056496182,
    799.191235334796,
    544.6980147274113,
    764.1382681019328,
    427.74247130064504,
    234.18196276424501,
    223.36511835494903,
    158.53296754508582,
    128.32540895573567,
    301.68404084948895,
    159.57934007971386,
    467.66592406915055,
    631.0069673607741,
    203.3405733526303,
    332.7705720062911,
    77.54593786618547,
    250.8323001806462,
    155.63836736520167,
    88.59232596129394,
    22.40377262080673,
    109.21672661771304,
    260.4208443669326,
    199.31815054635814,
    750.3201201821994,
    366.11905468781976,
    0.0,
    0.0,
    475.56868705597805,
    1085.6268750160514,
    336.24614449818887,
    499.13190073252343,
    41.4985085112089,
    76.11164970270775,
    58.74558478199664,
    56.116493328089575,
    119.94149813958836,
    17.373698587480366,
    2.631067560388055,
    20.11471890379571,
    82.3538033445344,
    136.3836299711003,
    258.7315508790988,
    230.40464122301196,
    64.28305052450948,
    31.90008246883667,
    6.009722429788515,
    28.8857958185047,
    338.9204340706685,
    272.6836929743996,
    390.5398488439124,
    310.67413132279944,
    267.8391155914783,
    202.55348262009383,
    1670.7127236706688,
    10.145725001889138,
    200.52431139137457,
    903.8681123150144,
    780.3936679421824,
    1882.4999825739574,
    1413.1149541478244,
    291.2634704485375,
    388.2894504186766,
    374.41275985644137,
    324.52092565142584,
    41.99203309237231,
    67.59653296919406,
    79.16759544486112,
    45.721356228755916,
    155.8505591608236,
    11.71063113737329,
    14.092357485368524,
    112.23534743526623,
    17.114791416882298,
    66.62501303126211,
    82.45436259949676,
    71.47611376888209,
    91.17103514205868,
    93.05055831210265,
    44.84095038750126,
    151.0581875911075,
    271.55568466448864,
    145.76910329206046,
    177.80202520379748,
    479.5896631433668,
    284.49230028180784,
    824.6529973425479,
    849.5209275131259,
    286.5436925257,
    236.00127777433187,
    440.278471787153,
    250.01114755771366,
    100.32937317704915,
    585.2202108720952,
    575.0671009435956,
    207.5775168758758,
    347.0203602840748,
    85.22229192114547,
    160.857217822352,
    152.51922850266723,
    95.96224176152953,
    5.352882365639799,
    12.67976859638277,
    1111.5966291979505,
    1058.634488436779,
    564.8172870361582,
    539.0434641730842,
    546.3195020211962,
    365.37636551262386,
    20.220759826386512,
    20.49375579884601,
    94.43132478771425,
    158.40656224201413,
    0.19030243298879107,
    0.08329216073781291,
    233.58324618394388,
    756.6520339222822,
    698.3223013218296,
    121.8642820913465,
    47.45774661766215,
    154.25457993468936,
    100.22187830101532,
    330.2386157339576,
    361.8048932433874,
    269.672183835702,
    297.659033377543,
    211.56705183058588,
    340.09696203925984,
    663.3096178407844,
    119.66232627128075,
    159.0624567748736,
    318.09982738632203,
    239.3636913369074,
    499.3473425359985,
    449.93235159377554,
    635.1361917287599,
    705.4517403010872,
    251.69103468521587,
    63.819572704204944,
    82.07708790099042,
    1701.3089089770463,
    1690.6120259346508,
    357.8399855501662,
    1091.186134588892,
    1198.8592745512253,
    61.26287644616602,
    10.931541100064328,
    63.28477964642948,
    584.928875596919,
    253.6917054013946,
    150.55793623536852,
    33.04358489653193,
    52.058887223328455,
    71.19927654056298,
    91.63667844898504,
    21.005572440968006,
    53.41198513680965,
    293.6757639695788,
    236.6455903883199,
    341.12225365006856,
    636.6004194149084,
    22.665784920559222,
    4.153029147233085,
    1275.8844659691272,
    995.9795835754594,
    5.6494070109410535,
    14.911127453739333,
    292.6845098767388,
    393.5006406838732,
    227.73153997969058,
    116.63695194558996,
    45.47250374773258,
    158.39041567835503,
    7.402367598383005,
    144.40995642818834,
    189.89304782976276,
    28.817489188189846,
    12.364652768676228,
    15.9133257619718,
    23.387756144687987,
    2.4671524152302253,
    16.554243647476046,
    75.52391616543338,
    22.39533489246847,
    57.65374000343393,
    121.4078715629871,
    34.69028960752761,
    80.86775043886155,
    12.181580752750437,
    75.31286489810834,
    65.89136818139049,
    212.6278646591105,
    74.88659073159732,
    160.11567857410446,
    103.49021280771416,
    7.448371128571243,
    16.781551921089598,
    15.059599527363215,
    420.6456985792073,
    744.3836014753887,
    121.64665634953886,
    123.76747239849402,
    125.06401400079879,
    81.2038146828552,
    13.165728791994113,
    15.859322194548056,
    26.64617318200456,
    143.4333836638721,
    116.0691526702456,
    52.871999036822444,
    40.31203157113815,
    32.729487622606925,
    20.486078942352187,
    60.87874286937822,
    102.89055040844494,
    266.607702753545,
    169.72923703953091,
    48.88752019163138,
    29.3986354560845,
    267.5521628549363,
    62.12363561325937,
    424.6510476255719,
    32.098132025818686,
    35.105025261808,
    7.734711550993816,
    181.70078164265175,
    75.59777305360183,
    111.01393825931625,
    99.67635375137004,
    175.7184815311309,
    17.8644053489095,
    52.93647155967351,
    0.0,
    360.29449734300607,
    165.74878675749122,
    70.91705686216163,
    88.22993178889799,
    112.46809200964519,
    292.73339324452076,
    203.04403576104792,
    498.8916296086407,
    350.7499690928084,
    119.13005056485952,
    99.85298902003544,
    89.95498477846353,
    130.03615834463204
  ],