{
  "assortativity": -0.21741848417672938,
  "betweenness_centrality": [
    333.5244243141512,
    240.81281063261966,
    1323.0462964162984,
    602.2548006339193,
    1240.0866488579643,
    2095.3879958522716,
    834.134739106651,
    305.0406437369115,
    50.234898096286756,
    285.2171359168479,
    268.4579583709853,
    256.7826637837887,
    257.6029990214734,
    344.152400389395,
    47.0751587123049,
    103.00330176731786,
    5.4971086584478694,
    40.093801689829895,
    689.3666498694461,
    859.4530975937324,
    672.7140005981596,
    367.9677036357945,
    17.09072318821461,
    186.4217664317269,
    41.640612232120276,
    11.883487267571105,
    10.058040226679992,
    877.465728476931,
    39.47921627811714,
    29.182395164004628,
    114.31950059079152,
    17.559531752157778,
    87.39582516695705,
    15.060221183805972,
    35.20323332197185,
    27.168415621972375,
    94.35041966525338,
    5.0485060920500215,
    12.510974596791726,
    1153.6787198620668,
    649.6398358549134,
    547.0924122638795,
    937.4838891011818,
    1055.9082672685015,
    1050.141861738052,
    373.7870216090754,
    506.5348453494058,
    444.2240608923984,
    572.0602100469179,
    922.7879364272213,
    592.1676770957939,
    153.77536170543962,
    96.89958787643094,
    4035.7425532457155,
    3460.0654592071596,
    2101.4161135924915,
    1960.4991479222128,
    596.8750489016622,
    825.3516062457913,
    381.71442437618896,
    388.30455757533736,
    354.732619847158,
    362.12555421316796,
    160.8315295960956,
    101.64102691514084,
    120.7705815969029,
    176.06339269871415,
    106.86381100235751,
    602.538021255077,
    718.6666011058105,
    126.47971694715805,
    255.17782271572466,
    84.07716879079945,
    118.6283257616673,
    251.0278104051489,
    128.24617295023,
    64.13582322704575,
    51.919872126759756,
    178.22899460062305,
    116.24127248906267,
    337.5643188701075,
    312.3618174033946,
    0.0,
    0.0,
    979.8337689263494,
    889.1665228442413,
    1345.0669057863304,
    782.4596918228383,
    81.2657029484128,
    119.35427336801966,
    70.10100187946591,
    109.6629084317901,
    57.60550668354262,
    63.58008595037945,
    2.070172561914457,
    12.216052332524724,
    52.645555999294515,
    287.49522775867854,
    142.96250685750113,
    100.17716825355218,
    102.33929601242073,
    19.737497441029166,
    67.86220287393607,
    21.283553964204884,
    456.1805904036368,
    324.8237661513112,
    193.27957501821953,
    277.53147190961624,
    134.95647317127316,
    108.20331295303637,
    883.7418411144089,
    31.599362950723695,
    275.58449119387564,
    719.9536007850437,
    831.5560485684048,
    1238.7942853369866,
    1566.9637515283373,
    183.23437030576332,
    356.6973294800724,
    364.57745748669424,
    501.68969506569124,
    30.74745736555078,
    48.10060264580572,
    140.63741796777282,
    39.466287194134416,
    14.081195841604744,
    25.469355524973768,
    70.40763795136685,
    52.951161240906565,
    233.4270896583712,
    35.86174737722388,
    43.165682479385154,
    74.47267119020782,
    109.2808892090417,
    283.0617180602863,
    113.50042166923554,
    90.675204001781,
    103.1980705566461,
    108.97080838356176,
    121.71166581613306,
    336.773075718417,
    456.08793138294135,
    908.9645851454372,
    545.6521855613552,
    271.7247196591776,
    77.70681386534152,
    282.5810182317124,
    179.71174127962072,
    147.57374526051132,
    294.332805467735,
    714.3559571836277,
    414.0159991762753,
    168.73684850339862,
    213.5433640877333,
    115.58546262466267,
    120.43678359630206,
    185.37220479820456,
    2.9999809978611096,
    1.8295651662966579,
    459.23923088521155,
    465.12761737819454,
    634.1569270677709,
    484.72175106722074,
    344.98855300301034,
    570.1509455451779,
    27.05719422006419,
    9.972825582846529,
    47.22241934899698,
    141.4170962533766,
    0.4693646056049284,
    0.4608366383625862,
    514.755508698783,
    909.3927900487191,
    1206.4071706928548,
    139.922207719634,
    63.6530077659024,
    180.8225644989694,
    161.05044679327912,
    126.72072998716703,
    621.0715255114429,
    397.15177855247185,
    191.63680215212472,
    257.64897087133846,
    566.4463327337232,
    454.15108138237366,
    33.2360420030585,
    43.08200739431063,
    224.97495619794344,
    292.1244076055627,
    368.9678053073984,
    435.27842558605477,
    423.3440502048644,
    864.8948589985051,
    267.53767773784483,
    216.18940759812648,
    366.5163637955884,
    1291.056236103634,
    889.0434868460561,
    244.02361423887353,
    1580.6230112679361,
    2046.1084677030829,
    21.208582193664725,
    53.15621508542144,
    75.70048480247017,
    558.5966710294857,
    168.74986019230795,
    327.13383450366337,
    60.12749997523443,
    46.817104432437084,
    83.42026798739515,
    20.9805804497917,
    297.8029125402357,
    153.0045594116723,
    509.227847764765,
    358.8497416245099,
    278.4770919948872,
    625.2883579758658,
    40.11047807531715,
    7.719934671432465,
    1550.56206102842,
    1201.5832148807087,
    11.374690625035912,
    17.7889737631291,
    156.80760556332805,
    219.4962150226965,
    194.75853754041023,
    228.3149098007993,
    73.09082832251707,
    29.93210373374509,
    52.01748038579095,
    107.69179209258724,
    124.94874974501433,
    26.02555713004208,
    19.77554393731942,
    118.9223965713067,
    59.14301929508043,
    0.7497680190309193,
    76.14936437636922,
    45.070870569982326,
    36.61147854156141,
    110.06333279384451,
    42.833071447208425,
    9.92927968220232,
    16.747848567323803,
    71.93975127889894,
    20.31018293175199,
    95.88784697008465,
    55.77742081935931,
    10.157651288231131,
    86.83686661436613,
    72.06632940210905,
    73.91937242098132,
    12.664370950531376,
    30.07710965451797,
    494.2460130023191,
    810.223897203903,
    213.93009426565396,
    126.05080365798474,
    104.69429368908501,
    210.6784936414093,
    4.967267516907176,
    10.399069014487187,
    47.0181526590628,
    122.81668691297615,
    25.747071865574647,
    97.01098335693221,
    109.07277908621721,
    103.6055403294065,
    77.02643964723595,
    152.83659660874414,
    63.750544040471496,
    95.16029549904577,
    245.05241478903142,
    129.22275287315045,
    11.13092812106977,
    161.79964971662272,
    31.83578485510817,
    40.5420005493059,
    18.70059248198427,
    29.9232806350798,
    63.97225694280928,
    77.19477625443916,
    102.29634219008265,
    106.39555356511445,
    52.48216296698902,
    370.7167463367516,
    139.00815584390588,
    41.152046566600404,
    0.0,
    313.22891017075756,
    238.95726670579313,
    142.92452547300314,
    234.6308618554642,
    170.66825291730268,
    300.5029474751566,
    389.8165038698289,
    219.74035934747292,
    308.01969924067936,
    267.5269739033749,
    109.89459111432319,
    86.77947511138996,
    86.79146251186025
  ],