{
  "assortativity": -0.20156230954106225,
  "betweenness_centrality": [
    269.7989345686426,
    391.21306695974977,
    1443.875536036785,
    783.7262702422174,
    1617.9394380400404,
    1716.6626281696247,
    675.9668118801897,
    469.06699903062815,
    110.85007898638831,
    279.85993053482326,
    314.07041128392586,
    259.21119039570857,
    370.47313057590486,
    252.7067378456261,
    323.1944969752954,
    44.00379670018078,
    13.26273129750604,
    65.66917251558226,
    530.6226653261523,
    372.99257648587707,
    162.81710902995403,
    306.893118189944,
    58.62920596597043,
    146.275611057089,
    67.98320324224548,
    7.873668181637543,
    11.048905997481747,
    766.3815017524889,
    86.5383026095487,
    62.410571399627756,
    19.884416178857748,
    22.285271125076218,
    32.57507096929426,
    38.684709470161685,
    47.94176967487996,
    14.058295718834811,
    10.496331421364735,
    1.8620250098553346,
    14.477466113546274,
    748.122549966757,
    1046.5544079951983,
    573.256090258802,
    608.8503670274133,
    884.5682502432005,
    920.7976308702956,
    650.1512503132112,
    567.9803972871015,
    208.24448002470203,
    370.68318369041947,
    754.1863362496925,
    664.0515751339728,
    153.85069258266856,
    201.2951439226374,
    4189.204563195796,
    4032.4030294121912,
    1472.7069675894318,
    2175.0215034303146,
    1227.1267520654935,
    924.634032407005,
    745.165138018594,
    505.22009703371435,
    289.754298324082,
    302.67887229743553,
    109.38788191193973,
    198.1767633312532,
    209.86541820473244,
    431.2085452961619,
    93.66376907524675,
    783.2068324163292,
    283.04375338471294,
    81.01252433784296,
    366.42384499454215,
    106.55252168204898,
    185.04665266059442,
    170.82230700385014,
    264.5372488378739,
    23.02540061790627,
    81.81609389034432,
    195.88437521774787,
    154.03304943078788,
    480.26516425398376,
    347.11501435379,
    0.0,
    0.0,
    704.2076530778613,
    803.6929433390603,
    583.0732687221869,
    661.5659479524593,
    74.39853454686683,
    199.16012053434318,
    130.19956667079754,
    93.21776505497424,
    23.465771124356163,
    20.526081700111863,
    2.760530248325609,
    10.853038340054335,
    25.90025099068975,
    109.30172172328257,
    160.52672028788146,
    106.50562832091808,
    54.770410494333944,
    33.66975252180673,
    47.91846485063631,
    21.63992613620625,
    308.197057548912,
    358.0711569599551,
    238.56573544974285,
    186.29145820779934,
    109.30298881900288,
    168.49388285432659,
    1100.1907851381116,
    88.82170691721714,
    268.1035424718934,
    466.67904269847446,
    398.74059283146954,
    814.8145627551162,
    1599.8917874443537,
    241.00037933059468,
    366.07814213991156,
    429.0360153816466,
    601.1606041545867,
    84.86929021371112,
    127.30588946124603,
    82.527429421701,
    31.906889449423936,
    40.04446565757728,
    110.6920844122202,
    56.129103427257796,
    177.08183086737324,
    56.48144570114495,
    51.34371023958179,
    57.76410310420484,
    73.97746093360948,
    76.74118372080245,
    97.25030876402649,
    77.18650273881188,
    133.7245211657583,
    220.58521738207043,
    57.169010689590465,
    132.35365477323526,
    716.7017611171468,
    318.1744203807963,
    688.6280234343111,
    541.4476230411148,
    218.0887525098644,
    311.3457027423137,
    426.19604676063364,
    174.36072796085983,
    109.93334451781709,
    251.99356581835042,
    331.9258385832283,
    412.2806093616047,
    195.13786859386815,
    84.52891435968581,
    183.2216241082303,
    264.49343516598043,
    417.10982004477853,
    14.080161901650975,
    10.342479975766318,
    637.6176339195326,
    1220.8819288454436,
    601.2711255469355,
    667.9271623064936,
    560.7914599035291,
    330.85178417171466,
    38.523549026425286,
    38.772684609810355,
    40.12383527953802,
    139.19727933353818,
    1.5852165287435669,
    0.3527709746560241,
    296.0206834201357,
    994.7036101543184,
    1050.4017035122981,
    28.69572773067967,
    8.436896247792289,
    125.6315915164937,
    120.95176811662154,
    185.14866509941302,
    671.8529981248769,
    476.90885304881334,
    185.2214256406081,
    396.646660924349,
    504.00014847895983,
    769.0185459951541,
    75.64627274684517,
    59.60121299074514,
    306.12675779625613,
    386.2272709818966,
    768.5917141725631,
    765.2624502980132,
    898.5881837378673,
    733.9886370168851,
    205.7450113653415,
    136.9986962868279,
    115.77714607777713,
    1537.4755064575345,
    972.8382734940594,
    297.3642913147714,
    2075.1897801590612,
    1256.5305658933075,
    20.059449915577453,
    34.97402901887159,
    109.77206366139212,
    514.5361016842596,
    73.00990659000085,
    260.89347200568125,
    19.898866135448905,
    31.079388253634047,
    89.85087095252862,
    76.29708073567394,
    69.07983305506109,
    210.2963825511105,
    559.4321714570505,
    393.3773425305765,
    337.03446271463696,
    1021.4553621999689,
    24.413227668738763,
    5.16384354690377,
    1135.1358944688745,
    874.1251547996354,
    23.134313912724085,
    34.16152124639379,
    370.6227282536156,
    500.6498867924382,
    196.91050910404687,
    133.32458475271613,
    23.968389109725845,
    60.51859139890754,
    107.97750795966117,
    133.2933004520443,
    259.93083398790554,
    110.73563044848689,
    32.35442375947065,
    215.86680271239925,
    359.5421400365997,
    0.7578038827947,
    9.86948857683128,
    24.288611024682933,
    19.277449731570282,
    165.37794769491583,
    117.6457297458298,
    35.57680187049579,
    28.882434652014418,
    76.86937233720803,
    85.207581950257,
    60.66735566307071,
    95.90141065288564,
    3.4043022693035407,
    102.41470952011636,
    275.48316849095477,
    3.5861770545068725,
    65.13407941023976,
    47.8919005026727,
    764.4504019756858,
    563.6649565336196,
    118.81137916026249,
    75.93339999680772,
    178.6628483426567,
    186.74110915757439,
    82.05659032624642,
    14.080651525155513,
    42.42397045607643,
    144.24212737026693,
    173.85771738936862,
    159.56744988866117,
    114.30943427353056,
    58.745860789285594,
    50.17988099855371,
    74.18345115261938,
    242.99395616961104,
    186.4297706981832,
    108.02804280981381,
    94.40797232985696,
    74.30886192618956,
    103.54243756508035,
    55.86981636733807,
    49.29103715583638,
    38.49360998194363,
    49.10567806640543,
    12.025280901551817,
    59.087700914062644,
    128.49440662795854,
    46.42852004129888,
    171.16880314532176,
    139.99139362919652,
    9.721860978601542,
    14.884775555250474,
    0.0,
    504.56086595286286,
    258.4217989611151,
    150.90320152138094,
    120.43742058456583,
    193.91539199485123,
    216.77524083494436,
    214.02245299929857,
    282.77498707918227,
    196.50070735691426,
    149.16063619204598,
    163.77017885565996,
    135.30647647412263,
    395.86932740129595
  ],