{
  "assortativity": -0.20579365034886518,
  "betweenness_centrality": [
    406.218753157487,
    303.5432831130942,
    358.70775386839694,
    1027.1559181106143,
    2020.0406059970016,
    1922.7077826602097,
    304.09497418222924,
    535.6197063074951,
    195.6396294231331,
    104.04457551722743,
    332.98473963929445,
    325.6555804019017,
    391.80608957065147,
    419.6906805657564,
    272.05274123412755,
    86.48323533656594,
    11.608021091946773,
    17.015945759010425,
    495.50749005222565,
    587.668141177512,
    270.07131441476025,
    315.1601006870197,
    10.974556194091914,
    100.6084726108362,
    124.02254916600677,
    22.990448997564176,
    1.7982510841202743,
    764.0283285431467,
    78.8242975338041,
    12.458422180543073,
    15.369571390402172,
    32.842987475236406,
    91.87481481150664,
    16.533537940911362,
    106.00566944818804,
    23.44910736922875,
    30.602835854879448,
    5.013945708019493,
    8.801339621119821,
    711.6969626585715,
    836.724206696754,
    398.94937195924297,
    414.4165948698425,
    744.872728126344,
    930.5122288024706,
    640.4909976037588,
    446.8384390549045,
    342.54247126266836,
    455.1345323278219,
    999.4463768559912,
    770.2939027721435,
    238.0085452205071,
    230.82842050211622,
    3946.7393718391377,
    4715.316587348601,
    2288.8919515633306,
    1699.6952110431016,
    573.3509532329035,
    1283.7461892225076,
    316.0492069940717,
    601.4464635169234,
    284.9662812892069,
    240.9280025333583,
    77.45729772251545,
    234.80289121751454,
    162.56812903191346,
    284.5821400221248,
    111.34091753078005,
    866.9188941643871,
    517.5272381107545,
    118.84988896995719,
    256.92381109446126,
    95.60243487276716,
    445.4730644837966,
    58.59395324732105,
    128.18619687063563,
    66.90069191832316,
    47.73717543018782,
    231.0671317607097,
    158.905255053883,
    406.76787364326714,
    229.41281006148918,
    0.0,
    0.0,
    693.5232307120145,
    971.1925183759427,
    738.8744565278786,
    812.3393757476055,
    70.79849437915958,
    81.81826130788075,
    112.93121567782093,
    93.28554641132632,
    146.85877419016438,
    51.384751426407,
    5.845698071007687,
    14.382400250411012,
    62.20635529274306,
    93.63409720597866,
    137.71439487618642,
    623.5035141651401,
    158.40266165106527,
    36.436580237946764,
    30.87819707865509,
    21.64150160353622,
    438.23473574780644,
    194.94852778990574,
    226.9823556346977,
    266.6128388094467,
    153.5067128589988,
    131.19672300414325,
    1089.3390939354294,
    33.82231871838077,
    147.8624453681,
    664.6275577379915,
    802.990035338847,
    1148.5809269816407,
    1555.737192083793,
    270.9561113438322,
    166.28067383780265,
    278.7093168290065,
    409.6399448589144,
    67.16388617832678,
    75.79469018575952,
    69.65653618282508,
    66.105619205606,
    86.19793534567457,
    47.82929368130792,
    35.45784270546656,
    37.05591172417088,
    44.335865401833026,
    96.04473736546612,
    101.062243778814,
    102.81885144794617,
    68.13835459514303,
    109.931249359523,
    83.58131589776058,
    138.14331976895195,
    205.31933549035088,
    105.82927442955837,
    161.95460558497112,
    376.27453648396425,
    363.6367951958632,
    641.6203367445524,
    734.5447052716158,
    448.2179713561489,
    54.633155223919346,
    435.23782343468076,
    270.6230136049472,
    95.90692899603289,
    328.64082119983397,
    690.5046508761556,
    177.08845916499877,
    350.19054990085993,
    187.62839252605906,
    151.86742663561378,
    110.57421585829474,
    279.720689987971,
    9.117700595924,
    1.4258649761187252,
    790.8821276035122,
    1138.5804194375885,
    550.6995053124598,
    340.24565702594737,
    239.82002950793282,
    474.2782074367827,
    40.70896862075356,
    9.211461999428552,
    28.90450695546282,
    152.3893930161508,
    0.340383289011112,
    0.7949348646940791,
    378.1595408117032,
    758.1668481925449,
    786.5710911925734,
    99.78875731855656,
    62.8164558205695,
    179.85966242034195,
    380.90770161923007,
    256.6116838200166,
    382.48589978435746,
    334.6137210925586,
    190.22206168216798,
    428.1109195327456,
    502.70575530346383,
    756.5384683107679,
    126.09592635797463,
    54.76896649105066,
    275.8118467423962,
    417.7662999349316,
    518.5605197037798,
    335.7665605798943,
    613.037000959928,
    752.8981598478059,
    217.69890758546296,
    131.64439565068344,
    137.81189071146915,
    1852.4892409610654,
    1225.2692778188364,
    159.21368345820846,
    1366.6416326465308,
    1691.5850952282892,
    52.73517024252743,
    31.10766422675881,
    147.49551324432707,
    410.91146157449737,
    77.95519518891088,
    174.66911776964125,
    30.672005693352997,
    39.44082877564715,
    113.47570979329622,
    144.4325200389351,
    29.13769887641512,
    169.48291021408448,
    293.8845083342722,
    201.71010915144055,
    394.71416218954687,
    614.7309321744484,
    15.919212183553729,
    5.128106798057975,
    864.9364900079571,
    1228.577887709575,
    3.940627838677064,
    15.301396167166406,
    343.01907688990633,
    270.98278218299987,
    141.22432643890204,
    224.20496825523418,
    116.39845287536583,
    22.892558887563823,
    11.37296465079825,
    82.14388796090984,
    147.24531520787045,
    65.7000137333087,
    70.97827519886783,
    126.03607107011794,
    178.0333131247747,
    0.8128423283530898,
    9.72469828079081,
    27.15595598864431,
    7.704742129158686,
    76.4229694133127,
    192.95809738067769,
    9.069464849005437,
    7.496699478757106,
    44.41976542250073,
    31.88280391767893,
    121.77876022541608,
    55.175052874641274,
    196.84550496448307,
    111.7140455851508,
    14.933934260271675,
    143.9877121817636,
    25.537827093178066,
    61.83460211350314,
    660.8163497594278,
    681.4148829787933,
    61.197536881718534,
    163.33341572398345,
    104.64557137060162,
    142.64749482567453,
    18.56332671460881,
    6.331955423466545,
    81.50950472508133,
    226.03000554332033,
    82.2140734960127,
    128.93020662978364,
    109.55259232785643,
    75.94573629566993,
    40.600284854922165,
    166.31145230230018,
    95.45350862104821,
    133.39479199132833,
    156.3528207266936,
    79.06193748180691,
    53.219269648578056,
    260.3391808110392,
    32.74278912326189,
    65.63471109222628,
    44.254645596000856,
    130.91796521254722,
    45.17091694909905,
    212.14427660416223,
    292.98087148521023,
    124.20861661966939,
    118.99373197486153,
    620.5354903509765,
    19.05000694486936,
    57.50748362561435,
    0.0,
    329.99523968166415,
    234.90276966460303,
    86.68187767387533,
    130.84052049861825,
    243.74591862044667,
    315.96732719554524,
    518.2924652355057,
    164.17170914599222,
    167.71226113106937,
    332.7220757097781,
    122.55345496333219,
    99.45538154822849,
    136.69688128153652
  ],