{
  "assortativity": -0.20952062297281404,
  "betweenness_centrality": [
    315.88621293016706,
    240.4076339489033,
    1234.6015740628222,
    585.8649216674527,
    1389.6244648609095,
    2064.270087046658,
    799.3839353048313,
    300.2500109730107,
    55.13708298112135,
    279.0510457858012,
    278.81769819377814,
    249.3295313375405,
    248.14382142365994,
    360.96152257944965,
    50.71443146845536,
    124.80508567783195,
    5.455359544768636,
    38.03040159207039,
    691.0726909589131,
    847.8241537263476,
    673.4297265186509,
    374.02834516728404,
    15.579410116219378,
    181.4868809944482,
    41.727023560719594,
    12.438201548087733,
    7.997568092809824,
    866.4624065977508,
    40.48798970080886,
    34.038930647113276,
    112.45203898963814,
    15.694323950234494,
    81.14471958205712,
    17.085083880900815,
    34.980956689664644,
    26.59452845169373,
    98.76478523202786,
    4.771666637627185,
    13.001399263088299,
    1172.7377786931413,
    658.890149017825,
    536.9451229853833,
    898.3402087873264,
    1029.589223461671,
    1055.8462891518,
    353.05561816370744,
    504.182368001575,
    439.76815275110044,
    571.1452819650223,
    923.33724252583,
    573.2424064862348,
    155.27544003316288,
    100.69414464036291,
    4042.27707177059,
    3415.1473565358438,
    2111.4982674013345,
    1966.2699249238256,
    583.0003471719041,
    832.5290074418458,
    384.7563706580926,
    368.32348821609935,
    314.0780710980057,
    352.68567995238647,
    160.67325595882124,
    97.87573465758685,
    112.66332277667219,
    178.85263682995742,
    95.70822735224863,
    577.3367920001996,
    708.8480833400399,
    124.85610005143052,
    253.45870825642876,
    79.41891341322156,
    125.30800898739065,
    271.2897854588685,
    133.1416458457837,
    72.51003561183896,
    52.59567918641452,
    174.65524593530856,
    114.87276206812535,
    342.777118233507,
    315.05091532922984,
    0.0,
    0.0,
    1010.5206302570267,
    929.4354453651678,
    1381.7775084242128,
    832.5384838571154,
    75.55985142083382,
    121.61394205401686,
    71.25831325824682,
    116.23668154171689,
    53.428211806644384,
    66.32379602884848,
    1.9491568383915234,
    11.935306761348505,
    50.58779742448419,
    304.08720028081973,
    144.99297670576252,
    91.47942279839968,
    100.87133276472679,
    15.523835614045378,
    57.789963746681664,
    21.136532918415035,
    451.59235817245286,
    327.8163443075293,
    188.80029021882794,
    271.12238601369813,
    137.59080933196324,
    103.19534309213807,
    887.9590819457193,
    30.567399336918065,
    268.2401648141009,
    720.7925757490941,
    833.3045222523017,
    1161.111667351796,
    1486.9724692854147,
    163.28934396610154,
    260.70333288873303,
    377.06690294109836,
    499.73604871309385,
    35.639583654851464,
    51.17566837647946,
    145.7785297954588,
    39.2944394348388,
    13.994206865479539,
    25.995603171847833,
    67.7771835718796,
    56.90240344488772,
    230.44484955461954,
    34.63858198698294,
    44.69694463959665,
    79.82029413376688,
    124.64782016854127,
    287.0014054200877,
    102.21275955849754,
    83.3560916452624,
    105.88483991134694,
    121.78375445206389,
    115.85559933202256,
    322.9471581071428,
    454.71731211092776,
    883.9509329385626,
    541.7213132715605,
    267.6196222417537,
    74.22203928564807,
    287.7662179844296,
    166.58902781804701,
    143.30050227324315,
    258.5120784966527,
    774.7903092296267,
    421.0815125154326,
    155.8449848150163,
    218.88397976446305,
    118.94980807839569,
    118.66533708996681,
    165.88056617957574,
    4.368385570556304,
    1.8744252831686092,
    402.11314691108396,
    552.5002871086668,
    624.192155555587,
    483.60140080893706,
    355.94895266606017,
    570.8138762996401,
    25.325937682845645,
    11.855919685259991,
    43.17493857503714,
    134.23322219982245,
    0.4532232954977495,
    0.36138451460819876,
    515.0421943633143,
    896.8935785526919,
    1171.4245661791047,
    134.05791156616763,
    72.56619101159194,
    184.89469263786222,
    163.18739812985928,
    127.0857618897911,
    617.5845693678311,
    393.3664908070865,
    196.89520605540037,
    244.42929175246772,
    550.5421581261945,
    459.6617818055143,
    32.02099032673617,
    45.991049992069954,
    211.4495920673864,
    298.9871463735825,
    368.29025628111447,
    439.65610789058854,
    637.178445400939,
    755.9431544238632,
    275.2045901540872,
    210.67009638148406,
    348.02405483363947,
    1277.4809617489818,
    882.8713520300926,
    243.86289557451133,
    1753.5547247523882,
    2121.7072126584158,
    21.666829429226077,
    52.916431950856555,
    75.13735157551007,
    560.9107474716694,
    181.05178479136862,
    333.6217869954053,
    58.47086155842615,
    45.12439991381356,
    77.34185174808015,
    22.452766740108423,
    302.36079092176044,
    161.594715468304,
    531.8545620409162,
    355.3942353546608,
    278.8978521063408,
    596.7224573264833,
    32.465650351131,
    8.37051826745612,
    1532.2356220211616,
    1194.6689563514424,
    11.915526041916808,
    18.39220078635597,
    154.97641669797,
    225.0846329770561,
    198.71960478552955,
    230.50531329225194,
    74.68479796397305,
    31.98976233854524,
    53.99201376762002,
    125.1214134494236,
    126.08830084944991,
    26.333203928910773,
    22.89378682475894,
    119.41999586589567,
    55.99715707628624,
    0.7653781056071178,
    79.03002797393556,
    44.435348905821435,
    34.542035557188946,
    108.23602314538698,
    43.45408050432298,
    10.1612712847907,
    17.617029811591348,
    69.40080140579009,
    20.062122651765595,
    87.77977557973387,
    53.896898033560454,
    27.200068239539025,
    77.31337776039906,
    70.47775444880675,
    66.06638978020214,
    13.580471411003211,
    32.420914641462275,
    507.445752346659,
    826.2119626838642,
    220.43835566763585,
    129.9594462499893,
    99.59160634397098,
    210.7387750277704,
    5.146390513967719,
    10.480292259110039,
    50.07317352072706,
    118.7737451067297,
    26.456947515119804,
    95.59482892484003,
    109.9164534863188,
    89.75657994793495,
    45.89248854979961,
    154.64439972470734,
    60.70812118074389,
    102.95361649201557,
    259.1178565018943,
    133.63817183362684,
    11.154559461904867,
    164.03543482005432,
    33.415525961433765,
    39.79595292762394,
    17.164318029041652,
    30.714786381653088,
    62.23577194346657,
    75.55881638964436,
    96.39143768185147,
    105.45049078586368,
    54.2571316687061,
    368.0067223804893,
    137.81426888163296,
    40.78685966411203,
    0.0,
    304.1311602432634,
    231.6362676899335,
    148.25841291143496,
    231.19243797290974,
    170.19556270324415,
    302.6926473155686,
    398.40779109912256,
    220.6496897649778,
    305.92510481951285,
    270.0135705042781,
    110.3379084239804,
    87.03150088550701,
    84.49483086955433
  ],