{
  "assortativity": -0.2165742621942595,
  "betweenness_centrality": [
    208.87980794585093,
    215.3982080160345,
    1395.2829783745328,
    943.792887478654,
    1355.2198742780447,
    1775.2880042525426,
    1274.6255326096848,
    485.06753121917353,
    35.422118536657166,
    121.64733075631159,
    164.7186609706428,
    407.30878733557245,
    389.87121948088736,
    345.08442764072004,
    58.8656274507787,
    64.52297612706086,
    31.35387248780693,
    26.417145629017234,
    580.1995820419552,
    468.5302157020399,
    348.1489199312289,
    325.8472999343323,
    14.236024614691422,
    86.75446021136362,
    85.76550163431206,
    14.432473001179556,
    9.07356425803104,
    479.090079835808,
    62.93353808435046,
    17.632019573432636,
    14.180227350479136,
    32.1347502690745,
    107.87081388542815,
    9.172363915968244,
    32.81902926195865,
    122.87788322553392,
    16.631092445039194,
    7.075200405699968,
    30.836804466304567,
    559.956696671374,
    870.5811419099007,
    690.717655903035,
    555.2323157451062,
    688.3260770216627,
    942.0253004464864,
    265.5062103067566,
    594.4849109566329,
    393.97862577595635,
    309.39734709596723,
    727.6878263760374,
    868.8431625338798,
    102.82177917134287,
    85.42764823993161,
    3838.7632399740887,
    3664.823694536183,
    1805.846455592437,
    2084.04509385253,
    573.9771290949765,
    1161.1310350559152,
    611.4736934784939,
    680.0012875753172,
    252.4269994954561,
    299.68100834962587,
    125.70350679025846,
    242.79240818726882,
    158.15508906103642,
    314.7015719981934,
    156.3681280415095,
    672.4891339993238,
    384.3519819060832,
    102.04099055154086,
    292.64477747754984,
    248.25471899746677,
    196.90204599034226,
    121.03561561076577,
    277.5230672845643,
    50.55356437805843,
    59.03413871982199,
    230.66258988522654,
    187.72171272955305,
    351.53987093658725,
    265.5623264416035,
    0.0,
    0.0,
    753.3888104510019,
    655.5717090920325,
    1012.0368378309279,
    1151.5396596458013,
    104.87063800359348,
    40.061568198542595,
    107.74915814647431,
    52.68831842188443,
    69.60218894127512,
    26.063418119361057,
    8.229881047483046,
    10.854084310732778,
    21.413456998429453,
    158.6512936749395,
    234.40433326959374,
    103.84404000072212,
    79.7758442980967,
    19.811951319033906,
    3.1440962646991593,
    97.21854143665816,
    333.04867213450683,
    477.1985983914305,
    282.5660871935515,
    177.0679882301054,
    165.1546362772753,
    119.1400727701715,
    928.9118171046499,
    165.48930177255298,
    278.1174619237939,
    803.7683002962964,
    798.8938204198873,
    1426.5432519888652,
    773.3239961996261,
    320.0699929696313,
    289.90958032188894,
    372.6040839720899,
    326.76984341779155,
    14.853344236869345,
    21.26211059010584,
    63.403911679167614,
    88.7913427828882,
    197.6304123227422,
    48.044827130466004,
    41.077239255729125,
    83.92388302559209,
    51.40433326690432,
    54.19337250087002,
    75.14118734944036,
    47.36141562200475,
    200.12190518117774,
    168.9229921665456,
    83.4463283750408,
    96.41188320782626,
    165.78203550352393,
    37.93952156717219,
    182.86591243508042,
    570.7930251676173,
    699.079836041438,
    1167.7123122719186,
    601.0025789370093,
    340.85680773960394,
    130.8478752291087,
    270.25773454717324,
    266.32555423005687,
    106.63915306584951,
    378.7084361088253,
    451.34750387530215,
    264.3444442565758,
    165.31003772470038,
    77.45226581272091,
    222.02266598137822,
    313.27494611526976,
    237.1970512661756,
    5.11548430145279,
    0.8335146196967768,
    840.1492778919525,
    856.2410244741072,
    558.0815051760648,
    398.7683968196179,
    375.02928790344856,
    366.86383340148234,
    83.46860079910651,
    15.2135850084942,
    29.526420112787786,
    125.08051448966,
    5.368468931316496,
    1.1209832836416411,
    284.26082291326566,
    680.8910525510327,
    1138.5474300785631,
    89.50582110737611,
    53.25550407150415,
    116.76039173684669,
    317.15716223405855,
    511.69114861084324,
    447.4637251719565,
    323.63412087444345,
    58.5895872060048,
    330.3484792430919,
    295.2230511907406,
    305.10769997059316,
    70.06746435373152,
    83.9965186103435,
    338.2991819956116,
    318.29100849748863,
    399.5342429569604,
    373.93361026406376,
    1138.7893766358193,
    724.2091606198413,
    167.52624980524973,
    150.37222640362248,
    106.82824099388696,
    2019.5579112962155,
    970.0133406493209,
    225.83764328768893,
    2269.6026420555286,
    1508.4977747607418,
    15.54911088785523,
    99.31633967192153,
    136.22902512211473,
    855.824617991541,
    205.01174432740837,
    106.26640774635176,
    26.221014200194574,
    41.37240671355006,
    92.7202961565684,
    37.74620824833654,
    103.72812851698646,
    219.09510829679016,
    468.4733690013229,
    261.6972289796824,
    301.8184032955441,
    588.2519906130624,
    65.37028041364759,
    25.433636807478656,
    985.655100856659,
    1082.8061187056885,
    14.09716211360055,
    20.130376533782663,
    331.3415822235894,
    437.86505611363,
    257.2221258575233,
    120.03990247880553,
    34.16125917075276,
    41.43878410795645,
    58.17087158426283,
    121.02377610882748,
    265.7396320507503,
    10.849013312517437,
    32.658475524221615,
    132.96575830559073,
    140.9063554875509,
    1.006940678075267,
    7.1159710911217635,
    37.55628891627094,
    21.92856955187485,
    100.42045668048566,
    133.84535295297246,
    25.426826243583484,
    36.237433472692715,
    117.80149752234321,
    86.74131908093055,
    93.83455840998415,
    56.516099442498785,
    83.34236902081102,
    180.7240204444355,
    42.54016659899081,
    50.64522900280912,
    31.952553486536235,
    27.44167745862922,
    528.225408288952,
    654.1268607951614,
    94.45692608432482,
    115.72060543485874,
    196.80509601570046,
    220.18607787464651,
    86.09062551379152,
    38.88173580143594,
    58.336726389060516,
    166.95257106800386,
    228.599339878072,
    88.06180668895705,
    118.94155206721088,
    128.9170254095093,
    90.48396432931928,
    59.955684657937,
    223.76044201887916,
    152.33407128972598,
    260.066455149335,
    52.49033429686112,
    27.847291725484837,
    68.32975817773774,
    9.348989993440318,
    105.85111668232724,
    17.373992071317396,
    37.15195950244306,
    9.000415711809456,
    71.10644349290111,
    128.76182068556005,
    83.53047653186093,
    254.74012607383312,
    571.7284126492115,
    44.41105748946762,
    39.841833797767165,
    0.0,
    325.09571292881293,
    91.66834875594134,
    81.62931491726054,
    123.1001589596027,
    137.95780102648416,
    556.7626015176294,
    302.337701789559,
    185.99885306597625,
    378.6864677969764,
    257.2602641246989,
    157.0612192384473,
    117.20868754403561,
    91.4384495479893
  ],