{
  "assortativity": -0.20667130396480415,
  "betweenness_centrality": [
    276.18755749919393,
    291.7003747436436,
    492.11532460172333,
    940.4723211543848,
    2008.9527329635193,
    1823.219257110198,
    428.1040383112502,
    561.4719417442517,
    80.60641056914123,
    205.29594198376665,
    433.90533143837155,
    164.60597141888059,
    365.42019754515525,
    191.33408895641273,
    82.88355301183769,
    24.84314721878074,
    59.27205697551475,
    41.95962701539547,
    603.8502269138786,
    364.4687593646429,
    335.84826824383623,
    231.85312770556826,
    4.022714920939136,
    174.62780116594107,
    33.98707831909123,
    5.306826378941993,
    2.9951603517018075,
    735.4299336290035,
    25.695663665956612,
    18.41755333101298,
    26.469659529720303,
    80.19580371589689,
    104.0927348133814,
    20.452342132853534,
    19.871722713023583,
    98.46865161829233,
    26.57809826587212,
    3.82011742891663,
    20.197856912440468,
    576.6539336670223,
    788.072872574416,
    617.5671837415076,
    690.6265920587275,
    767.6359449727463,
    1157.79448675918,
    433.18280909393746,
    414.092391788532,
    271.20551629421544,
    238.02206322443823,
    717.8649516707231,
    751.4860766544648,
    91.68247291678881,
    123.84687787537882,
    4291.831846570502,
    4899.357214456621,
    1471.5814200802897,
    2102.538804583271,
    933.3437305403858,
    1022.955310561022,
    375.27588550988315,
    506.79724450204645,
    338.2939748906918,
    330.45895810283224,
    240.40230471771392,
    141.3764607945742,
    127.54953942934448,
    367.57279158386785,
    105.14154055569517,
    520.873800445973,
    361.8432748265219,
    182.5543019735032,
    308.41225404925603,
    106.25935960043012,
    424.89417226672333,
    92.02991850259514,
    74.86873550267867,
    33.93350675773339,
    108.48679558828653,
    147.3451815607285,
    203.21511704504744,
    498.99325181490246,
    368.90379174722324,
    0.0,
    0.0,
    1163.1391921818993,
    654.285736111032,
    255.96760894784504,
    934.7684602051058,
    131.594600411272,
    137.55930305498762,
    118.6489240783228,
    78.51026779008929,
    120.54143280292492,
    63.962276817321886,
    7.904832718655278,
    11.295735386947351,
    15.969337582395209,
    103.15482233952585,
    187.94458944719304,
    191.3561631590244,
    102.40983143191117,
    20.73537934282468,
    47.01224665322504,
    28.17951051132858,
    332.63424167213833,
    321.11604925795984,
    163.29454159650595,
    185.8196382428282,
    231.39713794232404,
    138.36182483276474,
    1251.1951871622632,
    102.29255700536191,
    338.58882653211003,
    737.4963133698969,
    996.9465266166496,
    855.4617702898466,
    1552.1930081834068,
    493.58592733552115,
    198.95224479226457,
    281.7500460328645,
    473.8580362963668,
    59.99705127796106,
    28.540841537101546,
    127.14988788666383,
    42.11573024144404,
    98.34664092498149,
    15.996403351578408,
    23.715787882334787,
    99.50992653055525,
    51.14147807505402,
    41.72677120022652,
    55.32407850241749,
    36.445411827146714,
    242.28458711724608,
    200.69572859951234,
    67.76777364174842,
    132.54335143766457,
    140.73142024511577,
    165.63738980622048,
    174.06015143087072,
    301.2149551493343,
    217.9188711707212,
    534.9631536406334,
    555.7290266247571,
    312.7861002298599,
    60.52469423916277,
    515.5158226571972,
    295.69374160483636,
    260.66106038179055,
    766.8740031601136,
    465.5509964907867,
    191.5905633269628,
    428.23445102226054,
    252.5893202267277,
    164.09804980786743,
    282.4333855779477,
    190.12660940634757,
    9.374795625441893,
    3.118657931700395,
    871.7319767187703,
    1221.8481507874503,
    567.2368985772654,
    656.1728994225126,
    396.194684766462,
    405.4201296140661,
    65.61580140959454,
    15.880579538074812,
    43.95377111545819,
    141.6375368482223,
    3.5589992518590816,
    0.5812799718899885,
    419.94911411826956,
    895.2106015624664,
    912.1445537687478,
    10.020150328642046,
    9.807764067657578,
    127.43141214374168,
    284.6722294869875,
    171.25042408502432,
    522.594892482116,
    279.59814137483266,
    142.38367660551702,
    452.2111736080303,
    390.2972722939596,
    282.45089591321414,
    74.07554905231584,
    142.03975729310633,
    267.737102450395,
    346.0008278431061,
    567.0273919750927,
    458.4788527110827,
    644.1144859895368,
    768.8517694312992,
    185.81537273065882,
    185.65638544100435,
    189.03504702264945,
    1227.3922509065642,
    980.605221342671,
    190.25807803581694,
    1454.523271524797,
    2512.118122881341,
    54.23559797696541,
    72.40904780878475,
    73.50233751006994,
    538.3535354782174,
    148.93748405889818,
    143.05434733190805,
    36.8783804864989,
    38.36939359413757,
    233.86949493011065,
    92.81599150032453,
    44.038161654422986,
    421.4070478799394,
    312.59194512577403,
    322.2192763581371,
    384.8405256598429,
    452.0227077940056,
    80.43042603355073,
    42.614329820179755,
    965.9831207593531,
    1054.7912476793574,
    2.1163856014592355,
    12.211699694309992,
    258.6974178297724,
    415.48647835562514,
    101.0937204787833,
    205.77116228565015,
    105.25599586435217,
    9.660466270899878,
    19.26164090753709,
    101.02223797954599,
    340.55806102022905,
    90.40016880988085,
    103.47389657697427,
    81.45003434179264,
    22.440418907726535,
    2.289130614962166,
    71.91363259323956,
    65.82209193485139,
    14.158632558046877,
    133.41133153324654,
    153.52554204116524,
    25.368025729670826,
    11.076657450221612,
    63.26743048976045,
    142.76569178253044,
    103.05763270450984,
    158.2725197094614,
    126.79425618835499,
    111.8760609137911,
    0.0,
    95.05331191986583,
    14.823906109521452,
    61.65580998863662,
    715.5904619813076,
    926.8739052377459,
    90.17646530029715,
    93.35023412855007,
    140.47559448085053,
    103.85866996357134,
    77.85944924327214,
    8.590893707016946,
    89.45867026645908,
    161.0576013792434,
    61.406245838635726,
    43.87375393168391,
    79.50129238720913,
    75.26838400201656,
    26.751636584065167,
    46.740984681208175,
    459.46504322784824,
    96.94158653452563,
    175.6614056488711,
    129.21910853432593,
    106.12745622071196,
    464.61432348049306,
    72.74468510181951,
    53.01078055902689,
    66.52410736044246,
    49.54543906531864,
    65.97926364247819,
    77.44007855618956,
    62.06478037010742,
    66.23203964174016,
    81.08284250839476,
    274.48134377386975,
    62.7235447780631,
    43.36641487040848,
    0.0,
    538.6465469559242,
    387.9630686260105,
    119.12598649550783,
    197.21926405538167,
    245.81419515054134,
    360.1707150197522,
    303.3068440373825,
    389.05825989221483,
    153.4321456440094,
    169.14873980578855,
    184.506592138767,
    163.56960520207934,
    110.56176970979038
  ],