{
  "assortativity": -0.21585888136529663,
  "betweenness_centrality": [
    376.736656356001,
    756.9820071016528,
    674.1717927162182,
    605.1638915407138,
    1286.598222974601,
    2332.5562870358535,
    768.741873563964,
    582.4773634440566,
    79.90455513315867,
    130.88528539445872,
    218.8267801326975,
    318.7714118951852,
    207.2914256372795,
    158.40414672000531,
    24.200935659791224,
    29.48850969263802,
    15.886565552781095,
    63.608871846743455,
    697.0009533923094,
    519.2840672225778,
    377.8291309182886,
    349.86340748118477,
    50.94242845968778,
    96.10114296302773,
    121.59868559125215,
    8.938444881617757,
    10.535916337415212,
    605.998112013247,
    58.56616825019317,
    19.1134415339035,
    36.94790565597445,
    48.89783093195966,
    75.68360335631,
    6.754680497444039,
    88.28785944140603,
    36.126917491138315,
    23.795674333935665,
    9.716894879284082,
    55.19355186072525,
    532.7669451478853,
    1262.4804497949888,
    468.8375337458765,
    421.3364635476949,
    784.701536810964,
    819.6890837365361,
    344.38725871851017,
    623.2923544818891,
    407.5911823662121,
    357.5428360688536,
    576.446842586429,
    766.1551613770115,
    176.73363297356954,
    236.7771136750551,
    5155.052620756603,
    3886.682329326907,
    1447.6953927073075,
    1455.893143132912,
    659.5823495821414,
    1066.7025212488124,
    576.6893748410139,
    711.290890198365,
    487.7938770059758,
    173.59819774714097,
    142.87901077546886,
    42.09349738721263,
    50.85299347275355,
    387.4188497031089,
    132.9863775433666,
    1150.9449445412995,
    253.2187828580839,
    90.18977614122109,
    339.9720595496755,
    175.63955656740518,
    387.0074362515854,
    205.11912519790965,
    145.4714979495914,
    121.00632220652969,
    98.61060100554869,
    143.70012754925222,
    191.01608221687283,
    324.45575861915813,
    426.37921642930536,
    0.0,
    0.0,
    1173.9181518377509,
    960.7572086864801,
    480.36642891778706,
    953.7339536572423,
    71.15507969048932,
    101.29793090023544,
    66.3675463838567,
    123.52773075798619,
    79.86401579824332,
    21.90448871218833,
    2.094584674576296,
    16.604358623642373,
    43.20950032134649,
    184.5446713393189,
    96.6062556136933,
    100.03906531645033,
    91.7011965534149,
    5.198691244984996,
    5.576058901109249,
    8.614329872555563,
    539.537870305871,
    238.12906124393143,
    151.15763572214047,
    186.4255117832066,
    182.56031371139176,
    386.48797658810463,
    1389.2535393373098,
    25.68006950177584,
    198.02496525269078,
    716.4234457461497,
    407.10552059043755,
    1255.9296589346943,
    1147.5492546567473,
    179.69829490012484,
    155.243370968976,
    444.91363319345754,
    491.80973898337254,
    40.140026821845694,
    38.32097802738508,
    115.09468864447818,
    29.292638112396823,
    62.67114589883509,
    34.85673295549441,
    32.26468103502824,
    77.5479095699688,
    17.417887041924025,
    16.44379053847202,
    58.58539867568599,
    39.33470613232253,
    241.6884925947437,
    165.65559506871068,
    187.55889344401314,
    88.11398998056451,
    325.3675535504992,
    164.13966505711576,
    139.23280277061735,
    439.26252331733684,
    897.172740806632,
    572.0165614892161,
    696.1788283446871,
    215.84395544901338,
    155.87630096452736,
    165.48623218755264,
    294.158438258495,
    166.55657706151956,
    321.3707161266917,
    274.18960120243753,
    87.15270759461609,
    146.6482351025762,
    170.4287067568398,
    155.64300527325022,
    162.88529369047262,
    339.94641714244653,
    2.9155820741830007,
    7.164459543912371,
    1056.5742742944976,
    1299.1369432750737,
    876.6379691830865,
    401.94042360625446,
    329.19001245964085,
    473.5382681296584,
    30.74700909899212,
    47.20255322910535,
    16.18725205929697,
    224.44436311207585,
    1.3756869872958362,
    0.46934459816717267,
    309.1347288745647,
    864.2428757061842,
    1240.3212265124437,
    92.96625830325044,
    57.40053447002927,
    122.51923150255088,
    129.73023121040535,
    216.91997458920082,
    925.2362285999347,
    471.4679146446333,
    107.66228284252983,
    267.55024940312035,
    397.2814244773451,
    1117.6197820125196,
    60.76253297012884,
    35.33037916710801,
    225.7654230467572,
    297.26977892964305,
    264.95643198777486,
    348.2019648577823,
    1047.7805047155505,
    721.1256636872541,
    408.17472178302245,
    167.66447643664264,
    174.42358197102334,
    1245.9135419529764,
    1219.6110728433512,
    206.89357769438465,
    1234.9773045526053,
    1479.3765152570802,
    53.73192884483249,
    162.0692955819921,
    70.55812639195463,
    549.9344069794496,
    198.89959388172053,
    321.0568198476892,
    57.64228838800252,
    53.37417430624909,
    89.91607377561488,
    96.99519438434939,
    48.47597909921237,
    288.3948701369311,
    227.89367835414788,
    220.96292116995696,
    364.02136107809855,
    386.19767631935053,
    47.69320649702396,
    18.26463073595087,
    1402.186291874503,
    1149.1149294187144,
    21.15856791727631,
    10.395592486831777,
    254.26911623996662,
    313.284400859423,
    82.89351011612425,
    63.336639382841476,
    180.83127965961228,
    91.83983922001052,
    60.00742343889004,
    135.93203005709046,
    240.76561168289504,
    166.25279732866284,
    28.722991572318566,
    159.11367419802056,
    89.22948166773318,
    2.1062271083894637,
    11.563828646284156,
    30.998490415048042,
    14.180219532289392,
    201.20321535500523,
    206.93543801555214,
    36.27177706651529,
    15.5727783128606,
    72.67568870545826,
    86.73909166763897,
    68.28647987744583,
    93.05690783373689,
    39.97255596238294,
    14.004733412760055,
    59.99130836533885,
    175.99833285213447,
    61.84918272975086,
    216.93778835057208,
    583.6143177815536,
    677.0315984956927,
    40.35668594931924,
    101.52961125078572,
    180.30809750196104,
    118.33054608314185,
    24.056571232889667,
    5.055448005763358,
    58.40096585671591,
    177.2454127055839,
    207.01599126732424,
    282.6208391854762,
    92.8007624162,
    49.66214181344324,
    43.36425077024423,
    37.807406734986834,
    213.90271419502938,
    56.9471464475045,
    192.80493353056434,
    17.237308402563364,
    110.4395240206322,
    180.08289390568692,
    11.958562076834609,
    73.21406127465102,
    42.54071167323297,
    40.68697322870875,
    5.786461242928375,
    128.77728911957567,
    134.8236684834181,
    142.02308290599052,
    127.66421154914924,
    212.52540058667267,
    29.27498863259113,
    30.78686652676977,
    0.0,
    315.84987989864254,
    309.402361662331,
    103.49073841685392,
    119.09015571085118,
    194.94076582141898,
    470.92913761725487,
    185.4753435237364,
    293.2604126735029,
    220.75051371861574,
    289.44238382024184,
    90.32302012208085,
    85.46251236633186,
    102.23029269207001
  ],