{
  "assortativity": -0.21572219791708408,
  "betweenness_centrality": [
    270.0383175451081,
    215.60298141497591,
    598.7096829947853,
    690.1056060435092,
    1413.9299247693873,
    1515.4714519298861,
    1103.2069910090106,
    482.8312885253195,
    105.83275156746392,
    97.58290832249989,
    336.0425586454234,
    273.25301110112923,
    377.34929305062184,
    218.09016497155508,
    27.18857811173125,
    42.530463250826486,
    18.55729202804261,
    27.655314573142917,
    523.4712986420498,
    694.1245650711139,
    193.52437371376467,
    378.24861848686203,
    5.234091189773161,
    99.25600554868082,
    50.32368722034656,
    25.218627182016153,
    8.403126931991622,
    718.6871921495876,
    74.43029646127549,
    9.266201760452176,
    8.522917525482125,
    34.19682260932093,
    64.4250636448134,
    24.866322229935864,
    35.40439543320458,
    121.58720859963704,
    51.72555566528999,
    35.53961815267522,
    20.911652077349157,
    642.2531314618637,
    815.9108267425552,
    496.6110636636581,
    461.7338924713276,
    677.7640739694016,
    1097.857290457652,
    452.98963652135035,
    560.2532593236496,
    430.4210798344584,
    352.99278806380954,
    940.1618164949873,
    487.69475336225014,
    234.57347383949397,
    104.16522071602672,
    4268.748212402891,
    4094.512431528018,
    2223.2589229656387,
    1868.884018785341,
    761.8734829804813,
    1050.7457416819775,
    507.7353417855811,
    575.4225622940133,
    265.1408010884167,
    223.68907361369315,
    320.55923725165593,
    120.93358797458936,
    467.1730035917089,
    203.17286173102664,
    156.4974682865078,
    570.4162535307448,
    567.5169690651669,
    175.61948917300867,
    219.34876567342593,
    37.115351796276805,
    116.02671421921482,
    174.6492694220494,
    326.85942819944154,
    52.238841099979076,
    31.79727405890444,
    249.5416475954328,
    225.97711721905347,
    348.5312501787006,
    299.36963887599103,
    0.0,
    0.0,
    610.026535626599,
    654.0357629512808,
    972.713069456101,
    758.1779961341005,
    66.66699108497687,
    113.86602510334382,
    113.24365634436742,
    46.846825869326416,
    90.09579695099893,
    33.44808022599448,
    21.494604332616188,
    9.923034003434614,
    33.43816329655626,
    196.00129905439354,
    112.33471399133471,
    82.67499664356264,
    139.16200173265617,
    32.404363875083476,
    15.167285516555465,
    345.26889334064316,
    285.7389464523526,
    311.1547237547108,
    327.2347946805585,
    137.99931818626962,
    180.4788984154016,
    156.23281617271635,
    1363.0223663399752,
    33.88611506583614,
    220.14071136121777,
    945.8345113937543,
    610.2379075294967,
    748.9011967270108,
    1408.4317363945047,
    278.5247550164895,
    243.96145518361809,
    340.5365649886584,
    273.38059000320476,
    33.80044490217692,
    36.53159404344934,
    121.3162017562165,
    76.42253073282448,
    45.55179471907097,
    29.26146202919663,
    106.38483120751441,
    101.94885555073694,
    89.2391472492099,
    20.310940154577274,
    68.1755924310137,
    83.14474012963777,
    120.16439212953648,
    266.6543921353811,
    85.57535386951815,
    138.80148787714631,
    129.639926409914,
    103.93669523704186,
    315.91117755780436,
    572.4656285855699,
    647.7034827502877,
    1048.6977291950764,
    820.3848144979956,
    410.18861282946597,
    90.53060433042981,
    712.7864694223618,
    291.6205339622691,
    235.52455651055226,
    794.881077691545,
    669.2500393937255,
    370.1796020520077,
    341.5276945342066,
    83.09194844114026,
    166.4075008431179,
    195.70894686587314,
    199.7772398621874,
    6.236486616747491,
    24.917223165064506,
    1238.0307967752353,
    888.1741085872179,
    847.2114151994356,
    605.976626114684,
    342.70069370719307,
    437.1131238292366,
    23.548955115122855,
    13.4770575114953,
    62.60746435077839,
    222.68276079959514,
    4.426717945016106,
    1.3451231045117285,
    361.6010422155433,
    532.2376570403093,
    1069.4408738005654,
    67.64501860510195,
    148.13232834730337,
    213.58622579163534,
    126.11620799497875,
    242.14326488542696,
    331.9628664608591,
    445.17748385947317,
    105.11791869668252,
    260.8813191531798,
    596.9473886686444,
    660.2410534703967,
    40.75753531659869,
    37.54965614097533,
    210.5101236506949,
    551.9843742383405,
    560.2781554885481,
    396.5101616466727,
    1047.6304159431922,
    812.7442431089423,
    209.37127065933055,
    208.56145657853048,
    234.62696930451222,
    1345.1288822272895,
    704.3666862462893,
    254.569121761515,
    1359.3444836702852,
    1377.2314672153782,
    40.20343621189688,
    30.058565762867353,
    678.9925455736111,
    573.2848652713708,
    208.74990001831128,
    174.4897473092401,
    31.40918624790606,
    41.21291576230263,
    66.25142414788064,
    67.97995976718907,
    108.51031759443387,
    98.55476672079757,
    236.29869292297371,
    459.0390639382895,
    250.787862764678,
    561.1700932626046,
    20.113087331044408,
    6.3368534192727495,
    1184.488893015441,
    953.7208795299765,
    15.074891120028445,
    12.660167313359011,
    299.72975157160727,
    278.3212577933255,
    129.5694675770168,
    85.50313002848992,
    145.53993017204502,
    32.760916032247934,
    39.424252588886596,
    101.2271093090546,
    203.62693535622267,
    85.00602099032285,
    127.39352889868881,
    40.06272873119988,
    198.20804467886958,
    1.2731784297573772,
    18.54383833020511,
    17.79026204115664,
    97.98322524461419,
    144.56479107382927,
    123.95320139657498,
    18.079277495809762,
    16.98911484782358,
    112.05071350306686,
    55.2706447750792,
    99.61447421405848,
    147.2391246811272,
    71.97167924373524,
    229.7449350917164,
    25.657694623994498,
    201.48263595642936,
    3.865326427682812,
    26.149676808763708,
    624.9219347973014,
    757.256939733764,
    48.09437774000874,
    45.1629013968195,
    185.0173855323723,
    80.25261268345031,
    10.548458341679083,
    4.764586283505541,
    39.87419100279785,
    87.85908483168666,
    121.26646351289062,
    40.189990521789426,
    92.50163282230714,
    74.69778746928102,
    21.61981820722533,
    36.409614231987725,
    176.08007416719877,
    77.31784724683722,
    136.275758986605,
    61.050206145124534,
    23.839169954141205,
    115.00045695535026,
    113.6708759877167,
    46.24814742578287,
    33.464159973945556,
    44.21764835418589,
    14.52434798003827,
    39.66080477174697,
    112.86518037825772,
    159.70692309753252,
    138.39669113106962,
    429.879974592769,
    4.424333165622859,
    50.87938577039556,
    0.0,
    438.5224944916699,
    213.2566617817397,
    102.13417207091568,
    123.32472708408766,
    232.60648806012856,
    474.059182835698,
    169.49298895883615,
    327.1677120501737,
    378.15563029680794,
    307.9439137721506,
    129.54722463414043,
    110.07551091983014,
    258.67550969229166
  ],