{
  "assortativity": -0.2139589904461512,
  "betweenness_centrality": [
    551.6533821256945,
    246.93582304884785,
    679.5019253770998,
    696.7881483701568,
    1652.056145833162,
    1935.8537465213005,
    682.4377250426095,
    370.103069546431,
    131.05284036385063,
    118.36574630609047,
    200.40423121012978,
    273.78185505391986,
    154.42686175566718,
    235.21528684337764,
    234.11410262627214,
    98.37163618907881,
    46.15478634563304,
    148.6518817493928,
    477.6927945678785,
    436.9131170417711,
    291.8245933441669,
    434.2567875075246,
    19.43157572872105,
    406.27146365211024,
    65.54492371251393,
    4.793245770105972,
    10.231953970678289,
    490.5862575744744,
    94.34758953713843,
    21.25144548523408,
    25.966526812307503,
    10.618828015116996,
    39.95967096626415,
    10.643421693261596,
    39.94946987606132,
    54.345871873387466,
    33.62813417431594,
    8.774303989684563,
    13.098475886990467,
    740.5282153589343,
    628.5126944996327,
    492.1762213403535,
    531.3155033532021,
    776.6319584113821,
    977.8273486757646,
    353.2886366141721,
    597.9565803174345,
    269.65799139824,
    363.02205083487047,
    795.5454767661373,
    339.9328486276048,
    188.70114028785957,
    228.8463442125286,
    4878.7743025488435,
    4207.110351523818,
    1497.9145600215854,
    1852.8684710183757,
    709.0161379900447,
    1699.81601139375,
    765.5006173502696,
    1023.8637022357092,
    239.02680305410294,
    278.8971082041327,
    140.6130186491024,
    118.68577528438871,
    166.77799836608781,
    197.92572451128592,
    94.4679392960692,
    781.4257409538867,
    479.45280864473926,
    176.57271587531662,
    502.6319884113252,
    73.77611611647973,
    214.58020047312687,
    67.66273157256015,
    169.99736774270232,
    30.078566638286755,
    72.41652432457346,
    118.80458919688105,
    300.71612995257857,
    370.83709342809425,
    305.9209501543506,
    0.0,
    0.0,
    1316.5446586977346,
    1116.1547440627023,
    848.1603134132529,
    507.10413170682943,
    59.34861394869498,
    70.11709416333098,
    121.96335526318124,
    92.12624453009491,
    80.62211716364084,
    21.892510276025963,
    3.68360841242738,
    16.189188014275526,
    57.03969014021747,
    107.34207445439432,
    180.2601931191983,
    175.7655415913822,
    58.83588290506094,
    20.449533137641147,
    20.680234062666326,
    10.070019314522614,
    471.077423380333,
    477.1070889386634,
    161.21098386805647,
    160.16886980383563,
    241.65378527499342,
    181.7597050456611,
    1561.0880351347082,
    34.747740787589684,
    296.0125647439285,
    720.3257306471371,
    693.2956443095934,
    1364.6598383021494,
    1245.1454266666433,
    171.54610041084607,
    301.67803719257086,
    534.6044334129199,
    339.28515631598634,
    62.48600980699609,
    30.118648345919954,
    136.91892294576743,
    96.54201383389443,
    22.582903536015927,
    65.02676382685695,
    32.73710450655564,
    153.51111062882745,
    80.93912535785839,
    24.61681172919446,
    58.98303086611192,
    66.0322257789199,
    88.23611478837118,
    125.30323267079923,
    89.05326622217206,
    110.02752016151413,
    285.94273305739756,
    135.11026432196311,
    76.68323995445401,
    352.77307292755484,
    559.0540153630016,
    476.022893264656,
    858.0941747245867,
    204.35089247162895,
    160.2728401994156,
    450.25967484122543,
    262.36626350939827,
    380.9778664228118,
    833.5150004148575,
    372.2449566754921,
    224.33830665463833,
    301.513104649428,
    268.1978209829453,
    179.27259129796056,
    351.83060547671045,
    190.09306148781116,
    7.0853072435374305,
    0.33884480671339123,
    352.8196589274273,
    1048.4467041133362,
    564.3441435128673,
    562.9405598603574,
    307.1757254554466,
    549.0375976566634,
    71.22922285477961,
    28.433818303072123,
    44.35086811618668,
    164.60935276633003,
    0.8209391296767714,
    0.5918223108932109,
    426.66452067668183,
    818.0719138858593,
    808.1010987155134,
    7.9218840079608315,
    1.4366854483744107,
    223.94362676767258,
    170.82380843649747,
    206.774729398573,
    477.1355525667313,
    196.33761267731586,
    224.8317691238769,
    209.67492316431222,
    440.77861601776164,
    530.0093844107827,
    42.61970576044502,
    69.12038931723183,
    157.44570929332977,
    323.02798517535,
    554.6356660179094,
    419.11694536727657,
    779.0075575250534,
    732.2795392810744,
    321.0818614889268,
    118.99582684024966,
    288.51096962369564,
    1651.6118903596357,
    889.6058450344206,
    227.41342366909055,
    2185.8684510562234,
    1621.1150257949678,
    65.20835278817944,
    43.372131111534,
    103.51996744779024,
    562.9620945671796,
    98.90911033536834,
    182.53397469481416,
    25.28171664249272,
    70.57912184349966,
    72.93432779876765,
    87.45795719583454,
    89.2124270184345,
    174.81382927804086,
    322.3295886024172,
    274.2730270925148,
    252.63948868581843,
    582.394371998578,
    62.237657364274824,
    6.273707036625907,
    943.4115993522612,
    803.2049351392038,
    13.379636455580137,
    7.034799949254179,
    274.98178485382766,
    355.29572065225886,
    258.59147975022876,
    102.93624409121416,
    45.21316151630943,
    13.553053316122009,
    12.71631451399394,
    72.964143388295,
    231.97409144877838,
    161.82460647130222,
    152.23715523314223,
    87.08942699323426,
    92.12086767083721,
    3.2984579439574246,
    6.459353597819982,
    3.3672638015652407,
    26.64911985409376,
    93.00503107147182,
    328.9335774247304,
    22.935782803702267,
    13.108910610200244,
    123.0348745285755,
    80.56759541218076,
    136.52340680732138,
    53.97296811910021,
    231.44286104479107,
    38.68049666072799,
    57.57175790633837,
    5.097665644857116,
    52.96597513885968,
    42.83158967576592,
    648.753546532046,
    735.2292655665415,
    21.49760157644607,
    77.6806097526399,
    283.2401959107241,
    174.2654789389145,
    33.824186968480284,
    6.17693688161204,
    33.34707000568251,
    180.94475902181435,
    146.8309342543376,
    373.92838144126125,
    38.596638754510174,
    84.76308613662879,
    27.478046471922987,
    30.6201278604758,
    233.68307464904848,
    141.78645005921248,
    183.62445250932478,
    61.383215264878906,
    25.137804920503772,
    194.24312164403946,
    36.12466656188929,
    54.79710308145957,
    69.38895672543039,
    163.83116779341577,
    46.20029333813004,
    81.21058893735015,
    60.79707990641284,
    128.40775921644325,
    135.9174983412737,
    392.4459202532442,
    23.841596964235926,
    55.63431560720473,
    0.0,
    347.23093681326316,
    154.66862167709365,
    88.59494233301153,
    111.25488858690582,
    232.25632144004433,
    534.422289644835,
    353.30170470090434,
    365.0784850464409,
    277.7965680371304,
    248.656045119574,
    108.46163647361372,
    105.40366576995369,
    139.3267227699322
  ],