{
  "assortativity": -0.21221843981515096,
  "betweenness_centrality": [
    781.5545722065066,
    260.0528383906484,
    728.73488395621,
    1738.252609270482,
    1475.9439412928307,
    2283.3814927003327,
    680.5466424696577,
    620.6840363915262,
    77.75741215839408,
    75.3270782296719,
    390.0660411133144,
    243.27124710308894,
    263.62043772444287,
    316.01815045807336,
    197.22862917871257,
    25.64760610816209,
    22.7857984304253,
    43.61062315919424,
    535.7242061289817,
    746.9964780464082,
    203.27861974646993,
    155.73044745528685,
    10.550863236869679,
    507.6656103231208,
    65.47538938151179,
    33.94491272335487,
    36.287377827620375,
    647.8584744723621,
    25.150050720363353,
    8.92313282216854,
    16.232774218587707,
    12.547745002645819,
    62.056127314658276,
    7.421598659553171,
    63.54522177995972,
    42.121384650492914,
    42.86749059302564,
    307.0399971105843,
    39.0401921590315,
    655.8421730875033,
    625.740870449363,
    453.37255632339577,
    669.8617296105041,
    1054.217782125624,
    862.4649942243068,
    475.0975658955471,
    413.6949791672384,
    239.5709409612734,
    283.92068445786737,
    775.6711604202757,
    849.1962838700949,
    249.41967035931017,
    155.9483373045461,
    4601.688675603702,
    5126.694731358606,
    1634.4856850342896,
    2596.9668531486377,
    1010.4421666703063,
    1132.7426808874304,
    513.8881565627585,
    707.5024612518031,
    405.81198905196277,
    317.7441771757356,
    228.49138431861388,
    73.38724606131296,
    187.95718852629315,
    263.1436776649033,
    186.10295946637743,
    510.1664739296264,
    233.2167033561564,
    146.49362488634364,
    338.17832884035016,
    45.63759704449065,
    132.9368808177913,
    100.73565423115251,
    221.51177336628334,
    60.52303137069222,
    43.11528523309522,
    218.39627774128522,
    250.9159343335348,
    337.0843680741156,
    523.5630939337308,
    0.0,
    0.0,
    1120.4222232720115,
    455.73249596105137,
    344.1852454368733,
    595.8298155336773,
    83.19951365164721,
    112.31916186859074,
    47.424694261630705,
    57.44188104453173,
    72.383092705965,
    43.54290255066701,
    3.3225779021475956,
    24.273833059978674,
    25.45881644118232,
    102.02286924632314,
    84.59778581061079,
    165.79227962837402,
    89.8606601628316,
    4.999063196720689,
    27.351529270474355,
    12.651338644680832,
    709.8216590983336,
    368.2725465518583,
    169.4492403816735,
    209.3298294310726,
    198.27348093473978,
    234.94173408861081,
    858.7356400441352,
    12.902629227994804,
    162.23826336647588,
    656.9953250403101,
    696.6854127562078,
    1669.392930191063,
    1306.1421612937625,
    181.7398371409283,
    148.24500578432983,
    376.3859490420926,
    479.1580376615672,
    49.92984682171995,
    38.310908966170636,
    83.27852964147476,
    69.25478656643818,
    41.08368584002229,
    22.481956890758696,
    44.666944308734664,
    163.6437289973259,
    69.98731071008476,
    72.44522396941093,
    54.89119611498452,
    95.13470354618106,
    180.24148027598423,
    145.21849807604957,
    75.95448173292377,
    138.425563919916,
    226.3336267150046,
    51.3160997771372,
    86.6469019845253,
    507.91808225105405,
    353.53575462503414,
    435.8661419222042,
    820.3849815844106,
    212.7748561174623,
    121.06293350687798,
    388.66211891222565,
    96.206587277916,
    281.79259548428536,
    440.67126342436165,
    711.6663692605307,
    248.9067789223953,
    156.64688357399257,
    188.2530042666159,
    193.51030237951267,
    191.11252886117697,
    135.97471895277084,
    8.053702646003098,
    3.023150135500279,
    665.3071484483314,
    610.1706673649641,
    592.8775176770878,
    500.26707983189624,
    505.280022364431,
    323.25625276191397,
    24.042666766366125,
    16.984647934309436,
    27.247172154794097,
    100.2375800884258,
    1.0612083198377844,
    0.5651128372065888,
    341.29880623463384,
    939.3406338263005,
    1245.6405913113872,
    5.546950477627903,
    8.133897276732409,
    76.28802461996084,
    174.70838636240526,
    146.09760176911112,
    398.9832982606262,
    439.14575141362434,
    112.76343688731708,
    457.8012373661203,
    685.539531567021,
    594.5110899273113,
    71.73814828525606,
    35.01038889189843,
    278.8293977161702,
    278.59652618503367,
    484.53162595238103,
    411.6970759008217,
    796.4175265407213,
    928.1256696573417,
    314.42788864708774,
    144.60108220943135,
    152.5792429637564,
    1569.9307466946993,
    1119.7685977663832,
    227.83536888649016,
    1470.435522361501,
    1109.944215169267,
    69.16851698013845,
    24.508185183018526,
    123.32428344922643,
    677.7938547929588,
    173.57049132372632,
    225.77272225534227,
    64.33773048117236,
    69.53671104119057,
    111.66828308817371,
    74.02276156411273,
    106.46814213803253,
    159.43253114789303,
    366.00560446602685,
    237.1689505318457,
    318.91492085577624,
    620.7085850976027,
    70.25005429567136,
    20.575230317532814,
    1819.2856540232945,
    1129.9152637464683,
    15.312799910618342,
    46.23395554472749,
    238.17745233505644,
    415.709137221616,
    92.28012476863711,
    130.34644037095796,
    31.323927791076372,
    28.81852645037875,
    28.11461177818701,
    201.90950092560433,
    260.4049156048439,
    48.968158843583645,
    36.4440154706845,
    28.240127165908643,
    49.633585236805324,
    0.4345660582129182,
    4.497364911973956,
    30.523763549426405,
    22.397364169273914,
    172.40505761053078,
    138.24856200441445,
    18.640093247414416,
    16.723921579118603,
    19.246701842607308,
    47.982648887686196,
    68.5367574512046,
    108.49102774593759,
    93.58687178806142,
    33.95932822460336,
    9.848294075268761,
    128.2911681220782,
    24.168028542872083,
    94.15474762231989,
    520.1091236534951,
    439.05926868143126,
    71.28930886968955,
    46.13022823604818,
    201.33555734189386,
    133.87715736983193,
    55.145664353898795,
    18.418719877601475,
    35.93172518447813,
    125.78876838380668,
    130.48646394892,
    136.37769236912283,
    117.01116790802037,
    26.81968894608467,
    33.998995631248036,
    91.47737346417864,
    478.3828308302244,
    86.97680933025512,
    140.90119506166906,
    81.23001424197271,
    56.679055973503296,
    116.52556009674431,
    40.746689309338464,
    70.44116527820977,
    42.179135074290215,
    29.42076374823242,
    5.753057414102149,
    84.88248746548318,
    191.56159127192578,
    68.3573347356262,
    174.76225380397977,
    115.29755125756134,
    27.523485939798068,
    20.80658468128203,
    0.0,
    391.8839851853955,
    163.48085965177773,
    145.801674559522,
    113.5324985366255,
    172.57462837453122,
    505.37831142526625,
    384.4397342862746,
    155.99688924720306,
    329.96880136726435,
    163.88631895932627,
    128.25249040878754,
    143.579925962828,
    115.21543743510146
  ],