{
  "assortativity": -0.21919948226911964,
  "betweenness_centrality": [
    326.5102116444888,
    272.6372155892952,
    426.0290994314337,
    682.4417726710826,
    1216.680101035038,
    1699.468414793966,
    640.7999786440816,
    320.86034533971343,
    128.49079658729045,
    273.7679311885894,
    387.8551207643524,
    183.06568332435504,
    198.5470492381276,
    320.3824632142958,
    190.69035267694858,
    73.54044254013348,
    27.782664089123134,
    23.401239512324263,
    817.4739730928112,
    899.2728471931684,
    201.19425774359323,
    293.7321193142439,
    5.864453391370787,
    258.94859989148483,
    75.24591995220155,
    32.28643331380609,
    20.53480114121162,
    632.6512669281346,
    69.79181567712757,
    17.497595225186814,
    26.311167560426753,
    30.43766245832324,
    41.94167947758182,
    23.343679934552775,
    27.19502838019587,
    47.252444065584776,
    37.85240985461572,
    60.554354021684055,
    18.61192216946218,
    982.467973553867,
    767.7153913439291,
    545.0590403991478,
    520.079484586468,
    747.7088318109512,
    784.785306122483,
    577.9520125305722,
    393.5296729386828,
    342.9524552728842,
    424.630551480669,
    762.9368817645862,
    862.293160925789,
    236.26846145047028,
    123.21874598516362,
    4719.944123108995,
    4911.329018240175,
    1741.4104081261587,
    2411.3494299469585,
    670.6421444634125,
    1267.0823119291574,
    708.2394399899111,
    747.6093725170091,
    325.5765802879279,
    284.1931563551919,
    152.76982318433622,
    119.07632970402014,
    174.45529680572636,
    299.85964756706255,
    91.37911519050286,
    565.5864082228965,
    247.63054810356724,
    217.6922772562948,
    289.21604797382264,
    27.405418241576687,
    76.25849962518153,
    160.34389994852515,
    164.53720587025663,
    21.93094084820521,
    40.66663393503714,
    245.33064494333604,
    320.1963541199226,
    439.37683662956283,
    358.4425270439547,
    0.0,
    0.0,
    1069.3535381175902,
    750.6267901826751,
    735.6220543277753,
    504.295780802244,
    48.601699802517615,
    70.81876307185806,
    60.98856870764507,
    114.3502935125172,
    41.52476759405996,
    55.88172309880118,
    0.4783278635515877,
    11.221342105266984,
    18.87809727104835,
    197.37832767934083,
    255.25307605037193,
    222.2805551988212,
    53.66084457076151,
    8.901715782429863,
    5.7798447673754785,
    10.953153321438538,
    188.0310618306645,
    439.2841694652797,
    145.73012629188736,
    246.26476337771206,
    109.36830978314205,
    128.5585974140853,
    1383.961506863258,
    44.63684659553236,
    206.8605840415391,
    1189.4572064428612,
    716.9690989938149,
    1278.057757880036,
    2122.38608161754,
    296.4380956989291,
    234.36249130455278,
    310.2391775861192,
    285.5167092694474,
    57.29533749631053,
    21.85288405609835,
    172.0117375460808,
    47.466964125346394,
    50.84095071111001,
    43.662326412134156,
    18.987671682449463,
    103.27910613379868,
    78.5550485467838,
    16.689854718361136,
    27.92063812812915,
    45.546018319708296,
    191.7079880383088,
    92.0861805376282,
    153.4168671754068,
    117.81084456597634,
    148.54494880607004,
    128.04613132523252,
    125.61771497924549,
    624.8980645261239,
    559.7615135562039,
    775.7258616687209,
    654.6218278889243,
    253.25278847193968,
    134.20602044375318,
    122.20014832133367,
    296.1927515701734,
    76.44517429675494,
    355.3274612862027,
    574.4079623761842,
    217.08596466647,
    272.3225170395683,
    83.3076721445333,
    106.96127874434046,
    210.87871849983614,
    202.52712997329837,
    11.212817878197894,
    1.4450117371013607,
    1099.7122036096316,
    619.2960969123983,
    453.0019528729278,
    428.8688631570898,
    256.21914691291005,
    584.4252777109659,
    23.986092605277157,
    17.65758090935229,
    37.81984906201351,
    132.699382966022,
    2.5670838675988854,
    0.5325598013098013,
    301.33281214544513,
    1015.666290869132,
    954.933495109867,
    71.89734107254571,
    55.59910842986029,
    61.545965387845875,
    130.26347188092876,
    295.50463991604613,
    460.59446929038205,
    284.1917640778225,
    146.37977163459615,
    407.16035436393645,
    575.407874128141,
    346.27351439836855,
    41.225770199486504,
    83.25052564728588,
    266.3703950955563,
    212.533111606158,
    469.6932514228668,
    384.7123714554556,
    738.6857721894281,
    626.1489547242522,
    275.8927973513943,
    131.31314548451422,
    276.91110294731203,
    1468.33581171476,
    1553.5841862626955,
    248.4121850532423,
    1229.0216373805506,
    1973.589882785218,
    59.27183316602733,
    37.881768944897544,
    56.385187535274746,
    517.0825194748344,
    112.42329397461161,
    154.7062926602656,
    71.12696307755208,
    58.621386348231646,
    48.4224238975991,
    91.01468301766947,
    85.42578133161253,
    374.49020210299585,
    187.4123252978854,
    302.04543998810544,
    265.8718596748672,
    518.2100664413869,
    47.19911438501153,
    18.433445037857172,
    1477.0606117665347,
    1081.4703702392017,
    74.68611013168244,
    37.39788239857311,
    203.67686892584928,
    258.5742374364069,
    197.49081671960332,
    88.21870963122586,
    74.05117115260738,
    54.756872398689914,
    14.031288497213863,
    132.22333691202024,
    206.722677253336,
    43.331964085924064,
    126.31718941763327,
    104.67566170528991,
    134.504612957595,
    1.4781014012104896,
    11.531871150578356,
    22.723697702253382,
    8.863681162258002,
    108.66494886761534,
    84.59475870265803,
    14.097913987824263,
    23.237426792455278,
    35.462903927379045,
    85.78295550277491,
    90.0116867186686,
    60.28736215944144,
    57.75665664305524,
    74.74763218685028,
    45.316672133295775,
    43.92395906684577,
    134.52858150305846,
    67.44132602225365,
    556.6442480887465,
    652.4760861392509,
    70.23482761101799,
    131.26151847138092,
    200.02230314964427,
    161.31816039817014,
    11.80242114461425,
    25.76729643257158,
    10.91469622632235,
    117.56911485804075,
    140.0638632812545,
    75.09550053819822,
    50.051121196503615,
    23.322495672810447,
    46.80349214178819,
    49.424128221944294,
    127.27418553147412,
    169.3128589620113,
    98.55321944556725,
    64.94561384607535,
    56.48571228470511,
    131.6622479408087,
    41.55032707137126,
    55.7874087369807,
    52.91203790205506,
    52.9442467782024,
    24.807505894648887,
    95.58129079355531,
    146.21296591746926,
    60.091546664245364,
    175.35922288120042,
    197.6256653348711,
    70.04970687412376,
    86.8548130785001,
    0.0,
    410.57713592394316,
    160.230010872633,
    90.558247612194,
    74.42472962251168,
    176.62211447284258,
    181.15418941941468,
    265.80279903889016,
    260.2107620643934,
    211.2823728098742,
    127.84321319720218,
    376.2570807262241,
    91.11223108236985,
    120.09282552414263
  ],