{
  "assortativity": -0.21432459500999976,
  "betweenness_centrality": [
    255.54841414901702,
    290.95583734751756,
    781.3626580807039,
    489.3142602719238,
    1570.2871849669443,
    1786.0219440183478,
    806.2976635109342,
    587.1011347744972,
    169.03524374541323,
    141.0324782288933,
    204.40846730362622,
    218.9532185444843,
    270.4133211208847,
    296.17565100081293,
    54.938048818262274,
    54.606506358725284,
    30.347601577551455,
    63.83197481569292,
    512.4275629528706,
    554.7085888772326,
    418.7454178241783,
    282.6135455213955,
    4.113036922956688,
    149.92993268582364,
    50.01244108505524,
    13.063465383633766,
    2.6590590974331203,
    427.7704187627358,
    51.6736148982847,
    4.554852846494297,
    71.50839619884037,
    43.17924578179823,
    44.90197558966625,
    10.17806963041972,
    41.77587949209637,
    80.71240120492152,
    57.63611413995192,
    5.618379547089469,
    3.840512798385743,
    997.734549663457,
    641.7729187675601,
    515.5836409740509,
    697.8885159037698,
    691.8437369638308,
    1457.20681259368,
    577.5235840786855,
    673.3066436901944,
    283.47256298801153,
    225.9558994980202,
    1137.3767696855657,
    633.8946441553172,
    213.07384762456854,
    127.77392797859628,
    4747.6111262340255,
    4583.202650950172,
    1607.4741247418106,
    1494.3910361323922,
    692.9416134770242,
    897.7951585048384,
    571.2626153167264,
    465.15956995351854,
    305.1595043287003,
    351.15511817613674,
    243.76984277824005,
    156.06519106765282,
    148.57832592668115,
    260.2397471385715,
    128.6618844193558,
    1262.7742088852297,
    356.3308167124858,
    69.6270766465309,
    290.66681958831504,
    41.61411004294037,
    262.00327936996285,
    141.56448214476225,
    149.12120288461588,
    59.58651628513052,
    65.10471905495788,
    224.6696162813744,
    163.24003353058333,
    280.9038299438535,
    379.91207815359485,
    0.0,
    0.0,
    662.3372360387244,
    856.8006783222949,
    754.8198910032684,
    831.5789868333177,
    99.05872849442318,
    75.57224013099692,
    21.67272582979487,
    40.73428159229215,
    80.77825976143706,
    57.71360414108586,
    0.16997803487387803,
    3.935721161735812,
    41.57901138591694,
    137.56266691452828,
    212.5630290342365,
    179.9201515103339,
    59.298875329602566,
    115.01022404461308,
    3.6894900088984257,
    70.79401283205841,
    461.7342699998532,
    241.67130520955655,
    289.4115655283771,
    240.59346097718068,
    173.6892986978126,
    124.49580769808281,
    863.4263014758616,
    20.232811356590787,
    300.5867262402556,
    749.9553523353616,
    515.2795336701457,
    1379.1146155943845,
    1437.8707180080391,
    219.6616870207064,
    182.50899822850542,
    288.3119681202788,
    225.459402607243,
    32.37378001573192,
    36.01485093616283,
    104.62356101349344,
    44.17605256634547,
    57.99382924390607,
    33.06121591388948,
    48.06264054414105,
    16.234787045095626,
    37.42222164377927,
    19.026943848788097,
    51.22067425711783,
    46.937448213868905,
    192.70296122526494,
    162.99856799019778,
    72.73819200945985,
    74.91016244137406,
    208.2574164046972,
    241.71096271760868,
    100.48656804270861,
    697.3054812598002,
    488.23229451251774,
    528.37057785841,
    772.4517135324915,
    140.50147710370175,
    101.22999635783735,
    194.88423323679476,
    120.53854592299395,
    151.2251521296862,
    410.7523898720864,
    594.1903803660277,
    215.5829322568539,
    218.17779360661694,
    85.41747202647565,
    115.73524706028965,
    309.01311110719377,
    141.740253493744,
    4.050472000730588,
    9.94454537548999,
    993.6639450369635,
    1193.7962003677533,
    659.9992339375003,
    429.9659006899715,
    358.55109004126155,
    687.565573711307,
    84.04541911699437,
    13.499220488448819,
    32.51457342809751,
    114.3808612834012,
    1.6777477389090416,
    1.0148346822259866,
    348.8229904640228,
    1048.2303676764375,
    1071.9709475571901,
    86.5197518207175,
    60.05633710578891,
    94.43009344414043,
    324.38544155863593,
    370.70507003757314,
    519.2813322868737,
    427.8984609037531,
    114.7295560564975,
    390.77155690909774,
    458.874811335095,
    473.3725344154152,
    119.67947190493146,
    36.15249845225506,
    265.4342963188845,
    250.26842306994766,
    462.8578527373834,
    336.4429601039692,
    667.9902810110218,
    597.6884961909813,
    236.6551959728413,
    366.94876693575196,
    143.16763777080237,
    1938.0136304721193,
    1170.2186953148048,
    286.7511619682897,
    1960.6332697873058,
    1811.1594298058428,
    22.945339833303425,
    51.71668305231911,
    66.63397517870756,
    432.1846654661967,
    108.27912675262527,
    222.18961441406074,
    56.910096722611115,
    56.973109074222855,
    63.27308875941917,
    48.59497112871113,
    44.16000544049717,
    128.8606042373371,
    409.0294584674584,
    298.38271015608103,
    497.6211340075391,
    445.316891463829,
    29.179376536410114,
    5.783544694870888,
    1602.7152920539754,
    1205.99450598744,
    17.992516748708546,
    13.323822833633457,
    445.5815379816322,
    441.8236950014208,
    99.93089697343768,
    154.95658361008418,
    68.8435881814328,
    24.772734298205783,
    26.515518778512547,
    115.35737767493752,
    165.40139643312466,
    14.446398523276073,
    31.678521615226327,
    52.20261448994552,
    107.39479078267995,
    1.5604384020031732,
    3.433153787910162,
    31.66591396806749,
    22.69679688310989,
    94.22924807549083,
    181.51839325445576,
    17.72453850035971,
    18.7329473270207,
    46.54342842173319,
    114.9196802710988,
    80.82841338563519,
    22.117080203580084,
    158.67017409069166,
    186.82911797326582,
    24.945919062589045,
    87.12674220964837,
    28.41526548916101,
    20.194144466387517,
    488.00028412141944,
    582.8697181075335,
    83.57212563831267,
    45.9353800258446,
    142.932478744083,
    131.2877823437901,
    22.810644558628464,
    9.25143885349142,
    43.76376952690825,
    208.87972588613525,
    108.87563562571816,
    39.12903082029803,
    213.70016761926433,
    149.61101589488968,
    80.11461782939405,
    34.56553352908271,
    549.8483496467088,
    100.8802812239671,
    210.07944853087506,
    62.52246554958797,
    27.9830204481259,
    260.4274015770506,
    121.59733734962907,
    36.70513721175799,
    23.81431849547019,
    121.91439051337426,
    9.58543284210357,
    89.96098292010453,
    85.98343869587912,
    75.36450299962117,
    63.23447662532157,
    271.6969417845451,
    23.875879077769508,
    105.80904823917041,
    0.0,
    259.46020456758157,
    85.08989010614623,
    84.65068397576158,
    111.44648450499015,
    203.83655424621435,
    412.38671942052804,
    210.69151879426664,
    159.77416058089773,
    264.034377508221,
    173.99211893831063,
    62.92638030753288,
    102.05591020004913,
    91.02989751931551
  ],