{
  "assortativity": -0.21064832742370923,
  "betweenness_centrality": [
    265.0518036037842,
    201.52414557834308,
    706.5150921100333,
    1221.042182754001,
    1292.8215379286755,
    1776.859049185138,
    557.6001712569673,
    429.6663696691534,
    20.02451244528126,
    199.81615381748122,
    360.1108912989089,
    438.72696794182997,
    222.15635284755402,
    161.6829270917432,
    104.66595015706527,
    85.24066103101491,
    39.20307777607333,
    67.6072600703236,
    541.5907906201978,
    892.6394943150117,
    275.47172443251765,
    724.6884501243476,
    14.292768484839275,
    87.40248503460376,
    95.96645974497264,
    14.4335108087724,
    6.03964882990042,
    643.2824311085517,
    18.152752718932152,
    10.203164218771702,
    25.081133840642945,
    22.363137176653122,
    90.18232160894786,
    12.328078334562013,
    69.6275370757547,
    76.23658381976465,
    61.186229792238336,
    18.82400482942956,
    25.54810283204561,
    1087.0509084757844,
    1203.7044531305446,
    420.81366959992073,
    488.6587477112535,
    827.4926260972026,
    907.000417078468,
    593.9060572330502,
    382.6243279554703,
    423.1878278423903,
    337.002329278323,
    683.0714252974963,
    681.431895796721,
    113.17134511207561,
    212.14129599197372,
    5186.844764332064,
    4924.416561543267,
    1688.1176144683632,
    1987.6124162358628,
    1028.9781642795658,
    777.2049124718399,
    329.05949980568784,
    519.0207690751611,
    366.5520217061624,
    501.1733219799025,
    435.1080940998391,
    61.421465651357515,
    64.61006352052331,
    214.4688055634728,
    185.88958771468177,
    741.6482517059862,
    287.3435469485895,
    99.24274594723379,
    275.38094908993725,
    156.74490267406182,
    169.5435318628071,
    168.32035961719814,
    165.27135040120618,
    31.894037859029762,
    6.648366847349543,
    209.10807547948468,
    177.63211430059565,
    500.9758194663015,
    400.26056134970105,
    0.0,
    0.0,
    599.125220831191,
    562.435916128356,
    587.6821203382582,
    679.822345293739,
    70.50524560334618,
    314.7348134992348,
    130.16728364342313,
    71.82446609871751,
    90.6215060892707,
    105.60985099574916,
    0.36919888394647216,
    35.322222624722784,
    62.72128619951971,
    95.74377874385358,
    291.5562330798253,
    124.1778009460282,
    134.79456572064285,
    7.188034453627631,
    5.990886503634256,
    24.694887028519148,
    204.02647541629554,
    264.86823431680386,
    227.43803109575578,
    492.8573190472554,
    146.62971879969916,
    155.63584095226355,
    1626.5274958493944,
    27.861963680520045,
    408.66568118293657,
    850.5428933923439,
    588.4096106360171,
    1122.9198808575634,
    1425.62957263424,
    175.97212676853914,
    253.35101545466785,
    526.8004217738134,
    232.3616860131964,
    67.63186075761418,
    39.011973990198484,
    74.75430628658881,
    54.75385534964044,
    36.659710617068406,
    35.67985278980907,
    83.8303592512135,
    32.12192798686076,
    51.07747324008853,
    64.51295266054012,
    110.65333465599888,
    40.94498654843235,
    178.51249075858934,
    99.8294325066367,
    98.6792993019132,
    79.39145888951812,
    193.87120706879244,
    35.883719999125354,
    123.59850742727042,
    636.1143564152951,
    262.1662323661225,
    715.8947330649377,
    759.1194191613533,
    472.2630007309564,
    130.65433889022046,
    359.65270887370895,
    145.5350982000746,
    154.2582851477349,
    198.76208500943753,
    303.81226821881296,
    152.53607773564832,
    326.8908850698994,
    102.36873033161389,
    166.3083430866898,
    250.11230428303932,
    75.59824329808845,
    2.1127740215793973,
    2.4501020768257664,
    563.009487814268,
    926.2855259375434,
    550.383950252983,
    560.9755882903037,
    535.2298418771153,
    621.391806386066,
    38.374418656481005,
    55.33409897034603,
    41.63667175809808,
    133.52640006574092,
    0.5209581927587175,
    0.7003684733478887,
    364.1753397266372,
    992.3228882451464,
    714.634446337484,
    54.242883726851694,
    75.68838213133742,
    178.7080503138111,
    528.1741216289496,
    147.36432325990492,
    325.8456053591251,
    195.69308505612287,
    149.80041441867027,
    448.64334401926607,
    597.5397249985235,
    347.9182918755136,
    84.50543237224439,
    50.77708129874992,
    225.6073000085912,
    328.5860127976758,
    304.8404726294772,
    323.1270404138439,
    681.4746733987006,
    1016.4576237747503,
    296.3039331397498,
    121.94906548878359,
    102.77672478006873,
    1522.5055286070003,
    1385.0196154782614,
    277.9883289879138,
    1753.9180914515798,
    1183.5516865927011,
    35.436992263258055,
    36.653318238001965,
    123.45927079463877,
    594.525022517529,
    168.86331682940354,
    260.33084217111235,
    61.958006837064524,
    81.79282595593705,
    96.67807999015163,
    185.62048837543628,
    89.51688095047703,
    238.16451479188962,
    360.4961704263958,
    365.5181921881952,
    393.3076036305713,
    436.6925169643519,
    32.231997858161044,
    28.488332395616226,
    1122.3754134058063,
    1274.6226584856322,
    7.735985275594149,
    27.824467681861158,
    557.1265250121542,
    305.9915193200618,
    133.2085465443215,
    107.46206733298186,
    39.47587810096067,
    37.387097672974384,
    54.24426661540224,
    108.66602813592135,
    252.10076501203858,
    100.00872514520134,
    48.656028578041294,
    111.07055378569008,
    177.17830687608839,
    0.6250496099760805,
    7.761655896136526,
    36.520716966411285,
    7.444209263473722,
    70.13037117585941,
    80.15276818666291,
    5.885743001710922,
    24.40892613251289,
    73.07901713181548,
    62.87923618372846,
    82.6665561886305,
    60.25568098900953,
    39.48338668878491,
    172.28426318603744,
    82.69544894535689,
    143.68359615582284,
    45.911756838724315,
    11.141095502517318,
    379.25780033350327,
    759.6439641682649,
    44.5676236438023,
    89.33600950841385,
    108.29077321079447,
    149.92512143282494,
    24.685065377265104,
    7.828921989674946,
    85.72882196229786,
    333.87286981874956,
    163.30006901269124,
    44.631663027916936,
    51.65660450649728,
    76.38390333965398,
    76.66948197635011,
    20.264432165849865,
    150.61109125273225,
    89.63227306201651,
    173.17959984576206,
    61.85548469135481,
    78.1978675799166,
    99.27100014859295,
    33.60938030523532,
    316.7979711741182,
    20.897616706404143,
    43.96326364767722,
    15.772299738087806,
    118.29706807302493,
    202.22980164110737,
    61.12845539355586,
    271.0716029087583,
    253.24405949384197,
    114.96351319734119,
    13.688854428169833,
    0.0,
    406.22118736002824,
    256.43938275207137,
    104.31566726567598,
    255.70643303255045,
    198.79206337903932,
    557.1707321032326,
    218.8071006572016,
    209.85217156575374,
    301.12333319721444,
    192.242958376309,
    108.36101206767283,
    100.83739643000098,
    77.08867429883023
  ],