{
  "assortativity": -0.2122641175816631,
  "betweenness_centrality": [
    272.19773445944253,
    206.09565975179308,
    711.4192059264457,
    1212.2417151868456,
    1430.8932592947906,
    1805.3201204804805,
    601.696768584898,
    371.1093642694021,
    21.679117883985008,
    199.64973079233124,
    319.6181333251548,
    488.6538900526617,
    234.68875779626956,
    153.50798722014792,
    108.33708720157989,
    84.92997737020333,
    42.05592733548086,
    67.03821002521914,
    565.2873821743082,
    854.8829848129085,
    273.0638999532572,
    715.9861578220264,
    12.840304916803362,
    96.09340929636542,
    80.71634765585547,
    14.23662371485339,
    5.820644298424585,
    589.6410127773951,
    16.46618840855194,
    12.281439875963585,
    33.001581466009924,
    17.557053896629935,
    96.03250143465121,
    8.928466935715688,
    83.28377943186376,
    67.76406286667248,
    39.696726340895346,
    17.557055993682745,
    27.592584779530984,
    927.6147247918153,
    1337.9490714788535,
    440.7460614898016,
    543.5453750231264,
    697.7561326804631,
    682.3738701135304,
    524.2931319996028,
    548.294867948443,
    402.04676164641126,
    229.2221927860931,
    674.2376125800722,
    768.2878021617083,
    91.15556202917315,
    234.71396575342186,
    5054.723268760231,
    4853.374410469205,
    1798.858990268816,
    1966.645323955673,
    1098.367629527122,
    736.2279322759878,
    371.4296243390134,
    592.9903865562388,
    355.7750285151479,
    496.7421772216219,
    355.8828203862994,
    64.97630238299418,
    66.60387608440864,
    207.3139072812391,
    186.44760651825723,
    712.7605310634033,
    299.15217444217296,
    101.16507867795339,
    211.30313215033158,
    180.7172058830679,
    182.39320703749277,
    156.43333694964477,
    194.702054034029,
    29.59687437091629,
    7.919960943293333,
    206.29389850864658,
    211.3439125912134,
    449.2468070781001,
    383.15641470634216,
    0.0,
    0.0,
    595.2600664310952,
    570.7463519750871,
    612.9248992704116,
    701.517058947326,
    83.38455796551465,
    295.6998544691092,
    89.94162753876577,
    67.05198185340267,
    96.41083108383083,
    102.91416914666692,
    0.554643843939173,
    37.07173989592516,
    64.58392618791976,
    89.47880148281571,
    284.3319936297844,
    137.80625746374298,
    221.67408405449513,
    6.803642972080574,
    9.120044397117606,
    37.53688633810354,
    217.19880491281,
    296.7380793466209,
    223.12515963027442,
    510.49070522211105,
    203.73843226761736,
    150.43759812849055,
    1604.7966831930744,
    32.77615079600398,
    394.6331149435072,
    1057.994485710166,
    599.2637232014547,
    1178.7881971264692,
    1286.1014540370454,
    193.20054229869345,
    242.2854662089608,
    545.0295838069297,
    276.49730437577335,
    68.39470000457722,
    36.66701107085354,
    70.14565160437161,
    49.85574781937872,
    31.96769799823362,
    35.71548390700792,
    84.35191119170598,
    32.054378507829206,
    49.61044631777601,
    66.05434229063408,
    102.8494245414485,
    47.97403015825273,
    109.30687117770115,
    113.84990326704676,
    91.09896550694795,
    84.40906336806593,
    193.8522227487021,
    36.49285773054751,
    121.50651317555041,
    626.8012746174386,
    269.66377438753443,
    611.9585573297436,
    841.9195374254405,
    498.11674646301833,
    137.9985135367312,
    390.17211255261736,
    158.67233606446166,
    153.97594152048495,
    192.49587590989304,
    293.6048597091648,
    169.7692439375767,
    381.09845004829987,
    88.09110633479175,
    178.31154287098167,
    255.3393235334107,
    86.58103566591504,
    1.4298793349209846,
    2.3538484347551965,
    542.8718950446613,
    925.5488812034338,
    576.658737400185,
    448.6260688404046,
    541.5253657167164,
    584.9295348225829,
    38.396446158043574,
    54.28276850100252,
    64.89802087928936,
    137.31715341540965,
    0.4301640896589625,
    0.7805582271462929,
    453.13437904927633,
    999.7972727937638,
    682.4515463402247,
    40.833975830314266,
    62.72812756594819,
    194.79746727550088,
    563.9383294127615,
    146.1809661429723,
    321.72789534441995,
    185.43948481668724,
    172.02740724353458,
    472.53147404832697,
    625.0113308118675,
    359.33258674532397,
    85.3432538283682,
    52.682119474636146,
    206.11866796070146,
    323.7177945018083,
    290.13059238602443,
    321.3236919553852,
    583.7628449941213,
    966.6080136424446,
    294.7067461023421,
    126.06949924902267,
    116.44115579706228,
    1512.1223679259947,
    1416.2131216067355,
    276.4070672697824,
    1735.122647356072,
    1162.5307548872247,
    32.774365917305744,
    34.17771027444936,
    120.7111125992393,
    599.5191657943917,
    157.3342582607114,
    255.26263067737654,
    65.52630489672369,
    79.24241461961255,
    98.37583035920203,
    190.8478009822772,
    89.26613070608181,
    226.91293100689805,
    349.08236812796935,
    416.05258392828,
    399.3561252538078,
    454.5602983152726,
    32.30557244565907,
    28.746445235345067,
    1168.8688270007808,
    1090.6554651915312,
    14.939131448906743,
    27.02395879949328,
    601.6065153599901,
    368.38749952612477,
    130.3420717460784,
    100.48411452857685,
    47.0375187844124,
    36.3871330555262,
    56.689221966173804,
    90.28569293692863,
    258.7499637966719,
    101.75553774165189,
    45.75268428171444,
    108.30437292224184,
    156.88476905193934,
    0.5079631720936069,
    8.11697299134565,
    35.31004781399598,
    7.72062355568418,
    71.20201221886752,
    86.5540262234529,
    6.287524520218325,
    25.482664402745215,
    72.97631287922611,
    65.69804665860032,
    89.97696642437505,
    73.05853294192806,
    37.58103845571518,
    169.39433774184434,
    84.94416336606571,
    145.90481846923646,
    44.12240856548827,
    11.820314571029163,
    577.5967338327173,
    787.4147772492803,
    52.21331334933636,
    78.33327191862983,
    125.78283896197239,
    140.56567915505318,
    30.353606696231882,
    3.560286576495014,
    68.07230851871651,
    315.6027236773915,
    175.20679336801697,
    46.18190377296904,
    48.69308278870415,
    97.27272371658748,
    68.0251920520481,
    37.76137554756076,
    185.73624754100356,
    82.71765650401247,
    175.35192513520585,
    75.29868106568439,
    90.89735629575728,
    149.5646920860733,
    31.4506288021875,
    302.3905468993955,
    22.043834726282224,
    33.00398685423242,
    14.456183948558527,
    127.62885504556824,
    226.2791793646728,
    63.178036086988676,
    269.6916957333856,
    242.8670591061794,
    98.44886627533329,
    15.035617375354471,
    0.0,
    393.34255554732675,
    246.16172263934806,
    93.55670311687754,
    195.44491300069961,
    161.40851321214612,
    567.534128309457,
    191.02680746832095,
    174.92017547173668,
    214.92906491508575,
    214.82952707071112,
    100.97747016610676,
    70.94984697564796,
    89.81148542268636
  ],