{
  "assortativity": -0.27466702385776,
  "betweenness_centrality": [
    147.34928660213433,
    74.68692753315055,
    6653.733400104856,
    6369.383485787934,
    1341.7380568846538,
    1804.5187904588258,
    111.88913912805016,
    43.926221165666284,
    4.660852759050109,
    10.656578649801261,
    42.293769463711044,
    53.316680764772904,
    215.08882754970693,
    246.79752241543608,
    69.44185347395457,
    53.30200915989963,
    28.603327107387365,
    67.29514672286992,
    113.87345104725306,
    120.5481699060863,
    88.19781739628036,
    75.85143595880106,
    5.091524756903971,
    28.891413393426987,
    11.974394397376503,
    13.622058227433273,
    20.847708773343506,
    43.63453361472725,
    32.646114519633436,
    9.387820342671386,
    26.353285482852538,
    34.112575815298584,
    29.52938918518883,
    32.92531791374962,
    30.481590285308833,
    14.365929139318405,
    11.240220612827311,
    7.438550048403188,
    18.720214205533,
    94.33320643830004,
    64.36425945401207,
    17.810714793951366,
    7.3352401318735145,
    28.451988862552277,
    64.26608219226111,
    28.91122215239004,
    26.25393217028539,
    0.4123015873015873,
    1.382511894335898,
    47.88282948964671,
    25.633165621288754,
    72.60798661765233,
    81.75612539694121,
    1402.668018900575,
    1267.9856788324084,
    1304.0540311875886,
    647.8698515142086,
    306.4400375242398,
    328.49862047418685,
    300.68032404932137,
    274.9204586972612,
    49.2200700172742,
    31.338162462099067,
    25.627113536225092,
    72.4433462722843,
    65.48981404133299,
    114.93456681915863,
    183.0600126307808,
    123.3158799715555,
    71.54861084142074,
    92.70151966628316,
    79.1929727416596,
    2.236854811854812,
    16.681934578525215,
    43.93259352953189,
    35.0041726328565,
    9.680388161793351,
    6.942630443013075,
    23.393932798994754,
    13.762936705898525,
    23.184552808517477,
    38.14104306587741,
    4.132665959608546,
    5.088186723277295,
    6388.7595871265785,
    5726.890365769838,
    5915.62748026218,
    5552.638058050661,
    39.28877034698419,
    47.488196274149296,
    82.40029332713216,
    26.32089025602801,
    32.75337886860284,
    15.546114059761814,
    9.775018323250192,
    18.85417347116046,
    47.55935792565185,
    47.574583165959694,
    21.327637814654242,
    56.156717598197154,
    55.20965850365277,
    23.17593525966018,
    12.599056400695638,
    13.510919854860985,
    92.15337469514813,
    98.58989781587151,
    92.27003714625465,
    53.400068114636085,
    43.44490977332417,
    31.07022386740733,
    481.7902217207181,
    5.251995388299376,
    89.00592377104404,
    11.635051502948464,
    9.858397521318267,
    1620.935174412585,
    1820.912180456793,
    34.45487223663648,
    56.03710107699859,
    43.277298032985804,
    40.94189369603586,
    12.929249289065824,
    20.085860499882298,
    7.301002726447776,
    10.66604504832137,
    8.64855328349239,
    4.982258542098476,
    29.621285913336315,
    41.10131623608968,
    14.519442943737392,
    7.397609061701399,
    28.06363512498842,
    32.002947156093335,
    31.92992055047975,
    56.025617452783386,
    31.990347886046056,
    24.26001728013481,
    18.173082369390603,
    16.269155844197613,
    28.97797554180785,
    10.93296859625699,
    15.37164824869251,
    17.965717526938775,
    17.851771908366892,
    22.178600723566767,
    34.15955680905555,
    45.959879589186336,
    32.35071905424154,
    39.242739435485944,
    1498.5203559479774,
    1408.510921159647,
    45.31360404178822,
    64.45245131373888,
    14.115824045427193,
    27.865884444623816,
    23.76421232768438,
    17.916910571778196,
    28.364853154195018,
    1.7520946339322492,
    5000.0982187962145,
    5949.027554484723,
    36.38502471261833,
    24.314158496568474,
    32.367060356186734,
    25.901705765274276,
    41.35614269314564,
    11.061346629866732,
    10.584894185474226,
    25.203987448851066,
    6.627381931793696,
    6.671623318443365,
    33.75230327235149,
    410.6966168395084,
    407.5915814146676,
    18.57835643602335,
    14.764308982258362,
    4.469268432176064,
    55.59583391720181,
    60.502094625561085,
    51.88653509321331,
    73.43535398452386,
    69.57778009424192,
    220.26670200335212,
    71.2684629720056,
    215.2314970262455,
    7.241647028114947,
    1.6838482120174172,
    219.67960896540745,
    269.74799659780473,
    395.0680137516989,
    304.6773986947568,
    355.92332006709887,
    386.4380907701368,
    120.77597146459121,
    26.67549137119576,
    98.8256113392149,
    115.7484373310653,
    63.06705459258564,
    143.56673597948804,
    3176.1931301081117,
    3387.5382966172415,
    7.612422791392161,
    28.753906213843884,
    34.69463998842484,
    190.51349490340058,
    8.595284061764694,
    17.479302722978055,
    74.85657468775106,
    39.688465967408646,
    72.40223066312517,
    83.84738060079866,
    57.40370668279075,
    117.41959707118852,
    39.51598004594604,
    52.43920151031401,
    61.54536584454378,
    85.25847982252512,
    23.972658248974795,
    17.666337001819798,
    79.97855400132299,
    39.504964862016294,
    16.193798601396125,
    21.602635516729055,
    24.343007737661683,
    28.26607482431915,
    14.25379511630167,
    8.876799873160195,
    2.732604033494595,
    7.407602013103941,
    14.166351595600744,
    6.153718152103679,
    4.2233646505006766,
    12.70878222227341,
    25.28375947573764,
    23.061845447958316,
    30.91982196740416,
    5.870977849739788,
    19.495278470613247,
    37.13086910432765,
    27.178619623857426,
    25.599900262755614,
    18.54408202426152,
    4.265038339011676,
    6.648169426161299,
    27.128871690203272,
    38.300417520193946,
    38.97238728731434,
    19.47102003806588,
    4.940900834123429,
    7.8820399752238925,
    1.0570607553366174,
    0.8174908112978101,
    88.7498779447223,
    21.63656756455674,
    8.963690989646182,
    32.78814344778284,
    16.629001361470696,
    24.922459813308652,
    59.58179005826091,
    20.850001315663874,
    22.28123886228392,
    13.26394687209593,
    32.645802009316164,
    115.17919200314786,
    42.36389186995555,
    49.090534862871884,
    33.975465415502484,
    19.393283312271983,
    10.962085902261778,
    13.098439112369775,
    33.318245638365376,
    38.94019918018522,
    107.06676097178944,
    30.305384036134118,
    15.636606464176118,
    84.2753938287871,
    17.271961690599287,
    29.309002459600205,
    25.195306402384706,
    52.52920260755507,
    17.515409474350935,
    28.403252844990938,
    42.87172265824008,
    10.727891200153481,
    32.61996633170727,
    40.42485254650318,
    0.9268596671904409,
    2.8931317190907984,
    0.0,
    92.36305868929213,
    51.86088097939496,
    16.321497581395597,
    34.01546527278428,
    66.20184862707387,
    75.61730683025574,
    84.24560077292242,
    62.49997806196272,
    137.93858851973724,
    110.67131576919624,
    171.27926351555107,
    13.043885091073188,
    20.61387798644005
  ],