{
  "assortativity": -0.2877828834848428,
  "betweenness_centrality": [
    89.32100184000615,
    81.63293432583778,
    6530.8029422737345,
    6351.013309767628,
    1207.9098785643641,
    1711.505771249159,
    61.84848564199532,
    19.839694595926684,
    3.8059770308950633,
    7.789729366661226,
    82.95369117002065,
    38.89947838973653,
    140.07598231710068,
    178.18051896655408,
    91.8778174825148,
    51.07625644112626,
    10.285463103256602,
    31.137827137973712,
    94.45207686620114,
    56.031711906343126,
    114.71733858462464,
    64.17855328103317,
    2.9276220551667125,
    39.507557270932075,
    21.25171594566234,
    14.765250875905723,
    11.633765564591627,
    27.96674428830476,
    21.48233486309278,
    8.144383116150212,
    16.848787812447124,
    11.431885123582578,
    48.07417594693079,
    14.445513382758769,
    33.761383734915654,
    13.55286140092865,
    10.340447837909686,
    6.338676159638519,
    7.038721969131558,
    70.99562925141548,
    87.14509763197827,
    13.369477073288833,
    27.21620029639186,
    37.97316681005203,
    83.28572819842037,
    27.211048521198556,
    41.483884520962725,
    2.515707186878133,
    0.6280025868440503,
    35.95933019321119,
    25.278872411487,
    44.64873969676838,
    39.32980382940044,
    1252.231824101846,
    1344.4276911984107,
    863.481960299439,
    766.7459314312919,
    256.8393392563369,
    375.03075641847045,
    362.06356471180464,
    512.1955938828326,
    44.03412835236797,
    37.88757680301276,
    47.38690447792046,
    55.63524085338956,
    50.54346154045716,
    124.29139086016562,
    176.7797007206711,
    107.2065259140922,
    44.74591859696069,
    87.2437822866916,
    77.08296437602843,
    8.817420558322008,
    16.417072478260717,
    38.18453250278665,
    30.267701724982253,
    29.440947365975227,
    5.94915567218445,
    14.220326165673772,
    15.768605272479736,
    22.603970539772394,
    55.35791348385153,
    1.520642888564502,
    2.5001703407195404,
    5775.441361285927,
    6318.941383779409,
    5611.184881891625,
    5682.3539688004275,
    47.15316892908039,
    40.860286607424705,
    22.591241220667655,
    41.563025289161374,
    39.082680849251126,
    42.378018829375165,
    8.004431433047785,
    24.27086119478155,
    45.61563460328537,
    33.758760876532186,
    25.89953544496234,
    121.94466963803133,
    70.22405229598142,
    12.223515176109808,
    12.32437696039358,
    15.433214119524148,
    94.7060535603815,
    112.19342560795872,
    62.90414331690717,
    45.34743128863644,
    34.21329916792967,
    47.00812104664113,
    487.3069461334959,
    3.9983544233127,
    144.36659823620082,
    10.973696779683822,
    22.014478038413422,
    1697.394168548781,
    2127.216342255305,
    39.95526314201485,
    78.66670977233564,
    42.84013322792386,
    30.462378902896372,
    52.47844388365938,
    5.130628664728073,
    8.022678000928218,
    7.9382574540220245,
    17.350149731098576,
    9.579325844318682,
    17.345066582416937,
    29.501199877176468,
    6.8159588550728785,
    22.177157494016075,
    49.30482256878607,
    29.153615052683698,
    23.74339446268334,
    35.63917708217167,
    26.264398810452796,
    24.852486641686056,
    14.006050990589953,
    9.077898298760115,
    41.66442727450869,
    20.726398424919417,
    28.436898230491625,
    18.47538063166443,
    29.245402673441184,
    17.757347646068066,
    24.68515563433328,
    35.934862736532516,
    25.46559995582008,
    30.44257154925904,
    1469.4272396753759,
    1277.2854606724204,
    65.10494366547226,
    48.84243131045387,
    17.77495575285872,
    26.838041351441294,
    31.71451841165174,
    36.21971244336516,
    18.819797080306486,
    0.0,
    5374.581708085391,
    6049.304546979704,
    37.89485165653631,
    27.545830922011994,
    20.091709703719072,
    37.07358124070685,
    18.109543739248572,
    14.447262674907993,
    12.574014848082879,
    49.777975445515374,
    7.449645492827606,
    6.6546456815779615,
    28.505328622948188,
    314.62737552646803,
    419.1767646409491,
    14.896380215790051,
    13.654298709164411,
    4.155434138971336,
    41.659254754301394,
    54.28991243182117,
    41.12366767815669,
    102.01412578369197,
    78.18914119762925,
    154.56132498201626,
    92.75605457575661,
    219.97678303675585,
    10.611958070853955,
    0.3068181818181818,
    211.1514360698811,
    307.2119831667714,
    340.73079320610066,
    261.1594870715279,
    311.08599964985694,
    455.849731690996,
    136.9904830509041,
    62.800518140273695,
    41.13049649726529,
    96.7299299861043,
    38.55191453179446,
    111.49009628121337,
    3052.4102595394083,
    3617.113998879975,
    24.210659083132818,
    22.833070005072226,
    30.836085889782616,
    138.80899995128746,
    6.418991032334045,
    24.048508608738857,
    80.34324786846167,
    51.422975927442856,
    78.78193515300124,
    73.2870996901359,
    90.05946997398749,
    114.3582708229844,
    16.686618679525793,
    23.54722789223773,
    40.8511067903377,
    71.76888595234321,
    64.75134167642398,
    14.169700523339847,
    92.34409870888032,
    62.05201255153036,
    20.93989012224685,
    24.816567048615383,
    8.44735423744678,
    15.037984613699003,
    6.916948756878278,
    6.788251649374794,
    34.37882542465379,
    25.784633415316776,
    3.6233237749496268,
    16.096212882661113,
    14.29000304616399,
    13.344047479825171,
    31.932962284836037,
    29.336953807181725,
    15.49549767946468,
    1.5478610005350244,
    7.757897991159737,
    17.667429281126775,
    5.147516699933046,
    4.380209982881475,
    20.69500460326477,
    8.408036672540412,
    8.651869220713571,
    13.85936830020647,
    41.856907727209425,
    18.13172816019268,
    22.34425054763048,
    1.659506388615757,
    1.474083047485341,
    2.841444970125297,
    2.2290689702454407,
    17.5239130282018,
    4.919210304729267,
    10.722603552732956,
    20.66362412040811,
    24.252768576280474,
    16.649158589531748,
    31.650094859366387,
    28.684100808683784,
    21.378026586041383,
    6.484619907403523,
    12.753365320868793,
    85.03907479949079,
    59.70378311624724,
    46.0936358231866,
    20.118030441579275,
    35.54646849337327,
    19.435345637403824,
    18.639813053289714,
    32.99774208391461,
    44.601377788048175,
    69.82650343194646,
    45.47359695488367,
    13.26955327867259,
    34.92966967257658,
    15.671674574654093,
    31.99533123961007,
    8.198724481254768,
    22.60453741242061,
    19.157202874844508,
    21.89270615278731,
    45.16938130782375,
    20.08149477178688,
    35.894601825688525,
    39.15560732729699,
    0.04213267963842501,
    2.042963559737753,
    0.0,
    137.51584010475844,
    53.792303877668324,
    35.692052598627335,
    52.62379529469582,
    69.46841114784952,
    109.45006094974158,
    72.95494575503295,
    103.89589358002836,
    115.30563757345953,
    52.13344259438846,
    58.45547499852322,
    21.186322428290225,
    29.534228288731452
  ],