{
  "assortativity": -0.27086678388259705,
  "betweenness_centrality": [
    81.47037474159029,
    60.96181134805647,
    6288.405579005494,
    6758.310315949752,
    1255.9129803503697,
    1590.6453482294776,
    77.5600684070417,
    21.66474359590877,
    10.68986870296201,
    6.228693760463798,
    45.4344917593426,
    47.595807019357,
    222.22005777238186,
    186.52933479169639,
    67.40886211335396,
    89.31819613501497,
    22.379816395908424,
    38.327320863056386,
    86.93977948669414,
    90.78955539580882,
    99.17897303909818,
    124.3198028182119,
    67.03863838809475,
    37.06566210184806,
    9.651208827306482,
    10.262199048148709,
    18.709779158525826,
    59.60530046668097,
    39.347737882335124,
    12.047182834352471,
    9.471299448064054,
    24.459772117340336,
    20.60573546941754,
    40.80369938883466,
    64.91364456098162,
    24.0985744038549,
    10.019215750272577,
    4.542518776716631,
    21.032183082708176,
    57.59831743982153,
    47.224174968717996,
    18.19972430192999,
    29.57899242687497,
    44.029866518776636,
    48.51864560634652,
    43.30976969990742,
    41.44378182680023,
    1.3366692032840757,
    3.392076678262055,
    30.21859921604307,
    57.22359427690458,
    49.512031622195934,
    171.55881603773966,
    1370.553391476562,
    1178.1148570741752,
    891.384070235506,
    683.6122704129513,
    169.0021591787259,
    386.49606717518367,
    479.6709643139683,
    350.9465646721098,
    42.56552892662592,
    51.02995243996275,
    44.916387695329476,
    69.2611317782483,
    58.72871227758993,
    155.55671149511934,
    69.74864994496244,
    169.89976539336723,
    48.009613594164506,
    140.32670117875148,
    51.02457245952233,
    68.5510576788219,
    20.563132418140377,
    27.726242275016045,
    33.92759034952992,
    10.897518261418366,
    17.605984802246642,
    16.392277209324703,
    12.215653882506938,
    55.998118293915105,
    57.39022183138912,
    2.5813416602890285,
    3.6307284219048923,
    5859.055615585563,
    6112.941817171568,
    5667.3447002773,
    5392.815462539592,
    57.28161071810235,
    44.126805983719095,
    47.499017263832066,
    29.80367955170668,
    38.5898561126874,
    21.898558914845086,
    3.8685896170749934,
    95.28400516014857,
    45.925613395328575,
    53.20330706745114,
    31.702285365146366,
    222.96532412857468,
    33.96019197617348,
    15.217100199321674,
    17.531952241972615,
    10.706612680367614,
    167.2510611450338,
    117.5421736962658,
    69.73286229083918,
    26.41512175639167,
    26.335764028518536,
    37.07017181346951,
    577.8626876509395,
    11.36648118266264,
    136.30241124343937,
    17.940233047535546,
    11.705649419809184,
    1930.978164467875,
    2349.984012791025,
    56.83787838347772,
    59.58145715665961,
    30.265513119277742,
    45.38701348743789,
    25.482132060233766,
    3.7285997920208445,
    8.970637412418277,
    10.990823358477774,
    11.920936281202398,
    4.134272039393853,
    14.424026116981915,
    47.392788106898585,
    9.160223638245453,
    30.44762988112378,
    5.9546731424175485,
    9.842570061317016,
    29.040657622527263,
    23.144418071745342,
    36.47190799195143,
    21.355036641956577,
    30.234101439582357,
    13.298144839822001,
    40.49294237663475,
    15.39981538302619,
    22.451829116075814,
    152.46475073163813,
    20.090620923463312,
    18.26458086092701,
    39.90128594642621,
    17.85477141288711,
    22.064234096457255,
    38.15258351444744,
    1316.7884336602801,
    1733.3628020652764,
    38.85022327237087,
    65.84785994678182,
    20.86442836037895,
    34.19946760199957,
    22.566989002646405,
    16.55454617030698,
    27.192088425893473,
    0.6503164556962026,
    5468.784532168871,
    5693.353573706182,
    25.955407821087505,
    74.29074430005312,
    42.692497783342304,
    51.01507936463314,
    14.519740469818236,
    27.856593912355695,
    10.95152107204683,
    50.084470272438885,
    8.55560481412685,
    8.920394624522547,
    36.72134413876729,
    433.4358720072472,
    393.1259695024543,
    23.769466140507358,
    27.744776008688365,
    2.509802608044946,
    74.99828174375465,
    49.880560602355146,
    39.62321316376506,
    116.36996622834607,
    70.21297655144332,
    159.81480600113207,
    94.7179512129768,
    217.88262828377967,
    5.015781113990956,
    7.427094155844156,
    249.95604230222693,
    283.16645671002186,
    365.9341490277381,
    269.19167986324317,
    475.0832090793209,
    374.12816671203046,
    119.32956290515696,
    34.29836127407684,
    80.81204487641442,
    108.06846519089854,
    46.65948970401893,
    66.69096416199352,
    3046.662929203023,
    3364.5686824041154,
    13.868106274508964,
    30.427320292142337,
    62.12024450971339,
    137.5070641537069,
    16.072920686196586,
    16.301594080565245,
    71.51343932078917,
    58.889162884920545,
    69.20774562019771,
    77.77725078939793,
    44.88485634588168,
    89.8939718195556,
    23.75395674322116,
    49.89034963831879,
    40.29187894130669,
    69.68168062535949,
    24.231479120147643,
    12.160961251156275,
    55.297140283527334,
    45.27199591990863,
    29.734431028235512,
    12.02579381521364,
    13.645412071570563,
    31.44451047966582,
    11.762193095064763,
    7.603756805734388,
    39.26130583452305,
    10.090690303215435,
    15.027860012457856,
    10.618347712552103,
    23.340099882099565,
    18.68712340932731,
    4.192321360038302,
    26.952925757221294,
    16.23650099039326,
    4.997897934516793,
    11.37437993526264,
    37.818699510334845,
    32.8226475945492,
    107.3273841949151,
    25.506900771787365,
    6.68790567166334,
    9.31295269226406,
    63.14672715844819,
    33.281489988946674,
    26.438383508256596,
    24.888499120144342,
    5.66382005359266,
    2.5642144819927832,
    0.7137891146965558,
    3.6203448906820994,
    14.70964159352851,
    10.9465920862386,
    6.590058431632323,
    17.696499797753393,
    112.03203320232728,
    18.932740916779117,
    11.752818043549087,
    31.223696582345777,
    13.66188840827376,
    10.10615761453928,
    21.726219661402794,
    93.49747882484522,
    52.197207250365196,
    54.8013150850353,
    31.913658281095806,
    18.3497687626717,
    35.520318426569055,
    17.993728570588182,
    28.310551964754822,
    37.19783338885542,
    66.29895701061496,
    36.537822734461244,
    11.454982328445338,
    59.76430012518226,
    22.539582714001114,
    34.235677612239115,
    20.78641638883364,
    35.71592445369541,
    15.602201659676272,
    49.33640232668102,
    35.12687368434501,
    6.047001177929172,
    32.17604144789339,
    27.758387716458305,
    3.0206314616685477,
    3.783810991789349,
    0.0,
    98.87101371455283,
    55.64686867400347,
    46.27210324032497,
    42.72631384142154,
    73.94125660616865,
    67.56113046813246,
    68.11037688285758,
    62.96362888642112,
    140.39193993895373,
    83.24453900854397,
    38.36309353836949,
    25.643763560071573,
    32.577426775852864
  ],