{
  "assortativity": -0.054341109080666035,
  "betweenness_centrality": [
    72.5109758065095,
    120.92075715198729,
    588.0,
    121.84139542873807,
    700.8059009590016,
    567.8248571385491,
    62.959237283396305,
    78.42366887562028,
    385.49260402405935,
    585.6493166830728,
    522.3310438459878,
    606.9111757413758,
    750.805931895022,
    863.8316442039434,
    141.0373196047134,
    54.657750097290794,
    58.14931392824584,
    262.2813677728925,
    70.72648214076982,
    554.6434155966605,
    254.95286548061011,
    181.22352614290602,
    204.71237715999018,
    200.29887993280659,
    68.62368233442075,
    17.707465258626247,
    64.92066526473938,
    190.8034747806434,
    395.4284932419961,
    356.5403110939558,
    1203.019294823246,
    37.97367082865537,
    0.0,
    19.442586945218522,
    10.178490807438177,
    58.59079693877325,
    0.0,
    0.0,
    0.0,
    185.04199783462067,
    84.82387488234384,
    222.85909471030965,
    431.98497623304894,
    234.2588258309194,
    454.1745866475759,
    27.420470628303068,
    74.19280681731307,
    156.88539451999884,
    27.53573745786526,
    203.69289665715468,
    411.2614856832404,
    413.69807611756056,
    110.09116499700407,
    8352.320711770479,
    9922.681790823473,
    5308.761529314509,
    4643.745944839582,
    1795.9933273505853,
    1298.4957084197745,
    1050.6261708436332,
    1188.1332047550802,
    1146.0666204407119,
    327.38471682511215,
    2481.603622591225,
    2206.645671186224,
    3292.082098587092,
    1532.7498291930651,
    1839.7173154163313,
    2553.7471161228036,
    2098.0378085203756,
    2011.9992240335014,
    150.8899946285698,
    36.7475457261364,
    63.18923929419581,
    85.23273069536198,
    609.6436525401249,
    34.53335029375251,
    133.7529293618908,
    61.910472314960174,
    85.79533259281712,
    14.447560112200595,
    33.895782219058106,
    0.0,
    0.0,
    0.0,
    0.0,
    37.845539304307316,
    44.71583875062136,
    267.8591331916616,
    355.66010222522425,
    464.1530676298175,
    181.52269430383134,
    137.3852622796036,
    0.0,
    437.55550732364003,
    1411.962385714817,
    1402.224844863035,
    134.79240448153783,
    108.98473665041801,
    572.8759852308436,
    133.1932830332621,
    38.840793423982284,
    178.23865184944458,
    622.50118358899,
    198.45002907281312,
    65.51842839455114,
    74.36685015538389,
    9.458748085072136,
    138.63066689917596,
    1714.977060060806,
    3527.8041681508776,
    817.8749869089582,
    2083.9664288059707,
    284.88300491428276,
    523.2890814018724,
    63.39375108326128,
    314.9618955034212,
    155.87032653154833,
    184.2558431554674,
    54.68389255309535,
    126.28726761349647,
    121.52586304441233,
    100.43399036728103,
    22.081136798355562,
    0.0,
    27.193960707072975,
    52.57847975215187,
    194.61408031424787,
    4.96862026862027,
    105.62574201003895,
    227.09866684272282,
    0.0,
    13.052665755297333,
    357.23486442953686,
    37.71167700423756,
    0.0,
    7.322759256567307,
    431.6214245747684,
    1482.9531469600227,
    42.669048642177486,
    59.859312511160375,
    211.5179239083588,
    0.0,
    5.873584065747535,
    53.634756793022156,
    28.37271551977434,
    0.0,
    699.8848568467447,
    130.38326563564905,
    13.587795041528082,
    87.37131440901287,
    12.496651744407627,
    30.545954045954044,
    225.77704589224768,
    793.27569910881,
    150.63861094044222,
    114.02620927932038,
    372.8526697968405,
    335.71075765615785,
    1049.1555562646984,
    858.5635061916886,
    195.25394249175355,
    357.14063557344525,
    720.0598777406991,
    763.7043294449614,
    425.10112012418574,
    784.6042490648837,
    227.48216509464274,
    330.09298840184556,
    252.1970019941672,
    21.394234664208508,
    768.6410220822563,
    2834.12715019823,
    4841.279362171582,
    72.75644423059691,
    181.2222662012305,
    154.9913881909008,
    1807.4997664782354,
    2941.1022252672465,
    6138.086869504469,
    3595.9912867225985,
    1069.58487750558,
    1474.407540164312,
    2581.155154043159,
    5063.198746533421,
    748.8028842535231,
    1188.670049390644,
    66.55202236517123,
    831.2827346432592,
    1286.3130926960166,
    1218.3830298363005,
    51.62216365150176,
    80.62814064268704,
    142.27242568473275,
    27.326716830006834,
    68.56698076947143,
    1199.6770096177913,
    1332.5718156980647,
    63.79402725625665,
    456.70951859866693,
    1047.3401375472038,
    165.87384876652004,
    35.51862707408206,
    17.29424741924742,
    852.9690505559701,
    312.4336647316161,
    242.38073948916514,
    311.11067446906605,
    277.6409291258163,
    530.9029995706456,
    79.4221548333753,
    239.17392380747674,
    1029.659545640846,
    206.95561852206257,
    0.0,
    72.39543546388589,
    928.6599317524792,
    150.7192618458914,
    0.0,
    742.2901820041687,
    931.7137239403318,
    111.41159169704301,
    15.603679653679652,
    596.4491073202684,
    603.9535171261485,
    271.08054321960617,
    407.4928223910211,
    49.252118391446196,
    0.0,
    61.61229939055911,
    85.8118402583661,
    485.7489734909647,
    141.4215226828754,
    479.92397368446706,
    232.70554912118573,
    130.2392297112889,
    130.0805866173116,
    667.0923861507218,
    771.9564659264715,
    881.0657380569478,
    460.0985181618187,
    739.1894578420479,
    51.82904493224926,
    592.5189827587216,
    889.150317837224,
    881.3226505759907,
    294.0932893131254,
    165.8244296352454,
    0.0,
    2.7150793650793643,
    235.4495786661819,
    0.0,
    256.2180021129596,
    196.23432282617154,
    7.7171152518978605,
    314.8769143456071,
    12.348861283643894,
    21.07487982232351,
    0.0,
    0.0,
    48.300998466628236,
    399.57929416186937,
    1126.415992484415,
    981.1008164611832,
    105.9662751878899,
    610.2531262672986,
    211.59977004407278,
    87.72329337329337,
    145.1640430876914,
    42.929525247366335,
    4.449707602339181,
    131.40089633015845,
    1243.208831200321,
    1567.4145335826017,
    831.1590016074861,
    199.10029129312943,
    51.76409748627293,
    398.09429260260634,
    71.05194308108491,
    558.6711334639471,
    70.29378722356519,
    90.43793450259946,
    113.14672592047941,
    57.23949048439388,
    56.302719353107406,
    63.784195564187044,
    8.063071895424835,
    65.28456726133412,
    357.1162560666988,
    207.82156728843805,
    18.56358038475685,
    664.159285012404,
    1280.5653084506262,
    2572.2497108137163,
    90.45096186646481,
    121.90701153957008,
    13.444013353795963,
    37.4199147944033,
    34.97742731582114,
    10.329528701432725,
    4.810714285714286,
    87.84773833027998
  ],