{
  "assortativity": -0.026138850730515653,
  "betweenness_centrality": [
    168.0360506967469,
    448.4860919461137,
    8.00937571200729,
    818.0243096259885,
    448.2276179548271,
    480.92624418299687,
    53.32200152712875,
    29.243867074430906,
    550.0767189626338,
    622.8233518741037,
    570.2416694750463,
    459.3432089277756,
    1038.372202972615,
    972.2541668141747,
    0.0,
    9.769178869586959,
    82.75142031266549,
    409.2000639573317,
    56.07387425013505,
    196.33587595012042,
    393.5723687828885,
    121.69852191981894,
    244.6631473453759,
    230.6099239199858,
    149.910797975968,
    19.23537546020383,
    63.80680679357342,
    222.71808443865294,
    179.3356411993049,
    551.7412657777585,
    1010.3438879271133,
    61.785876802935626,
    0.0,
    6.374403239556692,
    31.41720200724777,
    202.39356213950595,
    0.0,
    0.0,
    0.0,
    148.33161899060187,
    240.03862050610746,
    267.99021646127164,
    326.9881581182209,
    212.86349735544454,
    1265.6628706556398,
    50.064868052484165,
    61.73268697472356,
    131.387686503792,
    22.12616015324407,
    268.66188018137603,
    524.8896156998611,
    96.90728277078868,
    352.5667249409212,
    9161.647875291877,
    9779.431168714005,
    4253.795167793585,
    4825.570298623557,
    1418.4802801590054,
    1362.3010191543428,
    1246.4801446547315,
    1414.949389875177,
    1379.3370564255774,
    818.7905196789267,
    1687.9401856271795,
    2987.941411769722,
    3277.2232011034976,
    2098.0940881381325,
    2321.0224202552877,
    3298.1421266339976,
    1288.4416386814075,
    2074.225518206585,
    52.738517261064246,
    23.02182281770517,
    86.47096270390851,
    176.35830758381553,
    646.0484796925673,
    53.69715613219551,
    119.63805158328552,
    621.6367722273615,
    51.097207086896155,
    5.178978428978429,
    80.87848924030469,
    0.0,
    0.0,
    0.0,
    0.0,
    56.6945531372732,
    28.428275545610635,
    78.05428847656518,
    600.166630867125,
    377.90950013217287,
    110.10065589167648,
    165.19412354139612,
    14.694272122213299,
    133.79733533953885,
    1380.5372796284246,
    1981.3985087952624,
    345.7285238730136,
    131.8486142177759,
    620.7653267566207,
    256.51192415232185,
    62.88840430557019,
    70.59341212378891,
    753.1637639876374,
    183.27079696678712,
    64.45458284245734,
    122.50336433205068,
    12.73707383088188,
    37.994914122689025,
    1578.560131010563,
    3244.882893405162,
    914.4701939698579,
    2348.7532063096237,
    503.33138583640795,
    416.4212316439629,
    176.23652828503575,
    395.4536925278034,
    132.37190300083935,
    473.4663932813608,
    19.273748690346736,
    107.17824946393439,
    297.2504394056572,
    24.22453881687628,
    32.324323536140405,
    0.0,
    20.09697919432534,
    139.2069842359361,
    120.33438887241803,
    9.501537335213806,
    58.63224266327772,
    307.12135647126155,
    0.0,
    6.041900929400929,
    342.15988660685684,
    103.61193316274965,
    0.0,
    0.0,
    423.9782590001843,
    583.7978051492687,
    0.0,
    247.80242731316235,
    165.34852905234527,
    15.675932877867258,
    49.57751806157384,
    167.86519655253798,
    11.014367480543951,
    0.0,
    86.57370441282738,
    14.312478532782135,
    20.552034166550293,
    188.3322357167985,
    25.78858983122141,
    6.403052503052502,
    193.0453664074332,
    185.5903531656789,
    159.66635644984572,
    72.61746486371761,
    204.23373872533557,
    321.01083816712935,
    1340.9476617090775,
    1891.8179893874149,
    619.0487594794131,
    472.59512143620896,
    566.4009688318158,
    945.4153068624107,
    607.0468323493576,
    781.4279505036151,
    124.64635040049916,
    775.1436776620194,
    497.00068618638926,
    62.32320424579625,
    468.81593506034494,
    2768.20410461144,
    4432.895472087391,
    251.55341374582068,
    241.96559743224742,
    196.2448830348518,
    1713.59015241533,
    2578.0317867307845,
    5105.962034058093,
    3854.4323729351713,
    864.2084260605419,
    1776.721313109337,
    2462.808909320939,
    4642.231680056615,
    714.3142094422388,
    1704.933759619789,
    71.50974280372884,
    339.2164276207485,
    1086.512694376603,
    1018.1925847079768,
    24.003348326816003,
    225.18867138993937,
    105.68318708979396,
    43.88040272930663,
    102.25068809632221,
    1605.7911911918372,
    1263.979075638917,
    237.0887011259076,
    574.3882136502234,
    678.8347025340879,
    128.03837793326136,
    110.09955706480905,
    126.83212990712991,
    656.9879720279214,
    224.9852686550939,
    139.57784416496682,
    1084.0507943037865,
    511.86012422019195,
    712.701883866784,
    53.73425906301201,
    297.29190782083185,
    1373.6629127651381,
    127.79478714303559,
    33.154156437051185,
    121.04870658829398,
    1234.0621550144322,
    79.54616558811114,
    0.0,
    606.8034450277415,
    834.9107134287653,
    194.29466461589544,
    9.598873308655918,
    122.68766673512273,
    95.46809496250089,
    318.8315506403244,
    330.8261449301926,
    54.75354622493407,
    0.0,
    40.54948378681583,
    102.80059870103821,
    945.6668366868844,
    190.67730098362114,
    373.11897588213884,
    531.1649677971606,
    115.86329834899477,
    47.12697183637516,
    243.01066712734513,
    910.9435411421639,
    768.5342345566802,
    429.51736109002167,
    310.02913722249264,
    46.518383164822794,
    280.31303691414325,
    1635.6205733209104,
    800.3199910383504,
    362.00537964848934,
    110.5991285503978,
    0.0,
    6.277630013980374,
    146.09529741953855,
    0.0,
    105.08202311401276,
    83.60494789475685,
    26.905670294544564,
    62.64006465427484,
    6.607801496077359,
    79.79685905851508,
    0.0,
    0.0,
    63.742434702629566,
    209.83734674082785,
    781.0185716812724,
    1162.0228913456358,
    160.343112854822,
    287.25009807093323,
    148.79729482602883,
    29.031073951150677,
    120.45477672939236,
    46.35132685499492,
    11.064070446330796,
    12.761207757759482,
    29.621982550984622,
    783.4176440885252,
    697.2326298386677,
    175.15142876383626,
    159.76773258188413,
    207.268207879652,
    247.73407731839785,
    708.0135808275937,
    133.3190266755691,
    114.4956902574842,
    129.50701523426002,
    34.566931476515016,
    29.753465893698092,
    54.593415825735136,
    588.0,
    186.50003618677331,
    277.06410711704314,
    365.23364143602237,
    13.49459785861464,
    668.5831062931785,
    1825.283712686027,
    1167.7535866579674,
    62.34561429564192,
    275.82643370647014,
    21.95485201073436,
    12.301781249524959,
    25.002754212925833,
    11.676292447251527,
    4.439933285142014,
    99.73771934320452
  ],