{
  "assortativity": -0.08591012036876738,
  "betweenness_centrality": [
    963.1920715909198,
    185.65939944011953,
    6.417646742824088,
    195.17380977811044,
    581.7864547562233,
    408.1533517643266,
    68.37865541090012,
    136.40013091109364,
    304.8660124335574,
    939.0877859856654,
    370.08240186564467,
    463.93282382394904,
    1205.1312252639066,
    803.2127649707019,
    0.0,
    84.79958392930463,
    184.7826902165543,
    239.33117975722,
    59.62955621920257,
    85.46483371651046,
    481.13777756965294,
    184.03844028197497,
    212.7424435401498,
    131.11242866723347,
    268.85048618089337,
    54.19597657085513,
    75.23123092464402,
    334.6783917437508,
    246.97382688036234,
    574.8419449073301,
    1167.0742227430812,
    24.221681493003338,
    0.0,
    8.835427449242315,
    31.57471229101832,
    104.7357858404305,
    0.0,
    0.0,
    0.0,
    160.59242393314386,
    43.68577436143466,
    279.0955234894669,
    410.99858435896766,
    751.3935193456939,
    1307.709064305789,
    17.239425515332954,
    92.34061545432806,
    322.2957635596905,
    28.963965535834603,
    424.97818732832826,
    777.8194054777989,
    66.01179430682568,
    287.73151551374764,
    9498.234601279262,
    9936.701229474336,
    4115.208604547292,
    4098.634645290802,
    1139.2084212037123,
    1094.5849559672197,
    1452.5142944570437,
    1968.54280997903,
    815.8950172210633,
    356.5905273087363,
    1336.1297712178534,
    3328.986822049238,
    3811.0331223349735,
    1562.2597562934875,
    2687.591345546016,
    1972.2645894900643,
    1627.3421984134902,
    2683.807667713222,
    70.16766302754533,
    34.991513886570246,
    100.46491186117137,
    135.46997763198152,
    336.8449025710593,
    40.88141422988259,
    113.48204918314339,
    181.8379546100796,
    61.7939989834727,
    11.915584415584417,
    39.964605338824796,
    0.0,
    0.0,
    0.0,
    0.0,
    41.86790449091108,
    64.19895183903418,
    108.1752093789309,
    356.54252132561794,
    318.6523715175697,
    268.44641676020376,
    155.09005387301093,
    5.119047619047619,
    143.34903793191893,
    1395.0508980153068,
    1726.5169902217442,
    74.47760258541277,
    157.0996206245045,
    339.31399667362285,
    172.81439475852693,
    51.942046529966774,
    637.1761500950741,
    710.8056523849874,
    319.52864951370736,
    68.0929360384992,
    82.8512195485744,
    7.270963976439185,
    38.84755468969637,
    1545.3244229268919,
    4038.0322856749317,
    835.3353465464498,
    1728.664999581424,
    628.866319165116,
    342.4644447403045,
    20.025521402439555,
    134.65012947533012,
    482.7819162046085,
    114.43808258232704,
    65.42335300695812,
    248.76758911702834,
    34.81622994652408,
    31.098154671028375,
    51.58292249648222,
    0.0,
    40.579373657033514,
    81.53014396438921,
    43.23836685928765,
    14.544007312615657,
    72.98303819732483,
    317.68131755264886,
    0.0,
    23.201677958837404,
    362.221806559328,
    66.88114821333869,
    0.0,
    33.92585854556641,
    445.46655114322607,
    750.7870635089871,
    17.843846033156506,
    177.67260104475275,
    68.11958736040916,
    71.97516878480198,
    22.33790934144836,
    76.77198026175617,
    42.78167848969505,
    0.0,
    272.93577719304244,
    19.413214357022404,
    0.0,
    121.76412062672445,
    64.12441677594184,
    5.3,
    163.9261445794857,
    199.17922740297155,
    317.59055438860423,
    62.6494980126717,
    231.41810119429474,
    358.067377984603,
    883.867349630616,
    860.982161578443,
    288.68624244447625,
    430.5887618025363,
    334.67768847002833,
    751.4861563608522,
    157.72215412132172,
    544.7607704475093,
    275.6417401298375,
    227.93995617609295,
    115.2168196744015,
    19.502703278987894,
    929.2573916784771,
    2727.849564091418,
    4360.605941490723,
    137.51186626550543,
    242.78256480285233,
    231.41131624014199,
    1916.5485327911742,
    2198.2478902483,
    4843.094185243029,
    4670.379634099645,
    1162.8306897871573,
    1892.9187384523825,
    2549.792023465162,
    4902.121247460881,
    541.816212301021,
    1504.905199362005,
    56.78446303512176,
    246.6813300888943,
    1171.9013281666048,
    962.933604833234,
    46.549053517861594,
    44.626493845592535,
    124.08187581799307,
    47.62022973893097,
    38.67951670242111,
    1950.802681854568,
    1414.602342212351,
    102.32532712233473,
    494.3814728660355,
    345.75986887110423,
    219.6792416995776,
    33.79363126341055,
    12.118433410974268,
    1137.4675569627773,
    416.4459398192487,
    228.77167025560965,
    399.15347084562507,
    252.3861108469466,
    563.3681846774668,
    68.37833274466644,
    457.2339582885312,
    583.758312770868,
    177.45730513961067,
    6.526451456542052,
    149.7826215020705,
    709.9247266229548,
    272.8039548906897,
    0.0,
    558.74074228411,
    817.6926052424839,
    69.41141009989846,
    3.182656083615163,
    139.28236754163282,
    24.697679556971224,
    165.31952836874802,
    526.9839261591453,
    103.00889262030772,
    0.0,
    45.108337386740764,
    611.8720079983083,
    514.9750355514433,
    314.8971250089771,
    298.2944775583454,
    206.15958870126502,
    456.0140170973011,
    163.31957044933046,
    92.11845796430467,
    1579.851659512596,
    805.8671071125101,
    175.9692140581426,
    725.5941366960625,
    21.63496356736669,
    446.45781093569883,
    590.8041634171989,
    1000.9291908699046,
    344.7518359645766,
    100.33597446769389,
    0.0,
    50.056813041084176,
    245.66895613716696,
    0.0,
    82.44605390015774,
    129.362596524238,
    13.763180616860739,
    202.20978002797898,
    10.303127063193342,
    609.4130237209185,
    0.0,
    0.0,
    230.43653110062797,
    201.85161843490596,
    709.9472703686392,
    1627.3528755597479,
    243.45785890880754,
    180.51262926919202,
    188.96897459198993,
    27.514796205972683,
    173.6392281450284,
    40.781377911320334,
    12.382261421069469,
    33.89782558305577,
    85.83368169996979,
    1365.9402796306097,
    925.2039794312768,
    188.65911736309718,
    173.8745188064529,
    227.97581465207074,
    72.05666404948379,
    179.82029459426894,
    73.9851893658589,
    97.6283314639822,
    135.2719988366795,
    630.7684518340751,
    58.13850836617041,
    44.54744239614451,
    5.897819468316363,
    107.86655289640888,
    456.85593493368185,
    324.8761067591122,
    22.37720083052501,
    614.532832188188,
    1289.5785486182947,
    1728.7364824538063,
    184.41541058442857,
    442.15580670001555,
    19.733371161002736,
    144.70405398806938,
    36.38442258223621,
    12.230505036716213,
    11.305368638007621,
    85.13791719180024
  ],