{
  "assortativity": -0.03279024068110096,
  "betweenness_centrality": [
    118.83625232999019,
    683.2076811677309,
    12.20021728058812,
    337.02214424936966,
    491.4700111999458,
    314.62540657596935,
    82.72385055248529,
    80.3424413658113,
    279.93902076616723,
    652.9578369878368,
    345.491692889828,
    445.71423965576537,
    777.2962976411603,
    1573.1663116252573,
    20.126442797135393,
    78.07816910185585,
    81.57582737462089,
    243.3721668468104,
    177.511780231014,
    13.33435852723576,
    677.9149079402232,
    212.52795275817303,
    397.40912491285746,
    340.0566144130505,
    206.14014795443686,
    12.82121179464709,
    93.2672781484082,
    131.7588199635227,
    262.2835181884846,
    582.049361534165,
    755.1076391404537,
    39.621921977605915,
    0.0,
    12.83897539210165,
    33.31154039177938,
    87.2190664963682,
    0.0,
    0.0,
    0.0,
    750.6018455023217,
    14.017980752954616,
    165.17384600138288,
    284.51789901150113,
    288.2566134267312,
    761.14370855023,
    7.318702553485163,
    21.837863060416307,
    319.31614190123264,
    48.83057014291774,
    286.5600661139882,
    490.60990572801643,
    206.23693572342037,
    151.17546357278727,
    9772.142224770694,
    9842.494450249887,
    5464.961149056587,
    4601.336680826889,
    1075.5318101548205,
    1227.4590851194112,
    1173.5128153370736,
    1166.8443626934716,
    1010.8419604541643,
    623.5794496032066,
    2056.3960929876657,
    2239.0897424520854,
    2848.842081774038,
    1529.441935446598,
    2838.924764438623,
    2327.2366479905427,
    1861.4384401490115,
    1861.694857170418,
    183.7241158525685,
    56.58335674930128,
    76.24186090109933,
    131.21107313069106,
    208.409424317511,
    97.6548607182441,
    139.30667371917878,
    242.8161793371074,
    281.6731282720372,
    14.634690751826302,
    11.175046032398967,
    0.0,
    0.0,
    0.0,
    0.0,
    17.04298599257847,
    39.513529896355266,
    64.4417599782761,
    748.175531332735,
    415.23650532129193,
    89.4061865215463,
    219.79749479650857,
    19.501320901320902,
    796.6890440692046,
    1101.2047142422543,
    1686.0091773727029,
    236.44944711272157,
    130.63168548623494,
    337.99853646215166,
    176.41130873449492,
    439.9271295200773,
    93.81994652102547,
    828.0362847856264,
    389.14390663793114,
    113.21650256595147,
    56.111056530943515,
    8.152380952380952,
    47.94388469566519,
    2005.79572147141,
    3119.4450646249156,
    988.6269357680767,
    1949.8885966492178,
    177.2159427962225,
    666.2834304369734,
    87.00603659328524,
    396.91615986875166,
    427.4632904184044,
    59.32721139387471,
    12.82179446267444,
    704.4171860316419,
    53.53256406239737,
    56.316006257424206,
    62.59700715438921,
    0.0,
    253.984092060206,
    53.209011406804215,
    220.24733942480987,
    5.713656491968511,
    61.014345618741444,
    61.056296978172156,
    0.0,
    40.98498441030415,
    283.50160082803706,
    30.35869821974192,
    0.0,
    25.693242945564922,
    420.17990703231106,
    1489.6978200182382,
    67.27530773844217,
    47.8520994644261,
    323.54707702455585,
    63.88308828541026,
    5.434861871182625,
    129.0859595211772,
    0.0,
    0.0,
    114.5950365474353,
    40.03275333001595,
    7.191089172265644,
    77.72956640881974,
    26.421837635189032,
    32.64342181414803,
    71.88341075689695,
    378.2684612700518,
    142.86705249621127,
    93.74564999335526,
    375.4845437506678,
    267.5431630673083,
    792.6213218452581,
    734.6294593617527,
    401.36109673691743,
    389.3383736578007,
    438.0661492215668,
    1246.381453863828,
    199.38932841214233,
    905.4638461923835,
    162.6015430400094,
    227.23413313197682,
    160.23901328290128,
    28.12622293380018,
    1265.9238586926,
    2984.700995101379,
    5128.234619406052,
    134.81247941211853,
    239.87732038396686,
    325.66700461788724,
    2662.983739832501,
    3028.4780131272887,
    4459.339719624654,
    3643.800170746933,
    568.047056615403,
    1234.43996669024,
    2702.40086015384,
    4871.302764892263,
    1167.6204722359664,
    1455.6512965593001,
    55.50769751545737,
    208.43621521361865,
    1433.682652387394,
    1000.7543459553085,
    53.13347815157281,
    140.31885314376024,
    98.58221004414486,
    27.874734018683224,
    56.484217344456354,
    1642.1646487011742,
    1982.8256113577415,
    157.54075643227688,
    356.14586705269267,
    461.1532908516645,
    169.94250900467796,
    20.3973263376817,
    7.289189319452477,
    831.4269415265302,
    207.46984341911843,
    118.92228816088189,
    390.9322316809427,
    823.3055118306975,
    1249.1688078403797,
    40.669943183851714,
    425.08139552226555,
    1120.0953371793667,
    216.7364246377403,
    11.977532121588704,
    566.7117037565017,
    753.8637700474641,
    187.6365000248342,
    0.0,
    809.5884383550988,
    895.5838372461667,
    156.29119720978375,
    83.36019307489899,
    97.90539669060168,
    94.21495331007316,
    139.10173151524523,
    279.6848274951839,
    233.06216896939128,
    0.0,
    23.699068731208687,
    236.59999239139984,
    731.1191414097397,
    193.98510981058175,
    376.92421764046924,
    477.5026921163906,
    304.73514489451765,
    99.51898621948355,
    77.08968087478306,
    646.8976002948888,
    381.06149620468005,
    295.8830118983105,
    326.63877516774284,
    17.02139005322096,
    489.9945666142274,
    1303.2556101658229,
    526.7016883314653,
    294.8515341498295,
    103.55917900399338,
    0.0,
    3.0187119332280616,
    666.7870879777764,
    0.0,
    199.05657772798517,
    361.548735304562,
    20.33304462827285,
    194.07653124072093,
    0.0,
    22.456784624778784,
    0.0,
    0.0,
    50.142070692090726,
    280.35270587096164,
    699.6129759255191,
    948.3248607701735,
    206.9146375173714,
    373.7635352395372,
    93.76194633928971,
    33.39214471830572,
    262.23896922498295,
    49.241764621590185,
    0.0,
    8.356283880421813,
    49.60909394266181,
    1033.677002580462,
    960.9655429500255,
    82.73989270813898,
    376.62812279158453,
    358.7600957482509,
    96.97045973593119,
    336.3003177713892,
    133.99591269125986,
    63.86876608881968,
    132.8745483623345,
    97.41348645055602,
    37.55668300162638,
    107.62123763514924,
    24.940870034678078,
    38.901988253406266,
    241.54373549454348,
    194.49557478278658,
    12.640866206825287,
    1128.057768443207,
    1643.8065523951855,
    1178.0282964945889,
    51.76122220110766,
    101.17750482825107,
    39.25234259675588,
    27.460656941957247,
    38.15583147846308,
    8.188149715781295,
    49.91483699748003,
    80.76215238989232
  ],