{
  "assortativity": -0.05321885810134923,
  "betweenness_centrality": [
    600.8461510454646,
    388.52349432184593,
    22.32787375287375,
    138.2771979163066,
    339.51303919008546,
    250.83301655562877,
    48.32928781825504,
    17.91794039294039,
    555.4276627182301,
    503.3719032653968,
    258.1481026591842,
    444.67310423963,
    1034.2294723879031,
    1051.0693293595373,
    40.234296087121706,
    92.51070777773268,
    238.7606747693793,
    427.29404564773336,
    258.92630157648966,
    17.00600760254385,
    470.84226168023565,
    277.1156558376811,
    155.50073245256414,
    364.7607571726837,
    449.73266345360713,
    46.17496313339552,
    51.58803443573926,
    146.6501521723075,
    126.37886080604015,
    773.1836217186373,
    1029.2349406787723,
    22.681625311872367,
    0.0,
    0.0,
    7.577922077922077,
    98.65959553827254,
    0.0,
    0.0,
    0.0,
    81.01847684781967,
    111.17413338829935,
    179.50496520119322,
    318.29366173846046,
    184.42021206168204,
    744.7448563916024,
    4.099653127655135,
    200.13350309657588,
    320.42798662361514,
    135.61269993893282,
    338.9194857511351,
    356.4956045219675,
    128.5031866343882,
    96.72054732433139,
    8428.101151830379,
    10828.055849874954,
    4405.336823896958,
    4936.2866459460265,
    1068.9587124022755,
    1885.810157856642,
    1291.7875246595554,
    1965.8226970290068,
    1579.7614746765287,
    1084.0396429965112,
    1702.6559203722463,
    2695.433991595722,
    3720.471375552884,
    1767.7723931040746,
    1976.95878549012,
    2695.4428650166683,
    1329.994549926432,
    2185.9868776795015,
    64.15974754936765,
    222.93872103065894,
    82.93162693349221,
    108.59847876412991,
    254.2891934185694,
    176.05052361910583,
    155.06208513706116,
    368.6472016712272,
    95.55126828210393,
    14.816979629257558,
    136.71300880062492,
    0.0,
    0.0,
    0.0,
    0.0,
    149.28793862786824,
    27.27314943553267,
    117.43814183533308,
    713.7325469005925,
    330.78165144373384,
    125.78749062088147,
    133.14003915057106,
    8.848086952700243,
    227.0063154047689,
    1191.7668740756703,
    902.0309060324342,
    436.87096298006907,
    74.7107152778335,
    365.2006984613126,
    130.99370720500457,
    93.67224308447241,
    240.99333780373502,
    1040.5645885836564,
    505.4722995137491,
    124.41855759211985,
    66.61692138782558,
    9.245716226087069,
    35.06328432877902,
    1763.7030816238096,
    3243.7208384542328,
    799.595652628003,
    1742.574737110278,
    400.98336835089094,
    204.36150559184804,
    82.91405608470174,
    216.33245110867142,
    138.29143620233216,
    649.6499678797892,
    20.005934708566286,
    171.07725088602234,
    36.09647562979982,
    100.4802477137641,
    41.476614163345246,
    0.0,
    151.55685655761502,
    29.98998239333383,
    94.57516604459035,
    8.962185853362325,
    127.70290877660297,
    105.61878555487078,
    0.0,
    32.471568396019194,
    737.7223910914865,
    105.56093781686371,
    0.0,
    9.465461630821403,
    281.7820628329279,
    720.2003390179225,
    15.3906586389345,
    68.52802256615263,
    205.2743930047868,
    25.818322249657346,
    18.552662158666212,
    374.8598247771605,
    0.0,
    0.0,
    39.80773513755792,
    11.678372444548913,
    0.0,
    344.8603768967357,
    43.639600379168826,
    48.23557630041797,
    126.2039793691795,
    564.2051774991885,
    82.53495776181255,
    233.0984476862758,
    265.51801746758633,
    325.5191971422588,
    724.1559964670879,
    853.538368196006,
    461.3094175686365,
    454.29949684401635,
    598.7641001562114,
    740.2868780642915,
    308.9490086295831,
    773.8904818089878,
    224.42763677172485,
    313.5126307714238,
    176.50803003949858,
    42.72557020809543,
    522.2091777582904,
    2322.0008815398046,
    4619.311027044403,
    188.63706306856167,
    283.85208475120083,
    186.26366040030842,
    1423.4552140266626,
    2912.767730322683,
    5706.575870508334,
    3909.2686581221446,
    1283.8284836849948,
    980.0627575497106,
    2967.389405433021,
    4193.540851057856,
    658.616829171513,
    2387.4569066865615,
    104.42488764520753,
    375.4310958786393,
    1236.7114653468655,
    1356.099659897253,
    41.16440876344903,
    85.27843011476732,
    193.40585056931502,
    18.951164590874736,
    155.71241787483336,
    1816.098254342623,
    1905.445399479837,
    199.16864360859088,
    477.9307552985341,
    333.49829627437634,
    213.4763011059561,
    51.58003767474359,
    42.672951335081365,
    792.0456691585254,
    300.26370973754416,
    287.12900539055653,
    406.0857704461388,
    261.4211177752128,
    372.13387165503235,
    445.80620116599397,
    383.0001705787415,
    1292.0360328718805,
    181.6814632771313,
    3.1872450880536363,
    77.55380318836757,
    1332.5416310278827,
    111.08650762421972,
    0.0,
    700.7661362215572,
    1239.809513054621,
    222.91558175254605,
    8.61235171261487,
    60.6830229436734,
    45.14850728110525,
    221.64450231074923,
    427.61537407147915,
    122.41930472630764,
    0.0,
    15.994908714473931,
    63.745441268359066,
    706.3549535625065,
    535.0734777795112,
    447.3620898349372,
    263.5495934964093,
    149.37239880020383,
    93.0989469954686,
    134.89968057589667,
    884.6310130122232,
    843.0734368132439,
    996.764984980523,
    686.8473960609283,
    18.05941952472674,
    225.49409783989046,
    1012.3681174259519,
    520.6063465507046,
    455.394090912595,
    166.18634706696955,
    0.0,
    12.256505393919582,
    219.59872908073947,
    0.0,
    206.69736350616117,
    138.12871381206733,
    9.779294277378177,
    53.40074206081546,
    68.5875891803927,
    162.7491033647167,
    0.0,
    0.0,
    116.67441622704783,
    511.7166401348003,
    1958.198486686735,
    1332.2086836790675,
    89.73915302332017,
    271.749756725215,
    139.32251566211116,
    33.34453058398292,
    282.44581067579935,
    63.208803127106975,
    37.58716365334013,
    0.0,
    35.69828376069797,
    880.6828239407416,
    322.50175967309457,
    92.94528059269115,
    255.19329709467573,
    264.01947880781665,
    64.47320785370205,
    81.64591894236187,
    45.19258246935457,
    77.06236154649189,
    67.4518739033488,
    57.00974999346759,
    28.364665082720236,
    87.52163829094198,
    6.859199134199136,
    13.71675832648115,
    371.19379354245217,
    456.23249594593784,
    17.805115060378217,
    721.6443307113668,
    1731.0716613878608,
    1169.037458399967,
    151.70922784001957,
    161.19121414011704,
    31.38783873766711,
    235.41533215554284,
    23.6048750536319,
    18.58179483914778,
    6.019829598506068,
    103.93428014082492
  ],