{
  "assortativity": -0.09496112013691654,
  "betweenness_centrality": [
    88.60217073452846,
    148.7958188798589,
    23.810214972543356,
    90.24949087817784,
    408.07927978991876,
    327.6412022401266,
    92.00393549792867,
    103.70332351787698,
    601.7967739490509,
    397.404389944878,
    455.0171548084242,
    621.0607544702965,
    688.2941262759476,
    1177.8466611700737,
    18.755952380952383,
    145.07731284277972,
    57.00591962282097,
    292.19263054495303,
    79.75055842246047,
    179.37124443558778,
    360.37703269750574,
    153.8391953690925,
    129.11813771427086,
    253.9702522188148,
    307.98352380601875,
    36.726313541203595,
    40.58901338242801,
    168.58899187880382,
    204.4025197955473,
    643.0547371675436,
    575.4009440648382,
    53.89384388875348,
    0.0,
    30.963275200891303,
    38.66633633251281,
    56.30201332663009,
    0.0,
    0.0,
    0.0,
    118.66009413060137,
    47.91931034509834,
    222.61612351250628,
    376.1972201537545,
    128.58321376855554,
    643.5092576880528,
    16.116993151775763,
    101.98335894767136,
    244.4648281765592,
    38.42372832325088,
    205.46317546856693,
    713.394127172966,
    222.4957288320878,
    331.458765824239,
    9891.813211768049,
    10410.819497297756,
    5075.870655916042,
    5542.64209173631,
    1521.6119531254374,
    1576.7409797697987,
    2162.3292898958184,
    1064.3589482167333,
    1109.5151577957683,
    229.57170789970613,
    1828.6634833774624,
    2532.4552870776765,
    3435.783376282653,
    2585.3597056146436,
    2036.7588338064604,
    2541.6939504652964,
    1041.8378272683524,
    2357.692920460632,
    83.47657216982401,
    51.79202661210775,
    57.47884339083993,
    656.0686258109826,
    487.5619297460047,
    85.36465168989939,
    695.6087365911493,
    120.51063539952034,
    70.49169802617546,
    79.56141293870132,
    75.01063633008866,
    0.0,
    0.0,
    0.0,
    0.0,
    93.7237952855696,
    28.198026901880716,
    442.1050662212512,
    717.5795932482138,
    742.3195866733413,
    184.45238362829102,
    114.44198604023262,
    8.33493631971893,
    188.5108484976278,
    1467.6812667664756,
    1357.8049363520868,
    78.84484271592223,
    247.1565878987951,
    422.37933881144585,
    127.27939356386423,
    42.655105657058,
    78.73217153028064,
    959.8170803264495,
    322.1886157821946,
    158.7425612968166,
    160.4809663393414,
    15.165414427011916,
    602.4184950567148,
    1747.8082311259457,
    3768.241873342855,
    1138.3533048566587,
    1953.8166667635803,
    210.0114894798483,
    226.62473054054584,
    140.74487417319094,
    223.22459529891168,
    84.79421875682087,
    106.2161696567378,
    39.43496514665246,
    141.67016413190547,
    39.59931039066465,
    118.8342909586388,
    16.67142384308768,
    0.0,
    15.227977554371781,
    78.83836901676618,
    412.4550303494955,
    16.839624568534433,
    90.61539377651793,
    83.36542680994044,
    0.0,
    34.76649007232329,
    561.7750404363583,
    29.86555380142349,
    0.0,
    9.082476162468419,
    351.2195516348163,
    497.3426230948611,
    12.430893650553092,
    65.7434239613168,
    242.76926405847493,
    11.256331745784076,
    39.92008029227257,
    115.21967063122638,
    8.877002529634108,
    0.0,
    332.377371614136,
    46.007377878685915,
    12.46383893883894,
    92.08082712378933,
    118.77252868614768,
    10.473069795701374,
    32.29084146464951,
    261.84512152778836,
    129.59704509578629,
    122.81535565206391,
    188.15150528146003,
    457.128806443448,
    732.3173536902018,
    1067.1787201698055,
    311.0751670591264,
    647.4605801594652,
    479.7059047977346,
    653.0363089436335,
    641.5292482990267,
    1104.8806850326423,
    403.3676697352691,
    540.3316603546394,
    226.33072528421079,
    158.56270537855676,
    586.3049684277065,
    2843.312389632938,
    4190.273426233441,
    442.094177168345,
    153.6583790433649,
    404.3370220780213,
    2218.1698923373315,
    2368.88634099143,
    4135.537524220943,
    3117.8947351438496,
    891.5673686123407,
    1098.3806251353517,
    2642.4299234404325,
    4278.281794139652,
    698.8729327347552,
    1434.9592646450765,
    58.0264898366061,
    187.84138051184388,
    1743.2007420211205,
    1203.8063712039757,
    76.1655994854349,
    55.71696036681638,
    123.22029533659801,
    40.93163147261806,
    100.87382656811398,
    1544.0600297241504,
    906.7238137415438,
    283.6420026984474,
    626.5090483542657,
    344.1439149623861,
    414.91528757117806,
    151.74138888400165,
    30.94489353738897,
    967.5742277519143,
    325.377957952949,
    154.4514781646179,
    420.85805333603923,
    284.6450732818929,
    589.9354952992704,
    65.04505460197393,
    1031.8532454061387,
    1637.9935011022205,
    157.7963146602119,
    4.96899766899767,
    95.253643190691,
    807.4242832479113,
    151.61689659824557,
    0.0,
    541.0037184634781,
    606.5094609950007,
    103.60255939221086,
    39.066709129520355,
    74.13906620503903,
    29.156658199134984,
    179.17815303386212,
    480.17543683502646,
    105.17618979123733,
    0.0,
    31.91174385519409,
    157.0722310824891,
    409.8391906752277,
    292.37447591907875,
    445.16577991919127,
    229.11543001708233,
    175.58578590908044,
    106.40405322542186,
    128.85162623428067,
    1087.790497137881,
    258.96731875343045,
    309.52748339612447,
    642.8972047473221,
    47.16744097628243,
    598.3875043735508,
    1163.570537727174,
    667.2043805976197,
    211.497022486285,
    226.91812038469953,
    0.0,
    4.611142983425592,
    181.52380225933015,
    0.0,
    310.8097647535958,
    124.29591762417994,
    14.86719656989996,
    104.78731131663635,
    24.721718981501578,
    68.77964885991206,
    0.0,
    0.0,
    38.03443720997054,
    274.8694950140836,
    1384.5728358954136,
    1290.5359839281157,
    190.10235259984123,
    370.8532104529488,
    284.5328607707683,
    98.45249116208872,
    153.8152142791829,
    16.549349144049156,
    5.724741506889214,
    4.502707437490045,
    21.656123565044254,
    876.5671100922623,
    813.2508513487184,
    99.6452122366191,
    69.4833704994696,
    310.6107883329843,
    120.33394771230853,
    89.25335591065591,
    24.644522428132344,
    68.27601464322656,
    150.00156278102446,
    90.11449977492478,
    56.34881645705817,
    141.32898899104893,
    21.77260160564714,
    37.46352268503895,
    364.4099977469421,
    248.82979595286236,
    10.276369566643524,
    915.4104139088357,
    978.2262529893162,
    1880.5149231622495,
    85.14672764216353,
    141.34483924480728,
    41.70848809447083,
    160.3601057507258,
    237.22181488462525,
    19.453102453102453,
    4.96971916971917,
    159.44396753337833
  ],