{
  "assortativity": -0.2701988930960574,
  "betweenness_centrality": [
    75.94902888349172,
    68.25296045922073,
    5836.819040951384,
    5583.772030410081,
    1143.8561216196003,
    1313.858430438284,
    25.661243452298073,
    22.508353563028873,
    0.905146464500226,
    1.731253145687872,
    75.72183409204705,
    59.016181425671604,
    208.52006579313874,
    207.63224388504923,
    1379.0395658390064,
    1249.2127215832202,
    15.202468462552673,
    36.52912310109398,
    111.50805179691645,
    156.69211133395524,
    76.26275933843557,
    58.5627738624827,
    1.0174474021583553,
    27.35828961512528,
    8.426847616668176,
    9.836797114993775,
    26.235475640929693,
    34.68056219983609,
    36.05675817163589,
    10.662106035096903,
    6.136672645837946,
    17.25135323518213,
    25.224647777440104,
    12.44530782741619,
    27.476662140316268,
    11.386892521549452,
    2.272210951232463,
    2.7685452371942363,
    6.090237157186506,
    64.43936596687095,
    60.51430464302745,
    1295.0248912380873,
    1114.3447109555843,
    100.50209975946979,
    66.12991951581583,
    12.024782798499299,
    16.772297260746946,
    1.453759124606806,
    2.212067914592077,
    64.89130231392134,
    36.66064791368138,
    54.35727005509995,
    38.950487548905336,
    927.492927327649,
    1041.1725188360533,
    673.094580710178,
    495.97100320125924,
    136.15510447278928,
    280.687331558815,
    277.7738652227151,
    324.2440498105331,
    28.789813242273485,
    19.00109861240685,
    30.58804525441298,
    32.10774618291441,
    68.28433083409388,
    134.97723395882835,
    158.78880388812988,
    102.081392235797,
    48.26370946920664,
    110.2060085379831,
    73.20575941815638,
    1.1290704606947801,
    8.472411995222409,
    44.57002113617358,
    60.769766239480845,
    11.718061617654167,
    6.4993928693412695,
    12.288753539368402,
    6.276427508641579,
    21.455685369884723,
    24.36751638637438,
    6.675020431589207,
    2.8053693346999475,
    5009.503298318914,
    4899.963386859935,
    5038.317749235348,
    4474.04249691584,
    27.68391039073139,
    45.15515878450188,
    29.677681194141634,
    24.264186788090843,
    7.954672954406345,
    6.90430393322645,
    11.862552158527366,
    30.190486441511442,
    21.68170186085218,
    30.577802998757004,
    40.33511818771742,
    76.67320781931103,
    24.89336767511663,
    16.218961456756027,
    12.049052904936843,
    8.08395013220419,
    200.75638424315565,
    167.66434071732346,
    106.34645756282863,
    91.64493905358479,
    54.84865029770842,
    59.59036565626928,
    570.5995161973239,
    1.200628072720574,
    82.28208684972428,
    13.447726333128292,
    10.363518745299924,
    1152.2979726279336,
    1722.6827737755962,
    62.62708999714406,
    33.34748622456324,
    59.955843049065265,
    75.17100376116842,
    56.18684353338034,
    32.060416490949684,
    943.5606910832397,
    48.27038172701267,
    14.057731189470735,
    4.5357339124577924,
    9.229666115627666,
    22.787388401889988,
    4.279654310227835,
    7.427427695942097,
    10.765874742662973,
    25.137361644435412,
    27.03993078962864,
    39.16961366427755,
    17.46848562688523,
    11.426569658917801,
    30.416851544837005,
    16.405035346098565,
    49.20919071787723,
    55.84716596733337,
    39.659767322179924,
    43.35696586678082,
    74.34399213126572,
    34.00633261318347,
    84.05542905321236,
    43.04064310647089,
    78.93605653741876,
    18.13524240250615,
    1345.102221478349,
    1280.3341977996558,
    49.433095418498105,
    43.99719231688324,
    10.05609828235449,
    12.516844243194809,
    7.280660814544704,
    16.681281874292072,
    24.821607037044927,
    0.0,
    4223.381021516749,
    4688.836963772604,
    34.94753724705986,
    29.448944050466295,
    1221.9348499482703,
    1191.0205006701008,
    14.264305211432397,
    10.10912080379337,
    9.57017844898269,
    23.80967444809787,
    7.729785236978215,
    7.046900696289359,
    11.165294488849504,
    249.36645043722422,
    255.2041861725197,
    8.002661926209877,
    13.185528053199494,
    1.9466322585168083,
    30.2750711333053,
    40.67975278636735,
    31.84838164723091,
    84.51454194609988,
    98.84756876095554,
    156.6929030232027,
    62.70536130046165,
    275.00838576591985,
    3.1977484764371855,
    0.5023671630814488,
    260.97090146086134,
    329.2796372041659,
    360.6556350829521,
    314.0812849807056,
    467.24799666311094,
    398.3510510197558,
    178.26228700218584,
    39.31835922653857,
    71.57414722210196,
    64.2697508057594,
    39.06332984143896,
    1272.4356555383263,
    1981.9077255538234,
    2544.3319410651147,
    18.774123454103112,
    23.5086187262596,
    29.836737305645258,
    243.5141744157301,
    11.205073859781177,
    9.529192043738977,
    94.29803980193934,
    113.16661384948671,
    78.68827376092338,
    121.61070617762375,
    94.83447190848585,
    113.42385634975244,
    50.50331089887466,
    74.92453018562134,
    60.07073267467835,
    87.82670168934553,
    56.67909738968875,
    33.34202312278324,
    69.51452711475898,
    32.274221198656825,
    42.893727770893236,
    43.47502998682359,
    10.172437349484,
    8.124670588944305,
    18.742267420769135,
    6.179322316900932,
    13.047981898455909,
    7.794662060003783,
    7.3411859335835,
    4.260387195361757,
    19.99389889124701,
    14.950000251156853,
    7.93691922242537,
    10.034354224087842,
    13.46463628892679,
    4.738142899235152,
    4.513091861601501,
    13.439263064905742,
    9.136273968611905,
    16.11288472244931,
    12.788390057597194,
    7.147863509807984,
    2.7217286965908,
    7.910628623977594,
    18.07317365410838,
    17.906362646961174,
    19.40804874724449,
    1.200799788505817,
    2.1452571615909357,
    2.2928041805598247,
    1.4767981586911654,
    20.089105279361004,
    6.104564691161305,
    10.77729233961826,
    5.982080307339466,
    38.882107543382254,
    30.09402971607705,
    52.72418056526498,
    53.08204130750632,
    9.733972616435524,
    2.895124616967065,
    22.99890417356059,
    84.48841228563086,
    34.32771570991378,
    45.29691119702077,
    16.38124491704906,
    14.950860421104789,
    12.7480205825809,
    17.745969741129382,
    36.57093107610928,
    30.28236983058834,
    37.9849262994125,
    38.25108434344664,
    17.210537287060877,
    36.55781402048881,
    13.655485743340416,
    11.70542330217789,
    18.551234011882844,
    16.517743969739072,
    13.803449722260602,
    18.639361304957372,
    22.759574062635497,
    8.934933061434444,
    29.725216225518547,
    28.074996316839115,
    848.8962736274722,
    960.5563629071156,
    0.0,
    156.3861575868704,
    65.58078854500216,
    65.53070147118783,
    62.965540838414455,
    100.06209543648696,
    135.20744413447628,
    104.13187319554045,
    107.19600308644397,
    103.6678209140453,
    125.16636678538369,
    52.800029630554334,
    25.478483439933783,
    85.27557818591661
  ],