{
  "assortativity": -0.2706228428344583,
  "betweenness_centrality": [
    91.42647209835475,
    75.9162776676867,
    5676.661293884168,
    5080.266396909189,
    1097.0527016296076,
    1343.71757655803,
    24.449368920952484,
    24.822775931297862,
    5.970617050845773,
    8.364427437637527,
    109.61557301746234,
    60.336622019671445,
    212.7536549430133,
    297.2183982507709,
    1445.2924516794408,
    1208.9187252773345,
    16.17439865332076,
    38.47238775723137,
    110.76742339046795,
    108.17788195966833,
    57.64530595766217,
    85.48012419859666,
    2.024200760116253,
    27.383638671381934,
    20.225641167869497,
    15.108238417982568,
    17.249120781612245,
    43.19641243565267,
    37.84641492728685,
    10.388649744331932,
    16.688366626608737,
    9.936344685841433,
    23.88028327499004,
    36.706853242063346,
    30.076102270209923,
    3.3477445045704055,
    8.120684295275812,
    3.7172620405681887,
    6.862957403425964,
    12.326831908953027,
    60.3645476658268,
    1010.7689495923433,
    1206.1871364764868,
    68.26998478477628,
    136.49625541881502,
    36.15319989414096,
    22.15082832597495,
    2.0700421281335366,
    1.306695286482187,
    34.815381903506996,
    43.06282277573765,
    22.209299843902183,
    27.45877951721069,
    964.2636114106458,
    1069.9982820602875,
    589.3365547753399,
    575.4356344522748,
    118.84746699010283,
    348.27288109807375,
    244.91818105474027,
    229.92869410610695,
    24.76844513842771,
    10.05538042001867,
    69.25525179009963,
    51.97314675059737,
    28.553088241564044,
    174.4478022178479,
    111.13594217575594,
    64.05892804225252,
    22.098402554498897,
    94.42928390441652,
    57.4334989407174,
    7.879429198676437,
    9.679600892628056,
    43.00183110283864,
    64.78055602691583,
    19.729433908082488,
    6.329776705927572,
    16.58377498630841,
    10.365959376756203,
    24.31058863888835,
    13.284188856190228,
    3.353609402748246,
    0.7550593156596825,
    4779.886290883023,
    4961.164961725663,
    4329.813031324765,
    4420.82338882172,
    9.364331575786766,
    29.879230701723152,
    36.87896974389083,
    17.22630036982767,
    20.73434028081624,
    16.74046486404771,
    4.798367907581617,
    9.9072825845215,
    32.099222706883864,
    31.516973036743966,
    35.17892702881187,
    41.64371551919467,
    32.553307632885016,
    13.440545636475768,
    18.45621864098107,
    14.552805379150664,
    217.4498090370054,
    133.22623196008078,
    66.89532709652303,
    70.73622733444192,
    45.08357346797041,
    88.43863408492767,
    468.39020349654214,
    6.365342186373822,
    163.24244555750172,
    13.778648721059024,
    14.940339699677127,
    1376.838221632977,
    1428.6775315499597,
    60.85921597117053,
    32.3627780991826,
    43.53368624217135,
    72.06136056435382,
    66.14980588190241,
    35.85644495331303,
    672.2769542110327,
    17.57120449769446,
    12.309359475214771,
    4.1881572303290255,
    5.8828227794129075,
    46.765863736372644,
    10.973299342481287,
    6.959505441107425,
    14.575775771521496,
    11.87401952881999,
    41.42972912709436,
    51.914746876740274,
    148.22602704180798,
    31.866024737572577,
    10.317251295674787,
    7.928626739057409,
    65.78555762800015,
    35.489906834538886,
    53.82392347704518,
    86.14444196121521,
    46.97841072555224,
    18.066517226456135,
    40.41954993474367,
    59.23197851882885,
    39.535481057268186,
    21.98332900035192,
    1201.2644730524667,
    1422.3245831606794,
    30.26340926991863,
    37.514118519376666,
    8.848760245668275,
    25.563398440440075,
    11.706612095657107,
    14.707167799459606,
    12.000266466392018,
    0.7579365079365079,
    3923.8706491974062,
    5319.589880583592,
    13.631108611985486,
    15.366982916218412,
    1183.3500929624465,
    1173.621900644221,
    17.17663063358408,
    16.94326353215751,
    3.8787294166089388,
    23.03924469402599,
    4.1542103501541465,
    7.324092285331352,
    23.041602049490894,
    345.9934660909367,
    257.6910851076358,
    28.12131744420242,
    14.307042527193158,
    3.6606714935429414,
    48.245568348217795,
    28.587341402850768,
    14.98111768678132,
    76.31080952420642,
    135.47710384316642,
    164.66367797811145,
    66.2403615993891,
    263.5861716329451,
    3.5409537493902326,
    2.483132508101029,
    309.1520059178175,
    612.6509745995763,
    392.40584014956954,
    261.5803950968302,
    268.52010802885627,
    367.8384704199662,
    161.36846075490942,
    31.799167750996872,
    43.80856630008576,
    71.00452228278637,
    42.03608389859598,
    1245.0181149511673,
    3170.7832495420034,
    3219.7496402457737,
    11.682524117145995,
    6.1587135606335615,
    35.81888922016959,
    242.70814021983486,
    8.19565293688154,
    14.413065689530209,
    86.89012090188459,
    81.62935028656568,
    162.40946924713384,
    122.54211193559375,
    116.54167475586307,
    164.66966594543828,
    49.86038770138972,
    78.31458763295662,
    101.8875004827748,
    65.2618141642876,
    55.76445174792981,
    37.510741171329244,
    48.56653060233402,
    22.330060573856365,
    37.92628082029148,
    21.172379937189508,
    3.374218122418058,
    29.61344333320704,
    14.940204679709895,
    0.8744962170967153,
    36.39547153985442,
    4.56272472717417,
    13.602053465153203,
    17.687736804904134,
    8.135032384201565,
    6.301721217712588,
    24.351432305778406,
    9.86497349801993,
    12.502021425850714,
    11.840368114949163,
    7.186402732705685,
    30.40904601021791,
    19.856965095257813,
    6.1000770268245414,
    14.867531862177593,
    15.680659472470047,
    2.1605090489089447,
    14.34332161070896,
    42.05572642399903,
    25.297901052054417,
    10.41197304375397,
    6.667262289363795,
    4.110119888337622,
    2.257785072503989,
    2.46713676269726,
    7.757704840386095,
    5.591770035627832,
    10.495158783473187,
    23.319874334796772,
    33.44883012629657,
    214.84502553591048,
    47.32079224957525,
    57.620300884437505,
    17.434295894254934,
    11.885210949361785,
    7.267015814378131,
    40.734628504258914,
    38.99363686252466,
    44.2425806151043,
    34.547657760238415,
    57.12448657227383,
    22.882248233562485,
    21.883850070795457,
    23.54094703001322,
    34.14417066624075,
    57.10492504584126,
    19.978680007560033,
    18.307276944229066,
    20.563353686816264,
    10.648125464161698,
    15.965119028672303,
    20.450693843420012,
    28.326699587540066,
    5.095661825656034,
    18.146570628026943,
    19.119333130230824,
    10.519949221905248,
    7.312440172522221,
    20.380171387045813,
    939.7839383373504,
    865.3045209188775,
    0.0,
    105.93167367145648,
    70.56908691030478,
    62.54923087176686,
    81.08132024886848,
    66.06774817586675,
    117.48646079608753,
    113.85848781141648,
    167.78403673419288,
    174.30423015922005,
    111.51981659083216,
    78.82882164825415,
    49.72778752842196,
    45.25891207263999
  ],