{
  "assortativity": -0.2722699704559154,
  "betweenness_centrality": [
    111.4251944861716,
    57.86107399403597,
    5589.504055684195,
    5147.791638426293,
    1037.7717510497769,
    1458.4571539216338,
    49.5921174416434,
    63.95657701755694,
    1.1690024290505234,
    4.359836435717378,
    80.48132579230482,
    55.10851584145964,
    245.9282124354397,
    248.15384271656453,
    1309.1903845437355,
    1132.5362225957153,
    8.06356232312271,
    20.555884795884584,
    78.46736490347008,
    77.895077024398,
    92.89862748567016,
    69.5565200487923,
    2.0683384750551608,
    46.276618620357596,
    11.499006035408295,
    5.548044495554365,
    28.280909725964868,
    23.499177819808445,
    28.534106961892526,
    21.307514458670124,
    7.842934532638661,
    17.038407448646097,
    22.680090145545833,
    22.553357771129424,
    28.966357564120614,
    22.074125423933644,
    17.608171108485614,
    2.3929266642755485,
    6.194511961502429,
    37.093197541567044,
    43.93211342379505,
    1196.326090878556,
    1180.683167358001,
    134.97371250867246,
    111.68463534545374,
    33.289125460704575,
    23.647871180554024,
    0.7758787588900847,
    3.644189381486432,
    40.96407614067999,
    61.57562932297675,
    28.51520547881501,
    45.354723307768616,
    893.6671467724835,
    974.2973352229984,
    595.0533339833254,
    625.0705402340801,
    158.10929805504213,
    284.23855751829564,
    252.94924500547154,
    244.02184209971293,
    24.98737067464546,
    19.171243909531707,
    27.730187423087695,
    41.02879319217599,
    27.528040885163513,
    135.7390445535753,
    157.56464840535173,
    75.08637277113709,
    43.47760485605132,
    77.22261035411557,
    30.03596101235173,
    3.5512604468559346,
    9.68671829318572,
    61.74787259069251,
    117.13776535657807,
    8.479803695916267,
    7.838972942242435,
    5.246397566135427,
    14.96070992918024,
    32.215843174663014,
    23.032767925401416,
    7.148382363089094,
    4.086974444586764,
    5231.1256333403635,
    5906.035156689088,
    4623.20627438458,
    4102.670203469768,
    20.721695969558702,
    46.72757510748928,
    14.490707337705066,
    20.495958972822923,
    13.732459173075434,
    12.643296221886912,
    1.5131316726575628,
    4.935617928995985,
    29.246911694600175,
    60.80564386430186,
    44.6688827089286,
    76.60576796026966,
    35.54769685771336,
    13.833222737290805,
    16.277070963555076,
    9.996770622608423,
    164.98059382606056,
    157.5983408208268,
    101.15344450641223,
    67.7063722688709,
    70.63439796815267,
    88.76654269776239,
    470.6759746201354,
    3.3870717581720253,
    168.88166914927493,
    15.340871848953917,
    15.789317119936397,
    1410.6444567881877,
    1526.0508942273204,
    30.76669373386498,
    38.95063081346651,
    73.64109284882818,
    55.12037680977635,
    69.52159299573978,
    21.994676621365024,
    802.3387337362915,
    36.43939556511327,
    5.855947168456706,
    8.931188145250154,
    6.9334685423401154,
    21.01958561543216,
    4.132552641168871,
    37.39151498988484,
    10.451279886944665,
    27.696961887623964,
    26.75123920819751,
    23.733790326294457,
    19.481096406856363,
    14.085782520276421,
    15.1835094797913,
    16.844633667195776,
    45.893290942120316,
    44.94492985550139,
    60.06416020587241,
    53.67732127791722,
    42.972497565080054,
    25.883747068314527,
    72.52784071441579,
    58.07212869397593,
    35.54902741655855,
    23.608217582709074,
    1276.3805122878089,
    1366.4438025767508,
    31.340715943726963,
    58.544769359920735,
    10.983842885999065,
    22.317936801919743,
    9.655217817425811,
    16.594642546930075,
    15.537965116359517,
    2.2547566074072614,
    4540.434760591691,
    4718.459926257311,
    21.06179704157038,
    30.3205553837519,
    1180.9136648012438,
    1264.6002193787958,
    15.099102214700434,
    10.405619019014862,
    6.582599520464614,
    26.5696635741733,
    2.8955452978226868,
    3.554127867919706,
    8.074306135571634,
    211.34199370802583,
    269.33741386360947,
    10.587946649066838,
    20.927914351691612,
    2.6974789569771422,
    31.20425953475568,
    83.3224026138661,
    30.387841611467827,
    72.54085221257324,
    124.5431249037727,
    165.51824248925766,
    55.9933362975123,
    282.4147609607103,
    1.149566154801307,
    3.722136752136752,
    320.4988960559666,
    482.7789196146786,
    376.71228196828133,
    289.84551206457843,
    443.628078710586,
    310.8549372062078,
    145.16689155237094,
    36.76323890488131,
    45.874131468243334,
    82.68622341845683,
    57.54452824945718,
    1497.1054582072682,
    2272.8336905707165,
    2341.01921884063,
    9.845359828412109,
    16.052387941845097,
    22.553328492821947,
    154.0673823362596,
    4.08450070863511,
    5.949025334104852,
    113.08988953907873,
    162.5441586647931,
    159.6699642972775,
    116.49791629439392,
    88.32142610593002,
    197.4789854556174,
    96.81841942418349,
    124.2127135938386,
    82.90065654074947,
    105.37409533765367,
    69.01011158018508,
    50.25771154817342,
    49.32131202721161,
    22.51560704212836,
    19.08403019553935,
    77.86285552905387,
    6.3498874561701655,
    4.853444125516087,
    3.086579341345576,
    2.6016817043722407,
    12.190359522968853,
    2.812561734355765,
    10.22908796722123,
    4.628101911878002,
    8.630573192364393,
    19.717781385795167,
    6.16532663418842,
    23.591208718503292,
    12.92907184733052,
    4.712871343823625,
    16.244613331144,
    12.155856058124144,
    13.954721450959797,
    7.759736703367631,
    23.82813130212873,
    2.719889306225928,
    4.466564383297198,
    16.253202191311996,
    11.656596603400772,
    28.329678771955937,
    14.696860244283268,
    1.035549538181117,
    2.9409663412820253,
    0.26495726495726496,
    9.991402561338061,
    7.157290780810323,
    13.84990724748957,
    18.26902482516936,
    13.696575651350674,
    101.12599400950305,
    49.586839857606186,
    61.83827506405712,
    28.2413147919313,
    13.485777899775295,
    4.669751319508325,
    20.449132968728833,
    32.9744890616981,
    26.097647109170484,
    37.583058057148506,
    30.27572251352651,
    25.99647825821485,
    24.115848468382644,
    11.614306088675217,
    28.030357472946065,
    32.96124495987429,
    47.90656242368034,
    22.207396374228985,
    19.456139098771352,
    32.94354866667342,
    8.919495814819085,
    11.75220812389209,
    15.667333555769616,
    35.55102265019409,
    8.383057366353123,
    22.040163574491284,
    9.854348757519427,
    7.601501731344863,
    21.782444033015324,
    33.04491716564676,
    915.2142074668541,
    810.8194857483184,
    0.0,
    99.59280463559396,
    63.91588237058649,
    36.51819585800406,
    35.9925594262509,
    107.77014548330366,
    112.535723087537,
    146.31793499101485,
    119.04444931628326,
    113.92302150190045,
    105.35401306382036,
    68.34584792784895,
    34.55385296108174,
    57.626940182495794
  ],