{
  "assortativity": -0.2092890963555025,
  "betweenness_centrality": [
    105.03101058345464,
    108.9212015661676,
    4915.341914737335,
    4222.464646922461,
    1096.4478311447788,
    1129.0946099688479,
    81.41400099805922,
    79.99616793668815,
    10.035672484582244,
    21.449225994463546,
    83.81455816605877,
    55.621957944515714,
    243.7610843800799,
    319.1720739173344,
    947.8285654525192,
    1167.505246475732,
    23.141153792686683,
    78.15169557208395,
    156.19221846111412,
    155.36059771713536,
    121.49657305781408,
    109.83360429564168,
    8.641228633627552,
    70.16685730994934,
    22.51513403621209,
    37.06796017000808,
    31.30382935317697,
    52.35332287047887,
    31.180892250091897,
    17.594172848243804,
    83.46884161072768,
    24.274020770050175,
    11.891172127314437,
    15.20383477731932,
    29.078743234971665,
    20.086589072747692,
    16.699170997285353,
    20.3443821433416,
    11.790865022756837,
    48.30439846713821,
    82.96953283716229,
    839.5876437717751,
    1000.6252453798487,
    126.03129672718971,
    164.97386908585736,
    61.35550369562202,
    49.74714526313701,
    3.3610505577678627,
    4.992052906968635,
    11.651306684838966,
    36.56219329918654,
    81.63123235611448,
    37.1429797752339,
    1054.9273207847048,
    1075.1354232865476,
    540.5629194122633,
    558.5974173801628,
    300.8612604546967,
    353.7534344824935,
    368.6265827185757,
    310.08360907276705,
    81.53661474862157,
    59.685244531003804,
    89.04976922190266,
    118.29421090907704,
    163.96654103757493,
    281.65146214981183,
    192.01428126216373,
    72.2856561264612,
    92.66800303270391,
    119.7249931439104,
    99.34059951697515,
    4.569478020482297,
    31.467659033024876,
    102.54758412770094,
    80.74368524804241,
    32.007837445471324,
    32.614580665159394,
    48.67439816803283,
    16.093751806814392,
    49.10636110440035,
    50.96937486657332,
    2.0682994546139253,
    7.591026713600515,
    4409.908464357954,
    3746.2886702857872,
    4037.139560020657,
    4119.159567052927,
    25.33373745597724,
    49.588641186408566,
    56.90650805419506,
    38.09095811905783,
    40.22964688722907,
    23.542021609187067,
    26.482885756878428,
    80.27099630450087,
    65.9380670436276,
    24.705858157496277,
    34.810401868604515,
    65.19694051499951,
    58.19129300670118,
    30.08948566019928,
    21.35219348787554,
    63.137071477465234,
    216.20785923745777,
    153.57213211014238,
    86.71834892063512,
    45.05276110588871,
    111.37054154904348,
    271.8717112408924,
    736.9753073243846,
    10.063332610858135,
    224.0189327746053,
    25.198124098814745,
    37.802744902798636,
    1142.808187118377,
    1411.7837694286786,
    36.137423016138044,
    39.79320518802273,
    79.46450095444037,
    96.22959776446869,
    63.81300301717845,
    53.29417294680873,
    503.03030752614524,
    25.836516970447814,
    33.326777337635576,
    15.8848386550179,
    9.446211269458443,
    32.48720288768231,
    16.88893321133913,
    13.220799119699377,
    42.88387937090133,
    31.90018848949981,
    31.14533348222251,
    45.93068175931089,
    17.505889865212943,
    30.680768857999855,
    10.086404394274954,
    13.659980423245807,
    44.76265270538302,
    33.97856535520119,
    26.840642730496334,
    40.91499886342084,
    27.506804278862795,
    59.53654242822631,
    42.48633130167361,
    31.000026634754544,
    29.539974294376467,
    29.344972088369015,
    1326.7718939315182,
    935.5207089048434,
    34.97351714807935,
    106.53191119715866,
    25.878405613436126,
    33.649065794469486,
    28.662556771083704,
    26.98075271174957,
    27.78769346278045,
    4.120535997632367,
    3893.492811757829,
    3481.203477184044,
    36.53121444994463,
    62.35037192647479,
    1306.6752767208968,
    1156.1158020289654,
    23.03826876318492,
    27.909518333474328,
    3.9813331611726492,
    3.367534251200473,
    19.852401276641245,
    14.070614874632728,
    46.14134646298216,
    336.3769759339741,
    326.9613679136979,
    27.87924098147081,
    20.036802221350108,
    4.368333519704945,
    43.10756985665725,
    128.1862414548451,
    131.1014610987809,
    176.07544617800474,
    200.37362234408627,
    219.26398050703492,
    180.33276297793387,
    380.53642075668785,
    14.217691607881731,
    18.43103930607161,
    339.6621827736985,
    408.78499537852025,
    339.98256276360695,
    330.4052958501377,
    380.3366812697362,
    382.8691539447311,
    315.7311593347629,
    35.732679198110425,
    70.31274183099266,
    113.84702532427,
    96.36454494623617,
    1245.004523241544,
    2322.456407105809,
    2466.0990191531905,
    36.54137989975916,
    27.821832392795343,
    80.39984779130022,
    225.1138552698087,
    15.94220600902193,
    32.55138596205644,
    203.96403992333694,
    177.71038562937665,
    229.03509110813266,
    191.48691837344973,
    168.13150860849683,
    185.7704814998319,
    65.14340098462151,
    48.11057004423487,
    75.20501329780237,
    149.89432707459662,
    112.52540230067441,
    37.25550875022628,
    185.03264262683092,
    81.87500214881058,
    113.89409392399978,
    98.13933524477372,
    32.14478509429653,
    36.69892705055091,
    84.37113422353312,
    17.98914331996073,
    28.207481229709085,
    7.231935081569355,
    3.1307807669016774,
    20.50475665298457,
    20.080048184822004,
    64.01112543635558,
    33.01783060089691,
    24.716667499841908,
    28.81272915334717,
    13.693598181451518,
    15.561015214631807,
    110.1015531448741,
    55.844013125398185,
    26.801593703409754,
    40.5766569508784,
    28.640243138622612,
    33.53767133827336,
    41.81783834580086,
    70.22374100341511,
    68.82821882145775,
    59.52697250987656,
    2.927109234946764,
    2.5250296759743764,
    9.41857937417751,
    12.054717603153087,
    28.418183976846652,
    67.72079037975821,
    57.34434470051463,
    78.29756692232326,
    59.54203636155594,
    94.93915795812147,
    98.48136954275509,
    137.94054540902684,
    30.367156852410538,
    44.114542735884825,
    47.67596607092813,
    84.61138491073173,
    57.4995593550431,
    35.38969680118432,
    15.093777575269533,
    14.793406773081813,
    31.1217554828281,
    18.3066496265008,
    20.145546984154645,
    26.724712469305516,
    71.39654811485714,
    14.670343365491025,
    38.381979112593136,
    43.75595768326226,
    27.805863255548285,
    28.97596695472592,
    12.69296108988437,
    20.46464723064518,
    23.21581179363635,
    22.126083927514212,
    17.890634824859692,
    13.745619606197845,
    19.22118827002063,
    23.353703499926223,
    966.0968105455562,
    686.0624323139882,
    1.861039971640469,
    117.88492417548889,
    75.0127635895876,
    137.80806982589445,
    211.73617368998018,
    146.43411329015427,
    134.8307231571828,
    144.9614269552746,
    111.9321058617813,
    168.77186426513902,
    119.66306467056114,
    108.80002461438055,
    105.1548512401036,
    103.52277874285261
  ],