{
  "assortativity": -0.1994678391493264,
  "betweenness_centrality": [
    135.90109063324772,
    117.10038770029072,
    2710.8233334012816,
    2756.387373660369,
    1286.898344004488,
    1341.454272246563,
    352.3735244979901,
    478.4666303387682,
    79.23827841831942,
    96.38084621768904,
    101.76769683647628,
    139.22995974118493,
    26.695654906842897,
    44.022342076040125,
    130.36391931608523,
    103.43548306570119,
    6.875699535487007,
    4.014926588936592,
    357.1662262273977,
    263.4903876540936,
    26.344938165189745,
    39.47334110825667,
    1.2075226445391651,
    123.3508809765264,
    165.8775027552686,
    4.300737555656316,
    4.954086323028293,
    235.21893500541879,
    8.282975745731042,
    8.305084206579155,
    2.6661772337744916,
    9.274704722276937,
    10.022988300023233,
    8.908153152452886,
    11.914937286055016,
    6.1635317102271205,
    3.7572620684277878,
    8.555755246290735,
    5.485758675638116,
    768.9691484098167,
    756.3609073934335,
    647.307925158859,
    539.3159076666366,
    508.808074955618,
    495.60653204644984,
    892.7538313034343,
    672.5373802156251,
    196.22317980325045,
    178.40398333610975,
    848.5742090151516,
    609.7214080495321,
    96.79952590392512,
    87.24818430587804,
    1248.0577008606858,
    1046.2387598172304,
    386.7470924351628,
    308.2973281012238,
    387.7389173936029,
    490.19270180488246,
    164.51570292560007,
    169.5809553106668,
    113.74323719342931,
    103.72428342499697,
    100.87020080313587,
    11.424798113221774,
    3.679488928419489,
    22.811797309823366,
    30.579628203160688,
    112.59981756948085,
    36.813473020273946,
    40.024794828774965,
    127.8263052865258,
    48.49310946830892,
    35.29112195148796,
    43.9926639367872,
    64.71715530359224,
    6.812349147401884,
    5.295815438702799,
    67.98605175373918,
    61.163802704482514,
    676.0218793542784,
    689.1946047175467,
    0.8764875052602618,
    2.096746838186467,
    1764.1215881987982,
    1674.9996116123325,
    1883.3747462174733,
    1702.158474916891,
    18.2246317954047,
    14.56404741843331,
    9.715486476638533,
    19.50953160032821,
    10.254614750647201,
    12.19651426952157,
    2.187740786290492,
    11.758778239536328,
    15.768417066492267,
    15.885128837016097,
    100.99782695008383,
    7.817799163005637,
    15.708497821141673,
    4.080237777350716,
    4.2713292923372945,
    15.961992826566664,
    266.0213240262331,
    204.64304408055273,
    159.0948145323795,
    155.67955770764632,
    222.60794463039812,
    139.88483952151975,
    964.1117292760133,
    1.9382563188787707,
    33.2075637828455,
    632.1654157013679,
    514.9236214140312,
    650.5363257268067,
    659.883643179532,
    198.49642043386459,
    224.51149196713075,
    390.46759668609,
    497.0292334714401,
    3.2170658522879823,
    10.278062522957512,
    17.40978873119165,
    4.815129353388894,
    3.2489744008886063,
    2.4337129955523356,
    4.003832815654691,
    4.826049876647174,
    4.179093497375511,
    1.6340150892071554,
    63.28839652212619,
    59.108601565920274,
    74.44600924015656,
    88.41633520007396,
    55.17485557839434,
    40.66624643452534,
    64.89871555507435,
    73.50984517577398,
    6.586223331702148,
    236.274888727718,
    344.3865194158105,
    389.81698702687964,
    420.5242499183513,
    173.14601826661553,
    86.05472278354581,
    230.67686599288876,
    276.4711095650821,
    2.7180862628119993,
    450.6080334321215,
    415.48087076970654,
    107.81883878060336,
    165.87060527856596,
    298.1438817336,
    385.03208482304206,
    337.8656099846396,
    260.8968447782076,
    4.275497214229686,
    0.0,
    1619.828505308792,
    1339.577294955898,
    1582.5537172319398,
    1552.8165197202907,
    497.69211689889283,
    679.5532252483886,
    8.40347413232962,
    5.636991510990877,
    81.39020803839227,
    150.10774192472144,
    2.0520972416363965,
    0.42919604238017767,
    1203.499923455655,
    318.6265464677912,
    259.252766751162,
    7.449683492293141,
    8.098744775327688,
    181.97233323593608,
    108.75723902041625,
    103.24023964164745,
    119.90810457679603,
    150.63056865352502,
    373.6693571511111,
    508.6794473127844,
    154.15190335402573,
    270.8904170074274,
    232.9926180090518,
    373.11619441591813,
    147.27622529434677,
    133.24476798610482,
    78.14088001410653,
    59.95752250847797,
    339.74408536069734,
    241.97169920536894,
    182.62616276509974,
    110.72175230694712,
    99.94402463260545,
    375.98743685881914,
    365.177050343563,
    16.776832628290762,
    2091.6924414818504,
    2027.3302301679794,
    5.172464182112771,
    6.245017827898975,
    7.270174999596238,
    142.0545443324037,
    127.22321688471325,
    202.60714429876325,
    22.602170972420524,
    11.024981187373719,
    10.353233076153309,
    13.992493196023458,
    6.763460438163469,
    19.39409029341534,
    315.2269268546401,
    311.03653779743667,
    279.82242532511594,
    309.14771581279473,
    7.02528303584084,
    2.0239846022929853,
    929.1436771594381,
    843.3556064945243,
    2.6881008428087263,
    8.60144061480556,
    320.1662084150279,
    242.0279446187383,
    77.97080609450516,
    66.33720795094871,
    2.2997282075411296,
    0.7638342877473585,
    2.016789095627506,
    58.77785777297003,
    78.43569176720156,
    97.98990508057594,
    102.67462822269906,
    112.8650396956939,
    94.82916965175781,
    2.9017053814160705,
    2.450633426661483,
    6.93084944710814,
    1.7996343859517594,
    58.813692965155575,
    48.70762758602178,
    3.1376766043113333,
    1.865537053626113,
    6.057841625685209,
    5.389169441469164,
    5.104189478694698,
    3.734955348998094,
    258.1455640045543,
    189.50784247878732,
    169.79894551616033,
    210.7526229232339,
    1.9249911725762083,
    2.8257443990285624,
    959.4269401340714,
    798.142438644958,
    116.56662731967597,
    107.25665359044818,
    126.96733025927222,
    129.11846032517923,
    9.598799842822025,
    3.817518789180826,
    9.907634577550544,
    28.257068229428516,
    15.647369056007566,
    24.42947613845572,
    11.53627693503664,
    9.359292624819236,
    5.698984705357843,
    10.665398422451773,
    18.3267840049466,
    12.868376056233409,
    21.04880787247381,
    7.912183942421171,
    11.537351498032358,
    13.01727302202421,
    9.78025330218158,
    5.337419987459736,
    2.2859449273060872,
    6.900952678402371,
    8.509476415626624,
    14.40425121698819,
    12.334642465346585,
    15.959557535462363,
    32.84785932056135,
    33.5638234404559,
    16.112736684266803,
    38.62770095197868,
    8.700300550644089,
    270.78769918507646,
    138.89890127346737,
    101.7377304901365,
    106.40817013821913,
    210.49459646482305,
    217.66179768919415,
    239.36838824882977,
    279.67401857958174,
    214.2951577292798,
    152.48091757181183,
    169.76280915091152,
    150.0535430736641,
    107.40418754972235
  ],