{
  "assortativity": -0.19405493085448886,
  "betweenness_centrality": [
    127.8862237127022,
    91.11548051427229,
    2629.839708952604,
    2430.599630562335,
    1280.1953707823366,
    1626.5904387424105,
    462.7556854607932,
    492.80778802808805,
    109.81673295761773,
    129.59580801989148,
    146.0448805144765,
    118.65739612257146,
    37.49718449400934,
    76.96625270582751,
    96.91741345249409,
    148.55293767985503,
    3.950152985862473,
    8.21925326049744,
    439.57013999876244,
    517.0804762069841,
    41.879464711304394,
    46.294619311897414,
    3.7516393403287145,
    78.8684614767218,
    85.61229920410814,
    4.37524345644278,
    2.7983638691970887,
    206.10557521953663,
    8.747445984088799,
    3.5167804633529847,
    6.061772660070802,
    8.969526872399058,
    9.440022881127593,
    4.713219043100167,
    10.58313672899364,
    3.879512268236615,
    7.846386399296095,
    2.322284524795772,
    4.422917397284073,
    660.0032216995406,
    766.7105333423375,
    742.3959754702897,
    463.10409169220003,
    534.3728707338665,
    560.6032778432283,
    929.0637495570483,
    659.9348747027025,
    316.15156277664994,
    311.4552437475646,
    665.4566749529248,
    754.3654855138501,
    84.55485141593122,
    118.83365268091687,
    989.6576714219219,
    1132.9336926604055,
    353.4105021256181,
    365.40992782790084,
    330.27475156375976,
    428.25154985705404,
    181.44418847368806,
    249.1832800007468,
    130.5682903346265,
    183.3554742862879,
    99.14640762649896,
    16.44977653745172,
    21.009465074320396,
    41.245177857256984,
    31.662896102297044,
    106.00866280787866,
    35.79489457501628,
    20.826833469601187,
    163.2477981713079,
    25.176057434089834,
    62.99234678945856,
    48.51116731645717,
    66.23696753095044,
    7.853436156479355,
    6.142684862931461,
    83.32188487575146,
    66.61305795683269,
    732.1765587480096,
    536.6230485079138,
    0.4220689561540896,
    0.3818208568503487,
    1588.4847962008955,
    1708.9924290007705,
    1597.3734367449435,
    1365.2952167987721,
    13.529208059019455,
    17.742411986499285,
    17.795357636586704,
    13.955582465669067,
    9.86858824842925,
    3.0920089060354834,
    2.0254203998488767,
    16.087269534478093,
    14.7040718086419,
    26.422821343247538,
    124.2814478095238,
    17.9076251844683,
    10.020070118195846,
    5.871889820858483,
    4.614714339405254,
    7.842471992087563,
    305.38996360306703,
    252.80671514109332,
    282.7888612490628,
    166.01911076996717,
    155.13395669489995,
    142.9799195173132,
    868.5315686704081,
    1.348661297414199,
    14.110319919577995,
    509.02176892013756,
    619.4052435138582,
    575.4618604446284,
    645.4715813586365,
    240.47794358220264,
    232.63083034055708,
    549.4988634110603,
    419.4980904377928,
    1.7948098960372505,
    5.173955912112661,
    15.625087422438487,
    8.01963371630604,
    1.787075628937109,
    4.678036042733064,
    3.4607507555370454,
    13.722109186997699,
    1.7293729459370604,
    1.127647099151381,
    58.230089958009145,
    45.84944288236753,
    88.51956129441677,
    76.09444107606015,
    52.9868919843028,
    55.759770344423515,
    56.15254602563171,
    63.11615931079941,
    3.5903356433440186,
    370.4755702632191,
    241.2816478229505,
    430.3669675483596,
    363.3615042816756,
    351.68421626505756,
    89.95366048228526,
    310.66708965139804,
    213.5560212120585,
    6.647228511992747,
    381.891815241843,
    397.7818352369533,
    135.2678236179762,
    123.85149262249892,
    282.6807546841566,
    265.0449928650956,
    381.38113024063637,
    231.03709740404437,
    8.707420176965469,
    0.09586056644880174,
    1626.9587155545264,
    1544.2432602065055,
    1652.1590078992767,
    1599.299143774004,
    835.3608151814607,
    903.1943951250215,
    4.27837915066122,
    4.597903872316871,
    67.96130664762664,
    145.44105968981248,
    0.9492817580818034,
    1.5687406305664606,
    1374.6368738503843,
    359.306955593124,
    188.38548822652453,
    5.6640059705893675,
    8.421015601524202,
    119.93193162808876,
    102.83983282077025,
    108.93859988916819,
    89.46295360765025,
    137.1635383572533,
    293.02062857471196,
    495.3675458379576,
    168.14016897612598,
    172.38433111208988,
    315.18201011715723,
    243.3840909958345,
    99.17762712320169,
    145.35088848289166,
    54.500599900787385,
    92.02629762493302,
    280.8033386269076,
    365.21301502270643,
    187.95488907125863,
    84.59039256073845,
    132.14989892475347,
    440.4865537764419,
    298.94014733485153,
    12.570051537186217,
    1766.7918323628373,
    2230.6257809786384,
    5.5245280025062575,
    3.1339977867838344,
    14.400391781783423,
    219.2650735497716,
    181.60382855446886,
    297.5253468270978,
    31.43862036713795,
    10.601812149161328,
    21.180958718783383,
    29.47016713392946,
    19.384530866183752,
    20.473495675010923,
    226.3547716355927,
    319.4354823254872,
    291.45085634335896,
    341.6355926685866,
    6.652856558199003,
    1.2303206383222156,
    867.2021021588314,
    803.9685319980024,
    7.145230305692186,
    3.4819158338478178,
    288.48008677652786,
    306.48428116430716,
    78.05577065458263,
    70.96871520784849,
    1.2578684534858324,
    1.9928348695167326,
    0.8824929330864185,
    52.801779526990245,
    125.97101815246782,
    54.675145035191264,
    64.74003386765897,
    106.48703341355217,
    73.48919551148887,
    1.9018320804255255,
    1.6730926584676307,
    9.105411467912653,
    9.713189639393635,
    50.76134077534285,
    86.29382098288335,
    2.695364138299065,
    1.90099767295984,
    3.671128414200716,
    16.481939301352273,
    7.659522285064957,
    2.957723044723509,
    176.72387531721998,
    189.60124362419197,
    232.5862818142887,
    158.46755511923737,
    1.2620961257068468,
    3.395567200227891,
    912.3659268852672,
    751.5804965119005,
    126.22005754980472,
    95.72619753708135,
    163.24288009222522,
    137.78549570788002,
    6.596874335309226,
    3.689204929838302,
    5.203289923583859,
    15.065484156906745,
    13.785020254252041,
    10.47644863266412,
    8.544602396641064,
    14.33720427870351,
    6.235893512984452,
    3.5348584221847967,
    11.022378661281145,
    9.403759552021489,
    18.67886812868267,
    5.500385713730708,
    5.072769235997791,
    10.066676526300924,
    4.291801712066958,
    16.95552681962646,
    3.7124919441174415,
    3.0377005331070994,
    7.243643607102589,
    6.31623961867441,
    34.80742898968293,
    25.9328281177561,
    20.46548400183532,
    33.63270653912435,
    12.966007317998994,
    15.32999120419892,
    5.11192788975225,
    167.33744361694107,
    126.69608749270176,
    109.66140202403858,
    150.0441144681101,
    113.3453808610249,
    150.08671977096563,
    193.06919357846897,
    192.53145957475306,
    172.16784361059356,
    159.87889927757217,
    161.5420355527639,
    117.28099383153871,
    201.4779550636777
  ],