{
  "assortativity": -0.214759938676506,
  "betweenness_centrality": [
    144.59368787759144,
    139.61045086081424,
    2797.1749379515395,
    2527.2930449634864,
    1392.776155215762,
    1237.216760189585,
    525.7916471964974,
    431.7875377228935,
    93.73441522540845,
    109.88410200214508,
    121.40458681734805,
    138.5772658486665,
    35.46129199812698,
    38.93175500412273,
    154.3590923928924,
    109.20096898592637,
    7.706123924428261,
    2.163625761283499,
    296.37359025151153,
    388.78508909581984,
    35.90970258707648,
    52.58738429506675,
    5.078129702980682,
    88.71772555364697,
    49.0007135318695,
    5.431691960831218,
    1.7351353115727333,
    336.1736642751518,
    18.31095642847026,
    3.197125482589546,
    8.85398742486667,
    12.70836022326415,
    6.266776976497848,
    8.365336916089518,
    7.968052101401947,
    4.137231305564685,
    5.1834698255529545,
    1.6913850090029103,
    10.449890903141572,
    682.606553816391,
    734.3467414721397,
    562.1756324750507,
    650.0856731992347,
    669.0775715318154,
    607.4570680186869,
    855.3033591725597,
    673.9334719357083,
    245.01560872083434,
    301.5342022034924,
    607.7266081003246,
    680.9508865742114,
    136.97420004548167,
    86.31129737350425,
    1106.0569047717058,
    964.4437217517275,
    350.95535938358887,
    394.3046847145103,
    439.8325100561347,
    562.7076775243941,
    128.54713953154624,
    203.4148228071358,
    99.18351353219033,
    97.64623970038161,
    85.16470968857477,
    17.66333675429932,
    3.5295707058204253,
    13.61995160896383,
    17.498955603489588,
    103.23083662269185,
    64.62068603835314,
    15.920592967221648,
    150.05452858004998,
    21.924823943865857,
    38.92048530327899,
    66.0320619656173,
    50.740481174170746,
    11.521862708447438,
    6.491285040794972,
    62.60365342501316,
    104.64226781382109,
    799.9615850189587,
    855.8469016510436,
    1.8921450042455628,
    0.7069682198558913,
    1717.3576429617465,
    1841.1652175737042,
    1286.7355148700315,
    1398.1425644765459,
    12.09863566570586,
    16.572936563155366,
    13.16254726344701,
    14.745527866049517,
    9.004152447358589,
    9.339233072675102,
    3.2844512422635503,
    7.101845327496916,
    5.181435379226375,
    13.310022164725162,
    137.726364730905,
    20.876654360979366,
    10.290817900689191,
    16.237773056660068,
    8.184446134682629,
    13.118038959414891,
    270.1164837085261,
    275.8762588887508,
    227.87349023741928,
    189.43442542450302,
    163.7296229060751,
    206.48940180183206,
    1265.9953925099853,
    4.204407071418125,
    17.707312850091117,
    528.359892814957,
    564.6093198599222,
    732.6860726842322,
    582.7497393911611,
    220.4652828868138,
    253.16916128831397,
    519.2720276318879,
    414.7684228255638,
    5.003222372300955,
    5.297292569025296,
    20.04964533327596,
    9.214220465659716,
    4.2413391095398865,
    3.3279569050577624,
    1.5574614222095837,
    4.871967096786323,
    3.7810113617891776,
    0.8484514046258462,
    36.87863907803878,
    44.038043077299626,
    62.383545034343186,
    81.55469993744954,
    63.598225789846005,
    46.28499237836726,
    98.34636943741077,
    75.17049432469848,
    6.424627021893975,
    270.0606463751329,
    264.1938375328793,
    446.2695450598852,
    356.53625724685077,
    174.3473232376766,
    101.33009703361779,
    217.93915380077706,
    267.2382181740152,
    4.444133218226765,
    461.9205471281646,
    542.5874009349027,
    105.83374546973238,
    96.24510804950894,
    423.1397309294871,
    266.38200905638956,
    269.3703590492286,
    377.37996071599537,
    5.588080188671229,
    0.0,
    1438.903896971181,
    1622.3779711614382,
    1659.3795075965597,
    1841.7038329731556,
    741.856371812976,
    597.837197294874,
    2.18490012991104,
    4.531654513069885,
    79.42558809248202,
    102.0744955752111,
    1.9444241677463927,
    1.4153427897540816,
    1337.749195250617,
    242.54989914681727,
    273.866391969024,
    5.907887610752932,
    12.384812430356604,
    117.69094937626816,
    45.83524068275422,
    77.10228794712735,
    88.70152082128666,
    125.1421513228124,
    411.4231993959275,
    370.64943015868676,
    150.41155573588136,
    231.24013310777283,
    248.07173891272387,
    262.40893664837154,
    106.01954738107368,
    89.9449470999599,
    44.677822298156705,
    38.46941561532653,
    371.84330514953183,
    398.4436390919269,
    230.61426599307129,
    142.3174550745461,
    105.9119718804368,
    453.5816870213454,
    283.0216754497688,
    24.661837965282633,
    2011.870474521449,
    2099.97914521578,
    9.165272215071555,
    7.355849260627555,
    4.273795247752016,
    154.59657487535583,
    132.06239516197238,
    186.52505812543887,
    24.85154914263452,
    14.367172423639046,
    17.032444678172574,
    29.632395607851496,
    13.179098329078295,
    15.602249467467079,
    354.6408348522564,
    248.3214786088141,
    340.35846768669666,
    279.244702180601,
    12.2279531370264,
    1.8321677732440214,
    889.348195851595,
    1034.4598480206835,
    3.8709500331019795,
    2.4241130730550315,
    262.9127763080645,
    311.53662137768174,
    90.19953366734259,
    76.53178038486273,
    7.741697201369532,
    2.4658402756432216,
    0.8391720317233831,
    59.956208508946425,
    75.97901201907479,
    64.81150486483439,
    88.98767361205255,
    92.14780957975655,
    97.23772540755179,
    0.935132721295832,
    2.2418766976585096,
    2.793480312322935,
    9.469913912166229,
    60.395307236872334,
    46.724370288074155,
    0.3297496730408868,
    2.9890811487391318,
    1.5254503364366374,
    7.890000009359741,
    8.067261510311614,
    3.6757565615110317,
    82.61613196848256,
    188.0725586833696,
    151.50725544285064,
    217.95884430753478,
    1.9898933313830582,
    2.6415666650517244,
    657.1459535043402,
    804.6709389133439,
    128.11622333965505,
    77.52360513585425,
    110.19870486169106,
    135.57314375299765,
    9.103900782245438,
    5.405813517323619,
    4.119176897084101,
    20.73746953541251,
    13.277940678633398,
    6.5535673428366366,
    5.997641458898607,
    7.601756728594096,
    7.31367402022687,
    5.437220222362547,
    11.629393120001637,
    9.019468453779933,
    24.787585443343865,
    23.687205294547844,
    5.543204878161298,
    8.372012665969358,
    11.81705358060766,
    17.556898630519786,
    11.322882044863,
    6.040085415709029,
    6.252033787279991,
    9.855052255626745,
    21.035587341412114,
    22.35154490018454,
    25.510264869086047,
    15.273241968437171,
    4.326514205719259,
    18.949871247393276,
    2.992190785472477,
    163.11732816904666,
    193.18803622754598,
    98.95397439326396,
    89.44604152802133,
    144.15793927278625,
    161.84991617298033,
    187.71409999335899,
    151.6072447494535,
    166.99229650981553,
    180.90536703636002,
    217.16905896132687,
    121.85473147041085,
    118.68100731380497
  ],