{
  "assortativity": -0.19076109337532507,
  "betweenness_centrality": [
    106.08853656900145,
    107.81086027976988,
    2865.92886280797,
    2617.311008304638,
    1233.9264160146931,
    1444.4291572051873,
    386.29376080112837,
    519.7611111353233,
    60.85639938844618,
    125.32195897814672,
    174.40811355475762,
    152.77667026542693,
    63.688548634178524,
    31.083070347877772,
    144.8762969812454,
    106.38712222244087,
    4.776144876916447,
    3.4756405831610793,
    300.9922518599159,
    407.6630544852319,
    35.20951380203388,
    71.0143396834569,
    2.9596038774384676,
    83.96927184779285,
    121.80846367901445,
    3.4127762419434324,
    3.1111870982395273,
    320.6320883294231,
    7.06041040609084,
    14.716486796052838,
    3.840778958587275,
    11.649321098491319,
    8.747161763267226,
    13.394576200914022,
    7.306317157351581,
    4.784932793793555,
    5.577434899186353,
    11.446806237344815,
    1.5338236988059646,
    797.2255614818914,
    439.81452896018845,
    494.479087500445,
    607.8500246048465,
    513.1730401348993,
    568.8733177895895,
    885.8207314174354,
    1025.176869225953,
    288.961392215251,
    231.28511601541402,
    888.879182572021,
    691.2299699424374,
    73.51494369813518,
    103.57241975100462,
    1025.0125678010277,
    1099.2889949006794,
    517.8864620667791,
    498.35050951839787,
    316.4985817285794,
    579.8522056146811,
    148.9847425800936,
    161.8730146542176,
    223.68939757879238,
    105.43140191830352,
    79.29264161669784,
    6.725572346926615,
    11.579746520983221,
    30.525193841921176,
    44.93292734538216,
    98.89613098941888,
    56.74897554339753,
    13.065451240097657,
    157.7527175868326,
    22.07204445460742,
    62.392565607809004,
    53.03753627401999,
    77.75885776337148,
    9.772416781056048,
    8.79262181434491,
    71.57598196552127,
    75.41216673499666,
    647.0567248655373,
    522.3706848510559,
    0.6548168396692294,
    3.5243958300653295,
    1784.5649385750817,
    1819.0519644241233,
    1429.4042001885666,
    1366.4079858673078,
    10.733090914955026,
    18.409548674171468,
    11.841217532444206,
    6.236690601728128,
    14.002677290538356,
    6.2659723706494965,
    6.321112861827271,
    7.936640266129333,
    18.294318668566696,
    13.833214519763853,
    105.95254617941467,
    30.3447612337779,
    13.574578780088231,
    6.102458604065827,
    5.288016992264178,
    6.02373449147047,
    316.4663403492657,
    268.1880070392305,
    220.4107669768927,
    227.4015807677793,
    224.86049899053228,
    195.39286118278466,
    1002.9465613962693,
    2.7921025155482284,
    12.347252156103787,
    525.1131506930284,
    465.9464787141006,
    431.4493292274531,
    560.8677082589446,
    216.92407481919528,
    286.95655776420745,
    507.9849718932154,
    550.1692846561242,
    7.396120910667482,
    2.7094724947268096,
    5.216857104466297,
    22.875662794966182,
    4.255632603686998,
    3.1877353656618292,
    2.5100552443239064,
    14.540650305541167,
    2.804045246715762,
    5.314229678900045,
    36.18717291489665,
    83.2803018532282,
    76.40969099260204,
    68.32615378027438,
    66.05792797152,
    55.06146278315259,
    69.409725820479,
    54.82007826704284,
    13.762038490825766,
    256.28201135194035,
    266.57713725464345,
    342.88136423821766,
    345.6741933804028,
    180.1808873498186,
    95.3476702105625,
    193.5093814217775,
    252.31221557628706,
    8.469511625292093,
    523.8184123986724,
    308.05710642588826,
    87.63744521450482,
    161.18718252490183,
    592.2763120494606,
    330.2506068686768,
    290.58192984966973,
    316.6197841820631,
    5.3226697012071655,
    0.05714285714285714,
    1593.624915259222,
    1302.378454274712,
    1708.2292190224323,
    1621.5536691471627,
    510.6895393095629,
    475.1839690236085,
    4.003272834687036,
    2.080948414096403,
    87.47149917572403,
    126.81011233282008,
    2.3562503540416655,
    0.22282594278430726,
    1253.7877775701966,
    177.90222460740094,
    346.0064024950338,
    19.938673883822222,
    20.3545931429231,
    154.45920357243318,
    97.14786080947079,
    163.38970426909475,
    143.2658093833094,
    185.16913290321682,
    403.4508248731646,
    463.65208650885626,
    201.42603805504058,
    211.34885015675252,
    377.39725921853193,
    273.4869273985918,
    77.41066527462863,
    146.12725322339827,
    42.444954150700944,
    53.87641339641918,
    347.7100102934654,
    283.7840194083779,
    138.38753071737727,
    80.37058308281735,
    132.2924778009753,
    512.9773852558586,
    383.9893349253674,
    24.822177798290657,
    1818.809836103916,
    2045.7923200549048,
    6.2660141557464115,
    6.480433179437469,
    6.656277854060485,
    180.61515593435414,
    110.7478602709258,
    149.98802812458513,
    21.531402533525522,
    21.880298187847824,
    7.429441329954967,
    17.829182779352998,
    6.243129888236024,
    25.844716503203394,
    325.60699228246045,
    324.11314895421924,
    527.5581209779821,
    304.78780411659847,
    5.429353023561288,
    2.8225910362548774,
    873.6090239469183,
    1002.8104034985724,
    4.9193288616682285,
    2.426054722006236,
    211.03524758844384,
    423.6949385079208,
    61.08616346552764,
    50.50856575961526,
    1.8168985563176454,
    2.903610293526888,
    2.346481512524357,
    83.40255514818266,
    79.79612549955026,
    107.7147468882027,
    70.57304831825543,
    109.62421216372084,
    108.7030935161912,
    0.8444564086898934,
    2.0021691231583763,
    4.272527993858355,
    8.563968070569807,
    42.27229800279051,
    77.96664968750511,
    0.4916669802567972,
    0.987225652915563,
    6.852422417058558,
    18.450649410846154,
    6.782196328908991,
    3.5698448451072045,
    189.2242233980825,
    196.36755566142534,
    191.1605602503514,
    245.9479162960498,
    0.9122014674384811,
    3.091546879067197,
    705.7117430767192,
    708.2541925992725,
    109.87698359093955,
    155.17224226136133,
    130.9036366135842,
    173.6312578716461,
    7.3132547525769045,
    6.6465266218518195,
    5.175369650453588,
    28.454876415020504,
    5.7311798169029196,
    6.169026556759471,
    8.09712139245558,
    14.419844375223361,
    11.321936350743389,
    5.273982787830866,
    16.02393535027217,
    12.049949809790267,
    30.79974316274783,
    8.352353982343455,
    10.441539779612533,
    7.991182751173225,
    1.5853093158020715,
    5.9668128446543225,
    5.062477436127424,
    11.21339824974418,
    5.442460607998669,
    22.267226944635503,
    7.423959836353686,
    18.057092240343028,
    33.251061921275955,
    48.20099215525802,
    6.217771144364067,
    13.634028537633396,
    3.7579895931423377,
    199.61708992794078,
    185.52446973220586,
    110.46237700505678,
    149.1801138508613,
    161.7839156027361,
    272.7544842430008,
    203.53468368612974,
    152.16235719262255,
    238.4421523833284,
    194.89640657470977,
    148.77294503440217,
    110.72664028798201,
    127.43668051178963
  ],