{
  "assortativity": -0.2392133265462924,
  "betweenness_centrality": [
    0.0,
    0.0,
    0.0,
    0.0,
    364.36601956929,
    364.36601956929,
    392.4897309659347,
    392.4897309659347,
    0.0,
    0.0,
    36.44306069811904,
    36.44306069811904,
    0.0,
    0.0,
    0.0,
    0.0,
    0.0,
    0.0,
    701.8700155802791,
    701.8700155802791,
    20.540010713342443,
    20.540010713342443,
    0.0,
    0.0,
    0.0,
    0.0,
    0.0,
    65.78392536386143,
    0.0,
    0.0,
    0.0,
    0.0,
    0.0,
    0.0,
    0.0,
    0.0,
    0.0,
    0.0,
    0.0,
    518.3440075408542,
    474.65235733355274,
    63.24949771507888,
    63.24949771507888,
    364.36601956929,
    364.36601956929,
    292.2245025644387,
    292.2245025644387,
    10.521550587748251,
    10.521550587748251,
    94.46145156931213,
    94.46145156931213,
    10.351688311688315,
    10.351688311688315,
    447.1469206409638,
    447.1469206409638,
    0.0,
    0.0,
    0.0,
    0.0,
    87.27103266916299,
    87.27103266916299,
    0.0,
    0.0,
    0.0,
    0.0,
    0.0,
    0.0,
    0.0,
    0.0,
    0.0,
    0.0,
    43.37515786493494,
    0.0,
    0.0,
    0.0,
    0.0,
    0.0,
    0.0,
    110.8656935742087,
    110.8656935742087,
    721.0189000725056,
    721.0189000725056,
    0.0,
    0.0,
    0.0,
    0.0,
    0.0,
    0.0,
    0.0,
    0.0,
    0.0,
    0.0,
    0.0,
    0.0,
    0.0,
    0.0,
    0.0,
    0.0,
    0.0,
    0.0,
    0.0,
    0.0,
    0.0,
    0.0,
    53.26659960960011,
    53.26659960960011,
    53.26659960960011,
    53.26659960960011,
    53.26659960960011,
    53.26659960960011,
    1618.5103315828317,
    0.0,
    0.0,
    799.8361874344876,
    799.8361874344876,
    62.216756604138,
    62.216756604138,
    0.0,
    0.0,
    837.0878028404337,
    837.0878028404337,
    0.0,
    0.0,
    0.0,
    0.0,
    0.0,
    0.0,
    0.0,
    0.0,
    0.0,
    0.0,
    0.0,
    0.0,
    0.0,
    0.0,
    0.0,
    0.0,
    0.0,
    0.0,
    0.0,
    0.0,
    0.0,
    28.342192285767894,
    28.342192285767894,
    0.0,
    0.0,
    0.0,
    0.0,
    0.0,
    0.0,
    0.0,
    0.0,
    0.0,
    0.0,
    0.0,
    0.0,
    0.0,
    0.0,
    0.0,
    0.0,
    0.0,
    2168.8609183693934,
    2168.8609183693934,
    136.27290667348825,
    136.27290667348825,
    0.0,
    0.0,
    0.0,
    0.0,
    0.0,
    0.0,
    785.860776838009,
    0.0,
    0.0,
    5.3942143098654185,
    5.3942143098654185,
    0.0,
    0.0,
    0.0,
    0.0,
    0.0,
    0.0,
    0.0,
    27.887103174603162,
    0.0,
    0.0,
    0.0,
    0.0,
    0.0,
    0.0,
    0.0,
    0.0,
    0.0,
    0.0,
    0.0,
    0.0,
    5.3942143098654185,
    5.3942143098654185,
    0.0,
    0.0,
    0.0,
    0.0,
    0.0,
    0.0,
    0.0,
    0.0,
    0.0,
    0.0,
    0.0,
    0.0,
    0.0,
    0.0,
    0.0,
    0.0,
    0.0,
    0.0,
    0.0,
    0.0,
    0.0,
    80.2670285626157,
    80.2670285626157,
    0.0,
    0.0,
    65.78392536386143,
    65.78392536386143,
    0.0,
    0.0,
    0.0,
    0.0,
    0.0,
    0.0,
    0.0,
    0.0,
    0.0,
    0.0,
    0.0,
    0.0,
    0.0,
    0.0,
    0.0,
    0.0,
    0.0,
    0.0,
    0.0,
    0.0,
    0.0,
    0.0,
    0.0,
    0.0,
    0.0,
    0.0,
    0.0,
    0.0,
    0.0,
    816.2800891475629,
    816.2800891475629,
    0.0,
    0.0,
    0.0,
    0.0,
    0.0,
    0.0,
    0.0,
    0.0,
    0.0,
    0.0,
    0.0,
    0.0,
    0.0,
    0.0,
    0.0,
    0.0,
    0.0,
    0.0,
    0.0,
    0.0,
    0.0,
    0.0,
    0.0,
    0.0,
    0.0,
    0.0,
    0.0,
    0.0,
    0.0,
    0.0,
    0.0,
    0.0,
    0.0,
    30.31862163369753,
    30.31862163369753,
    30.31862163369753,
    30.31862163369753,
    30.31862163369753,
    30.31862163369753,
    30.31862163369753,
    30.31862163369753,
    30.31862163369753,
    30.31862163369753,
    30.31862163369753,
    30.31862163369753,
    30.31862163369753
  ],
  "clustering": [
    0.28012684989429176,
    0.28012684989429176,
    0.28012684989429176,
    0.28012684989429176,
    0.36829549826856484,
    0.36829549826856484,
    0.25500471031559113,
    0.25500471031559113,
    0.2542372881355932,
    0.2542372881355932,
    0.4336158192090395,
    0.4336158192090395,
    0.0,
    0.0,
    0.23596938775510204,
    0.23596938775510204,
    0.0,
    0.0,
    0.4172595112898237,
    0.4172595112898237,
    0.48737174427782165,
    0.48737174427782165,
    0.0,
    0.25755102040816324,
    0.25755102040816324,
    0.0,
    0.0,
    0.3630117779024117,
    0.2,
    0.2,
    0.2,
    0.2,
    0.2,
    0.2,
    0.2,
    0.2,
    0.2,
    0.2,
    0.2,
    0.3451892384860921,
    0.3457186757927085,
    0.4140130489823741,
    0.4140130489823741,
    0.36829549826856484,
    0.36829549826856484,
    0.34241827491138244,
    0.34241827491138244,
    0.4846601941747573,
    0.4846601941747573,
    0.34365028717294194,
    0.34365028717294194,
    0.5700483091787439,
    0.5700483091787439,
    0.36525337592565704,
    0.36525337592565704,
    0.28012684989429176,
    0.28012684989429176,
    0.3959530651340996,
    0.3959530651340996,
    0.4008097165991903,
    0.4008097165991903,
    0.25755102040816324,
    0.25755102040816324,
    0.3033816425120773,
    0.0,
    0.0,
    0.0,
    0.0,
    0.34022988505747126,
    0.34022988505747126,
    0.0,
    0.24531615925058547,
    0.6487804878048781,
    0.6487804878048781,
    0.6487804878048781,
    0.6487804878048781,
    0.5256410256410257,
    0.5256410256410257,
    0.24194815396700706,
    0.24194815396700706,
    0.20787231336639958,
    0.20787231336639958,
    0.0,
    0.0,
    0.0,
    0.0,
    0.0,
    0.0,
    0.2,
    0.2,
    0.2,
    0.2,
    0.2,
    0.2,
    0.2,
    0.2,
    0.2,
    0.2,
    0.23548621190130625,
    0.2,
    0.2,
    0.2,
    0.2,
    0.2,
    0.43071000855431996,
    0.43071000855431996,
    0.43071000855431996,
    0.43071000855431996,
    0.43071000855431996,
    0.43071000855431996,
    0.11065420560747663,
    0.0,
    0.0,
    0.32738315680319974,
    0.32738315680319974,
    0.30526315789473685,
    0.30526315789473685,
    0.2159656264133876,
    0.2159656264133876,
    0.030037400654511454,
    0.030037400654511454,
    0.0,
    1.0,
    0.24632352941176472,
    0.25,
    0.0,
    0.0,
    0.0,
    0.0,
    0.0,
    0.0,
    0.6487804878048781,
    0.6487804878048781,
    0.6487804878048781,
    0.6487804878048781,
    0.6487804878048781,
    0.6487804878048781,
    0.28012684989429176,
    0.28012684989429176,
    0.0,
    0.34089823220258003,
    0.34089823220258003,
    0.4582870541774651,
    0.4582870541774651,
    0.34035567715458276,
    0.2584204413472706,
    0.34035567715458276,
    0.34035567715458276,
    0.0,
    0.27692307692307694,
    0.27692307692307694,
    0.25755102040816324,
    0.25755102040816324,
    0.3163385248310314,
    0.3163385248310314,
    0.3163385248310314,
    0.3163385248310314,
    0.0,
    0.0,
    0.0,
    0.0,
    0.18112198383273567,
    0.18112198383273567,
    0.334552495697074,
    0.334552495697074,
    0.0,
    0.0,
    0.25755102040816324,
    0.25755102040816324,
    0.0,
    0.0,
    0.24167966718668746,
    0.25755102040816324,
    0.25755102040816324,
    0.5262820512820513,
    0.5262820512820513,
    0.2159656264133876,
    0.28012684989429176,
    0.28012684989429176,
    0.3033816425120773,
    0.3033816425120773,
    0.2341117597998332,
    0.2341117597998332,
    0.07830687830687831,
    0.26152482269503546,
    0.14514835605453089,
    0.14514835605453089,
    0.3742690058479532,
    0.3742690058479532,
    0.0,
    0.0,
    0.3463949843260188,
    0.3463949843260188,
    0.28012684989429176,
    0.25755102040816324,
    0.25755102040816324,
    0.5005621925509487,
    0.5005621925509487,
    0.0,
    0.2708430367955286,
    0.2708430367955286,
    0.0,
    0.0,
    0.0,
    0.28012684989429176,
    0.4245901639344262,
    0.4245901639344262,
    0.0,
    0.0,
    0.0,
    0.0,
    0.0,
    0.0,
    0.3959530651340996,
    0.3959530651340996,
