{
  "assortativity": -0.6342277549911729,
  "betweenness_centrality": [
    0.0,
    0.0,
    4857.433121551331,
    4832.780193854267,
    677.8230815018869,
    1014.8404902270341,
    0.0,
    0.0,
    0.0,
    0.0,
    0.562091503267974,
    1.4900017199862403,
    4.108759091499029,
    3.559356725146199,
    968.1069418228668,
    1261.7427636189252,
    0.03571428571428571,
    0.0,
    10.540342629707652,
    14.067880133670466,
    6.593998114530544,
    3.2081401486644454,
    0.0,
    0.0,
    0.0,
    0.0,
    3.7987947321885627,
    0.0,
    0.0,
    0.0,
    0.0,
    0.0,
    0.0,
    2.524109733714766,
    0.0,
    0.0,
    0.0,
    0.08333333333333333,
    0.0,
    0.0,
    1.587492941840768,
    702.2638976262548,
    744.2083556235922,
    0.0,
    2.3623879078839365,
    3.142063492063492,
    0.0,
    0.0,
    0.0,
    0.0,
    0.2222222222222222,
    0.0,
    0.0,
    0.0,
    0.0,
    0.0,
    0.0,
    0.0,
    0.0,
    0.0,
    0.0,
    0.0,
    0.0,
    0.0,
    0.0,
    0.0,
    0.4313675213675213,
    0.27310370788631655,
    0.0,
    0.0,
    0.0,
    0.0,
    0.0,
    0.0,
    1.2197802197802199,
    0.8511319761319761,
    0.0,
    0.0,
    0.0,
    0.0,
    0.7868226600985221,
    0.0,
    0.0,
    0.0,
    4554.7041700659765,
    4897.461724264629,
    4350.086938935233,
    4890.151725462213,
    1.4,
    0.08695652173913043,
    0.0,
    0.17424242424242425,
    0.08333333333333333,
    0.0,
    0.0,
    0.0,
    0.0,
    0.0,
    0.4,
    0.0,
    0.0,
    0.0,
    0.0,
    0.0,
    9.878692187507054,
    3.5326209979279035,
    2.0721700010702566,
    1.8659370199692777,
    1.490783595489478,
    8.708901090901778,
    6.9957142857142856,
    0.0,
    0.5903529480078971,
    0.0,
    0.0,
    719.0756608559781,
    764.5521196562848,
    0.07692307692307693,
    0.0,
    3.430448382568452,
    13.22364886030421,
    0.0,
    7.551375647555611,
    550.7116807085853,
    6.068926553672316,
    0.0,
    0.0,
    0.0,
    0.0,
    0.0,
    0.0,
    0.0,
    0.0,
    0.20921985815602834,
    0.08333333333333333,
    0.0,
    1.4445476436188511,
    0.0,
    0.0,
    0.930704099821747,
    0.3463053289602781,
    0.24666666666666665,
    5.3428571428571425,
    0.30448898927159795,
    0.5015873015873016,
    8.714547043569794,
    0.5216573764399851,
    0.0,
    0.18181818181818182,
    1125.6851159604955,
    1095.7793713767771,
    0.0,
    0.07692307692307693,
    0.0,
    0.0,
    0.0,
    0.0,
    0.2222222222222222,
    0.0,
    5351.672017699397,
    5606.848442284506,
    0.03571428571428571,
    0.0,
    582.0728764415276,
    926.293689685904,
    0.19692307692307692,
    0.1111111111111111,
    0.0,
    1.3214285714285714,
    0.0,
    0.0,
    0.08,
    0.0,
    0.0,
    0.0,
    0.18284193284193284,
    0.0,
    0.0,
    0.0,
    0.0,
    0.0,
    5.680055035676491,
    96.42778681099944,
    0.0,
    14.254456871881452,
    0.0,
    0.0,
    18.187501374307754,
    3.5837005620125826,
    7.87201653835087,
    15.517542656936248,
    54.08049259853566,
    188.51530979510002,
    4.649312582841995,
    1.0448356807511736,
    0.0,
    0.0,
    0.0,
    660.1994566335635,
    1698.190398470877,
    2180.3037401365896,
    0.0,
    0.0,
    0.0,
    8.549758280934752,
    0.0,
    0.0,
    2.4210526315789473,
    0.0,
    0.0,
    0.3640127987954075,
    1.1824189972244894,
    0.03571428571428571,
    3.5179498698956664,
    0.7980798771121351,
    3.1157894736842113,
    0.03571428571428571,
    0.0,
    0.0,
    0.0,
    0.0,
    0.4296386622936114,
    0.03571428571428571,
    0.0,
    0.0,
    0.0,
    0.0,
    0.0,
    0.0,
    0.0,
    0.0,
    0.0,
    0.0,
    4.05518390838757,
    0.0,
    0.08,
    0.17786561264822137,
    0.0,
    0.0,
    0.0,
    0.0,
    0.0,
    0.0,
    0.0,
    0.0,
    0.0,
    0.0,
    0.0,
    0.0,
    0.0,
    0.0,
    0.0,
    0.0,
    0.0,
    0.0,
    0.0,
    0.2929606625258799,
    0.0,
    0.03571428571428571,
    1.6629410857775118,
    0.0,
    0.375,
    0.0,
    0.0,
    0.03571428571428571,
    0.0,
    0.0,
    0.0,
    1.0405797101449274,
    0.0,
    1.0135902031063322,
    0.0,
    0.17857142857142855,
    0.0,
    0.0,
    0.1,
    0.0,
    0.0,
    0.0,
    0.16695652173913045,
    0.0,
    0.08333333333333333,
    0.16333333333333333,
    0.0,
    0.0,
    0.0,
    702.4933232664574,
    766.4816048411038,
    0.0,
    7.47611248932961,
    2.47479765900482,
    3.2800870990050965,
    4.958588023229967,
    19.199428711812864,
    7.195976352210028,
    10.681263250878192,
    11.201345972959285,
    20.950210549975836,
    19.27075699899229,
    3.841274039969692,
    2.537071225165855,
    13.074767757266152
  ],