{
  "assortativity": -0.2119410965541546,
  "betweenness_centrality": 269.7615894039734,
  "degree_distribution": [
    [
      4.0,
      1
    ],
    [
      7.0,
      2
    ],
    [
      8.0,
      2
    ],
    [
      9.0,
      1
    ],
    [
      10.0,
      3
    ],
    [
      11.0,
      1
    ],
    [
      12.0,
      7
    ],
    [
      13.0,
      3
    ],
    [
      14.0,
      4
    ],
    [
      15.0,
      8
    ],
    [
      16.0,
      7
    ],
    [
      17.0,
      6
    ],
    [
      18.0,
      13
    ],
    [
      19.0,
      8
    ],
    [
      20.0,
      10
    ],
    [
      21.0,
      15
    ],
    [
      22.0,
      20
    ],
    [
      23.0,
      12
    ],
    [
      24.0,
      11
    ],
    [
      25.0,
      15
    ],
    [
      26.0,
      7
    ],
    [
      27.0,
      7
    ],
    [
      28.0,
      12
    ],
    [
      29.0,
      10
    ],
    [
      30.0,
      10
    ],
    [
      31.0,
      10
    ],
    [
      32.0,
      5
    ],
    [
      33.0,
      7
    ],
    [
      34.0,
      5
    ],
    [
      35.0,
      4
    ],
    [
      36.0,
      6
    ],
    [
      37.0,
      2
    ],
    [
      38.0,
      3
    ],
    [
      39.0,
      4
    ],
    [
      40.0,
      4
    ],
    [
      42.0,
      4
    ],
    [
      43.0,
      3
    ],
    [
      44.0,
      3
    ],
    [
      45.0,
      6
    ],
    [
      48.0,
      3
    ],
    [
      50.0,
      1
    ],
    [
      51.0,
      1
    ],
    [
      52.0,
      2
    ],
    [
      53.0,
      1
    ],
    [
      54.0,
      3
    ],
    [
      56.0,
      1
    ],
    [
      59.0,
      1
    ],
    [
      62.0,
      1
    ],
    [
      63.0,
      3
    ],
    [
      65.0,
      2
    ],
    [
      68.0,
      1
    ],
    [
      74.0,
      1
    ],
    [
      79.0,
      1
    ],
    [
      83.0,
      1
    ],
    [
      98.0,
      2
    ],
    [
      99.0,
      1
    ],
    [
      101.0,
      1
    ],
    [
      108.0,
      2
    ],
    [
      112.0,
      1
    ],
    [
      118.0,
      1
    ],
    [
      124.0,
      1
    ],
    [
      127.0,
      1
    ],
    [
      163.0,
      1
    ],
    [
      164.0,
      1
    ],
    [
      171.0,
      1
    ],
    [
      174.0,
      1
    ],
    [
      175.0,
      2
    ],
    [
      176.0,
      1
    ],
    [
      179.0,
      1
    ]
  ],
  "density": 0.11451893247673318,
  "global_efficiency": 0.5554846611369019,
  "mean_clustering": 0.3394442429234767,
  "modularity": 0.07286729624024388,
  "path_length": 1.8899390377615017,
  "small_worldness": 1.0082198625749106,
  "transitivity": 0.22462842045607706
}