{
  "assortativity": -0.2036624933103112,
  "betweenness_centrality": [
    192.87794862775627,
    175.1306770725425,
    5153.215038391483,
    5133.525945220866,
    1539.0581121086705,
    1736.5587363622549,
    78.73980298862924,
    154.20283033353573,
    15.90158061319584,
    17.882886569430354,
    78.55725673760674,
    25.88835484389227,
    240.1268908983556,
    352.896280774545,
    49.748104168012524,
    115.69410117234051,
    51.53786866610711,
    61.54236478526843,
    55.07900421885463,
    66.1295064484137,
    132.0340053210543,
    93.71926989590558,
    37.44192805781458,
    119.03458248263398,
    38.97449533634393,
    17.222164144136443,
    37.51107361250741,
    38.233454627007575,
    24.2776104088221,
    30.610168838318423,
    62.084227353273874,
    31.222054228014937,
    12.740276820070779,
    41.76052397979604,
    20.3330697006237,
    13.579254217866353,
    13.618814963103578,
    28.017524962274187,
    14.3863358815977,
    127.08650958958718,
    90.91148311276844,
    33.69890598332568,
    73.01645025808382,
    93.0969226142315,
    166.35656437419306,
    120.2917833227832,
    60.79064563568353,
    7.845783094956135,
    3.164939214948781,
    51.60893174546769,
    80.83998952302795,
    78.53983980083115,
    49.77127250683178,
    1194.0743711094033,
    1302.7906680541269,
    723.2503539435572,
    827.6608469840559,
    403.1558518446441,
    500.1169982658257,
    463.12960247923155,
    554.9817625985037,
    180.88320054463364,
    96.3253090402286,
    147.9576223293988,
    212.26807054682956,
    241.2692370986947,
    192.73903320148472,
    178.03016135860167,
    116.99322637134058,
    67.76355001320371,
    139.6605563068626,
    89.7526251924209,
    12.070526401234885,
    24.35406964570848,
    66.45265050768856,
    85.41243704936043,
    47.149390590357264,
    49.89390793498655,
    49.77578936826381,
    33.358435209651205,
    27.102121992853316,
    59.17904519133376,
    6.34762358279877,
    3.6804762748457955,
    4915.318445862447,
    4956.2189491474555,
    4870.458202381668,
    5351.96377204333,
    42.64863509531401,
    120.26491146399971,
    89.84641760716863,
    69.19068860647633,
    80.85984058084544,
    20.423411602375474,
    46.580977962727786,
    179.9369138145,
    81.75607956690736,
    47.093134746837144,
    109.16418191223245,
    141.10829842256558,
    63.97819175668529,
    38.13485248416345,
    31.50977934003077,
    111.56329079712445,
    163.64253334678696,
    134.70492280363538,
    59.5292235921164,
    54.030569747815356,
    53.30301159666204,
    203.4454138060957,
    933.1509574477905,
    14.810327386484655,
    165.06169628638193,
    25.56662537492786,
    41.756123454280576,
    1479.2325517379863,
    2121.514562928752,
    24.61291266767937,
    43.589093008933766,
    55.22072761085741,
    38.22855385674621,
    16.30868887397493,
    17.862581017584056,
    18.556776135541583,
    8.007538218957524,
    30.375739948625302,
    11.617541260947577,
    26.603886900836837,
    41.84743452626505,
    33.78998032480342,
    7.923832792826509,
    30.425703615483435,
    49.935783981332435,
    95.28017875468406,
    44.14594290008126,
    26.127914939020627,
    54.35638836535225,
    31.856759679397015,
    41.39967473361487,
    13.891021472450607,
    26.292963312133303,
    14.60141098121397,
    9.190245334389491,
    8.836421940677571,
    19.785290149856227,
    15.239196902892793,
    13.034045040670401,
    20.999683850362644,
    25.010345686656947,
    1317.8774101338656,
    1293.479988229601,
    78.9801496935102,
    143.11874693945586,
    36.64976502410564,
    53.93563818312215,
    41.350803243618074,
    39.73092244186561,
    28.407033289236853,
    6.50854809223153,
    4420.507229743317,
    4047.345005111106,
    37.760958833978755,
    52.32215379969664,
    111.62919384638312,
    65.14319821322479,
    66.22362096959144,
    60.451387154188545,
    8.458963033152783,
    14.131118119449933,
    18.29395516546639,
    7.6827805540716465,
    58.74121347194841,
    358.61871444928624,
    485.017867340851,
    60.62054069405986,
    54.53238701331654,
    12.146721368110185,
    82.05437099007578,
    242.82564283417187,
    183.56372973303863,
    275.7815134033137,
    113.59378726039934,
    216.5536986460183,
    226.50083575960522,
    310.83442712657796,
    16.790763257717913,
    21.679582109214998,
    442.24907347318936,
    326.41263022117687,
    239.59468323399824,
    371.43249864918323,
    306.09421206908945,
    513.4758382232857,
    180.39907205794034,
    15.963019094068635,
    90.56590925675812,
    135.60851944536188,
    122.30699884670842,
    169.7951663928112,
    2114.2962858255287,
    2391.255658927086,
    34.22223383261266,
    86.9612687661922,
    77.00344414285715,
    191.04773229756967,
    35.4452615166665,
    27.138274603711533,
    143.81793778978235,
    61.01378225484242,
    247.94668703826002,
    140.34768577749628,
    129.0712379039006,
    198.2310887312416,
    50.105358451910725,
    48.018061998665154,
    55.1284624607105,
    131.863476916564,
    47.816430338847304,
    38.05216065048132,
    203.43871798043244,
    111.7784707238775,
    116.83099238568114,
    60.43259462502852,
    60.43760612063216,
    41.5505327681396,
    102.0569932292161,
    14.258028509472561,
    25.063930558193064,
    7.10495571427171,
    15.327311716434975,
    24.56251465020821,
    31.15082071282033,
    71.06323146746442,
    82.95129725606036,
    43.661732044911574,
    52.09323277507964,
    29.664724970649928,
    54.926504686067624,
    98.45557665570686,
    91.0443394466527,
    54.66226404766069,
    65.15134692447552,
    74.02857488336663,
    35.86614057420022,
    130.31693893016381,
    109.83817793134409,
    126.40607178249681,
    102.88276343185684,
    5.907823099107174,
    1.0010027100271004,
    27.041375668256908,
    17.427029140633056,
    33.892795863762146,
    61.76055649221133,
    95.26278108437975,
    109.22953976489399,
    79.31217781482,
    55.53938832774424,
    66.83965930874463,
    56.8931297314162,
    33.354007792840875,
    58.142654323748424,
    114.532500031486,
    116.17474114303478,
    72.08048106458918,
    63.88754673814698,
    62.65643029655721,
    24.933127890116,
    44.81351387405325,
    35.75270810132312,
    46.970469626076856,
    34.9870168083179,
    72.93167723958531,
    29.744814908197394,
    30.787255842959137,
    51.526124154231546,
    25.736808832712526,
    61.96146147902627,
    15.546555743033673,
    34.37722286849525,
    26.031314114117855,
    29.575700067712628,
    32.10872564992278,
    20.557710957388576,
    32.745144824019505,
    39.05235859484408,
    0.25,
    0.6086938586938587,
    4.807679344733343,
    83.52641692597048,
    54.46652776328865,
    94.22249673086289,
    125.77444922476805,
    131.14737080167086,
    98.61815786718523,
    86.08323002200159,
    58.539697403896284,
    151.08911222692873,
    90.47658673037532,
    59.137894439214506,
    44.25849112101109,
    55.971538472646785
  ],