{
  "assortativity": -0.19865918926949244,
  "betweenness_centrality": 271.3178807947019,
  "degree_distribution": [
    [
      4.0,
      1
    ],
    [
      7.0,
      2
    ],
    [
      8.0,
      2
    ],
    [
      9.0,
      1
    ],
    [
      10.0,
      4
    ],
    [
      12.0,
      6
    ],
    [
      13.0,
      4
    ],
    [
      14.0,
      3
    ],
    [
      15.0,
      6
    ],
    [
      16.0,
      11
    ],
    [
      17.0,
      4
    ],
    [
      18.0,
      14
    ],
    [
      19.0,
      6
    ],
    [
      20.0,
      13
    ],
    [
      21.0,
      13
    ],
    [
      22.0,
      21
    ],
    [
      23.0,
      12
    ],
    [
      24.0,
      11
    ],
    [
      25.0,
      13
    ],
    [
      26.0,
      9
    ],
    [
      27.0,
      9
    ],
    [
      28.0,
      8
    ],
    [
      29.0,
      12
    ],
    [
      30.0,
      5
    ],
    [
      31.0,
      13
    ],
    [
      32.0,
      9
    ],
    [
      33.0,
      4
    ],
    [
      34.0,
      6
    ],
    [
      35.0,
      5
    ],
    [
      36.0,
      4
    ],
    [
      37.0,
      3
    ],
    [
      38.0,
      4
    ],
    [
      39.0,
      3
    ],
    [
      40.0,
      5
    ],
    [
      41.0,
      1
    ],
    [
      42.0,
      4
    ],
    [
      43.0,
      3
    ],
    [
      44.0,
      1
    ],
    [
      45.0,
      5
    ],
    [
      46.0,
      1
    ],
    [
      47.0,
      2
    ],
    [
      49.0,
      2
    ],
    [
      50.0,
      1
    ],
    [
      51.0,
      1
    ],
    [
      52.0,
      1
    ],
    [
      53.0,
      1
    ],
    [
      54.0,
      2
    ],
    [
      55.0,
      1
    ],
    [
      57.0,
      1
    ],
    [
      59.0,
      1
    ],
    [
      61.0,
      2
    ],
    [
      63.0,
      2
    ],
    [
      65.0,
      2
    ],
    [
      68.0,
      1
    ],
    [
      76.0,
      1
    ],
    [
      83.0,
      1
    ],
    [
      84.0,
      1
    ],
    [
      98.0,
      2
    ],
    [
      100.0,
      1
    ],
    [
      101.0,
      1
    ],
    [
      107.0,
      2
    ],
    [
      111.0,
      1
    ],
    [
      117.0,
      1
    ],
    [
      125.0,
      1
    ],
    [
      127.0,
      1
    ],
    [
      161.0,
      1
    ],
    [
      163.0,
      1
    ],
    [
      167.0,
      1
    ],
    [
      173.0,
      2
    ],
    [
      176.0,
      1
    ],
    [
      177.0,
      1
    ],
    [
      179.0,
      1
    ]
  ],
  "density": 0.11456293590900091,
  "global_efficiency": 0.5546192603023037,
  "mean_clustering": 0.3327327786482964,
  "modularity": 0.06348655239464805,
  "path_length": 1.8950923205122583,
  "small_worldness": 0.9853752466874678,
  "transitivity": 0.22815912255018633
}