{
  "assortativity": -0.2049028219593525,
  "betweenness_centrality": [
    104.9231394974858,
    146.618931608155,
    5221.083938747827,
    4977.541655323655,
    1542.705424722655,
    1737.0061185449556,
    122.36935714546028,
    150.53228422853576,
    34.53080786007157,
    23.4807182186531,
    80.26575666071356,
    31.77554039353702,
    240.9062463822984,
    265.3857385132243,
    85.3854720528192,
    77.2420851629536,
    46.127448224704935,
    78.33359374428024,
    61.8145838725418,
    49.1400545549358,
    210.95402142502547,
    121.65505607441983,
    17.73246968074243,
    92.60140578840556,
    21.702504479077128,
    47.65705965394264,
    39.924609687825054,
    59.123024836936764,
    23.099858046073805,
    77.17658442464857,
    73.19056215803484,
    35.072037173083814,
    23.617689195146987,
    46.14578655920016,
    30.248301039262593,
    47.930715954652285,
    14.02467874219136,
    17.788814715116825,
    2.9509197480176352,
    99.41770889037893,
    84.31510019760064,
    30.360011019306338,
    48.79638765934755,
    84.24871734176713,
    181.18425406799167,
    84.80412509908861,
    36.284706751831685,
    22.664327716296587,
    3.439578477078477,
    17.679509997885386,
    59.7126216617761,
    52.70619974406689,
    76.64682643491757,
    1237.3346683675854,
    1260.413837137895,
    771.1573201335679,
    750.5954953690161,
    408.86985660498186,
    485.1222101870394,
    481.13730799618617,
    417.7320359196189,
    217.7331330415165,
    61.83636172871696,
    183.02345885608744,
    271.53916173084895,
    237.52985943312115,
    304.58118860423696,
    311.80127407498424,
    109.75413147815756,
    118.63376441081743,
    198.0453808443224,
    113.25554939290177,
    7.747819559881753,
    24.147175697818987,
    115.72239605814177,
    47.90695765043223,
    70.86382453808199,
    67.30511030924232,
    55.26728969003352,
    35.36041337699488,
    28.997398167519112,
    39.21883278733265,
    6.2116005627066,
    8.102803564107202,
    4764.4489379554725,
    4776.150293831472,
    5037.780143763197,
    5141.348654285445,
    25.51294070934249,
    77.41887192132174,
    62.36903586487313,
    51.905098669843056,
    76.21625279885075,
    27.729337832499112,
    35.73286126525945,
    157.52340739147706,
    86.72658826071454,
    39.29654354116789,
    61.16576081504753,
    112.78210901723712,
    74.26697521354285,
    35.55406882982939,
    34.35809618107016,
    105.83102924665133,
    184.87722417458556,
    184.61057532494257,
    70.29805780239693,
    53.87755026912717,
    57.54462047477742,
    297.0556394617672,
    897.0587971518745,
    12.174187702267448,
    215.2980996597818,
    35.939508493906715,
    39.7470250321781,
    1615.3053355254617,
    2094.072410130042,
    39.08339231298376,
    30.730108584187857,
    25.187555326311234,
    37.02724349661786,
    27.52046333423552,
    17.96281757778531,
    20.18204038278599,
    9.919781614955202,
    11.308264443875887,
    17.16779683402795,
    20.224859267593782,
    35.72029884131735,
    20.971697941253243,
    20.68030684420671,
    64.47094905644467,
    21.284570722582888,
    61.24119346163546,
    36.0614058529706,
    27.997839835053693,
    43.78322860006916,
    15.793493649391321,
    28.480095548102142,
    17.094446870250728,
    46.68338152655864,
    15.08067478435973,
    16.689925512913156,
    17.154818268202714,
    21.02835045796197,
    15.548883905674325,
    13.264190283209187,
    8.37654227311787,
    27.37133687188941,
    1224.2729134888605,
    1375.3863597430257,
    49.93633338866356,
    127.05274753750503,
    30.10668492428016,
    26.944079602761544,
    25.455409590263972,
    39.44545675895424,
    23.504016244220598,
    4.723606687237914,
    4160.028608555658,
    4487.428104264542,
    36.25622283075035,
    82.37388839212792,
    85.78540344801023,
    98.03611310223275,
    42.71917473645695,
    71.36174504548299,
    14.566131558644264,
    18.209912819123343,
    28.506868220785407,
    12.826261720922684,
    66.50407101782942,
    519.2080003715067,
    603.5666709891798,
    34.49835210917125,
    41.738939954451084,
    5.359324333477792,
    76.14951120517723,
    221.4949412800314,
    195.1785951274938,
    256.57609188145244,
    105.91875733855038,
    266.9065263407046,
    211.454808226501,
    298.13392717551255,
    14.466379530120188,
    27.94085899834597,
    372.8746901823636,
    404.96910152948686,
    274.21970224640273,
    287.6813769863945,
    423.37502392616506,
    514.3234103588865,
    172.05652182872913,
    30.545842677212445,
    97.95088764942366,
    142.47282236497458,
    119.14377699975273,
    185.2190538403097,
    2019.9571718990462,
    2485.0119070624532,
    51.03509328636004,
    38.96909764448683,
    95.93775948222452,
    116.34252046501143,
    45.386509464655155,
    31.210790630135744,
    141.73882151236776,
    103.49692674299669,
    187.9277354043137,
    139.3340361332661,
    111.44678350466259,
    210.4052124537954,
    72.66401463262098,
    49.43720539827585,
    53.34889436290996,
    151.15305333619324,
    85.57801297880115,
    20.481837152557656,
    162.45542133954203,
    195.14646684014772,
    71.91202072473094,
    63.850795667940986,
    42.55358952863597,
    28.54161938342808,
    81.5892337388963,
    55.31024001597702,
    19.305311255120873,
    6.463848104059754,
    9.016724012340555,
    27.68878349639061,
    32.63953887497478,
    82.49154982559604,
    99.80643485102026,
    42.23650638555928,
    62.962486996988936,
    24.656606688794803,
    39.345908745191586,
    101.33688862773913,
    100.52481464099542,
    63.68128536038094,
    120.48210904897083,
    73.80348569568088,
    37.42140832399161,
    95.0776816230777,
    172.0196717230991,
    62.74842689899071,
    66.30933669661515,
    5.930706453528364,
    1.4150606096427707,
    20.841766456030697,
    29.657321922479774,
    48.00652598399431,
    53.56095463889487,
    82.95860801046648,
    83.63428924488544,
    31.530526509695086,
    48.24790099357177,
    69.79980788686997,
    72.65100224620721,
    16.878865500112816,
    49.15119160270731,
    109.62583506799739,
    119.52381044373963,
    62.96966964934096,
    117.18875304000585,
    48.56550079644354,
    15.214183429481736,
    48.48577447003474,
    24.23356598207462,
    46.39061693990847,
    36.55729883060696,
    62.30384759208049,
    44.93612898797522,
    31.869508229448783,
    37.44700351058225,
    48.560722114926605,
    48.48876308669656,
    19.489067603225664,
    33.82294541157251,
    14.834320503822193,
    30.543001070318418,
    33.76266640601671,
    12.27174371736292,
    26.14765274361962,
    31.060767390255066,
    2.0696429174297104,
    1.4983300107429027,
    6.646505337873306,
    65.5510250202905,
    53.22626986165169,
    117.3195133774952,
    123.77659870290962,
    188.7040725396988,
    68.11120629376676,
    80.79394880908886,
    106.29794453751525,
    173.1734407842933,
    73.3889548687241,
    47.11479343212146,
    33.47799281603346,
    61.15581776716652
  ],