{
  "assortativity": -0.20491930394290955,
  "betweenness_centrality": 272.023178807947,
  "degree_distribution": [
    [
      4.0,
      1
    ],
    [
      6.0,
      1
    ],
    [
      7.0,
      1
    ],
    [
      8.0,
      2
    ],
    [
      10.0,
      4
    ],
    [
      11.0,
      1
    ],
    [
      12.0,
      6
    ],
    [
      13.0,
      3
    ],
    [
      14.0,
      4
    ],
    [
      15.0,
      6
    ],
    [
      16.0,
      10
    ],
    [
      17.0,
      7
    ],
    [
      18.0,
      13
    ],
    [
      19.0,
      7
    ],
    [
      20.0,
      11
    ],
    [
      21.0,
      14
    ],
    [
      22.0,
      19
    ],
    [
      23.0,
      13
    ],
    [
      24.0,
      11
    ],
    [
      25.0,
      12
    ],
    [
      26.0,
      11
    ],
    [
      27.0,
      9
    ],
    [
      28.0,
      9
    ],
    [
      29.0,
      8
    ],
    [
      30.0,
      9
    ],
    [
      31.0,
      10
    ],
    [
      32.0,
      7
    ],
    [
      33.0,
      5
    ],
    [
      34.0,
      6
    ],
    [
      35.0,
      6
    ],
    [
      36.0,
      6
    ],
    [
      37.0,
      1
    ],
    [
      38.0,
      4
    ],
    [
      39.0,
      5
    ],
    [
      40.0,
      3
    ],
    [
      41.0,
      1
    ],
    [
      42.0,
      4
    ],
    [
      43.0,
      3
    ],
    [
      44.0,
      2
    ],
    [
      45.0,
      6
    ],
    [
      47.0,
      2
    ],
    [
      48.0,
      1
    ],
    [
      49.0,
      1
    ],
    [
      50.0,
      1
    ],
    [
      51.0,
      2
    ],
    [
      52.0,
      1
    ],
    [
      54.0,
      1
    ],
    [
      55.0,
      2
    ],
    [
      57.0,
      1
    ],
    [
      60.0,
      2
    ],
    [
      62.0,
      1
    ],
    [
      63.0,
      2
    ],
    [
      64.0,
      1
    ],
    [
      65.0,
      1
    ],
    [
      67.0,
      1
    ],
    [
      76.0,
      1
    ],
    [
      82.0,
      1
    ],
    [
      84.0,
      1
    ],
    [
      95.0,
      1
    ],
    [
      98.0,
      1
    ],
    [
      99.0,
      2
    ],
    [
      108.0,
      1
    ],
    [
      109.0,
      1
    ],
    [
      113.0,
      1
    ],
    [
      118.0,
      1
    ],
    [
      125.0,
      1
    ],
    [
      127.0,
      1
    ],
    [
      160.0,
      1
    ],
    [
      162.0,
      1
    ],
    [
      172.0,
      2
    ],
    [
      173.0,
      1
    ],
    [
      174.0,
      2
    ],
    [
      178.0,
      1
    ]
  ],
  "density": 0.11456293590900091,
  "global_efficiency": 0.5542250628882385,
  "mean_clustering": 0.33243397874392644,
  "modularity": 0.07531190185266004,
  "path_length": 1.8974277443971757,
  "small_worldness": 0.9832577914970059,
  "transitivity": 0.22579506858982842
}