{
  "assortativity": -0.20165813371129282,
  "betweenness_centrality": [
    151.8986968476804,
    153.91597745942894,
    5492.7525222813165,
    4973.210296667511,
    1520.6787347666398,
    1676.182676320586,
    109.25037295577644,
    110.27387839681649,
    18.399842126198187,
    21.036239708761,
    94.10986723832619,
    41.20892561276834,
    279.3179412749921,
    277.9792788037772,
    65.14903746674342,
    106.23939664391091,
    67.39798003824629,
    48.14063531014173,
    91.48460789211302,
    116.8908810400405,
    120.78535768915893,
    106.87673072795212,
    9.97621526569613,
    92.12392295206577,
    25.93331655921683,
    35.64543308825913,
    29.61768900380763,
    56.84198735860694,
    20.267846270343128,
    42.90389137173874,
    60.109646751410544,
    49.2132657332007,
    22.87577632173727,
    44.83694503194689,
    15.496133872183467,
    23.8341011446656,
    10.308022805382198,
    13.85234996750816,
    13.753376073472767,
    128.01818785601327,
    108.23143156001973,
    41.85480107409118,
    92.97981125331738,
    71.18388901263432,
    182.6698440060282,
    73.60563282136714,
    54.17540531646025,
    18.9994818646325,
    1.638594034553114,
    35.55335186992772,
    95.0031166018048,
    122.90394847377674,
    55.840752662087155,
    1283.8110026313807,
    1396.3453779618821,
    861.6193213222936,
    861.0145050594414,
    271.2476745136917,
    396.5024722618908,
    525.0371075961862,
    450.8298322486112,
    168.4271053724325,
    98.69220961498728,
    154.3056926560562,
    195.82121006619676,
    221.77065498015233,
    182.51296210313564,
    187.17850933261226,
    172.44433336604803,
    82.27628437052033,
    198.9089833961766,
    86.88857446786656,
    14.73326949389672,
    31.730369222075375,
    75.11641065733943,
    74.43707797463347,
    37.26767142063145,
    47.53666420202379,
    67.11689631646438,
    33.9329891795534,
    61.85646588510323,
    52.62047922548797,
    10.408263437742868,
    7.697025761713924,
    4585.9936913789525,
    5114.453454408943,
    5271.428328175559,
    4785.904045939879,
    43.1992149106393,
    90.22955527007676,
    66.6510897997833,
    44.084551107229416,
    107.67727977480348,
    37.22932706514041,
    70.72301063366616,
    253.66951547479528,
    114.62153424540767,
    34.180761001860446,
    68.94332341177488,
    115.28122089171357,
    58.63023273016108,
    43.561092868530736,
    34.25664783917733,
    109.30941757604761,
    210.29102121578777,
    131.53500096333002,
    46.66422069244658,
    63.49986972919936,
    67.43074388686799,
    183.9731349757051,
    891.7351897001387,
    11.280626120382818,
    188.95003673952635,
    43.891161171557016,
    30.91415050179777,
    1466.308523485096,
    2157.525666402895,
    19.445974359566904,
    51.70718608928624,
    42.79409712954326,
    47.22622202004508,
    17.20950253177596,
    25.130148032348053,
    13.931160295949804,
    13.622507097146201,
    18.09202950039559,
    30.5107363560785,
    34.51023974957061,
    35.65477255765478,
    11.607780350923537,
    13.430350614778892,
    46.983694077825604,
    49.224018253677315,
    50.31032890485497,
    44.272723756909805,
    42.29655321133385,
    48.16571727927927,
    17.21568097896622,
    26.09317549881978,
    8.80459348129444,
    32.052702409566564,
    11.999239535409076,
    19.879469810391345,
    12.337291509210917,
    13.294929578982803,
    15.689223106428232,
    15.128006022918406,
    15.117705044993006,
    38.96963024103971,
    1495.9668437858359,
    1371.8864860931396,
    39.458265452242465,
    129.43138014916892,
    13.737314230552029,
    38.38289776522976,
    40.83715297697256,
    30.51882740518035,
    45.78585067111776,
    3.9067682970116833,
    4271.68970164325,
    4092.919292197735,
    47.869236893024926,
    61.00616116330761,
    86.61792195509648,
    101.24284265075747,
    34.64527182088265,
    43.77093972030808,
    7.973592158807715,
    14.204652945069878,
    32.15489937845409,
    9.140998568198924,
    91.60142334468661,
    477.50221717925206,
    483.8666678211133,
    68.78108683374033,
    62.14049296849597,
    6.858581795393885,
    76.32238035198117,
    249.5933949994271,
    140.3504476382082,
    281.6052495299993,
    104.78292349126694,
    271.9178840797884,
    203.9290661719086,
    302.34702439934387,
    30.884347567711018,
    24.13878083240815,
    316.9409145476001,
    339.8286981209319,
    292.0583704920326,
    249.63501018225116,
    519.0222836449713,
    487.89340347711243,
    174.3133211688969,
    31.12580604064473,
    89.54463594681286,
    128.76035745504177,
    120.42798648117197,
    212.4380278714782,
    2341.743523967164,
    2218.019596234719,
    36.75961642814126,
    36.05394923847118,
    109.54973016350917,
    195.86704558486107,
    35.80606291023851,
    40.03957854436523,
    137.71409915552007,
    86.3615215462071,
    152.32730504131928,
    163.40914353833608,
    85.2535253592296,
    164.9811055023907,
    54.70191293575544,
    48.70726087596181,
    36.86172127020571,
    109.29972789194207,
    55.968212067727364,
    26.862508725264046,
    187.78390414515152,
    140.94336965166596,
    68.5397943319431,
    59.53280771337668,
    41.88637380069234,
    35.35632419790363,
    92.19328226005699,
    19.52536093455259,
    44.99228797773991,
    9.297773040173244,
    7.654931187959733,
    50.73162067173616,
    32.59620183008778,
    129.91507669337395,
    66.16942475700152,
    67.0732060253876,
    53.80823200508656,
    68.95552132364304,
    28.00171360994317,
    129.25262013984437,
    90.44055183106671,
    51.089449834389406,
    69.67827510476054,
    34.099270854215206,
    45.951279314529025,
    99.24623703046346,
    136.7775671881618,
    70.54987269593947,
    80.28578276620625,
    2.2340036491453805,
    3.709103610360473,
    27.925750812975497,
    12.245040935594776,
    48.41569273725827,
    52.250917144662886,
    107.70801991975736,
    125.2093922200768,
    35.22228789215276,
    79.18130484213351,
    38.24063804416945,
    79.51044548998514,
    31.086678484899515,
    34.47257704857769,
    91.37819378452136,
    172.28054437455768,
    87.09360103469943,
    58.02064312903118,
    38.965914732819826,
    21.647569952620426,
    44.36009841691977,
    25.21408524927941,
    33.09541522771742,
    41.239091434403825,
    66.26648930069254,
    27.86551284546772,
    24.178183306602588,
    38.88507035256013,
    41.5430005301776,
    64.94980880873891,
    17.868751808509792,
    45.13469552579829,
    36.9578415857908,
    24.173793727105917,
    19.90820950461944,
    25.07259720985596,
    36.429413459515914,
    23.861395913176846,
    0.3536231884057971,
    2.6952643750069014,
    4.396129901770763,
    55.998818882941386,
    47.14998594105212,
    121.14135853122218,
    113.14863525340184,
    106.78912910836225,
    90.40462846170178,
    56.66426471323724,
    72.75832417529327,
    105.76615748836113,
    107.89546163418457,
    55.6938820935712,
    61.63582460329313,
    57.08392452695029
  ],