{
  "assortativity": -0.20462629909483845,
  "betweenness_centrality": 272.1655629139073,
  "degree_distribution": [
    [
      4.0,
      1
    ],
    [
      7.0,
      2
    ],
    [
      8.0,
      2
    ],
    [
      10.0,
      5
    ],
    [
      11.0,
      1
    ],
    [
      12.0,
      4
    ],
    [
      13.0,
      4
    ],
    [
      14.0,
      4
    ],
    [
      15.0,
      6
    ],
    [
      16.0,
      16
    ],
    [
      17.0,
      5
    ],
    [
      18.0,
      8
    ],
    [
      19.0,
      8
    ],
    [
      20.0,
      11
    ],
    [
      21.0,
      12
    ],
    [
      22.0,
      22
    ],
    [
      23.0,
      13
    ],
    [
      24.0,
      9
    ],
    [
      25.0,
      14
    ],
    [
      26.0,
      8
    ],
    [
      27.0,
      10
    ],
    [
      28.0,
      10
    ],
    [
      29.0,
      10
    ],
    [
      30.0,
      7
    ],
    [
      31.0,
      12
    ],
    [
      32.0,
      5
    ],
    [
      33.0,
      5
    ],
    [
      34.0,
      6
    ],
    [
      35.0,
      7
    ],
    [
      36.0,
      6
    ],
    [
      38.0,
      6
    ],
    [
      39.0,
      3
    ],
    [
      40.0,
      5
    ],
    [
      41.0,
      1
    ],
    [
      42.0,
      3
    ],
    [
      43.0,
      2
    ],
    [
      44.0,
      2
    ],
    [
      45.0,
      5
    ],
    [
      46.0,
      2
    ],
    [
      47.0,
      1
    ],
    [
      48.0,
      1
    ],
    [
      50.0,
      2
    ],
    [
      51.0,
      1
    ],
    [
      52.0,
      2
    ],
    [
      53.0,
      1
    ],
    [
      54.0,
      1
    ],
    [
      55.0,
      1
    ],
    [
      57.0,
      1
    ],
    [
      58.0,
      1
    ],
    [
      60.0,
      1
    ],
    [
      62.0,
      1
    ],
    [
      63.0,
      1
    ],
    [
      64.0,
      1
    ],
    [
      65.0,
      2
    ],
    [
      66.0,
      1
    ],
    [
      76.0,
      1
    ],
    [
      83.0,
      1
    ],
    [
      84.0,
      1
    ],
    [
      98.0,
      2
    ],
    [
      99.0,
      2
    ],
    [
      107.0,
      1
    ],
    [
      109.0,
      1
    ],
    [
      111.0,
      1
    ],
    [
      119.0,
      1
    ],
    [
      125.0,
      1
    ],
    [
      127.0,
      1
    ],
    [
      163.0,
      2
    ],
    [
      174.0,
      1
    ],
    [
      175.0,
      3
    ],
    [
      176.0,
      1
    ],
    [
      180.0,
      1
    ]
  ],
  "density": 0.11451893247673318,
  "global_efficiency": 0.5541388895000476,
  "mean_clustering": 0.3368326191284145,
  "modularity": 0.06853081303446308,
  "path_length": 1.8978992149467129,
  "small_worldness": 0.9910708975797626,
  "transitivity": 0.22892601648690192
}