{
  "assortativity": -0.2059411750484724,
  "betweenness_centrality": 271.8079470198675,
  "degree_distribution": [
    [
      4.0,
      1
    ],
    [
      7.0,
      2
    ],
    [
      8.0,
      2
    ],
    [
      10.0,
      4
    ],
    [
      11.0,
      1
    ],
    [
      12.0,
      5
    ],
    [
      13.0,
      7
    ],
    [
      14.0,
      1
    ],
    [
      15.0,
      6
    ],
    [
      16.0,
      10
    ],
    [
      17.0,
      6
    ],
    [
      18.0,
      14
    ],
    [
      19.0,
      5
    ],
    [
      20.0,
      14
    ],
    [
      21.0,
      15
    ],
    [
      22.0,
      17
    ],
    [
      23.0,
      12
    ],
    [
      24.0,
      12
    ],
    [
      25.0,
      13
    ],
    [
      26.0,
      9
    ],
    [
      27.0,
      8
    ],
    [
      28.0,
      9
    ],
    [
      29.0,
      10
    ],
    [
      30.0,
      10
    ],
    [
      31.0,
      12
    ],
    [
      32.0,
      3
    ],
    [
      33.0,
      8
    ],
    [
      34.0,
      7
    ],
    [
      35.0,
      5
    ],
    [
      36.0,
      4
    ],
    [
      37.0,
      1
    ],
    [
      38.0,
      5
    ],
    [
      39.0,
      4
    ],
    [
      40.0,
      3
    ],
    [
      42.0,
      5
    ],
    [
      43.0,
      3
    ],
    [
      44.0,
      5
    ],
    [
      45.0,
      2
    ],
    [
      46.0,
      1
    ],
    [
      48.0,
      2
    ],
    [
      49.0,
      3
    ],
    [
      50.0,
      1
    ],
    [
      51.0,
      1
    ],
    [
      53.0,
      1
    ],
    [
      54.0,
      2
    ],
    [
      55.0,
      1
    ],
    [
      57.0,
      1
    ],
    [
      59.0,
      1
    ],
    [
      60.0,
      1
    ],
    [
      62.0,
      1
    ],
    [
      63.0,
      1
    ],
    [
      64.0,
      1
    ],
    [
      65.0,
      2
    ],
    [
      68.0,
      1
    ],
    [
      76.0,
      1
    ],
    [
      82.0,
      1
    ],
    [
      83.0,
      1
    ],
    [
      98.0,
      2
    ],
    [
      100.0,
      2
    ],
    [
      108.0,
      1
    ],
    [
      109.0,
      1
    ],
    [
      111.0,
      1
    ],
    [
      118.0,
      1
    ],
    [
      126.0,
      2
    ],
    [
      161.0,
      1
    ],
    [
      163.0,
      1
    ],
    [
      171.0,
      1
    ],
    [
      173.0,
      1
    ],
    [
      174.0,
      1
    ],
    [
      175.0,
      2
    ],
    [
      179.0,
      1
    ]
  ],
  "density": 0.11454093419286704,
  "global_efficiency": 0.5543552397086973,
  "mean_clustering": 0.3329749422040455,
  "modularity": 0.07306663987025248,
  "path_length": 1.8967150563571773,
  "small_worldness": 0.9852473815483869,
  "transitivity": 0.22470800020833875
}