{
  "assortativity": -0.2048155821575021,
  "betweenness_centrality": [
    136.74935996362277,
    75.2551803860116,
    5461.203156317664,
    5074.1827884827635,
    1526.525142174313,
    1725.9379764292898,
    77.72525412677824,
    149.97800611893564,
    24.387937575244276,
    30.262875920148932,
    68.37820301680883,
    43.42538277529767,
    220.2716832039421,
    305.2910187700442,
    70.01256692366276,
    127.48420370569288,
    32.289809081905545,
    65.43547033237667,
    82.53431068596961,
    69.386775163409,
    118.51707410523512,
    96.79210632229548,
    7.910921502956207,
    68.92678774380619,
    28.04580728917839,
    39.863523275039356,
    49.840295955567306,
    58.17039029233274,
    60.52703961361776,
    30.78509467450929,
    116.82266075125182,
    54.53515690280091,
    18.130438148078152,
    43.538833800794706,
    27.606181377628417,
    17.656828913565928,
    14.377642930761784,
    20.093333248331774,
    11.85688801056831,
    135.69788216094284,
    148.74629155063445,
    41.66318419210071,
    47.21728158828082,
    79.08276438768826,
    131.38007298028563,
    122.584075075259,
    47.171161182439434,
    18.608650925780488,
    6.416926436701951,
    26.948919272838243,
    96.88386338677033,
    77.6295193681497,
    59.247668406826186,
    1171.4423052234558,
    1276.8874422069605,
    693.3955844747438,
    864.1955286600348,
    312.6037627511341,
    454.54847054433833,
    386.9643950690685,
    602.2677562948548,
    152.8788849080972,
    53.09009420961447,
    182.56767858106036,
    296.47745507031334,
    275.6586975389286,
    186.52230659295662,
    223.25150399111806,
    138.8984334241519,
    69.78507337492998,
    208.47283823148427,
    108.98390694816074,
    5.903638360884349,
    40.82025906114795,
    57.87096933535091,
    54.8326889673221,
    61.01471021873202,
    47.991111812662055,
    49.66029787118169,
    23.61097970030209,
    38.0677621313816,
    66.09422278185393,
    2.574704813355024,
    17.473247739859424,
    4788.5957157189905,
    5324.389616651937,
    5216.338346201551,
    5007.5565852253585,
    80.71304936283475,
    79.75913456373021,
    75.0647946215985,
    56.98098532031606,
    57.268412929358085,
    42.76123512689388,
    40.53427514130099,
    168.1392868354574,
    82.83500024148304,
    76.43060113681861,
    58.94245212498677,
    64.69119234006112,
    53.74803340766424,
    42.07521386922364,
    37.06962669933764,
    116.13249010842759,
    176.06374955175545,
    89.87405040504963,
    48.65562852075782,
    84.54202134075035,
    62.317390416081,
    334.7065241175947,
    844.0021328162462,
    26.155933254189765,
    244.8013851774412,
    25.53384258186531,
    33.98089227598134,
    1530.6320932786793,
    2178.797910747285,
    21.256061318647777,
    75.88300015350362,
    52.58543616710831,
    49.736877826288286,
    17.80819918837262,
    28.08660000446598,
    17.964180477967503,
    9.970539195143319,
    13.905939180994071,
    17.013723316452733,
    24.719762186561862,
    38.39338162594748,
    31.646651995538555,
    13.8138994272378,
    44.79378329152122,
    44.36051211327516,
    42.7368791469051,
    22.783988006932667,
    24.596224300132675,
    30.336870894674945,
    30.682864328330204,
    35.49142920765046,
    13.768177183685284,
    14.777250347209838,
    26.515877349381647,
    14.64373197777001,
    14.426101691128297,
    22.766155492941,
    14.429291304446691,
    23.768157459375438,
    10.415790771652109,
    49.33612604982323,
    1332.821761612654,
    1337.4601547719155,
    101.59587001220481,
    146.9310112278314,
    33.79349669998993,
    41.92447736305259,
    32.084120290358,
    44.26151270562712,
    31.572064184206905,
    4.28215505514459,
    4267.887663011455,
    4334.580628843699,
    38.6538145941075,
    36.153570803214556,
    90.50997841465154,
    60.80768944841831,
    38.82878421969856,
    53.71955733919727,
    7.471185344540813,
    5.643115653886173,
    41.34569452566447,
    11.82301575722599,
    63.4017287429428,
    387.0471636784532,
    423.35489343517554,
    50.19963915825167,
    59.02988652401365,
    11.376834000938521,
    107.14204747879758,
    219.8984224364467,
    167.70314306563247,
    213.82975696440627,
    94.37648102081043,
    277.4252849676452,
    297.6852216121755,
    250.923680603172,
    32.967401549276424,
    13.199090278507496,
    302.6478670623743,
    373.5664867129973,
    257.7620295057027,
    301.71611994133053,
    292.95394134756873,
    499.24946010935054,
    153.69880427302624,
    18.83449491967633,
    59.024884023608436,
    102.7320207651839,
    97.77450975550636,
    177.4346200439983,
    2081.0920945387347,
    2140.0647305625475,
    34.51915669507997,
    26.564326703664168,
    83.76911277926209,
    200.24306486706928,
    30.39004260806186,
    40.218805575051704,
    119.65783931598577,
    101.99706982775098,
    235.5901330910423,
    137.40636702125045,
    188.5737057329126,
    217.92979106768806,
    46.914328858599724,
    53.20523153138259,
    54.34529309187323,
    124.1239028262661,
    61.645788520381245,
    46.84598418189713,
    222.82208663713638,
    125.76311469362898,
    119.07384683061196,
    72.73306471063277,
    59.38206271870433,
    33.35757197658067,
    80.58563569665421,
    62.03153350602645,
    25.506251491494666,
    4.084219855220699,
    10.156782950374858,
    29.1622614921992,
    32.39948418271558,
    85.64196553603624,
    117.11696839634918,
    43.233157376728634,
    49.03202624214897,
    35.08993297677216,
    48.1823481357741,
    121.3117083496579,
    92.38255714587079,
    73.02703435732076,
    55.38974655276493,
    54.11867617319092,
    43.04115333520312,
    100.05342525740203,
    94.5100515890568,
    70.72169250566405,
    84.85968224201635,
    10.222689115468091,
    10.389771634508326,
    14.333487506483976,
    11.841807779721156,
    48.68133998535913,
    50.26669343915493,
    83.38056242701239,
    93.7031962446296,
    29.27523825830339,
    43.82450296829085,
    88.08959468421268,
    50.66003658467508,
    29.641999534831328,
    42.319877518206255,
    86.48134413842597,
    113.88876080125057,
    65.02131438766403,
    68.6553531597489,
    28.708552986463303,
    27.362615073908525,
    63.359418281951335,
    17.584779554421033,
    35.54721576114895,
    56.891562137297264,
    81.78159294857802,
    31.913417554252167,
    45.61190658211789,
    44.46254792518074,
    38.984435384994754,
    58.51941577169511,
    22.228253247840104,
    36.37501012957401,
    34.6907718056964,
    29.16600150824319,
    28.804765153706967,
    44.88545680377235,
    13.51901825987274,
    40.44743806289898,
    0.3222222222222222,
    4.95112682072511,
    3.076629634608146,
    53.84779744614293,
    38.72969856248014,
    100.46248804559215,
    159.90688359729003,
    130.45092644148147,
    105.87634519339265,
    82.22853366340384,
    129.53410098864305,
    104.35533856824445,
    126.4173864841545,
    88.64238264968702,
    49.60665356682334,
    76.79354993897789
  ],