{
  "assortativity": -0.20889738445148753,
  "betweenness_centrality": [
    165.31684048822115,
    145.42489210126018,
    5284.851045588983,
    5037.378958168751,
    1472.2007102610144,
    1788.6373481588912,
    104.46187671023748,
    120.24830228320523,
    19.62749641641039,
    17.299074268950157,
    65.158858492626,
    35.96983685768394,
    297.6781010992583,
    362.1429348072931,
    70.78401951225636,
    104.12738739648071,
    45.42606826040284,
    52.78397307811423,
    78.52657448857951,
    89.50268915390947,
    162.11314363844426,
    88.8127645696986,
    17.794874446192065,
    79.67930790291481,
    43.484571909509,
    29.754156068727024,
    45.152111467308075,
    39.639929314638835,
    43.5938274111951,
    40.08689252791937,
    87.92388025453596,
    36.23368944760172,
    18.261362726221055,
    34.41909068129766,
    24.41153462633058,
    21.60996213310971,
    14.589674540655437,
    45.76953829864724,
    16.703079663479873,
    109.74222115587334,
    116.41059768087527,
    40.10838827812794,
    55.68202854132787,
    91.27102124517415,
    147.17545068943042,
    76.13975758957848,
    49.19969018509239,
    15.971598923413705,
    2.026960865507937,
    51.3376306149438,
    94.73851161044291,
    67.56340775393586,
    69.54561116834714,
    1130.9587379271989,
    1192.9490898665508,
    769.2733196426082,
    891.353535317356,
    346.29601102087497,
    495.9773499256565,
    430.75501479422695,
    497.4986348350036,
    165.85849951616694,
    103.19951467944932,
    125.06132308403035,
    194.45671150697228,
    244.90551550369463,
    275.73978912041514,
    205.05721033632918,
    155.46161468266598,
    45.893108878827675,
    243.0462479636555,
    95.93370618833725,
    8.834810830360976,
    29.81943778179324,
    81.41156127231181,
    45.79905971663095,
    39.53163910597438,
    45.6778992227176,
    60.69935551635204,
    28.01835060839756,
    49.76388742783806,
    34.975063170215115,
    8.4851974715291,
    8.123220037274468,
    4788.0041320161645,
    5397.622201426367,
    4741.669548252931,
    5093.534180837404,
    31.698436396531566,
    73.06913832579218,
    59.56566130344539,
    41.375832195845625,
    56.58850779954419,
    29.401809697300088,
    43.105267677403475,
    146.0488310834833,
    176.67964535296264,
    44.29487711227314,
    70.54966451950462,
    111.72854346824509,
    93.23819517477463,
    54.54828284388076,
    27.652903171766546,
    80.0438894000538,
    148.6528359516602,
    122.1727583853793,
    57.22920702175049,
    68.16060233116494,
    55.529581038214246,
    247.04582603596882,
    1032.8645459548327,
    29.313815841296716,
    174.84051697744385,
    32.508767318889625,
    35.17465374494993,
    1443.2197735221782,
    1955.9157895398216,
    28.23711134672122,
    43.45405031404599,
    39.18559451563556,
    61.978963288348076,
    27.11491687860268,
    20.78794456815273,
    24.881577411116574,
    15.736427265216944,
    16.246453855918787,
    22.795526716015832,
    29.053961042689885,
    28.745949452811466,
    20.769772555302456,
    16.195136259418803,
    24.244902068910225,
    32.38806389017967,
    107.0886471994195,
    18.69097496525964,
    47.03441031010375,
    60.18462755480369,
    21.82321456688012,
    16.576331612199734,
    10.499397992629754,
    18.193215474755746,
    25.717392211069445,
    14.519149324345976,
    13.452431997418133,
    22.467861478029338,
    23.950639414206652,
    14.47204297928911,
    10.950314575874149,
    28.976830004596003,
    1152.2107366062112,
    1085.9323400125995,
    70.67769047988254,
    120.5270869672857,
    12.704955955552817,
    28.429983082891795,
    39.43027036432903,
    52.3994100506408,
    43.751566867896585,
    7.886916264911298,
    4248.205091204052,
    4555.2382212424745,
    32.84398074075609,
    53.886327471867325,
    89.77302109038006,
    80.94112077411769,
    40.3397656259181,
    47.24162069793744,
    8.471041492179655,
    6.219759821714412,
    34.13672549937407,
    9.304450663191387,
    63.374568723176665,
    411.7381472082105,
    480.75798888407166,
    64.96389073691526,
    47.38742894328577,
    7.483408999307699,
    48.5856091937605,
    231.05338730552282,
    182.2718147412038,
    243.50522124554328,
    70.11925822450145,
    320.7511096275594,
    160.10864862463487,
    266.1460266377895,
    23.228591318776033,
    32.97635517336712,
    343.04069671377977,
    393.7059787426771,
    332.4569756202967,
    308.29013219669474,
    446.22187832317996,
    550.6674976126502,
    144.3608521032064,
    21.60312872839186,
    123.83307826545784,
    128.00336875806755,
    90.38020002544775,
    155.0541356395636,
    2232.9281825262997,
    2535.4907612257316,
    28.322739061643727,
    66.40338752427338,
    141.4656623339163,
    188.53463911043175,
    43.46241316186287,
    47.03013306292924,
    176.4191855596468,
    109.90422193460613,
    158.63122667252816,
    156.06306932390777,
    112.34543727944936,
    173.11708115072335,
    54.48750518669782,
    27.90439202448578,
    65.82723757276592,
    124.61365604069951,
    70.04445389541546,
    24.878777858223916,
    208.5821306336955,
    114.4346885786505,
    57.74167075680554,
    127.29918375066474,
    62.89522223621686,
    24.050620832922203,
    106.73602791179127,
    45.92921455192042,
    27.635176477674623,
    9.479144839021252,
    6.4142505804817205,
    55.01825785601772,
    22.950395295364856,
    58.484507418226386,
    67.9863866634835,
    72.95488302461942,
    97.55929723303313,
    43.47972629723405,
    43.93594461382899,
    153.82099635356528,
    94.31400168946494,
    58.08113053783772,
    81.80691861602602,
    35.00514907722315,
    37.625589537429455,
    78.57445767831067,
    111.19108196590925,
    99.72403670605878,
    54.438943638440676,
    3.5385441799228254,
    5.598708517173943,
    13.433946258938802,
    23.303427215551974,
    60.87967804542488,
    59.85900526471285,
    77.003898737987,
    129.08610213633784,
    23.98473969668464,
    48.17015039722221,
    92.61030366172173,
    45.33461700712532,
    28.944511847643252,
    61.80865900934136,
    110.46556009263789,
    100.79357991103122,
    72.37457935576002,
    99.4211765195221,
    34.15764503653926,
    7.561973278639489,
    41.99161205632567,
    23.653913978514304,
    38.66831622644693,
    25.079853879507517,
    115.0100215291406,
    17.978094754356825,
    34.97694914665274,
    24.03909602876696,
    26.694023869420608,
    89.73184311305165,
    28.008633385438333,
    72.34869149964922,
    21.79206498503448,
    19.04680800943897,
    35.177760451899196,
    13.674880883841862,
    25.128044408861516,
    34.92160647483381,
    2.017565445281868,
    1.0474322946982253,
    11.50667242113225,
    79.51042015181203,
    45.47556573414108,
    113.49226856173227,
    187.11560963770907,
    160.41274068546292,
    78.87178636648116,
    98.6960963324752,
    93.08878793482762,
    110.61694316361428,
    82.68427330193067,
    47.75485002950676,
    56.949662170777266,
    81.09191848230293
  ],