{
  "assortativity": -0.20756708526544757,
  "betweenness_centrality": [
    116.36844611944423,
    141.84773790248414,
    5593.2909580206615,
    4788.715301467858,
    1506.8153410248412,
    1626.7307105797734,
    103.0668684541543,
    134.38185431719884,
    12.64356706586768,
    16.637923482252287,
    63.332027808650246,
    45.933355168178046,
    311.397326600654,
    294.10714172649443,
    77.72820608289354,
    158.8229909847121,
    31.203119038423203,
    53.829195086766205,
    65.12337228373359,
    91.67928345837105,
    137.79659883687225,
    144.9213135627354,
    21.7673105951059,
    74.65098233097105,
    39.11156813798045,
    34.956866695438386,
    32.1503630937134,
    59.533002060340195,
    57.51432201467821,
    22.105326408997527,
    66.5307113796555,
    29.236538160355682,
    24.72738810943877,
    30.050877538028804,
    14.120204256508783,
    17.174347592422745,
    20.977791457345937,
    12.032907069630056,
    9.512630981553594,
    131.71684198925533,
    110.85292623215145,
    54.83715309267548,
    47.46171879257718,
    95.07476921975031,
    154.34869964182195,
    83.67425595923768,
    52.70398382577183,
    15.23219333244283,
    5.871837523724785,
    19.400628495477534,
    68.6564873903208,
    70.60535792686922,
    54.38491961230872,
    1288.334713155754,
    1265.3044008633265,
    792.7304961850623,
    870.4901959434341,
    334.79838538156866,
    578.0178879833582,
    422.0203314028524,
    391.4250832195564,
    140.94888419924655,
    132.60876486120594,
    141.66722687830125,
    202.5689051236156,
    244.0794319682775,
    170.96859194710163,
    205.3341417558469,
    130.93067170906295,
    106.74145814901462,
    183.68658772210324,
    85.33264079856451,
    8.63702396547068,
    26.965347779702512,
    97.62769530834906,
    42.7779093185312,
    40.780774545225775,
    37.61929223641859,
    44.211194440329734,
    28.645660035170724,
    39.046001973765485,
    38.14438238473069,
    4.573004562806339,
    3.098506617943958,
    5001.88882900366,
    4470.1652265210005,
    5910.701362997089,
    4877.900572684362,
    34.186007589735624,
    62.31315381941869,
    92.54819824854795,
    40.56235732123025,
    67.42207964132105,
    26.782813581127986,
    64.44620127179043,
    266.9470852830711,
    85.27417560960176,
    33.54221519349832,
    56.50451034755195,
    99.63462583027635,
    51.48780902156842,
    46.95664011194236,
    35.03131616589099,
    72.49661051901737,
    183.900441341896,
    107.0022050530983,
    40.63553722443379,
    42.324554753002445,
    36.16098935700636,
    177.4388927416509,
    814.9657246223306,
    10.139755111089132,
    241.89309128703124,
    25.703181791112833,
    48.935817471750276,
    1651.3441293857368,
    1761.6969780403379,
    44.62903787307315,
    41.442974834792324,
    28.6828477054497,
    47.077496284017336,
    33.6109432074487,
    26.39427071786779,
    18.892127454705633,
    13.478203403975591,
    15.992897039942978,
    19.43600350432414,
    18.461990998834068,
    27.669920693233895,
    30.449152393472527,
    14.101327779902086,
    36.77241187393484,
    37.4877397184714,
    72.97492801535866,
    25.62546576158673,
    17.631314193211608,
    57.165351020834656,
    17.011305294380158,
    16.159558902535764,
    24.892646485746212,
    11.007843058767211,
    7.539164337807759,
    21.53817516857464,
    11.217136042550962,
    22.08988483907654,
    9.50819113643416,
    42.29756338057823,
    12.414854977093652,
    33.71102262289787,
    1218.1216520925575,
    1327.31627851499,
    69.85369375526531,
    129.84265445272604,
    27.564989339459366,
    36.069364265337335,
    41.50318758366355,
    26.992662340935738,
    52.8546447380856,
    5.043195213329505,
    4471.577757492417,
    4098.697359994497,
    42.55684370376325,
    42.73084020552325,
    96.06059498561389,
    88.89748395213313,
    32.16068203958575,
    34.030431972143234,
    6.585801002496105,
    13.230300232508386,
    34.31964122817271,
    13.961581651427274,
    85.88214889544797,
    551.8701028576647,
    495.7863179292816,
    44.579110072110964,
    41.96205080598388,
    11.116603074678666,
    77.47362023601406,
    213.95280883357376,
    248.17750522513796,
    252.04020693557425,
    145.22184746467352,
    244.59064638205163,
    220.90057131692942,
    308.55210961592866,
    18.029091528776707,
    18.708763083455423,
    490.5830781951008,
    331.7262726007034,
    296.1036170866973,
    387.95773410219016,
    344.9154798373972,
    606.7576174381303,
    221.22641944082721,
    30.543829864594283,
    121.30113663847588,
    137.56254996649517,
    70.97641250768444,
    145.08142773188632,
    2187.828832131408,
    2175.1480146926774,
    40.77578103332178,
    45.03692700410417,
    100.65686509219766,
    207.64399223184515,
    33.174890149163595,
    35.2826632734398,
    155.12266326803987,
    133.36949654743844,
    222.277652562382,
    143.60499139371885,
    129.1820482438141,
    187.04105310285885,
    90.5148461615702,
    48.30273221540955,
    42.66776944797562,
    105.03230411450905,
    45.41163551310228,
    38.554566692455495,
    171.01845495312517,
    164.18127556080702,
    86.9332318685471,
    68.31019512167816,
    67.25876506801653,
    36.155643587347406,
    108.82874609200377,
    24.136950373128634,
    28.97012455022713,
    14.587057056713437,
    11.402995737965318,
    41.8800413828651,
    23.383787383013907,
    69.92357202655019,
    148.4126258631112,
    48.31925215590598,
    42.981884451621134,
    18.610080696925998,
    22.938819720988327,
    84.20291454597897,
    90.21855717344243,
    64.33243985430533,
    74.82209820350586,
    84.99208740684972,
    40.01186510745026,
    90.32776202940667,
    83.7615301113556,
    103.20258431098851,
    127.51534035784765,
    1.2142563705644203,
    6.515634718441109,
    31.635809653841168,
    30.493414751193537,
    48.51426776456824,
    72.2400643883838,
    64.89030698527907,
    117.46930127394064,
    38.2104133474743,
    58.24750392421915,
    54.06124423001201,
    47.61077373150722,
    22.28902509268615,
    62.67807540584103,
    150.43471597782136,
    68.37911890873968,
    62.359061072166995,
    69.79246371234422,
    43.823626091148725,
    24.425934549432288,
    58.76450426120323,
    23.287036371822516,
    28.936188869997117,
    29.3587336131613,
    47.80263362007756,
    27.77218479885708,
    67.3836443320375,
    47.89743150710364,
    35.203195502085826,
    57.80009451727081,
    14.691458867201021,
    41.29926004876786,
    21.02088431135669,
    52.37592833299772,
    34.40432334657521,
    18.505420336742198,
    41.618217069243336,
    51.02368131938476,
    0.457188903375344,
    5.2407913689526655,
    4.657873754830562,
    85.37296716036937,
    85.58077425998191,
    118.28393935816901,
    147.75578322411766,
    118.50730908015466,
    60.216208517966784,
    124.90281392383633,
    103.04681430232773,
    118.73245528419686,
    98.68703138363745,
    45.68306038262098,
    48.604803370682845,
    86.27924263374578
  ],