{
  "assortativity": -0.20129063424946228,
  "betweenness_centrality": [
    164.04071368551288,
    153.6467592275536,
    5281.552628845305,
    4531.253469514712,
    1322.7161599132116,
    1728.5059003511399,
    81.58595643980725,
    148.43365009592867,
    18.89749114337994,
    22.1314492132487,
    79.94097589950653,
    33.90922413971021,
    257.2467978493065,
    338.24990136678235,
    63.93690101207684,
    119.85073623923633,
    35.192315527351084,
    68.00662909743393,
    69.55219640742683,
    64.35178017062934,
    169.52582283872164,
    92.94190675129072,
    6.867436791538976,
    76.1787731765197,
    68.53586591881088,
    27.420898043363717,
    37.78001078572103,
    53.65342036668766,
    33.65484515283598,
    25.77522080747062,
    87.71875321591021,
    41.47374215412992,
    11.222731725236402,
    64.70847226076175,
    20.320651291202317,
    13.641428292669135,
    16.189931393348974,
    23.186150168748217,
    10.890112382564203,
    76.71426497146791,
    106.9906301647067,
    34.1949628216719,
    52.2523351254106,
    98.53972778314304,
    110.36035507605177,
    104.01215414494877,
    57.9223279819118,
    15.781540631245297,
    1.218227652585989,
    43.68311765650391,
    194.47218407604976,
    72.48941858463006,
    43.92286003543485,
    1276.9007035830855,
    1153.3197543755794,
    778.0033489919624,
    915.2958463424064,
    350.1193373825316,
    428.6765263504914,
    542.3913452625432,
    407.9572240380458,
    139.4279636387572,
    106.76844961748837,
    106.03989783774807,
    179.39121997577203,
    223.49270223937688,
    197.0317699770808,
    179.7678254037377,
    168.14133730439158,
    83.68956966561203,
    192.5561679571037,
    64.43211833281447,
    6.262917718809395,
    50.00857979636483,
    77.35497356056898,
    57.96434084040392,
    43.31426409955861,
    49.742138063934995,
    46.3788329877533,
    26.636516762686085,
    31.65983680639683,
    65.38213041855974,
    3.6440709623105265,
    11.268680396623706,
    5699.444152508066,
    5026.02509273541,
    5115.61917363935,
    5228.608655216224,
    49.27937326904979,
    92.34940651421677,
    87.4890792294863,
    45.89208259809905,
    67.63470395629122,
    13.655859604697572,
    62.25484185913183,
    185.6634778973397,
    108.63341295709112,
    32.79861811686931,
    47.79035719433171,
    122.06161438916077,
    174.24820534708263,
    41.44115544703404,
    31.285996158434354,
    110.35059722592317,
    177.5463568030051,
    147.67627320124848,
    48.89579215581881,
    50.238853190145306,
    59.5967994424716,
    166.77182875955864,
    853.422786164712,
    16.583101835804342,
    162.2153819928458,
    38.104694562244546,
    55.51737872076959,
    1570.4256935889803,
    1909.2531142002188,
    24.83810840215191,
    50.39898356007565,
    31.47728681300912,
    54.644200518729846,
    20.80375403968473,
    21.577442799849997,
    19.686609486333577,
    18.022942867713617,
    21.78127626179594,
    19.17107190577957,
    22.70875071836068,
    35.49458442312886,
    14.517114492892743,
    12.570595396661728,
    46.89576199321654,
    38.931492907374256,
    85.1356936827094,
    32.75968580487686,
    29.844021499218478,
    51.27195082163826,
    39.79710648835904,
    47.10524296318251,
    12.689195234916182,
    21.347778805649476,
    5.246344580400931,
    16.714977971921158,
    22.535600379630683,
    16.15178036424911,
    10.50344918029649,
    14.62296216438183,
    11.944384811440537,
    23.963392000768685,
    1134.9210924580211,
    1501.6858263437741,
    40.60868554955367,
    125.2089639489383,
    23.920388091707874,
    39.971073176146305,
    70.49045120452057,
    28.259487311193524,
    29.29228775818173,
    4.062183697528524,
    3996.060127569442,
    4323.937149374987,
    32.82589626128805,
    89.88393728244996,
    107.16582111533386,
    96.99854005005233,
    39.69106437273186,
    29.80573709254537,
    9.032965208193795,
    8.096628702876878,
    28.63285930205813,
    7.370649176353689,
    63.831524373147175,
    446.2535720248308,
    527.9093230583073,
    44.82878056795811,
    68.08173592770702,
    8.618968368579573,
    89.56272505190864,
    198.44759992100583,
    203.46045736830956,
    271.16818624052826,
    164.6161472413148,
    206.51807863397144,
    203.4804104102801,
    542.7826255073486,
    29.28755971381697,
    30.33612639595995,
    309.82276362701066,
    310.0935779559014,
    282.14488218155407,
    339.24361146947115,
    355.7954659821103,
    543.7864490284197,
    212.69771137199115,
    16.76489242324454,
    99.74107164006449,
    160.61453190158088,
    86.09095376924233,
    128.38814705120257,
    2088.422258805197,
    2243.484362326974,
    42.940236734155945,
    59.03455276021559,
    96.00966670279723,
    229.89023759202703,
    29.42473942611197,
    50.21534549569958,
    166.51475270404893,
    92.02294431801803,
    238.7753322678828,
    187.96903246514526,
    204.06959968374707,
    191.2876012206886,
    63.661133725926504,
    29.460872337143275,
    56.60035127612571,
    146.89904205983612,
    71.70546997061093,
    19.204124309688055,
    194.15561899689988,
    106.5273270875913,
    75.33150593764016,
    75.7059147611108,
    58.10338976338898,
    46.64915701727422,
    77.58705404035466,
    21.33966814833058,
    13.320625388570939,
    13.369425026184414,
    16.531899731523758,
    28.976999005748205,
    36.08776889274758,
    59.07560974390566,
    60.750381669830354,
    38.926981959860925,
    64.51443625814949,
    40.755140938622226,
    28.512753434798018,
    177.38768213700547,
    105.72753086234485,
    70.69123297791353,
    81.68062794321239,
    61.40280425060743,
    44.128768910379165,
    91.25375551609012,
    111.02982260454287,
    83.05285908925583,
    218.76516840538886,
    1.0996864321006197,
    3.0732237791448314,
    24.923156844177832,
    26.5247716762674,
    60.034394610339916,
    68.9934035068169,
    103.94477071828626,
    163.53617407319615,
    46.13269291274865,
    75.92519852969019,
    68.16615184744418,
    90.45162948748145,
    29.015091951580036,
    53.85329657408142,
    98.70235888602664,
    100.38757122330328,
    42.85308442141509,
    55.697688449809284,
    49.29058494077814,
    22.934030463963804,
    54.172406640347255,
    14.165358519474472,
    64.4007652859938,
    23.94427533942196,
    68.29657558943822,
    37.018484889227075,
    88.2932365885167,
    37.64034327910012,
    54.155598936706646,
    58.47123460824196,
    20.546116457361695,
    60.85974539398766,
    14.20940403119597,
    38.13422025613151,
    21.636060443473582,
    17.42307013928309,
    25.31691307515457,
    31.464865900209144,
    1.9032467532467534,
    5.418807703440642,
    9.281744733148688,
    75.66040046469594,
    53.55917936393252,
    108.46430968276626,
    115.2604587015755,
    114.48328107271048,
    62.680763183229175,
    73.58414085923067,
    84.7768187199067,
    93.35280103558412,
    95.27856313233356,
    48.674114296422175,
    47.90774762033823,
    80.61296416498436
  ],