{
  "assortativity": -0.20243531530685377,
  "betweenness_centrality": [
    183.34525216143072,
    182.59293270032794,
    5547.637663176769,
    5021.931519256024,
    1593.1615003425525,
    2054.834920850689,
    77.34890558565863,
    108.42276613482122,
    17.874375821537328,
    17.86629580213089,
    85.23222799409203,
    49.77513746119128,
    266.97208477039993,
    309.70596401294506,
    79.52844371819096,
    90.5600144233732,
    44.38941867194106,
    43.822798772663205,
    65.91938795177424,
    55.70386015159351,
    119.74851746433643,
    87.98496500671814,
    5.689446119625622,
    77.6610174057315,
    48.39448371726561,
    25.41906377699682,
    34.37473128559688,
    62.642028605851095,
    27.22539323210998,
    49.8222369190321,
    89.81503067850477,
    31.56118540659823,
    17.14843988487701,
    39.42905535080909,
    21.222232118272444,
    18.33233366830362,
    19.686367524996804,
    5.660902913074631,
    13.798883408823333,
    127.2383499950143,
    101.2672240904515,
    38.46121829862736,
    29.77309075332327,
    122.4953252843804,
    199.08614868645182,
    67.42627115947613,
    39.123499702032916,
    9.95700695575003,
    6.25629211919026,
    26.380169390690344,
    104.42842544988515,
    73.13390716134329,
    114.26013003422796,
    1376.7596330933093,
    1174.306413734809,
    743.743315656403,
    772.2233254539146,
    356.11417658912245,
    462.5138103148168,
    504.63507575410716,
    585.6891244646092,
    114.23168821567754,
    76.94182604397582,
    151.0707470947949,
    225.82710347127195,
    219.4150179298443,
    177.66747961555595,
    177.88396982302635,
    216.21894550875712,
    44.71289054567627,
    172.2021718530198,
    111.16501013190111,
    14.14268959119221,
    18.55269951194193,
    62.48400633376328,
    50.733955210722044,
    62.717713018993926,
    85.99912161773773,
    69.63531105473932,
    36.540371661098376,
    31.74434298404963,
    41.71656407004698,
    3.129216692968279,
    6.498252542668887,
    4920.54191355109,
    4892.977166821356,
    4698.198616277549,
    5166.219134455104,
    31.714868122167598,
    55.66039163122915,
    52.3501135416201,
    46.749171757589515,
    83.11371941808032,
    26.172312775924986,
    54.94817132572243,
    147.31071055719516,
    102.37178305291182,
    28.336332108832078,
    61.51304155411874,
    118.91810409245112,
    66.43926168627065,
    45.83896884191912,
    23.100810499806304,
    120.65518025844388,
    173.49425272070792,
    114.11727803171402,
    50.38966394386295,
    58.78694270592341,
    65.98366063616993,
    168.11538871569627,
    874.2200727604567,
    16.962428085370604,
    213.34992289133805,
    18.463829887465614,
    34.369011261096496,
    1559.8248387958838,
    2245.621436677638,
    20.01262938305361,
    45.27429242254804,
    30.137555385266083,
    64.20464619180439,
    15.301134737246825,
    10.998065816230461,
    19.81442746165648,
    8.904066937404052,
    18.045667348725893,
    13.08359615215428,
    21.1205434697557,
    33.27733221551595,
    12.48243951294014,
    18.80444344293429,
    31.29197544169405,
    48.364124419130874,
    40.134383878266796,
    39.01797162961947,
    72.30721798882509,
    51.77647092631708,
    23.857594168094803,
    40.336610184679316,
    6.5951823303548185,
    31.624841586704086,
    12.122521825420769,
    25.328907265481696,
    9.352659681773284,
    21.22092855968163,
    17.19748767172962,
    7.367253157965768,
    11.502316366599738,
    25.639799516091173,
    1487.581631615099,
    1127.9558184028056,
    71.89444487769879,
    149.89222619324943,
    16.55481755968982,
    45.42546945405548,
    34.99628492986539,
    36.9538449811848,
    45.39324133222877,
    5.406609751640969,
    4196.111889170659,
    4058.4083918102183,
    51.07290723166024,
    75.40209184918399,
    46.13132822566202,
    92.8728167703313,
    38.12019515451202,
    39.63621631930603,
    9.215701017671417,
    8.923640118993479,
    27.5991377373919,
    7.636949790144033,
    81.29874194457419,
    461.6713140082371,
    518.7058230546932,
    39.13120575218851,
    35.851062052796514,
    8.993293407101737,
    74.47645290526222,
    252.14052803691425,
    197.3919989051692,
    272.7006848979879,
    120.75849390445981,
    202.9929344554698,
    214.27344945206556,
    296.88060379693326,
    40.44280352239529,
    15.871621193442172,
    345.2146486834322,
    424.19549786645405,
    259.7540536692828,
    303.7509564522229,
    390.439744884444,
    463.90474535485305,
    157.36922819055476,
    25.29749889699141,
    100.80368365187728,
    114.87533286641012,
    117.0388603887925,
    141.28480187919496,
    2114.2460703867787,
    2304.82238448194,
    42.74281040584358,
    22.895595764145707,
    109.58075057928194,
    158.90838166152525,
    42.43769932186432,
    41.205232118544146,
    180.9262866437445,
    71.93157827451427,
    233.0857230112131,
    151.15217174123634,
    208.38842966206786,
    162.73436136978754,
    63.34005993075664,
    32.48512712457844,
    40.027748018503424,
    115.90547838560482,
    67.96908922576303,
    35.73597255212248,
    218.78227313585288,
    153.3211983666987,
    99.5509988904626,
    50.47757224834158,
    92.88088197638672,
    33.893648947869295,
    86.0842096745804,
    22.8039315288201,
    23.77098405506346,
    9.085171541681373,
    27.956342034852508,
    38.80324292806493,
    32.09580883376911,
    66.28327463319995,
    52.407520783559285,
    50.02359548181037,
    74.59365303246003,
    35.775543988224854,
    39.992030588193074,
    152.90476026952408,
    78.46180176177118,
    40.367004018760895,
    56.02539128923573,
    62.389000018965845,
    39.926654081304164,
    122.89803438870464,
    93.42066089893721,
    95.86782457930774,
    89.56810204827138,
    1.4620426490670595,
    2.453265261276587,
    13.916204947113043,
    14.441312722256647,
    61.29594436367081,
    70.972466377796,
    96.62664173359023,
    127.11418130262464,
    33.59767378375766,
    41.878055367370216,
    65.796072287127,
    70.31291947427917,
    24.06507811604704,
    85.20695510277996,
    122.1681447055647,
    141.21420340656954,
    66.20565560153113,
    91.12842834078258,
    45.60580276503499,
    25.067219805616364,
    58.33045946267409,
    22.500820710148044,
    33.75234914233531,
    44.58580034478958,
    75.51607350915326,
    47.94126347699543,
    37.959277342104386,
    38.897105041206686,
    42.41985338802941,
    112.86974703264814,
    30.321744740625167,
    26.305530887585316,
    11.710391977835362,
    44.410953512165,
    19.932856386595972,
    17.41201178770362,
    38.15665983712603,
    23.005199624250416,
    0.4426470588235294,
    0.7432796432796434,
    8.852141809659194,
    86.72295659513115,
    52.69686269054999,
    126.32135754921829,
    133.9404014548587,
    125.87075530143885,
    69.36382199535865,
    116.51454625679317,
    124.51797358927972,
    103.72194434758727,
    80.63557153704359,
    111.49481607289448,
    35.517368114324704,
    60.387005182608625
  ],