{
  "assortativity": -0.2017626002527373,
  "betweenness_centrality": 270.4768211920529,
  "degree_distribution": [
    [
      4.0,
      1
    ],
    [
      7.0,
      2
    ],
    [
      8.0,
      2
    ],
    [
      10.0,
      4
    ],
    [
      11.0,
      2
    ],
    [
      12.0,
      4
    ],
    [
      13.0,
      5
    ],
    [
      14.0,
      4
    ],
    [
      15.0,
      5
    ],
    [
      16.0,
      11
    ],
    [
      17.0,
      6
    ],
    [
      18.0,
      13
    ],
    [
      19.0,
      7
    ],
    [
      20.0,
      11
    ],
    [
      21.0,
      12
    ],
    [
      22.0,
      20
    ],
    [
      23.0,
      13
    ],
    [
      24.0,
      9
    ],
    [
      25.0,
      16
    ],
    [
      26.0,
      10
    ],
    [
      27.0,
      10
    ],
    [
      28.0,
      9
    ],
    [
      29.0,
      8
    ],
    [
      30.0,
      11
    ],
    [
      31.0,
      7
    ],
    [
      32.0,
      9
    ],
    [
      33.0,
      4
    ],
    [
      34.0,
      7
    ],
    [
      35.0,
      7
    ],
    [
      36.0,
      2
    ],
    [
      37.0,
      4
    ],
    [
      38.0,
      4
    ],
    [
      39.0,
      1
    ],
    [
      40.0,
      5
    ],
    [
      41.0,
      3
    ],
    [
      42.0,
      2
    ],
    [
      43.0,
      2
    ],
    [
      44.0,
      3
    ],
    [
      45.0,
      6
    ],
    [
      47.0,
      1
    ],
    [
      48.0,
      2
    ],
    [
      50.0,
      1
    ],
    [
      51.0,
      1
    ],
    [
      52.0,
      2
    ],
    [
      53.0,
      2
    ],
    [
      54.0,
      1
    ],
    [
      55.0,
      1
    ],
    [
      57.0,
      1
    ],
    [
      59.0,
      1
    ],
    [
      61.0,
      1
    ],
    [
      63.0,
      1
    ],
    [
      64.0,
      3
    ],
    [
      65.0,
      1
    ],
    [
      68.0,
      1
    ],
    [
      75.0,
      1
    ],
    [
      81.0,
      1
    ],
    [
      83.0,
      1
    ],
    [
      97.0,
      1
    ],
    [
      98.0,
      2
    ],
    [
      100.0,
      1
    ],
    [
      108.0,
      1
    ],
    [
      109.0,
      1
    ],
    [
      111.0,
      1
    ],
    [
      119.0,
      1
    ],
    [
      125.0,
      1
    ],
    [
      126.0,
      1
    ],
    [
      161.0,
      1
    ],
    [
      164.0,
      1
    ],
    [
      171.0,
      1
    ],
    [
      173.0,
      1
    ],
    [
      174.0,
      1
    ],
    [
      176.0,
      2
    ],
    [
      181.0,
      1
    ]
  ],
  "density": 0.11458493762513476,
  "global_efficiency": 0.5550959641518706,
  "mean_clustering": 0.33910410204722136,
  "modularity": 0.06581066349536693,
  "path_length": 1.8923073549405727,
  "small_worldness": 1.0059262882825533,
  "transitivity": 0.22885108707314455
}