{
  "assortativity": -0.20267094900559113,
  "betweenness_centrality": [
    156.04288000549792,
    130.60157554308728,
    5549.376843914917,
    4524.730812568147,
    1574.4211868831392,
    1761.9589629303196,
    93.82658766301726,
    112.3755151730846,
    16.468174218194225,
    13.865228661883648,
    99.71470005387248,
    33.193111207877095,
    259.3024827976618,
    363.71509103411057,
    84.84892747107311,
    132.0335839194421,
    59.68367292326237,
    65.65936664607388,
    79.10777326457637,
    71.00786272688941,
    143.09585569864439,
    112.16522964041027,
    28.7972861276285,
    96.98284624994614,
    39.291923339760075,
    24.401673265159342,
    57.16926419260808,
    56.64929570910972,
    26.056829199313437,
    51.28222026888668,
    66.63654994314903,
    38.65472145129367,
    39.18729554275995,
    50.72816444041954,
    15.798395000461573,
    16.228316324219477,
    27.704009656051777,
    6.760783491417698,
    16.258345587261925,
    100.43615803584261,
    149.11038170342158,
    36.706305098677085,
    45.7391232551447,
    84.47433792079504,
    124.08078300527751,
    98.46256846278203,
    67.07422014504715,
    10.331732372036804,
    2.8188954078233546,
    39.570349714423344,
    64.60309493776941,
    85.03950237681856,
    44.26555376426898,
    1329.8677961593855,
    1337.2943261951168,
    674.4070169803173,
    851.4299582385482,
    354.25474864864066,
    456.20386850777555,
    477.25136964129115,
    472.2798292515853,
    236.34738044475623,
    79.62172367640471,
    177.1588428612255,
    253.28989697440682,
    219.7190175565504,
    163.17335380503553,
    187.3144723785481,
    161.6130080822439,
    103.79415375372804,
    173.49022410771246,
    133.63521231836185,
    7.717516507903173,
    24.696070734012856,
    74.79433895319593,
    42.48301905834705,
    47.80011829699297,
    45.13779177789045,
    74.33724245361348,
    25.217966341373113,
    36.54433205352199,
    45.401854559192074,
    4.2256420920799656,
    3.7236959423001945,
    4403.181906780689,
    5315.213774652678,
    4593.121180825038,
    5248.046073117618,
    34.886338210596925,
    83.76673971836327,
    68.44444842295773,
    48.74366244100306,
    61.671134227881524,
    26.838589594451015,
    68.52149846454377,
    169.41675903818597,
    134.09576369739557,
    50.71514297502388,
    83.8073259438521,
    164.3588474056818,
    49.4438440358238,
    51.505280035492596,
    34.36936812897593,
    96.16289879876258,
    183.3038143342874,
    156.66264175017864,
    44.84510129173961,
    49.050072352860205,
    57.6554181162259,
    225.96572265018133,
    1032.180222266717,
    22.9593520180325,
    166.5100143918099,
    19.575769734812628,
    16.055515349047422,
    1601.0471382753387,
    2003.7854160152463,
    31.411108960623146,
    32.77543941920141,
    45.73044909367537,
    39.20668774806379,
    32.19625451083206,
    19.548730354054854,
    15.535039515211295,
    15.464595191141933,
    30.3564800572012,
    20.062159953793117,
    15.397958289308512,
    46.414626383298256,
    13.93432279258687,
    16.44840736721775,
    24.720939176808464,
    49.73538841132914,
    63.13073910529597,
    60.127729352728984,
    46.815770016847296,
    49.76233382371023,
    10.060723733582998,
    16.029311809755626,
    14.899557788391844,
    25.899666465882525,
    3.9749682804029516,
    15.498489950551148,
    20.75466807266073,
    36.61350348476103,
    20.812697949766818,
    17.340967986061244,
    14.59220439965987,
    11.474183732762846,
    1339.9456156758963,
    1135.517295643279,
    79.67762156732732,
    138.89605781705225,
    34.6804450736422,
    35.75157889124674,
    26.547188362052868,
    40.9813518285523,
    33.64581152503604,
    8.185721587261686,
    4597.401988359881,
    4035.4556460489644,
    39.60596589734518,
    39.11374767758042,
    94.51044000797258,
    70.02064291169457,
    40.88082337367776,
    73.22399229247829,
    19.17442161298516,
    9.502492712403042,
    40.673334913941375,
    10.403824689208689,
    50.36038650673061,
    439.30701640452986,
    477.01276397943803,
    51.37872233407104,
    59.41057080218741,
    3.1539507645880605,
    76.9956890365444,
    294.6162199441192,
    167.83489425513346,
    247.44627986983838,
    144.37937685732243,
    250.28974723510586,
    200.7120273389635,
    334.6156638996252,
    25.771791076998745,
    32.19091698958257,
    395.14564015781895,
    400.9053930238248,
    236.247555239862,
    309.41504131212207,
    415.7551112873185,
    459.87240056705093,
    151.31048430385258,
    29.86516443455078,
    66.80858315240397,
    162.89710757623783,
    97.9138548507707,
    126.26729216546055,
    2542.0015509527507,
    2338.412862709667,
    55.83337434720666,
    50.41286197661298,
    77.94222018105121,
    191.53440298476573,
    21.06805783914897,
    40.1539212252568,
    161.51671041237893,
    145.38483967138072,
    238.38169259899354,
    193.71525770533796,
    141.984815852655,
    156.0748701736246,
    75.13688798077821,
    45.800909480524595,
    42.52632781260825,
    188.0024557382507,
    60.71524888678842,
    40.14430562940152,
    211.8002940454785,
    126.36514817866693,
    70.30795058580419,
    51.49181408724736,
    42.88156196486221,
    17.98646121953996,
    104.09633379387006,
    21.5768999578124,
    32.4045233418782,
    9.410959869112423,
    5.740809118352839,
    28.834023161796537,
    28.3256423178654,
    68.6007975345146,
    79.76166906085881,
    49.23652993752938,
    67.78744288744251,
    58.821301562847445,
    37.160576550332266,
    99.99748945443106,
    77.07761684326995,
    84.51706095417372,
    55.09264108796452,
    59.067359733417135,
    48.84729156256112,
    98.50865310403046,
    83.98619799595875,
    87.87672856039666,
    68.51230135633136,
    5.329321450453592,
    10.437436965532424,
    23.050724510863084,
    11.309644794414558,
    41.62863554103605,
    77.40106366147086,
    52.63037204388955,
    95.03167670579843,
    42.02499896819238,
    67.67080390594367,
    118.97706738525727,
    77.81567952943544,
    20.220152416932667,
    52.767950960886466,
    112.88938620941495,
    131.48229137402555,
    80.15339624453219,
    67.08627725517955,
    45.77551494319273,
    23.576794390420012,
    54.777608590116216,
    35.82368899254702,
    28.40933618167508,
    34.58876398704314,
    93.84821161105073,
    32.61492687602553,
    44.017250256789744,
    44.462978967937005,
    48.93606491070366,
    57.011397491320075,
    9.210197491991964,
    36.681161210346815,
    26.557713527456404,
    25.161456907457616,
    33.00368799483706,
    12.55702295775047,
    27.09020996230233,
    26.00002436159997,
    0.35526315789473684,
    1.5321417872213465,
    11.032266822746692,
    45.83661000799339,
    60.02633606649697,
    95.05963205417234,
    161.40123298228434,
    142.85056103822677,
    71.43076183698713,
    110.35431901638204,
    123.76968075819805,
    110.66813658692331,
    79.96342563088974,
    54.13645298759898,
    43.373111028092126,
    78.35085135352114
  ],