{
  "assortativity": -0.20216030153281656,
  "betweenness_centrality": [
    114.71595370305026,
    149.35543878295812,
    5206.377487435797,
    5118.980953562477,
    1680.7709578216172,
    1894.2429525817802,
    83.16215346788519,
    93.91731174493601,
    15.131136689994918,
    28.527154131250207,
    105.55798929447116,
    48.80877752656657,
    319.58083108205943,
    295.07293407969007,
    84.22816087328216,
    114.73123472944671,
    67.34003033108367,
    52.33315737420081,
    53.757771456137746,
    92.67683234059544,
    193.29568470204333,
    123.30474332983091,
    10.831869897272929,
    93.41018993794877,
    34.13377808018308,
    46.93267188148562,
    31.566531363235494,
    46.78563319984033,
    35.33911919595788,
    29.10958273523148,
    57.9106987645206,
    48.62443726352702,
    22.3238818687185,
    38.99352829263927,
    6.763480124220504,
    16.12956891691799,
    20.463260172916176,
    31.646112254378178,
    13.038816128420933,
    101.8867893914545,
    110.65282852969126,
    30.2167422646263,
    39.138507818819505,
    77.73283471554704,
    151.67003410133066,
    63.39067296979147,
    47.437554312577454,
    10.208362579925748,
    2.729460107487241,
    60.94770652495385,
    70.0404646685361,
    71.28382308665822,
    45.29383784819731,
    1348.4475908235745,
    1152.4257741815452,
    699.9538590747629,
    848.2496082897121,
    404.01196020289086,
    480.2568503503841,
    499.3534809591541,
    472.37330277299765,
    128.5698300681802,
    107.87225398701162,
    154.7265964556836,
    197.13327176714662,
    265.80228397249607,
    235.57986626379017,
    227.69952689496498,
    153.08039842431086,
    107.13620763669438,
    252.14959191603216,
    129.1471386941614,
    13.867641681178819,
    19.030468362626635,
    91.19539206464187,
    104.47301230318804,
    48.100641777348784,
    41.59364465253956,
    31.55357894226649,
    21.954272567928054,
    40.70259854405337,
    82.14333204694881,
    10.743101414270999,
    9.077405947600402,
    4659.884068134178,
    4775.158879568316,
    5081.349205164042,
    5197.380694089718,
    33.98712845576683,
    80.31013242345314,
    70.09476615441281,
    50.674885142721536,
    75.75222951802014,
    29.57355768307672,
    57.32374261043559,
    154.91033823600984,
    107.65219823480652,
    30.423946630886835,
    56.1503022850047,
    106.20307874152641,
    46.33376333073178,
    32.387884729388915,
    30.449085366542707,
    76.50291126218951,
    146.29681235151588,
    214.94445533612733,
    54.76535376497727,
    48.5787375196562,
    48.518710337479625,
    161.8898004985686,
    782.7580375047614,
    20.888009797061567,
    173.25134128303694,
    44.67017693504237,
    39.726892696049774,
    1414.4422986765094,
    2107.450602834682,
    25.93085642574418,
    26.031925979435105,
    39.676471042620186,
    63.70530603335658,
    26.01489679660253,
    15.6733467646653,
    8.636925671802102,
    15.418071964837559,
    10.866888287496742,
    16.255938834948378,
    56.40491587677291,
    33.70089641197569,
    22.427365544033602,
    19.103570506023893,
    46.88512658531741,
    45.644883255126494,
    86.48581038434202,
    34.89488247913318,
    25.389373768559693,
    58.16290630111001,
    29.10661857325852,
    38.51026780954718,
    22.91668913421502,
    15.966213582443496,
    7.531519176402748,
    16.64242409021292,
    26.78694891657748,
    24.620584909971672,
    40.097027901104774,
    31.823033310984005,
    8.813504887966122,
    45.33133067004154,
    1210.123437017682,
    1222.8694358317891,
    91.72664598763872,
    117.891224525828,
    22.157411933029557,
    66.50230714491839,
    41.4615026772804,
    40.54102929618464,
    25.46166815417647,
    9.225594589180242,
    4333.616649276232,
    4549.471177704924,
    59.21590145083467,
    47.13930713964761,
    63.88388360502025,
    71.60493330039526,
    33.06018248675483,
    38.04670847541777,
    10.090237443532756,
    9.79404158992868,
    27.15120823902531,
    11.229179435574588,
    75.11917822292097,
    408.14518272338563,
    681.4198553454029,
    52.25729868081411,
    39.89136241696984,
    5.456916232833479,
    64.06335710403388,
    195.2726203436457,
    199.34111845780478,
    307.5139689674868,
    152.7500027807262,
    226.2948345835694,
    186.9544136400454,
    300.56682689468124,
    40.17076893703918,
    10.715460344162993,
    357.8756774156203,
    356.94551988554326,
    293.1119973946204,
    352.0796399042803,
    336.8858594607632,
    439.9272992108992,
    162.6591599736628,
    43.22269106885184,
    90.19751065246615,
    152.32580336045385,
    125.87252061295236,
    235.4565679303535,
    2123.127712215528,
    2365.0939706931713,
    29.340464635636526,
    42.91652081742537,
    144.64688039659603,
    119.64943603563498,
    36.164068837928845,
    22.995718796729044,
    169.028831289127,
    134.22332660343523,
    213.5334818054184,
    142.03183469023404,
    106.43530440329006,
    93.51192996014467,
    62.00596600495847,
    40.49403581218759,
    67.3338917744455,
    100.56139387442502,
    63.65645850914042,
    28.799294930038588,
    220.51267868973767,
    122.09433305782026,
    91.32808432568575,
    59.45139885163432,
    46.86571141311255,
    32.31521195619624,
    97.79089375845146,
    39.25681598587331,
    16.612392958332812,
    7.589381437817298,
    15.764634813225628,
    39.57801286561614,
    21.48399524249092,
    61.780944397202404,
    64.15746365918802,
    65.2178293284687,
    72.00459517284528,
    31.959182068435645,
    43.00071246057206,
    133.28944047718852,
    106.17476012823504,
    70.96430984700052,
    51.774850542392585,
    51.195519902195876,
    38.34727475191167,
    128.55470157913427,
    101.44218348337583,
    122.11999282181444,
    92.18326571620521,
    1.2374949468682055,
    7.311351701293136,
    23.56856631583805,
    9.954650065170561,
    38.836861788945185,
    43.126875715152764,
    98.10603799748975,
    123.55870019044285,
    56.673656628030976,
    36.61243271663188,
    55.46484569856096,
    62.15512976509356,
    17.348293599432743,
    64.41624934904215,
    73.83805160975832,
    145.52167454635378,
    87.02964585112174,
    95.26905201870845,
    35.24721933712024,
    12.753160848842343,
    65.50432614365353,
    37.5187358880324,
    33.10840739318553,
    41.302515154619215,
    112.30194066547348,
    19.52746065923876,
    48.68422546228967,
    48.91950265925494,
    37.89886370160144,
    98.46563272405137,
    23.167315306277448,
    39.56477417868204,
    41.44285764200456,
    35.36945696783585,
    35.42858346883216,
    19.135759663460576,
    31.59089785548867,
    50.65920723466279,
    1.0121629769418186,
    0.9974143328910225,
    3.4869321978366217,
    73.46712802820635,
    42.69279207468713,
    162.10596751371287,
    143.02699286635868,
    144.0666463806985,
    82.86845799455321,
    77.7287894078515,
    88.73548634971732,
    90.24601772850852,
    79.61128723023366,
    38.895696603636196,
    40.396089474140524,
    44.87609350124808
  ],