{
  "assortativity": -0.2047501163753888,
  "betweenness_centrality": [
    113.40073077163386,
    178.0979799953932,
    5310.5300537474,
    4906.75815400413,
    1427.4292200378727,
    1919.2268698971768,
    106.17967964443889,
    86.9462421836543,
    10.243177574947007,
    9.789530855957672,
    59.33437755762144,
    34.30944291026448,
    248.3785770973718,
    332.7298370514981,
    57.67243978880551,
    82.45626597162175,
    35.23316139992322,
    73.30540077170133,
    67.01391339693559,
    95.29292492772737,
    136.57045768241306,
    145.6973463079895,
    15.818558554914835,
    58.48769051872795,
    29.070701027517135,
    28.508620968775155,
    30.306490491873138,
    34.404099654476,
    45.0677245541018,
    43.82927541137588,
    74.41533759972666,
    74.93953811336543,
    19.7161105499783,
    41.39825738212426,
    32.75118882782273,
    21.035402051511575,
    13.160372267719776,
    20.947031184577245,
    9.85961206296663,
    74.49991914084211,
    103.93434000561209,
    50.43640212052317,
    79.26194551282683,
    93.25792906218278,
    123.86681408293012,
    91.96833029200799,
    58.63924603635328,
    11.369868606646419,
    2.3407444005270093,
    37.40795254841751,
    79.8366802380812,
    61.529805051146695,
    50.94193257723735,
    1394.7958756377875,
    1328.693669212611,
    655.6091736428075,
    818.4399393287881,
    343.27980611438164,
    458.22232097558765,
    421.0637974247237,
    495.97109198502415,
    343.32148624126523,
    83.90711794643359,
    161.520626217406,
    264.5254219500195,
    296.6148190963133,
    208.01476837908243,
    237.46624164081317,
    152.17672577103696,
    62.53104502969843,
    201.92288646782566,
    92.69385820550605,
    9.945291507075094,
    29.227245704156214,
    79.32014862639197,
    47.264553864350624,
    58.64404975355557,
    52.984802741067405,
    56.754749164102755,
    32.171780247375835,
    40.070101788987266,
    48.62551877945044,
    10.609385497883931,
    4.693148595470577,
    5077.758730274563,
    4659.222837279153,
    4952.91472340219,
    5166.0281076442025,
    38.41420207232191,
    91.48448725760038,
    44.77450764755637,
    56.839853072156444,
    66.21703227578779,
    29.683523913204706,
    48.47466836147275,
    173.0295303893689,
    96.62910991295568,
    177.65628940453053,
    64.07630745740711,
    121.11754173913621,
    54.22556477029337,
    35.79887931230683,
    25.513805651283846,
    82.45855907896623,
    180.65601104271045,
    179.91334504259078,
    60.65858726962386,
    41.153670650702466,
    76.5534365908381,
    217.3307473977082,
    747.8553382978554,
    21.36269974941423,
    162.75578440415597,
    21.713976425533595,
    52.39077546827334,
    1618.0435721158308,
    2139.744482676256,
    15.250298236176805,
    72.33559688644657,
    47.23893777856073,
    44.29934615225242,
    25.081694872699707,
    14.816537772109642,
    12.280737524314608,
    16.970834376507906,
    10.735509073539607,
    11.985019882222614,
    23.935532939959007,
    52.71482935554647,
    12.840684944412804,
    12.994878452749912,
    33.93398593248594,
    35.16894535530156,
    59.44183636727165,
    50.52362004450397,
    34.50705826665897,
    51.4350456450266,
    20.651423643114413,
    28.717135639822303,
    17.99514936293548,
    22.242819973498975,
    14.084234581410474,
    17.331928535132178,
    46.12279334808687,
    14.839080407627954,
    19.511394329103794,
    17.449233722165868,
    15.957284757932351,
    22.2460125639674,
    1287.1075566551306,
    1314.0567055302447,
    87.12690841100476,
    142.78479860287803,
    21.129154818398398,
    20.391730941099503,
    43.61270824793681,
    25.53785101494494,
    25.75542247720827,
    13.492567716094936,
    4187.910942386186,
    4359.75683548188,
    37.47356758361839,
    47.922570328265195,
    118.07680993926368,
    67.23233121238094,
    37.21758906933059,
    34.85666286506833,
    6.793315908423595,
    12.284064064127573,
    20.20069023887423,
    13.018239715841506,
    68.20728146222255,
    438.78555443005604,
    538.3628087030938,
    50.196646531096455,
    38.12511104069523,
    5.429270209343717,
    77.47174256850705,
    231.16412639899406,
    168.43993903810414,
    240.43406512630122,
    109.70603242920801,
    211.48067652126042,
    233.65991377086112,
    247.46147154670146,
    11.347514982382696,
    38.983310565240075,
    326.58737068722445,
    392.61899735527595,
    339.6604930899607,
    328.10259566261334,
    391.86829172209616,
    571.6285135478515,
    158.6981336606426,
    35.88828549707828,
    98.68080343967388,
    150.1896744152154,
    91.92215636756227,
    144.49044046419024,
    2152.0472667737004,
    2165.4392698134247,
    60.74311351825297,
    47.03145825969259,
    123.60346552455677,
    191.0923027687134,
    134.11467627029964,
    42.026181164137256,
    197.88665240427497,
    93.19156765523984,
    212.61720121235555,
    181.42008571995495,
    133.85150654854024,
    136.326321803386,
    68.823634552333,
    36.4343006302651,
    39.76317367402784,
    175.34370088867647,
    72.46466588173284,
    28.617917845293984,
    223.53500875145863,
    159.27495751981826,
    72.76394557385709,
    75.52008105634485,
    40.384594201162486,
    72.40141249303944,
    135.73783468816106,
    36.98491856229984,
    32.298755191007345,
    15.315860685907323,
    27.641163089719278,
    26.650972761447356,
    34.482891276034,
    48.87208688504313,
    96.4467988614726,
    50.340509527678314,
    67.27957601635828,
    20.462251829830848,
    39.81435711345683,
    137.0010970254646,
    90.21317486881618,
    55.42882052158987,
    87.3713901078789,
    56.7091841285712,
    30.435312724048405,
    104.92865008882653,
    281.3598841126133,
    87.90512020172929,
    74.30365368522205,
    10.041682331000256,
    4.371792029022159,
    13.652899279867375,
    21.34380212941791,
    46.993835669598425,
    62.01462104827117,
    68.26803996595943,
    148.13456315402976,
    17.71135868038305,
    69.38424871381243,
    100.90391651844028,
    75.8462492124619,
    37.52273470868639,
    65.66364633626425,
    101.78269328614897,
    76.83558858460746,
    82.7145291632313,
    79.04135628323492,
    33.66307763884497,
    17.47493469901082,
    63.2812008216537,
    28.993560258591856,
    43.08129357082485,
    35.89591494139794,
    83.69178736368856,
    34.68912994743736,
    47.18079325551491,
    40.104456771295105,
    37.52600154134319,
    31.919488956849683,
    20.711594280859398,
    38.882591107056875,
    24.505065676028906,
    17.82868813698832,
    19.871514242847685,
    14.106068543207392,
    25.41101245847868,
    26.27958501503895,
    1.829365079365079,
    2.1695356650679267,
    4.506390005481476,
    91.97225199856426,
    49.743768737740275,
    132.74848505166756,
    162.25131708550003,
    109.88175425523912,
    82.34620745787251,
    55.861767617790704,
    110.28097388316368,
    106.72675471128196,
    81.84933157197293,
    67.94856427167831,
    61.64509105717943,
    74.10489354781342
  ],