{
  "assortativity": -0.19917733269030805,
  "betweenness_centrality": [
    157.9962471908022,
    150.97915808657717,
    5334.686835583697,
    4912.524792126944,
    1470.1850541764404,
    1718.367581221363,
    124.32236205005978,
    126.42400488155839,
    9.71137359422464,
    18.63311854551193,
    93.12363238482504,
    46.64287677517833,
    231.00800185976198,
    325.58718461322763,
    53.568471152144824,
    111.51968523374082,
    56.156059785019515,
    55.01657807377363,
    48.08364555666144,
    81.57170316898372,
    166.55663508552223,
    91.99062237296337,
    21.934794846845765,
    94.91184221957994,
    45.330670446766405,
    33.4152633431971,
    40.96053937294083,
    46.40298751763438,
    58.939168760584835,
    43.72214211398315,
    77.06120847878077,
    39.22294676036443,
    21.886394450376002,
    55.406508799676224,
    19.949155414312724,
    14.577900878131107,
    17.12070460072961,
    11.609705432398878,
    25.236892985851554,
    94.1436077729486,
    141.64109433539053,
    26.95479245365405,
    71.85962872252371,
    111.43089341406414,
    148.36994987340012,
    90.61774095400332,
    60.39454134336738,
    16.229294881644012,
    2.703697220127419,
    23.100930647861773,
    110.3604519315848,
    56.38929548282485,
    55.092807460889055,
    1190.099422824889,
    1322.9108611750967,
    705.3318648945462,
    908.4048542675313,
    401.15730252772653,
    402.31667434474633,
    460.9713932839219,
    453.41165661390784,
    92.19462907192568,
    103.65297642332398,
    124.4553458537369,
    239.53819257454597,
    334.7603591505492,
    219.83347430065635,
    155.40936877134658,
    138.1298548478566,
    115.68118784125556,
    181.24792358021347,
    120.52035556473199,
    8.136623981731692,
    28.244148299307295,
    75.13367982525331,
    57.61499974134994,
    43.96036604996163,
    61.83649824806389,
    54.31094560113794,
    47.600037685429236,
    38.802368554787364,
    43.186714908042134,
    7.163891624706774,
    9.658613648881097,
    5042.9320253363185,
    5156.3819078286715,
    4557.225471806991,
    5575.239200295496,
    44.997132334400405,
    52.165646897466544,
    58.31483298206768,
    40.65468254273699,
    91.2916242407904,
    38.754696661401795,
    42.22731637719103,
    155.01283143440384,
    121.68675286475337,
    20.830770529694682,
    61.53950088513181,
    77.9360476793872,
    61.434709279805354,
    37.55734953142096,
    19.644975147540325,
    69.51758910703123,
    162.39733547567758,
    130.87657914536447,
    50.38269378022277,
    60.71687130067278,
    64.05561127588733,
    181.89802108249097,
    824.7866591070795,
    19.741991006283726,
    212.44250644785566,
    45.84660482205706,
    41.14483610648137,
    1518.9301291552545,
    2042.0362040467835,
    12.665095547887756,
    53.75560543977746,
    32.23517024931706,
    55.24100434477883,
    33.36735450194787,
    12.306084739877415,
    13.642859369048645,
    18.884948946113337,
    34.267105434446194,
    13.465744309723936,
    29.838992859235123,
    41.68403855918885,
    24.550623719251096,
    17.24525724723121,
    42.2024866251811,
    47.56594841083693,
    120.05021195889319,
    46.29615150045863,
    32.79668944633389,
    54.84710576163993,
    34.39343855387528,
    21.21986290355375,
    26.230170693462394,
    30.797649469596763,
    14.765450756051742,
    24.171082036787016,
    10.971368982214475,
    17.603309154976568,
    21.978185707216554,
    19.047412432873212,
    12.996027148155948,
    24.63310807954596,
    1388.4616045015944,
    1391.4659010317507,
    59.767716938575695,
    114.9652859481131,
    25.033339205342024,
    58.158733648562574,
    42.81747735965544,
    42.84234965576229,
    60.57808538785312,
    4.900762934033567,
    4136.75747036193,
    3776.5547780308884,
    52.1761670032383,
    91.41336275804046,
    67.98463029456668,
    123.9086505082489,
    46.31798571639725,
    31.38832941683336,
    2.7780938162330004,
    17.43033393375684,
    33.57199940459105,
    10.91948256482454,
    73.13651139087928,
    424.9511593867525,
    512.511772318542,
    64.37940015518576,
    42.350507327311,
    6.881269330206269,
    132.9071275244976,
    213.8633431404814,
    194.87277523251777,
    387.39590226094845,
    94.96937127196657,
    239.70829663801817,
    178.72085163978974,
    357.48897460660737,
    30.974870693059035,
    24.04537407928883,
    292.34480165759885,
    340.65891463722613,
    215.56238017837987,
    251.89548190241297,
    422.4159839217085,
    558.0719927461279,
    193.71594621186077,
    31.080777289617455,
    77.8476754385322,
    112.6515714226894,
    130.34054834944243,
    211.86484376290522,
    2554.2041346774013,
    2262.4794285411313,
    37.27151221033041,
    33.7353664017527,
    83.8346837934737,
    224.29751396231708,
    29.99773336922067,
    70.49086359219156,
    180.1309468815908,
    83.2148242860521,
    187.66760355130347,
    247.4985456604357,
    122.98435085853264,
    167.57350744706446,
    90.21964569826376,
    43.684880546816174,
    43.680362325416475,
    86.35942829689412,
    52.4088069083148,
    23.56387672240449,
    195.32742712700298,
    145.42728647806442,
    139.22838856844274,
    52.0884558879619,
    69.82905563227563,
    35.214654515815376,
    121.20944357144083,
    40.08089881133643,
    26.07342145052038,
    14.081774655300842,
    12.940429786678106,
    47.96294117999381,
    36.68532242892328,
    70.26803461354193,
    99.6783348271767,
    71.77189811191478,
    43.120826958577304,
    37.12879733793032,
    40.34963058989113,
    78.40500335580383,
    53.99579582230975,
    36.017246363690774,
    134.35484336573472,
    65.36631644915475,
    46.646787011504635,
    86.56923562984466,
    143.6459385680859,
    112.77913128791103,
    110.13176591804347,
    3.3585086669615136,
    3.728612169651552,
    22.963083004581147,
    10.006371362350505,
    48.09640760126343,
    47.36415730883774,
    83.19622705064292,
    103.70107668568384,
    39.874328837172506,
    47.11886176910674,
    102.45773982301971,
    53.37131145863688,
    23.73564509335275,
    46.904793025537586,
    84.34225172078082,
    107.66101652827574,
    73.7443706072345,
    89.69077009648723,
    55.28622714858964,
    25.68761616552895,
    59.76988374538519,
    16.737563274837946,
    23.428492954965513,
    34.77457488724758,
    69.18662736079466,
    51.847854565660086,
    48.46450733006611,
    52.43456495668064,
    25.718249962204343,
    70.11952471990968,
    10.691645593823784,
    55.77026367864454,
    21.650791634152426,
    26.6910917676883,
    24.685215553367115,
    18.801999917552383,
    22.705660886447216,
    46.915959625766156,
    0.0,
    0.0802143775595103,
    11.312787096397255,
    74.97515827766793,
    61.29254557750618,
    60.47552433905405,
    123.479441957478,
    108.37381293376453,
    59.06717147928701,
    111.29323024187507,
    50.82476549561365,
    105.23262895901512,
    104.7781661088158,
    64.52393997303035,
    49.066433896947856,
    49.43584985509705
  ],