{
  "assortativity": -0.2034526578725824,
  "betweenness_centrality": [
    140.3978239992092,
    110.04756957671509,
    5310.212672082556,
    4786.128166134238,
    1624.5114955458248,
    1709.2902336368522,
    118.45629462501897,
    90.8746160270109,
    29.25577373656431,
    23.045686670765413,
    298.4516518682517,
    29.635214254104984,
    236.58917437284254,
    344.4859173088318,
    85.47821473452534,
    95.25118479436985,
    46.87113127567185,
    202.82822353453827,
    53.64896000816475,
    110.32297490037281,
    156.7986958680725,
    135.57817336958163,
    6.5003640545693,
    101.46755441526453,
    44.80366896510796,
    43.30764512484864,
    30.01952390003834,
    43.17806522608604,
    25.379633660382815,
    50.922806896067335,
    92.76122007440391,
    43.119613836710855,
    19.51492585766627,
    30.367768471629716,
    22.8788686512445,
    20.429340745335114,
    17.719962631690425,
    17.586589242281033,
    13.325063646163391,
    68.42698517144943,
    88.7962523460097,
    35.59571930658854,
    75.82912372121434,
    53.89060935524876,
    176.38811626897586,
    83.66953640423226,
    58.81926959199854,
    12.520510312277043,
    1.2259808953707971,
    52.14409086128742,
    84.7141556067038,
    80.60757490499529,
    50.769163535028646,
    1217.7313333440434,
    1378.3830522766873,
    700.4725199426503,
    931.4861900558076,
    368.4297869577698,
    500.71928387476237,
    437.93774273635705,
    427.532146766387,
    137.6558502617627,
    72.78520567122068,
    120.44675731682881,
    225.79322985313053,
    206.73638699928009,
    204.6728105910187,
    267.3078615847214,
    143.96310592510358,
    101.4631340932147,
    154.71202098569475,
    110.34686563500487,
    9.819759657666822,
    18.530364254466864,
    92.8172246048781,
    40.072158738031995,
    63.08872621433721,
    47.76780920911487,
    71.92388033452742,
    57.644812308616906,
    59.358414394201986,
    47.58906382512719,
    11.345063455326914,
    7.5242778142064735,
    5166.475856428158,
    4894.43157941049,
    4991.632983475216,
    4973.931900602438,
    36.867894849739,
    72.82211713162613,
    92.60937477737076,
    49.37667311942644,
    61.11757030802443,
    36.81800357177766,
    52.56415794963238,
    164.98034481487812,
    150.5897670690371,
    35.021755773920475,
    34.05144942528087,
    114.95010378080866,
    78.2161077215388,
    34.24209269748026,
    49.098932058087264,
    110.33391370266038,
    195.28280993034284,
    110.59856747376898,
    62.140099834820305,
    150.6282098249862,
    71.56338493413158,
    172.2183899013076,
    929.5974731964033,
    6.452192773630126,
    163.20609395878807,
    20.32298273348358,
    30.406444103446642,
    1511.9821279287862,
    2112.0771141410514,
    38.29389552940146,
    39.416896969127365,
    43.73278666167528,
    54.60289318701477,
    21.53673645862419,
    18.002462300390807,
    25.944507826633174,
    12.858675051717848,
    12.066279550221497,
    17.12096925655384,
    21.411281579531686,
    31.484237442593496,
    20.940488596546402,
    25.825606194029415,
    31.258384137811458,
    42.20144056398835,
    74.64361141818073,
    40.52399026984014,
    36.639589616087555,
    44.67059140709892,
    45.95754855878732,
    30.69867925167704,
    12.083533743750257,
    13.582599767168595,
    6.193711258416325,
    21.436684471724362,
    12.390612429720225,
    17.399074268724874,
    5.730406135570488,
    16.08741648635958,
    25.376940617274656,
    27.133077278492248,
    1362.066785546294,
    1261.8442235565774,
    80.5930588315932,
    154.42877017184762,
    21.278070761266356,
    30.61060896016968,
    47.30286762637747,
    35.187725455542385,
    38.742553591197435,
    9.502401899177563,
    4176.9347411557865,
    4584.610205377605,
    58.41428985018859,
    67.69622345588084,
    77.5413800433561,
    75.32732192532653,
    39.47479390166268,
    28.94141553562068,
    5.932563657247142,
    16.423290354917174,
    28.31998818630794,
    12.555224137361124,
    57.40850719672448,
    441.9749032537197,
    450.59634985776677,
    48.08597318202071,
    53.80011456739356,
    4.678224438477771,
    64.65872617858325,
    192.40105663242602,
    131.9860428352482,
    241.502225441486,
    175.49368590607472,
    209.55114262208494,
    199.27985072066477,
    306.0464431157292,
    16.50000470438141,
    12.219359100913547,
    324.09324615086194,
    387.52531262964493,
    249.56280998494879,
    342.2670420884873,
    361.33713430431936,
    474.57567116207747,
    128.66293019702644,
    15.14594784107648,
    96.5055311246134,
    114.34440063074332,
    157.70021110512985,
    185.06680031102036,
    2170.3119815307864,
    2086.9998448550787,
    23.860693250287426,
    45.59547362482068,
    159.2229467297349,
    175.70364774401025,
    30.31643568784631,
    47.51739798970689,
    143.00891644791145,
    274.6131595235167,
    179.18755747582887,
    135.5572013647025,
    114.94268963152273,
    174.71807833323842,
    42.090091760026716,
    60.445571897349126,
    59.56902982863618,
    135.6966146167194,
    79.35652055407161,
    47.72762902248478,
    205.14373834001682,
    125.58581307351596,
    68.97097144360804,
    41.295644268715215,
    45.619098815607195,
    31.43581536267101,
    105.67278629368015,
    18.783067311298158,
    23.141710341065302,
    2.4571102519256884,
    8.778994334605743,
    57.916852163226885,
    56.780724586143485,
    71.14131996618508,
    60.8550205117687,
    54.53952003398451,
    65.08862526150627,
    29.6340947911336,
    36.182467058741885,
    120.14580813123345,
    99.71456416833307,
    32.64318190735956,
    56.713660207534495,
    80.11716334990714,
    56.336540018807746,
    75.9926390004699,
    79.59589252774491,
    112.60632188798256,
    109.72359828705177,
    2.984494767806788,
    5.035325042605236,
    15.767480347539752,
    27.176158561647593,
    60.74633902249023,
    61.276436995348476,
    89.8438218521628,
    101.40431109782223,
    61.87241519561425,
    50.70369763328555,
    56.319665076409954,
    82.42083251195828,
    44.17989844373537,
    78.29466955087732,
    101.66091356346915,
    102.1008205901556,
    82.47226672980665,
    56.444996822605354,
    48.633632272167745,
    15.462787184207029,
    50.75860287331327,
    15.268161370499765,
    46.329651753899796,
    24.17370972077753,
    122.19012431167594,
    27.59585996298798,
    48.30260183454665,
    49.41398446648917,
    23.326445144112714,
    74.44806788718682,
    23.93030001833393,
    26.040052913520512,
    12.241182806132587,
    17.674951463360106,
    17.61059742226617,
    21.568612706769297,
    32.03918534937639,
    49.593339586875935,
    2.1924192665571978,
    2.9045028686591636,
    4.942573450636039,
    72.91180928654643,
    50.610373225137984,
    97.1169613792177,
    189.78429153651902,
    137.05371793400698,
    63.06794878582731,
    80.73658712610478,
    78.0616900980824,
    90.41605676395159,
    102.82870840494138,
    78.41631458569633,
    59.73212278056037,
    83.41468145046848
  ],