{
  "assortativity": -0.2031194363230108,
  "betweenness_centrality": [
    101.47902788048667,
    123.26309745206646,
    5626.3135079935855,
    4634.23212660118,
    1515.9410138041585,
    1767.6032851793218,
    97.25997608721273,
    114.24702163446732,
    17.196242858692404,
    15.985024481005553,
    95.47151434173652,
    31.08593663966536,
    240.00584990797003,
    371.44044945423906,
    94.16960685901375,
    150.34704839308702,
    36.15433187336212,
    55.866039279943536,
    85.32367878690467,
    97.36392249730507,
    171.60726050169765,
    86.62249902120634,
    10.87432954853879,
    77.56941843972389,
    40.494816614916864,
    41.798595698132345,
    50.554911354323096,
    34.2191610330099,
    55.692688602683226,
    21.388913317026642,
    93.14702803957249,
    32.81428123649233,
    6.4451510801672605,
    29.616976438043,
    22.348959351424963,
    21.309083115495273,
    11.959955022137608,
    12.171448035223362,
    12.780725827473555,
    94.63099934565878,
    93.53476046635234,
    39.65534910452975,
    86.28566512375258,
    101.07503123622718,
    142.551649443443,
    89.69047878774627,
    55.72683000842535,
    12.612822881828682,
    1.440851413530226,
    74.3551229681178,
    78.98815982482576,
    60.12788659975414,
    56.61981255015588,
    1202.8162347007199,
    1272.5203997657911,
    792.092943645757,
    972.5222298836969,
    371.3972776865202,
    509.32531921071467,
    442.4792511588482,
    535.1447946465651,
    120.13248326789842,
    93.05702606885816,
    147.83955880733095,
    204.55142695042497,
    239.94188482626095,
    279.27462784423255,
    260.43898669808584,
    184.83297238213322,
    65.17428447279393,
    236.36589743056047,
    79.08138655355683,
    9.119922879702932,
    26.164910548767494,
    69.89949929225695,
    49.84604073984949,
    32.531851878465275,
    47.189073640511594,
    47.80586175490847,
    30.469726298001746,
    44.95746076808733,
    25.96583560983172,
    6.909598072713062,
    7.659761721109935,
    5156.798087050543,
    4947.331398899542,
    4672.184758311173,
    5044.42689824643,
    72.39803415418255,
    79.66645515153945,
    60.16455981951449,
    48.367406659301885,
    68.50971696749924,
    24.281756293328623,
    54.50458472328568,
    117.91017765612985,
    90.09183631688295,
    55.337560411277195,
    60.51476454707322,
    121.24782374510359,
    43.42666224050788,
    53.86300587162305,
    38.412840104056535,
    92.66520895876457,
    171.51339971099662,
    113.86263643541984,
    57.45765315988761,
    39.436887455489426,
    92.81688137451056,
    219.7989480776405,
    1138.6255547902786,
    23.576163140695744,
    209.42324997173327,
    40.28133474961699,
    57.386140565530205,
    1493.44127590884,
    2163.8593463468887,
    22.463182739664664,
    25.69477153424776,
    24.386407312100907,
    40.54770331702341,
    28.86888510307233,
    10.806111970506572,
    8.146574508916375,
    10.662814781329047,
    18.63071105918694,
    23.410107000250928,
    21.380032555016903,
    38.34209964462206,
    19.936377250331745,
    19.87927249656057,
    43.185985278287355,
    43.98970372587383,
    66.74841687641796,
    36.10294196084628,
    32.90924816794485,
    39.31956325809914,
    21.806881199114628,
    18.986998952206232,
    16.362911004999727,
    36.58437649171485,
    24.541018789984033,
    9.606553489940076,
    21.951330846822113,
    30.655840076616506,
    10.669795262417885,
    19.521784817088463,
    5.517468669937814,
    28.304461779170452,
    1273.3660269116592,
    1260.8244021133883,
    57.794148535727786,
    154.60345428125243,
    22.01809551172819,
    33.91136991747667,
    35.583327397303826,
    33.38261654694541,
    48.404635389340875,
    5.973801195250118,
    4355.970075867202,
    4419.517121189333,
    68.13788149917127,
    54.56242379094094,
    93.11642438215321,
    60.09129480346721,
    28.478032672950622,
    39.688574944048014,
    9.81484963271199,
    10.461324081757269,
    27.639300082284294,
    15.966318594953563,
    69.39650119905103,
    457.57481830738527,
    375.8915620901569,
    77.6584450016106,
    97.06970941609383,
    4.579328811677648,
    84.27769111989552,
    237.77943304382336,
    156.5574535965518,
    252.80445070862496,
    146.1374941646111,
    227.84951634709432,
    288.03087767251475,
    251.14105116112475,
    12.15047659941827,
    25.803646038151527,
    265.5260537308825,
    304.2518034558814,
    355.1397921989895,
    310.7791554473285,
    406.1257438571806,
    483.295923348959,
    174.9349149654387,
    18.621234100851513,
    119.79522188858229,
    182.89993580013785,
    103.07266271708154,
    141.05828998652984,
    2150.7299423649483,
    2177.85206566475,
    32.71470920622049,
    23.237967097530355,
    97.06963185819055,
    184.7567094679756,
    30.086937152111055,
    37.31205936803473,
    165.83880237171846,
    129.57226634285783,
    177.9254784532369,
    152.00945178815442,
    115.898866518346,
    195.30555988544756,
    53.77080874969579,
    63.396790963736564,
    61.97268956176891,
    157.16544443436908,
    72.76849240102425,
    17.78373388622833,
    218.4758034246939,
    136.99706119805896,
    75.89946113231922,
    44.87689401423792,
    64.93417819828237,
    52.00790465990872,
    101.20376108080606,
    19.05660897639976,
    27.839896315691593,
    8.28574033646534,
    12.618104729544438,
    42.64433013353368,
    53.6419204362233,
    73.02995318111621,
    73.91907557256502,
    51.866147954081754,
    59.22779615416007,
    30.267220563169673,
    27.708274049407095,
    89.8028643101842,
    110.84446680756739,
    39.084710387495676,
    68.95218930183256,
    43.22299320355742,
    49.4214372988561,
    86.70732446534642,
    85.04986127555574,
    88.60156451199634,
    56.338954452595665,
    2.8664342076684415,
    3.7803237272768233,
    20.95681150037038,
    15.013048108779145,
    64.05247999173928,
    84.91929500831303,
    86.88831740348593,
    92.1530084942782,
    43.466352456484316,
    72.50888897524321,
    85.09879586354164,
    44.85470226024776,
    27.750430647517078,
    58.12710233704535,
    71.41702501025607,
    106.9804011056655,
    79.86380097298347,
    56.21272559101274,
    62.4458468599183,
    16.693205455672967,
    38.3051343516869,
    35.66589439776594,
    49.174061869104236,
    16.31751355118103,
    97.43152879171434,
    31.7383385047217,
    33.511893413265646,
    65.86420822690799,
    37.672075898311725,
    69.48690799767854,
    14.30461252437142,
    52.29119148843121,
    56.106989088261805,
    27.389598036276038,
    16.303940139911333,
    12.619002855461602,
    20.062605670798213,
    28.9188991839117,
    0.6373067763311666,
    2.7867257533291405,
    10.499924666775204,
    74.09330000723338,
    48.24336997297984,
    107.71200562802501,
    151.20067360217655,
    145.7601094417643,
    108.81407549768765,
    63.425847601266504,
    77.7520448306074,
    114.47178005090274,
    84.87147653256075,
    41.213169520213754,
    43.963587786150576,
    105.66542560843683
  ],