{
  "assortativity": -0.20691415211914457,
  "betweenness_centrality": [
    183.63507994338778,
    119.58951629929628,
    5445.751365767577,
    5262.551470509574,
    1690.00717523676,
    1704.503853333783,
    97.67375770383022,
    92.37586468414,
    18.99100839000776,
    7.948762043110577,
    72.05248154923886,
    48.43114682157227,
    225.60074378334022,
    409.5983786997972,
    66.95502975096177,
    88.18867312055151,
    29.97287880437775,
    57.334560994202874,
    57.66860421404948,
    71.65727363267963,
    144.5179700982427,
    121.01932900793695,
    6.378963674146362,
    85.25599191426575,
    43.53129041909729,
    30.885527404566748,
    28.150035949561186,
    52.818276265322915,
    48.76952323172265,
    48.35115895086126,
    102.42486632583214,
    24.212043847703534,
    17.056640617988634,
    21.906614719611433,
    15.09053915102124,
    23.25651055525064,
    19.0178996314998,
    14.109762227250956,
    18.151186543425244,
    106.46925239998473,
    170.3270837095953,
    35.51756652721113,
    83.44350012796629,
    88.96331932860106,
    146.29726433494642,
    76.29011000580917,
    45.0924207621394,
    14.018410719129182,
    2.6720340828391236,
    52.001609884973746,
    56.8994530357236,
    63.11332769893727,
    50.93153769137496,
    1447.2136994381503,
    1139.404228386065,
    798.4448606988582,
    754.7777744486066,
    345.04778619974155,
    466.2628985730153,
    389.06893196211263,
    479.00325640803,
    191.83909930284378,
    59.08414975588072,
    129.48468365244275,
    204.7806181414591,
    263.95202340141896,
    167.59244323546469,
    195.42322880729813,
    164.30010166142833,
    72.02681326078853,
    261.49821891721786,
    105.23717229426107,
    4.573289251492055,
    33.35431696435598,
    74.00728571989225,
    66.77424319441064,
    76.66586908330764,
    66.33358097947902,
    65.08131556797501,
    22.548827645745362,
    35.94101224489114,
    72.6386512781633,
    4.296166919624164,
    5.2593064165309364,
    4931.926054102681,
    4850.946785753268,
    4987.080018545231,
    5066.690287111268,
    47.834709496073486,
    91.9265945995205,
    64.03987729876546,
    45.98088916875985,
    52.2278488703016,
    25.097416357047294,
    80.46734520635738,
    178.49688480590294,
    96.04025839898462,
    22.247428462726024,
    46.86822193411653,
    115.45244939638502,
    46.5103650304389,
    13.812812838677779,
    44.07764082554073,
    109.31599484526181,
    165.18067487775167,
    135.26160581848862,
    43.901769660498445,
    59.58812311828991,
    70.00170424534565,
    177.5210784549033,
    898.7922304505147,
    22.159078547956405,
    200.59292554613955,
    26.27314680895172,
    45.925948080694944,
    1498.8913452227232,
    1882.239571228068,
    46.806784937574285,
    41.81238669465397,
    28.154653262117463,
    51.226709073384,
    20.858635406996104,
    11.537789743313168,
    13.238928587578185,
    10.695226636960243,
    26.69293508468515,
    19.56327497868597,
    31.710101003509557,
    39.896820196890076,
    21.91280377463144,
    12.776459087370128,
    36.04326435384463,
    59.664452684185875,
    90.86161213291551,
    57.14159799205701,
    43.72875215554142,
    51.719403223286506,
    18.495747289265385,
    44.023799205290494,
    13.307262554069363,
    15.36391223292664,
    15.44926020593967,
    17.113395436940124,
    18.106739972143735,
    22.769581679570255,
    17.6824240361273,
    11.948073434217596,
    16.730052651513844,
    37.84093584852989,
    1125.5206097372688,
    1316.9677946758563,
    63.406993820606715,
    150.26515171002467,
    25.463290340886207,
    30.746398209540292,
    27.922913283845098,
    22.075420406828734,
    42.76804477215753,
    8.571241558463269,
    4307.688859128421,
    4006.8885018294654,
    33.47939714168307,
    52.956277807096484,
    102.42786667102884,
    82.72965419582441,
    52.635458055814226,
    27.37438291193647,
    5.864901740586263,
    8.370487310278804,
    18.127364351190923,
    10.2779250854555,
    79.47300122269296,
    472.1791711070338,
    379.19685909705214,
    63.440003516056585,
    47.7897767797517,
    10.086839516057445,
    103.75532164002824,
    238.14330913803715,
    201.7554339596224,
    343.33337850388847,
    123.6170006841885,
    329.98492883775197,
    181.15907159901116,
    252.1788795726076,
    24.20480452025614,
    21.43082964802848,
    254.20115764805738,
    404.03978866806636,
    300.60609586769215,
    387.84936491846105,
    493.84986148459427,
    474.89272655702666,
    190.11634509178847,
    20.762025395336345,
    111.68472111900913,
    167.26521325508497,
    114.43849740258037,
    195.43912593066847,
    2290.7384732440873,
    2532.071658635896,
    25.397857580467747,
    49.18023258507052,
    106.92938223280703,
    146.49847848083178,
    26.388099972950936,
    43.38048640248956,
    220.12527344808063,
    112.31400744289267,
    213.29803143903055,
    125.89310599781628,
    122.65313422208988,
    158.21132665888535,
    61.60063271614108,
    47.131289220602,
    50.25425733620943,
    100.9216855549022,
    67.34355086455592,
    30.379055426482676,
    260.4547354457806,
    107.0428706233686,
    114.57878698112398,
    72.11361988982432,
    43.209167155040745,
    41.91982123648468,
    102.31883556761139,
    25.897036688271946,
    27.319407286927596,
    4.899846535348334,
    20.080601497166818,
    46.70519053359338,
    47.928401624514976,
    69.38539522144737,
    103.40450555260739,
    37.826710265090014,
    40.63569976265834,
    39.4865579558457,
    35.26603779066015,
    135.75719796596232,
    114.64373188038512,
    49.32933860626121,
    64.93209265846706,
    53.91018112250678,
    38.10458472456572,
    100.24577042314533,
    126.2485314850037,
    66.42847550557092,
    41.6702047404841,
    5.332787102910942,
    3.28339186956834,
    26.96399074034911,
    22.086986021993656,
    37.086635978867974,
    49.37146590413534,
    44.6401094404975,
    112.98137719205081,
    31.14854760836209,
    61.155205112890656,
    47.447144456454865,
    43.489767157869615,
    27.472236547802936,
    58.9589425834769,
    106.52821579890151,
    109.37709240976764,
    61.746583524970006,
    86.90902304171125,
    36.33713699032827,
    27.130763598293665,
    44.29459962272603,
    25.90654509513228,
    27.84833851017942,
    37.66412191627243,
    86.51991149208095,
    67.24356293006987,
    46.93167798722321,
    45.575555123174716,
    42.60269971197392,
    35.95694141210438,
    15.746613446319499,
    27.66549889884624,
    24.577915303219942,
    30.81687179181036,
    28.20010327959876,
    38.11203931725958,
    37.76912742514179,
    39.84427516183973,
    0.36483516483516487,
    3.9656650314791437,
    6.617877852645331,
    76.28859540029751,
    91.28480437547384,
    107.08339610468306,
    106.96311305616076,
    144.21908087608395,
    95.28946349287585,
    61.88314346220897,
    100.35902891489997,
    111.75707506132602,
    107.25208265377461,
    82.45295536036814,
    34.75507612288027,
    69.29682134903537
  ],