{
  "assortativity": -0.20334910552129212,
  "betweenness_centrality": [
    113.39254782332904,
    178.37389260504324,
    5773.628479743323,
    5021.986746175455,
    1558.0309201841078,
    1611.4575997677214,
    81.70624080754482,
    131.3325154936584,
    18.685925066273093,
    19.36829755667669,
    87.26236455287817,
    53.67786030352034,
    314.81287732308743,
    345.5538931834866,
    77.98611948273533,
    129.5773389707413,
    90.79283250020659,
    102.30365241646476,
    48.373296625384775,
    81.08217225563088,
    172.3234537080191,
    89.03253137158636,
    17.432796267125752,
    85.58000521432858,
    34.611841198627964,
    31.845973205602263,
    39.337676889884634,
    45.10377850025396,
    34.40021302334854,
    73.83833440268045,
    115.94429315538211,
    33.117332896517574,
    28.84661311010381,
    33.336675156463336,
    21.738654915716772,
    18.07128264266438,
    27.512668385546032,
    12.105280522771974,
    19.042499506708882,
    118.47886132876563,
    132.7372348630409,
    51.10380879943255,
    66.40879455500809,
    77.18760439154606,
    183.26669502721853,
    86.88761279146954,
    36.57998801556554,
    21.55366541102686,
    0.12659514398644833,
    36.88493214168428,
    70.10852225820614,
    74.42980770297292,
    47.1713190749371,
    1225.1423366662946,
    1181.62808558008,
    812.0546367784173,
    882.149853811173,
    243.5166865574442,
    418.14556225050853,
    519.7978059108442,
    494.78668881685445,
    133.06014791776997,
    83.29083757800709,
    155.60615835583872,
    225.41069233302716,
    209.3922336052752,
    191.70704107271763,
    220.6929521879188,
    133.62662105653607,
    65.46526936824719,
    305.1144009114944,
    91.37504626340656,
    5.826439125084582,
    16.392140848360132,
    95.65530845210728,
    47.70671121601258,
    38.19769998579854,
    77.8092197354927,
    60.238199075656915,
    28.332445061739914,
    44.44135478707432,
    62.01967521437179,
    5.060331559182253,
    10.235885128959088,
    4961.230308989499,
    5219.0359871513665,
    4946.241974630597,
    4966.9444096501065,
    24.391327893046082,
    78.94494256315785,
    86.38964405871829,
    40.0310897895513,
    29.440748199392313,
    39.24339700616329,
    69.57019529685799,
    141.19610173132824,
    101.14054992541737,
    56.91766632978773,
    62.89805353794765,
    97.1925091589998,
    49.47891564004568,
    28.32507138541603,
    32.48808550234882,
    86.7458319498308,
    163.30290160121248,
    129.8025693146773,
    36.50379874245145,
    33.634571706640706,
    93.8121631281367,
    180.3849323814722,
    859.3546318747309,
    16.11277302636235,
    178.57452056344832,
    44.89126220509506,
    57.61973137791651,
    1506.8932499718526,
    1935.481749154119,
    15.49240981909067,
    30.677705025123764,
    47.275692502608166,
    42.3497349413816,
    16.557050668853975,
    28.15821225834469,
    16.416828268001666,
    12.03697906531508,
    21.651790064112003,
    24.47743292160801,
    15.780135937129858,
    33.79293872877973,
    15.190153284739221,
    18.28225349343097,
    34.482816093568296,
    41.629929529040716,
    50.697543353742354,
    39.20916186576414,
    54.86944463853518,
    70.79062454466215,
    35.56645085265855,
    44.919345385106524,
    10.316973203308835,
    30.643085547862007,
    8.871866610552683,
    21.61453611215709,
    11.665147339354451,
    20.075433154540747,
    23.869441878379334,
    18.987193717700695,
    7.060407087523679,
    39.93342665635504,
    1435.3816534364478,
    1091.636497920837,
    60.25285158084336,
    175.21057967609062,
    30.78479076846555,
    29.41950714638303,
    55.49509052511852,
    37.17646161728123,
    48.59050037980606,
    4.170494012690419,
    4194.799912485251,
    4181.147262007182,
    55.70537830339747,
    91.28401822380336,
    74.02756567295849,
    55.5141237222083,
    57.93594543144277,
    38.43872518189559,
    15.428600231701225,
    8.340152837711868,
    20.726822623264447,
    11.002458562823792,
    73.8319446084174,
    470.12216097275325,
    379.2319694389945,
    58.91593556653335,
    85.372864219142,
    8.931282589062352,
    93.32282711609872,
    227.75888681649494,
    203.2303432955436,
    272.8995204767055,
    115.81286301104153,
    179.79960307384792,
    220.47044935941815,
    254.5390937603664,
    25.559018877385615,
    16.43523487021712,
    369.45666112532524,
    312.49571103686617,
    271.4896969632592,
    319.8324295813997,
    371.22828106539043,
    575.7116122046697,
    162.98724073506415,
    18.85917890749588,
    83.51892536798965,
    162.9831733837874,
    74.81595873149159,
    99.40676047862966,
    2183.848796966516,
    2447.1749828937996,
    36.07017647016904,
    45.176255050759636,
    104.25097820433753,
    156.9869294949836,
    34.59618078498059,
    39.384156856930915,
    149.940161928476,
    93.50881767739259,
    260.0491288841163,
    163.17889218470427,
    132.76487508729463,
    186.51578790818982,
    56.77702420390348,
    55.5126717891873,
    77.07052021611588,
    161.4725015231771,
    36.950363693623196,
    47.87151276077568,
    231.15254310811616,
    132.4665864230485,
    85.49068820291119,
    80.5618820447111,
    55.07204078038396,
    19.119514183828127,
    65.0821986365968,
    32.96178478694229,
    38.00351815263174,
    7.815386316562787,
    18.954059473107346,
    53.73179124134978,
    45.63829182106121,
    78.08714280031111,
    73.15486340802202,
    44.34859917647177,
    57.06345941825858,
    35.442575240187296,
    35.20513740235322,
    68.9474037765508,
    87.87477202278049,
    64.44945811969052,
    40.82692476280246,
    36.49890974065864,
    37.480938894303044,
    108.10608432958527,
    119.36907876372084,
    116.32457592752858,
    83.68578311132491,
    1.984850470453808,
    5.259731109981725,
    11.961983041341297,
    19.260460194868415,
    43.916092830063526,
    64.80237217436932,
    67.37070778244154,
    117.18242783219769,
    23.77355754045343,
    64.11437687276447,
    83.73521689909093,
    53.698752862595796,
    33.1094256651947,
    98.34960926736774,
    67.53790831885111,
    97.16312799331529,
    72.71087120092183,
    103.51377142406724,
    50.63781060148756,
    26.87904074944528,
    73.67704970746414,
    18.314334133399996,
    47.06647599798599,
    25.76924412887427,
    75.11816944270034,
    26.908550199185548,
    44.549365372737405,
    48.94349718056104,
    41.68702901147922,
    74.33406165565918,
    29.543344610544295,
    43.40005337470907,
    37.10352477991253,
    29.670502405348188,
    27.17767656446382,
    10.02661619168138,
    27.673032165066473,
    34.14251963209423,
    0.8575292397660818,
    2.3789718919088143,
    7.524681318984705,
    145.53229880815394,
    55.348071601305364,
    117.95520841438191,
    146.99582531502506,
    149.18771929114703,
    59.22065481276982,
    83.67530242381157,
    72.54355073799069,
    95.9809013391936,
    43.27863568171123,
    46.55713057340271,
    60.88579573934011,
    75.53565918555535
  ],