{
  "assortativity": -0.2043339374260393,
  "betweenness_centrality": 271.3708609271522,
  "degree_distribution": [
    [
      4.0,
      1
    ],
    [
      7.0,
      2
    ],
    [
      8.0,
      2
    ],
    [
      10.0,
      4
    ],
    [
      11.0,
      3
    ],
    [
      12.0,
      3
    ],
    [
      13.0,
      5
    ],
    [
      14.0,
      3
    ],
    [
      15.0,
      6
    ],
    [
      16.0,
      12
    ],
    [
      17.0,
      5
    ],
    [
      18.0,
      12
    ],
    [
      19.0,
      6
    ],
    [
      20.0,
      13
    ],
    [
      21.0,
      13
    ],
    [
      22.0,
      19
    ],
    [
      23.0,
      15
    ],
    [
      24.0,
      8
    ],
    [
      25.0,
      17
    ],
    [
      26.0,
      6
    ],
    [
      27.0,
      12
    ],
    [
      28.0,
      10
    ],
    [
      29.0,
      8
    ],
    [
      30.0,
      9
    ],
    [
      31.0,
      10
    ],
    [
      32.0,
      6
    ],
    [
      33.0,
      5
    ],
    [
      34.0,
      7
    ],
    [
      35.0,
      6
    ],
    [
      36.0,
      3
    ],
    [
      37.0,
      2
    ],
    [
      38.0,
      4
    ],
    [
      39.0,
      3
    ],
    [
      40.0,
      5
    ],
    [
      41.0,
      2
    ],
    [
      42.0,
      3
    ],
    [
      43.0,
      1
    ],
    [
      44.0,
      3
    ],
    [
      45.0,
      7
    ],
    [
      47.0,
      1
    ],
    [
      48.0,
      1
    ],
    [
      49.0,
      1
    ],
    [
      50.0,
      2
    ],
    [
      51.0,
      1
    ],
    [
      52.0,
      1
    ],
    [
      53.0,
      1
    ],
    [
      54.0,
      2
    ],
    [
      55.0,
      2
    ],
    [
      59.0,
      1
    ],
    [
      62.0,
      1
    ],
    [
      63.0,
      2
    ],
    [
      64.0,
      3
    ],
    [
      68.0,
      1
    ],
    [
      75.0,
      1
    ],
    [
      82.0,
      1
    ],
    [
      83.0,
      1
    ],
    [
      97.0,
      1
    ],
    [
      98.0,
      2
    ],
    [
      99.0,
      1
    ],
    [
      107.0,
      1
    ],
    [
      109.0,
      1
    ],
    [
      112.0,
      1
    ],
    [
      119.0,
      1
    ],
    [
      125.0,
      2
    ],
    [
      161.0,
      1
    ],
    [
      163.0,
      1
    ],
    [
      172.0,
      2
    ],
    [
      174.0,
      1
    ],
    [
      175.0,
      2
    ],
    [
      180.0,
      1
    ]
  ],
  "density": 0.11454093419286704,
  "global_efficiency": 0.5545862577281028,
  "mean_clustering": 0.3339638610377989,
  "modularity": 0.06398672060326975,
  "path_length": 1.8952677514144116,
  "small_worldness": 0.9889646530614042,
  "transitivity": 0.22632270003811958
}