{
  "assortativity": -0.20309615321279706,
  "betweenness_centrality": [
    166.44968569584975,
    110.6547668337493,
    5061.833881626284,
    4951.109175102076,
    1818.2570972168528,
    1617.3905157406764,
    99.1882063982252,
    111.39747973966419,
    21.530947093435827,
    12.67359050420851,
    94.62842380397242,
    41.27836188937965,
    266.71789832754496,
    322.7392861940432,
    69.76625494499892,
    112.42019613482624,
    72.09135180618195,
    49.13995456706757,
    51.58467106985816,
    72.21941308736106,
    183.90398353074255,
    120.13716799815269,
    14.864346867767157,
    90.62563102704105,
    28.756585213804517,
    28.712447323338363,
    29.16974954320117,
    49.35378591971232,
    34.12997440663796,
    46.60732217077246,
    129.59847484071867,
    23.14896277387789,
    17.74861270897383,
    25.897543465898234,
    16.35189898790472,
    21.156761507375826,
    15.521047412561616,
    11.667995671347736,
    25.032582591326886,
    140.95091246816955,
    138.48924956722325,
    50.63467058713826,
    45.27778679097405,
    90.80707616142818,
    130.91916622478456,
    76.10524608678129,
    38.10616196607897,
    13.1725717068074,
    2.9258626873943903,
    31.888901634498104,
    91.47717779779599,
    63.2640778251556,
    67.7427910574312,
    1329.7577250287438,
    1284.0372804107772,
    750.6523699023846,
    727.9643361870785,
    367.2401608795381,
    348.4082449493455,
    492.34392620403383,
    475.97701885633353,
    173.19934226233232,
    133.8826510746287,
    190.7297997577673,
    176.44954761002168,
    223.6028297662871,
    190.82090746763234,
    223.4871132440236,
    137.07941415892168,
    107.45602558207973,
    211.1545591327597,
    131.15704127399093,
    10.326546885449904,
    42.41283026665519,
    74.50430616020839,
    56.441018003307526,
    47.197323801740325,
    37.39214808797335,
    71.87748245572843,
    19.39837416197454,
    66.47826852556251,
    57.90719770503128,
    9.70346062294574,
    7.2107748229595785,
    5311.44789360485,
    4981.618405247544,
    4790.316057450639,
    5093.254530109534,
    34.40478706209745,
    77.41152373507305,
    84.42152410656944,
    35.495775730687285,
    48.98766992949811,
    62.18203768379144,
    48.841834533964686,
    197.88503361103346,
    77.85653624173905,
    52.328161722922836,
    91.20069201603309,
    110.28644723906865,
    76.13499268956679,
    35.08106631622098,
    40.212540497063884,
    90.7997612976386,
    166.32668702479424,
    133.4867488804827,
    73.68687816793917,
    39.2318516373601,
    62.42422118728623,
    196.5299613035312,
    891.8566286335699,
    9.411009708136573,
    183.2169777994462,
    23.84248975498602,
    40.16017287621185,
    1724.9135048634616,
    1962.577100078142,
    33.20167305901637,
    67.19205208368064,
    31.341539152331208,
    41.73689260896163,
    45.36020919727571,
    19.578285676276153,
    18.89161178512432,
    10.59810919554114,
    13.49725216421457,
    21.970262048568816,
    19.621042792858866,
    60.355151971883544,
    16.156008412051555,
    14.305786697715309,
    35.19122296701263,
    47.13961748550724,
    68.0765555578445,
    29.408316215206675,
    31.061397788772954,
    36.78097659816127,
    18.90426490904339,
    14.233038711744374,
    26.20161074154517,
    22.43132488613123,
    20.748697463919854,
    18.239448361076086,
    17.911082916686752,
    18.75817571651762,
    4.530572998294947,
    15.0059573664993,
    12.542287962108535,
    34.94762720434665,
    1323.0239492262576,
    1462.5310863333618,
    63.62435417621578,
    143.31676302834197,
    20.01909485387975,
    30.005219992082655,
    20.71554068696762,
    29.236007548600803,
    40.478827738897984,
    1.26440951017689,
    4096.020007562428,
    4329.733279642655,
    59.96297861447265,
    52.54539980253591,
    78.71688176235912,
    71.65048785351355,
    43.879985728626544,
    37.069486453151065,
    7.565730824444633,
    6.320670852997968,
    22.672948130970795,
    7.855375600833697,
    85.08403568629919,
    515.883210229183,
    512.6255307510951,
    54.65065627414215,
    57.1831612608922,
    2.4608064765464293,
    89.52415229059714,
    179.41444757816274,
    138.31900285732004,
    306.835858062756,
    102.55035673006347,
    231.8317332538399,
    181.92525562526217,
    364.5301805293692,
    24.849198375166726,
    25.459060514349403,
    332.2952584683045,
    384.7712394953961,
    283.7332123479675,
    253.2527567133967,
    366.8205326833322,
    445.18543167280677,
    173.06317622447145,
    25.99476294468767,
    75.62249698385611,
    122.3798733049899,
    133.7144783701686,
    141.6020368274496,
    2209.577831934378,
    2360.1673740609444,
    28.358840087026408,
    45.60868059615655,
    125.94629526515986,
    145.87073148715413,
    38.12941197606937,
    35.79282230834495,
    144.75206761990503,
    71.40428729756695,
    247.56752339633917,
    172.87315680390012,
    103.44848141338205,
    151.575550577522,
    52.804329581467876,
    38.4794320520375,
    54.57991459380492,
    107.73793066606224,
    142.30006419465957,
    53.016390896182195,
    186.21194381113355,
    164.76921417968092,
    95.23987203272475,
    69.73255012239198,
    66.78912362564215,
    41.79669446013395,
    88.95372089868272,
    36.56026274202394,
    44.98841685882103,
    10.52013318873352,
    10.014539929712308,
    38.60806156804268,
    24.44604237700046,
    50.73491149751378,
    38.12725179544427,
    33.379281297044145,
    54.393677642361496,
    47.40770219292686,
    31.299139480413416,
    127.991190824511,
    102.47604378637723,
    52.746742945985574,
    114.93764390525558,
    62.25223215351973,
    29.996307376435663,
    142.50872108101456,
    68.89692547584706,
    69.58280043284985,
    88.04539813605157,
    5.4191520467836245,
    5.914322281689537,
    14.525254146519352,
    28.402005221267494,
    48.76034507092267,
    63.401707544394995,
    98.6954402642944,
    119.14235318795662,
    38.234376001893494,
    43.300666115676194,
    52.90214266028281,
    76.23619589300971,
    19.847692317975675,
    85.32956681183929,
    84.16434886401072,
    72.06210595144206,
    43.98973309169744,
    78.10306711188952,
    36.48696669541107,
    26.253242117198134,
    66.01892238797045,
    24.501117741200424,
    35.069776674328956,
    42.74794113505993,
    89.83382306763411,
    26.27382292900576,
    53.143273367097876,
    61.34456797119034,
    45.470534928002614,
    65.29478286638546,
    31.35756066594451,
    44.72647579126386,
    28.960426063749097,
    31.459773323068774,
    18.794336860037106,
    22.72672648925031,
    20.040089546355013,
    42.15695405571383,
    0.0,
    1.0033753186384764,
    3.408791059750139,
    73.23831492887264,
    75.32257628237035,
    112.76299768800122,
    133.38017440351337,
    140.32452115624912,
    78.7638053999859,
    79.90903593141351,
    85.85483973378929,
    120.79648605981544,
    96.01974222862341,
    64.89921091215093,
    40.43625498162737,
    84.40296858969813
  ],