{
  "assortativity": -0.20330660206206178,
  "betweenness_centrality": 272.50993377483445,
  "degree_distribution": [
    [
      4.0,
      1
    ],
    [
      6.0,
      1
    ],
    [
      7.0,
      1
    ],
    [
      8.0,
      2
    ],
    [
      10.0,
      4
    ],
    [
      11.0,
      2
    ],
    [
      12.0,
      5
    ],
    [
      13.0,
      4
    ],
    [
      14.0,
      3
    ],
    [
      15.0,
      6
    ],
    [
      16.0,
      10
    ],
    [
      17.0,
      7
    ],
    [
      18.0,
      11
    ],
    [
      19.0,
      7
    ],
    [
      20.0,
      13
    ],
    [
      21.0,
      15
    ],
    [
      22.0,
      19
    ],
    [
      23.0,
      13
    ],
    [
      24.0,
      12
    ],
    [
      25.0,
      11
    ],
    [
      26.0,
      8
    ],
    [
      27.0,
      9
    ],
    [
      28.0,
      10
    ],
    [
      29.0,
      10
    ],
    [
      30.0,
      6
    ],
    [
      31.0,
      15
    ],
    [
      32.0,
      6
    ],
    [
      33.0,
      5
    ],
    [
      34.0,
      6
    ],
    [
      35.0,
      7
    ],
    [
      36.0,
      3
    ],
    [
      37.0,
      1
    ],
    [
      38.0,
      7
    ],
    [
      39.0,
      4
    ],
    [
      40.0,
      1
    ],
    [
      41.0,
      1
    ],
    [
      42.0,
      3
    ],
    [
      43.0,
      3
    ],
    [
      44.0,
      2
    ],
    [
      45.0,
      7
    ],
    [
      47.0,
      2
    ],
    [
      48.0,
      1
    ],
    [
      49.0,
      1
    ],
    [
      51.0,
      2
    ],
    [
      52.0,
      1
    ],
    [
      54.0,
      2
    ],
    [
      55.0,
      2
    ],
    [
      57.0,
      1
    ],
    [
      60.0,
      1
    ],
    [
      62.0,
      3
    ],
    [
      63.0,
      1
    ],
    [
      64.0,
      1
    ],
    [
      65.0,
      1
    ],
    [
      67.0,
      1
    ],
    [
      75.0,
      1
    ],
    [
      82.0,
      1
    ],
    [
      84.0,
      1
    ],
    [
      96.0,
      1
    ],
    [
      98.0,
      1
    ],
    [
      99.0,
      1
    ],
    [
      101.0,
      1
    ],
    [
      107.0,
      1
    ],
    [
      108.0,
      1
    ],
    [
      110.0,
      1
    ],
    [
      119.0,
      1
    ],
    [
      125.0,
      1
    ],
    [
      127.0,
      1
    ],
    [
      163.0,
      2
    ],
    [
      174.0,
      1
    ],
    [
      175.0,
      2
    ],
    [
      176.0,
      1
    ],
    [
      177.0,
      2
    ]
  ],
  "density": 0.11456293590900091,
  "global_efficiency": 0.5539775435817327,
  "mean_clustering": 0.33604504116276335,
  "modularity": 0.06839722557363301,
  "path_length": 1.89903951581071,
  "small_worldness": 0.9931926309112373,
  "transitivity": 0.229316468012649
}