{
  "assortativity": -0.20903032813634995,
  "betweenness_centrality": [
    197.16391117363668,
    160.3971371778868,
    5226.556804812125,
    5015.131503487246,
    1673.5633097079296,
    1637.4117627737796,
    95.98746020933544,
    120.37630777660588,
    38.28591957601563,
    14.520617492969794,
    86.2278139117796,
    48.3814594451053,
    272.08803977358303,
    259.60863498198984,
    66.6084907456756,
    122.41839768760703,
    43.58977804081664,
    46.82892238237237,
    87.84843569732176,
    60.24524709821314,
    178.5194259096381,
    96.49121947254744,
    12.201368037466683,
    78.90148169863144,
    36.997254467921096,
    39.86063477297474,
    31.967577893933967,
    62.85287556882809,
    31.642615770908552,
    41.98004292769873,
    97.34282737524495,
    41.55539489003962,
    17.711377602965847,
    45.80333072828707,
    12.508513934568047,
    16.070540481173424,
    12.948758971885523,
    25.195296360533458,
    11.313751952811762,
    131.056373149779,
    174.19357880497193,
    26.236218095867414,
    80.8417913590599,
    106.62911840476484,
    177.76176378811496,
    127.40050599110369,
    42.353677233476255,
    16.250742019255046,
    1.1007175160064366,
    25.77714358398023,
    89.74464111305687,
    80.36818107759383,
    41.585905946913876,
    1554.8719061233728,
    1150.6894765904906,
    601.657732888312,
    871.449734241354,
    367.73867140819544,
    437.5085152585697,
    567.3648627977066,
    517.6959902550329,
    107.9792173771923,
    97.60911972378582,
    136.5772124478208,
    175.5738981421415,
    252.43649596985605,
    207.60663628528977,
    256.24472737241973,
    126.04211149785561,
    88.47046696717514,
    181.27011160167632,
    79.5104104642895,
    3.8887714329656142,
    39.98879702792671,
    86.55920321948794,
    65.55753331177722,
    44.89660381943465,
    46.530075333915676,
    45.51099171544153,
    47.24459392056812,
    28.964710695978496,
    42.36218434214405,
    9.310458829336731,
    8.186746023536529,
    5190.528320632697,
    5496.403411312687,
    4888.3919400296145,
    5101.269853477744,
    25.30331177474417,
    68.81436377207179,
    58.77416934788222,
    33.00091204113669,
    70.9119069080796,
    23.852035818311922,
    36.2573018993344,
    193.6027928141263,
    110.77098137591688,
    37.975340444093334,
    33.48251591484277,
    94.5058958396193,
    56.653727635136924,
    35.55012383680329,
    25.45823399574755,
    77.698802972804,
    170.70065574174143,
    149.37957525215052,
    50.650611662732274,
    57.31216308023668,
    73.14455853180031,
    153.19629182788958,
    859.2071218491399,
    30.73447198378712,
    163.91758403640347,
    22.52874077325715,
    32.76280780270247,
    1307.9586890956186,
    2042.6578253351197,
    32.29353477046839,
    43.65150012909879,
    42.04054724424092,
    54.47998481255821,
    14.119481956901534,
    10.238014404725973,
    17.096321319215388,
    7.271147789324137,
    24.621484118714154,
    11.1345192499856,
    14.663491400722263,
    28.510174193868536,
    24.293701782401783,
    15.543857718828445,
    54.73909608317745,
    18.901455730160148,
    93.09228704954258,
    46.14402113608211,
    32.32512598798405,
    52.56710977391416,
    20.24345502517247,
    26.039998092181747,
    9.425422177819256,
    15.164978352396103,
    9.80658938580921,
    12.89672413911927,
    15.428366152461512,
    18.699233601606082,
    18.86261100120608,
    18.863917887245336,
    11.397677476043897,
    35.177475987972,
    1256.6061792263074,
    1186.0171699514535,
    100.11314663739707,
    107.30402049190003,
    28.054029774911477,
    47.77727493041098,
    49.041103163961346,
    35.84777863473513,
    37.84878391407834,
    7.102260278678299,
    4416.411922842287,
    4182.0298311341285,
    51.376506455326854,
    45.603357731087286,
    90.81811207487351,
    60.39541725784086,
    69.33754735859713,
    43.791065928592936,
    19.489295058404352,
    8.742665928061896,
    26.701698654775505,
    6.752387203295072,
    43.01107692338104,
    406.0585411932543,
    557.3057674012643,
    53.32662344599349,
    58.0040178185137,
    6.444725464684504,
    77.64711426023378,
    200.31748212825255,
    179.69841279179195,
    244.81692154945114,
    112.8041956275516,
    299.2998028280044,
    205.35048007913292,
    324.76050243926176,
    18.64054258380051,
    28.929681267173358,
    303.2350498622587,
    326.2314457910597,
    245.61487658683885,
    307.6373857440716,
    357.93375405851395,
    540.3010204442456,
    175.54025682522976,
    18.796287541733395,
    67.60348579264627,
    156.74734539598734,
    113.00763738896316,
    145.47369302801425,
    2326.045461991938,
    2044.5931178302721,
    36.05910495253032,
    41.14413477124445,
    120.63001095122561,
    192.45683840894804,
    27.801788825376413,
    31.992689177264268,
    225.5164568758039,
    101.1714214135578,
    228.0373406548302,
    225.83855958078186,
    116.6897538515493,
    161.56948127162872,
    42.7960562457577,
    30.123044927436748,
    48.02177002789859,
    101.01071648189966,
    77.73147133696891,
    21.438087942618573,
    212.53913630791322,
    106.83630268767214,
    98.45580564850171,
    73.20859273784097,
    48.973861806449925,
    30.519682098841248,
    108.9337841197749,
    24.37729579144511,
    10.934689483159161,
    11.676497763156108,
    3.3213728175664587,
    54.35849726686237,
    27.089245246195304,
    53.82941321832293,
    74.56979636528534,
    38.959405800095,
    55.50185646866772,
    42.990613309121436,
    18.851805049668187,
    116.7863935116761,
    91.6298267108171,
    46.17658083584843,
    74.39569911474284,
    45.83686781473407,
    35.34710004199953,
    70.19354690784282,
    70.65854849552979,
    95.88345104299984,
    59.1997666569867,
    2.5080472689333373,
    6.974280240122797,
    21.303607128900683,
    17.86454135997382,
    29.506283668662853,
    66.80511963745955,
    84.3852586608634,
    116.60490465851161,
    57.4868183193997,
    36.115785232317315,
    52.625713788459834,
    73.24861026547826,
    53.41403782992589,
    43.66896834180111,
    100.59748082007235,
    111.11146170528924,
    88.00152008160599,
    56.72833590219475,
    31.96936043388917,
    20.47499288353644,
    49.86122715748953,
    43.65437226736927,
    28.72307336631277,
    43.69025010003811,
    106.58437622794082,
    24.142972884960912,
    61.26924357227253,
    59.52912483610347,
    27.360032757088113,
    50.18448821637551,
    16.95784188594061,
    51.85643886847089,
    32.32218933131458,
    23.163951423835176,
    32.00589705509479,
    18.773157807212172,
    53.75333036292021,
    27.891616145040896,
    0.5480082559339525,
    5.066904539765615,
    9.40337215676763,
    63.282406637498745,
    50.30335940330395,
    100.54235363909793,
    108.75245228165502,
    120.36385593396751,
    93.41294885441822,
    109.03735925107074,
    86.98887082180045,
    106.9544264102413,
    111.44445568889033,
    44.02521672412156,
    45.358782146847716,
    70.20117854378523
  ],