{
  "assortativity": -0.2022529309435127,
  "betweenness_centrality": [
    143.85530792088582,
    124.20668876379212,
    5290.727838191264,
    5196.9731960806475,
    1575.4243112197355,
    1552.0915367740756,
    97.78809514475775,
    103.52001529170846,
    14.98737061141996,
    11.398605726030915,
    87.75381270063313,
    40.979713389951144,
    383.6594046309341,
    275.75739077320543,
    77.17219883739124,
    129.89729290446965,
    35.25658221465804,
    67.32197137773764,
    89.61012907600939,
    85.20733736138624,
    163.6544420358582,
    119.85122838919982,
    9.63190344104163,
    72.85633856013744,
    46.19628486745148,
    36.39724807812031,
    41.9915422198217,
    56.435273142426524,
    29.63952908594482,
    32.980625872375164,
    85.74500116019415,
    45.54533679185224,
    12.662346523703373,
    35.56205777057051,
    23.73312533797989,
    19.04719314023641,
    9.871251068778633,
    16.163041382624694,
    12.475404032771578,
    106.81643947987067,
    158.30727625401434,
    32.888715659449545,
    41.13801901274512,
    76.62117916226448,
    147.57357497900753,
    89.86271998520061,
    70.07802164777958,
    10.43888817926932,
    2.0242241643962626,
    47.815852630530124,
    108.46365689714881,
    75.2466761919428,
    35.460798622150534,
    1384.1336632237599,
    1427.88348004226,
    672.5061135734053,
    903.8948245135927,
    320.78660316102895,
    416.4909732577057,
    490.0174866762677,
    453.5962357636513,
    150.75072026573756,
    88.76368001852956,
    107.56766143763912,
    245.0355317293359,
    282.03582458221206,
    242.62938033013225,
    228.58009058030467,
    143.92095742531362,
    94.80464695437736,
    164.7848419186508,
    56.05800943448796,
    8.368441368409618,
    20.15278698435809,
    79.01701107294944,
    55.83015496389488,
    34.07633401771184,
    28.201643560675773,
    38.38914910935313,
    29.675342706482994,
    45.8405252911476,
    40.29255033067874,
    4.395246530785782,
    5.392222154254134,
    4875.914248963161,
    5215.337162931276,
    4941.297625786169,
    4792.312222859737,
    32.51070180361768,
    81.87604927176544,
    77.4012556311107,
    48.142323505527585,
    49.014690010219375,
    37.4073798488756,
    60.14896695737888,
    182.78004098461784,
    90.64731458873966,
    39.65628368093339,
    89.26919582944603,
    93.28795036518696,
    43.364853168466595,
    33.56072556660248,
    27.533505914964014,
    89.41687152588472,
    184.3932768821377,
    121.31014100823207,
    43.349922072405164,
    55.66917190023144,
    65.18584554715716,
    191.81980646602,
    789.5019760808591,
    17.92550047862542,
    160.928923372385,
    31.664316325596026,
    30.896394617924575,
    1593.0477778420736,
    2094.874602302849,
    31.130179587435407,
    41.21256541575279,
    33.19828422263498,
    46.30906582233661,
    14.643123053625848,
    22.8902844484165,
    24.91934536884186,
    11.441039407181457,
    16.461266763520356,
    12.563072371258853,
    26.140006909384986,
    46.10730286369738,
    15.340352479038447,
    9.784260398819558,
    20.566017411239873,
    34.47265500603226,
    77.6720856886906,
    44.470815848205184,
    46.08603752145754,
    46.56776794200925,
    22.957247840818965,
    18.80322931338666,
    5.23816258508943,
    23.378028653880254,
    24.75570279821511,
    18.04448660740456,
    26.731325038386675,
    31.057214473663667,
    18.45793868022767,
    19.12078026478135,
    11.964443256672821,
    29.15889343311989,
    1377.7490463799147,
    1211.9805315679578,
    64.64772257427724,
    149.88485519677647,
    26.826622638546283,
    26.95348661845157,
    50.031487265199544,
    20.68699678683606,
    52.308527948169456,
    3.1275784444572334,
    4124.708591608572,
    4409.078076409769,
    55.851913641032695,
    45.00910590230412,
    65.5155306624368,
    75.41279372012626,
    43.15626842257376,
    19.576308721712117,
    4.405856333209274,
    5.2291334063376205,
    31.30898600345457,
    13.661482756992473,
    59.33762058648448,
    508.1154728384712,
    408.2841928567209,
    59.79357825037267,
    58.4694397304647,
    7.916999044015535,
    82.77722240842886,
    286.5933943986632,
    188.86721048858698,
    256.247293503519,
    117.10724255653687,
    338.0678310413965,
    216.81129336101708,
    255.0902605076239,
    20.31524185382319,
    15.399520454896816,
    251.85558175051435,
    326.9622153428334,
    265.9317684054613,
    245.93129639061394,
    371.82896382741853,
    590.9814164620414,
    194.8962252837092,
    22.25685392250283,
    101.15313802819746,
    137.36772846344277,
    48.50595161651679,
    188.31291362417784,
    2267.484301965809,
    2224.5938959908217,
    46.407909234625656,
    39.48435364821812,
    142.47441935907375,
    242.97070921415468,
    39.52487586777868,
    37.353484124911475,
    134.25124906379625,
    147.2044633860571,
    234.03356336621925,
    152.3349731975842,
    118.95613212185424,
    148.64592306483027,
    61.86573238129569,
    57.50399244774951,
    44.85822445850158,
    107.91825231829311,
    50.70033331798419,
    26.19934814309962,
    198.5667039542649,
    120.63123907013807,
    104.70634123584503,
    97.54987609071077,
    81.13102752420527,
    38.44906809473175,
    96.796729805938,
    29.913049421461192,
    16.52402272070693,
    15.8118338256064,
    11.785886875299038,
    37.02615445985855,
    35.174016228415034,
    59.36079604007622,
    59.62131850241969,
    44.47362164638846,
    65.38841827748641,
    39.38297429071887,
    21.508022084471587,
    107.88710715486074,
    89.05683887038181,
    48.537495526691835,
    137.08307851762535,
    52.10920714602399,
    56.31388586764082,
    81.59510509501676,
    107.48794001941224,
    75.05891798286783,
    106.29208157622426,
    2.612447628999353,
    5.241819599041495,
    12.704683328089924,
    21.414017234254448,
    39.4099704310209,
    66.67943273383173,
    81.29401147662803,
    111.37363800313209,
    46.94640439296462,
    73.0681619284705,
    64.58234042380705,
    61.31388254345279,
    27.828266090190766,
    76.54600683540396,
    171.7364205415872,
    66.52263749640956,
    102.53587446216576,
    96.09912237446898,
    40.13855162166835,
    22.84199592098699,
    35.38040365936349,
    25.715978112991188,
    27.194043093081593,
    64.10437406535617,
    81.78934170994924,
    29.767341386831532,
    43.14912029179793,
    48.48960886696333,
    27.504246144538765,
    67.22145403783698,
    17.302857849621848,
    20.416222474848666,
    20.93331112281138,
    32.74858573161149,
    40.9868669257332,
    13.608594043448141,
    39.30119311858912,
    37.394648102169626,
    0.49090909090909096,
    3.1719298245614036,
    2.956047944293334,
    66.49962748940705,
    39.061215178851654,
    191.3357806991549,
    158.6186169217436,
    133.45178889584798,
    95.55211801863011,
    82.98620231847744,
    59.75698711448761,
    129.1220106626559,
    107.99042760392422,
    74.43577835607611,
    52.81049453299905,
    101.85837165608984
  ],