{
  "assortativity": -0.1980250290586353,
  "betweenness_centrality": 271.7417218543046,
  "degree_distribution": [
    [
      4.0,
      1
    ],
    [
      7.0,
      2
    ],
    [
      8.0,
      2
    ],
    [
      9.0,
      1
    ],
    [
      10.0,
      3
    ],
    [
      11.0,
      2
    ],
    [
      12.0,
      4
    ],
    [
      13.0,
      5
    ],
    [
      14.0,
      4
    ],
    [
      15.0,
      6
    ],
    [
      16.0,
      11
    ],
    [
      17.0,
      5
    ],
    [
      18.0,
      13
    ],
    [
      19.0,
      6
    ],
    [
      20.0,
      11
    ],
    [
      21.0,
      14
    ],
    [
      22.0,
      20
    ],
    [
      23.0,
      12
    ],
    [
      24.0,
      11
    ],
    [
      25.0,
      17
    ],
    [
      26.0,
      6
    ],
    [
      27.0,
      8
    ],
    [
      28.0,
      12
    ],
    [
      29.0,
      8
    ],
    [
      30.0,
      8
    ],
    [
      31.0,
      12
    ],
    [
      32.0,
      6
    ],
    [
      33.0,
      6
    ],
    [
      34.0,
      5
    ],
    [
      35.0,
      6
    ],
    [
      36.0,
      4
    ],
    [
      37.0,
      2
    ],
    [
      38.0,
      5
    ],
    [
      39.0,
      5
    ],
    [
      40.0,
      2
    ],
    [
      41.0,
      1
    ],
    [
      42.0,
      5
    ],
    [
      43.0,
      3
    ],
    [
      44.0,
      3
    ],
    [
      45.0,
      3
    ],
    [
      46.0,
      1
    ],
    [
      48.0,
      2
    ],
    [
      49.0,
      1
    ],
    [
      50.0,
      1
    ],
    [
      51.0,
      1
    ],
    [
      52.0,
      2
    ],
    [
      53.0,
      1
    ],
    [
      54.0,
      2
    ],
    [
      55.0,
      1
    ],
    [
      57.0,
      1
    ],
    [
      60.0,
      1
    ],
    [
      61.0,
      1
    ],
    [
      62.0,
      1
    ],
    [
      63.0,
      3
    ],
    [
      65.0,
      1
    ],
    [
      68.0,
      1
    ],
    [
      74.0,
      1
    ],
    [
      81.0,
      1
    ],
    [
      84.0,
      1
    ],
    [
      97.0,
      2
    ],
    [
      99.0,
      1
    ],
    [
      100.0,
      1
    ],
    [
      109.0,
      2
    ],
    [
      113.0,
      1
    ],
    [
      117.0,
      1
    ],
    [
      123.0,
      1
    ],
    [
      126.0,
      1
    ],
    [
      161.0,
      1
    ],
    [
      163.0,
      1
    ],
    [
      172.0,
      1
    ],
    [
      174.0,
      3
    ],
    [
      176.0,
      1
    ],
    [
      181.0,
      1
    ]
  ],
  "density": 0.11454093419286704,
  "global_efficiency": 0.5543772414248311,
  "mean_clustering": 0.33687095542935114,
  "modularity": 0.07382694308364017,
  "path_length": 1.8964957677294856,
  "small_worldness": 0.9970068619343229,
  "transitivity": 0.2311109881957911
}