{
  "assortativity": -0.0852304914225696,
  "betweenness_centrality": [
    635.096412309895,
    384.09692546718395,
    1067.3300898947818,
    645.1771384398185,
    74.33404717006111,
    320.11324722971455,
    543.8940572498511,
    276.80350563296565,
    22.327280799898922,
    77.46859971954143,
    448.8603829853409,
    387.79775751783006,
    1378.3391999994988,
    1399.3174932493384,
    396.05053529479744,
    270.6643348202331,
    92.11188345749896,
    204.59354059398692,
    156.33933533400634,
    228.48972250642723,
    730.1509192950169,
    453.20249971616386,
    52.50384385015609,
    211.15039591523941,
    83.18557543407285,
    13.549715521328674,
    66.9944538414956,
    286.23960641726,
    133.56021434738744,
    28.40532537092311,
    55.065066038506274,
    68.06618247172555,
    175.72189365682237,
    109.14608074186121,
    145.87503880676377,
    48.240320704738316,
    2.662445755745614,
    0.0,
    5.3466362311523605,
    437.91581214186266,
    280.0611848305462,
    25.644312711892532,
    125.16004505732603,
    448.276248670096,
    333.3121716392749,
    109.58560216497551,
    28.59424048906121,
    57.55067116553825,
    43.35030524133051,
    167.60206481468742,
    77.22556250428927,
    118.60245633291821,
    198.85208718547324,
    8862.697455339709,
    9120.578542827481,
    3572.0427853720917,
    4329.426564054603,
    2445.304686811575,
    4137.462882988061,
    3658.6153634822404,
    2836.333580384354,
    599.8045167214673,
    328.9237464529331,
    835.5314876685616,
    665.9825950947528,
    789.3646325483053,
    1505.7348589258797,
    1288.0360752466015,
    480.3745192509473,
    437.7150774899709,
    931.1015316535126,
    227.50754419747167,
    58.693312959381245,
    285.06558919081914,
    173.0601896864095,
    126.49391704170556,
    299.6568592620682,
    218.32420881320394,
    123.78331978372762,
    246.6040781976672,
    152.26870489555523,
    560.2769179310548,
    0.0,
    0.0,
    548.2040609188598,
    702.5885720759876,
    428.2887431137947,
    664.0262214461128,
    178.2421889932666,
    147.4782113064894,
    261.34237175914325,
    97.30994921387204,
    312.0006103379936,
    66.44581217667665,
    5.399047831316826,
    63.87309305540188,
    129.99646002532683,
    120.10972530826994,
    98.68777710187706,
    269.90251320335364,
    75.5426470775168,
    19.681458857677914,
    20.51620348766219,
    37.61387441357233,
    496.6252104603387,
    574.6295354046308,
    158.2100205181965,
    41.50946194190783,
    68.4754636256712,
    83.39698835316966,
    2808.5720183504322,
    59.62082934489176,
    663.8269934520694,
    156.89007599516628,
    398.34896693529936,
    1140.3010746852046,
    1722.2794871155356,
    91.64127034410407,
    115.13268628267716,
    45.33046087442927,
    40.676517868119426,
    219.47345504023488,
    50.428681762298964,
    109.49463840766694,
    106.07256549103771,
    116.58078002871066,
    40.540737654415025,
    118.09145024991639,
    345.2800784403669,
    137.6563145251533,
    155.13419998579008,
    144.65400681900107,
    93.74469850445674,
    155.93529542445626,
    141.0089232786658,
    131.63906680263798,
    160.10482323398807,
    170.34830387983092,
    207.0767622078584,
    268.9592815803312,
    11.210968376545935,
    13.287550528619793,
    89.06406947817409,
    111.46172928772577,
    75.27516383862684,
    1.845066045066045,
    46.926206774115805,
    145.65570243845534,
    45.673560260509156,
    193.6488846448718,
    203.56937357805984,
    313.65136560276596,
    398.012815320534,
    74.50757272043445,
    102.02699325023731,
    294.4151212544295,
    190.0056433855437,
    63.53995674480041,
    14.310718953487532,
    133.2073626608441,
    94.48510770112208,
    91.62981378666973,
    76.76200373284735,
    93.08964188659853,
    411.12860524298026,
    137.45696384506988,
    44.978685819853844,
    0.0,
    88.2726371631105,
    4.127486322201812,
    1.226153621153621,
    28.25453057660051,
    4309.982404893582,
    3272.4278091990227,
    79.30772179205273,
    199.26961584888687,
    36.45106989686948,
    831.0147326163078,
    801.2009741993121,
    274.3295629247345,
    441.932717191583,
    117.82475354689733,
    587.1204449483738,
    740.4003100267274,
    981.3587463394548,
    72.31338607259907,
    39.53468099585886,
    1564.0071039727209,
    2133.5731513569262,
    772.7315280526572,
    594.4908747387593,
    815.59989110026,
    1004.3021135507192,
    118.27010431475387,
    167.42952120559508,
    385.6733909945026,
    694.1125117984653,
    557.7661367358867,
    1342.4279249781455,
    919.2431020975188,
    1121.5221720128452,
    276.96205817928615,
    264.3660294383113,
    764.8757334582583,
    853.5602515246013,
    240.846407389951,
    231.55270771193153,
    300.0496428602793,
    334.97474853431777,
    577.8070637394878,
    548.7590772950637,
    246.28695854582327,
    539.3178876322927,
    34.542107338390366,
    74.67829636723961,
    214.5853872271638,
    340.8285684288209,
    251.86238626083195,
    314.03305456293833,
    787.8731034911077,
    596.3447261784128,
    36.018493468007506,
    108.11170855364969,
    239.54564189240264,
    282.67876626540345,
    144.18586453045444,
    93.52690510435916,
    91.06232493807752,
    98.72246893970268,
    27.806327956765134,
    178.79539520428423,
    158.15862113445905,
    19.177546648153438,
    13.978848357524825,
    35.164892128762055,
    59.25435238289632,
    0.0,
    33.50006265040997,
    42.438770302240535,
    58.20290511480472,
    140.8889680801862,
    245.65834504621458,
    80.5177193746029,
    181.31067316714902,
    253.20785480579468,
    371.179792399415,
    336.3590439849886,
    220.63017230430833,
    91.91093042472193,
    127.91964874873382,
    61.63038922131494,
    48.00692690631814,
    77.98592546630137,
    206.17906160296644,
    240.02035202194742,
    538.72535175681,
    99.19736600483772,
    99.32696443322382,
    150.80317589702756,
    137.44254286503835,
    29.74493766609903,
    6.136601242369363,
    110.04530896970424,
    440.37702312245915,
    164.24920166033144,
    134.29520519689237,
    96.83304326174493,
    63.09707833078371,
    75.11787774651907,
    13.759792047155791,
    132.92047781361245,
    252.95824674485965,
    267.6872322226155,
    42.161788585068344,
    71.54895671472909,
    90.26834363348968,
    2.3788086462228333,
    32.44251529254167,
    22.504621934209933,
    25.353841552183106,
    3.0722513396426443,
    47.328784038568216,
    14.239137965133654,
    287.9655689542536,
    457.3304792620215,
    983.2992716785075,
    20.481841977844294,
    77.035116581113,
    0.0,
    239.21975060525259,
    20.758710883170128,
    40.86531440178128,
    37.81599519260471,
    181.0616505730232,
    204.90981485203932,
    188.4770689826034,
    169.90716455860093,
    235.22924649286728,
    114.92279152698144,
    34.46021213782616,
    1.6612932415701986,
    8.703744294920766
  ],