{
  "assortativity": -0.2051959440310329,
  "betweenness_centrality": [
    95.65032988341028,
    192.1220081056934,
    2586.761425905359,
    2445.003851399731,
    1098.682284512833,
    1141.715263788943,
    446.4737914876823,
    417.31747307077177,
    113.13365427147107,
    131.73878115946934,
    177.3880279344671,
    130.23267297432423,
    36.28947061266916,
    50.60651413260682,
    661.5897480028215,
    719.7559370213895,
    8.180929779655653,
    6.526228140387283,
    369.163974976292,
    444.09623881956867,
    62.95363754914804,
    58.88690147250924,
    0.7309548550126608,
    86.47934567090624,
    124.51906346486196,
    5.971925983189238,
    2.809766971817797,
    224.16389964843364,
    3.081264940100886,
    2.2119775410822373,
    2.074226841737974,
    6.656018830111322,
    5.270158153429211,
    13.419681781348611,
    6.457408916577757,
    11.27494450946607,
    1.7404441008702694,
    4.999027554750996,
    2.5780840725812917,
    551.805536858546,
    531.0285739368137,
    849.0248315109696,
    977.4398182709418,
    487.3814334022847,
    470.1960126029486,
    664.9356292375342,
    721.4408016344306,
    207.51920051945248,
    198.78699279601304,
    654.7870961522511,
    538.9707967306161,
    56.820441094813596,
    64.52606950442896,
    1081.1543851635167,
    959.0988617871112,
    311.2480365363664,
    339.05044126540685,
    309.92828953097165,
    461.5320364373632,
    105.00018808154215,
    210.82441122306696,
    98.36414548784002,
    93.97612360534802,
    74.40526717365975,
    9.789016067157046,
    11.200487969586755,
    46.9919405912345,
    33.9288564573287,
    67.56521111870404,
    33.08710693911953,
    35.57182834184971,
    203.15339709434784,
    77.13432993514542,
    33.55409586527677,
    76.54912900808553,
    96.73333223081431,
    5.748843466417767,
    13.401057079579111,
    64.43499654894585,
    54.382492690234606,
    695.1690543332298,
    624.8750753956847,
    0.7867350756406905,
    0.3949507746409963,
    1281.978298956163,
    1657.8442787287943,
    1521.0546967677567,
    1342.0370639995745,
    17.786766628161303,
    13.883805391187998,
    7.400946146902883,
    11.868597819765458,
    13.415253861179131,
    5.619355223267618,
    4.0932343703925325,
    5.889114149129734,
    13.36999338985895,
    8.503455291530218,
    108.69157691509766,
    25.233395196621103,
    7.920674863682743,
    2.0310549364423496,
    4.3715992799943395,
    3.9250656615195,
    253.46446296087294,
    281.7303174321334,
    239.6339165210348,
    158.51356296977372,
    215.10394477637004,
    175.75127866398614,
    821.931109892066,
    1.7285411075189543,
    43.82699369345822,
    628.0744087945016,
    422.7874322057287,
    615.9113692077908,
    760.086036646334,
    280.3209683602309,
    159.12581117713796,
    436.5748548980541,
    365.5699131779134,
    8.492411186390939,
    6.342749241839201,
    250.7852055761157,
    17.81978043524649,
    3.531507560727335,
    0.47859222047620414,
    1.7056203301030197,
    10.749054338491938,
    0.866475759571367,
    1.5597838051516515,
    67.4637355966696,
    42.3665121213954,
    87.18739715345109,
    60.9296470918301,
    30.74497056295646,
    55.56136907190117,
    40.225809761520665,
    86.11592781543017,
    6.08798119319698,
    238.74694254173536,
    224.5501037999023,
    432.3229479447655,
    278.1688701865182,
    266.2505689382265,
    92.77564166421851,
    202.12249010204243,
    247.12654867824884,
    2.7400239370345587,
    623.5892899082816,
    468.0694579728418,
    123.21905315296786,
    73.33084191817403,
    302.9773934161283,
    212.62984674574096,
    322.37723189020176,
    339.6066946815711,
    2.6044409094025807,
    0.1373306198806755,
    1429.9190455759028,
    1200.4817884603106,
    1413.5656673400288,
    1302.9552716390033,
    1404.090039739029,
    1479.473578626803,
    2.1498047910394322,
    2.1944758085271214,
    70.98463567130402,
    106.69980030070451,
    0.9366966869409261,
    0.5374187990665245,
    1292.396105263119,
    206.5524875270238,
    170.80502494755106,
    14.99523490762755,
    7.661170855172934,
    165.93056232860596,
    89.56451897965103,
    83.94294593821576,
    116.52365980588552,
    169.09368981615052,
    263.0476378863153,
    362.3117800898424,
    99.8984093028799,
    362.5109797091515,
    207.33537670153925,
    185.73470448102566,
    99.45566036080666,
    152.61225849366738,
    60.867506571902915,
    85.6356392296421,
    305.7358727870631,
    392.9584133780683,
    220.338015233806,
    108.00493331325117,
    80.18903199599225,
    418.0329992980932,
    420.65170147739195,
    352.61555774016637,
    1968.5109353163,
    2018.2099003415626,
    4.264434707572878,
    6.267339523893167,
    8.95374006728644,
    160.50398855964397,
    132.25228674173528,
    141.53834816116714,
    27.85827778313981,
    24.83778005747252,
    40.88804555337807,
    24.9470687799892,
    32.51055864327783,
    28.486791256788006,
    256.03426752453527,
    289.8481109446969,
    302.66069472681687,
    347.0003933190962,
    19.075162284344813,
    18.640900803157493,
    817.2917710440043,
    730.5378841883469,
    7.587451409273109,
    9.29482905549268,
    233.86949173449355,
    216.55097042366987,
    53.18696643773036,
    57.46510707410416,
    4.366062385135947,
    1.9099888548612298,
    1.9636588273618074,
    74.86324568745907,
    67.35581688577025,
    74.86315319347588,
    114.32884146155992,
    67.15740845893282,
    106.75672678855967,
    0.6567199206070755,
    7.989055592726012,
    3.862054691917973,
    1.6946453642681187,
    60.970420385147364,
    89.1511916919449,
    1.0602711526298536,
    1.4317360029749686,
    5.451158377021449,
    17.059438625544402,
    4.975410087370174,
    2.145480061421076,
    149.9420848092356,
    184.79638935586843,
    217.3957961598325,
    187.90968548030293,
    3.696102322880616,
    1.3821744914632486,
    739.1073990919913,
    628.0014145802228,
    107.08184968685495,
    80.81743760699321,
    116.3334288985568,
    104.35484036710335,
    7.601038087376297,
    3.9941021267114287,
    4.082229786946548,
    28.402281310998575,
    5.0781074322950674,
    9.193464611140191,
    7.937987653211652,
    3.4642485780146037,
    6.72516862887555,
    5.495370806009953,
    8.820205226223608,
    9.81925876389017,
    10.734963821515066,
    4.268233800736347,
    2.5587640331567574,
    19.593830350337505,
    1.9484054628413772,
    11.528704685532633,
    6.283360195929546,
    4.6429240416421695,
    5.185372278119568,
    8.289378777289901,
    6.4409305252324485,
    13.800454223273055,
    13.125235414127392,
    46.75457025548492,
    268.62033877213287,
    277.57291037060764,
    5.321279161082947,
    197.6974352977427,
    126.38921605310779,
    126.29789934407856,
    157.35109560036952,
    174.55589245524357,
    161.95713281500977,
    202.1474713830217,
    182.54669577137165,
    187.61534447186673,
    131.12390012525717,
    188.66913925549994,
    178.63501440910892,
    104.61786191131057
  ],