{
  "assortativity": -0.2689806734819407,
  "betweenness_centrality": [
    155.66974202076184,
    69.46932446620187,
    6043.004962333277,
    5873.169108011613,
    1673.638551571108,
    1920.502944231442,
    108.89044308810807,
    26.501618023832073,
    5.508308745406615,
    10.373061233037253,
    124.06573961376459,
    50.69444042786816,
    188.12431334274456,
    207.4302640183326,
    74.94520338382226,
    77.9496077126711,
    14.281153395688,
    50.6503205234074,
    60.338331411715195,
    166.36369179930153,
    67.17733997164878,
    88.467133237313,
    4.091055551979921,
    47.94177770830783,
    8.381066413395052,
    31.05023684678535,
    24.546867303639647,
    65.20986727250042,
    22.70762182763111,
    10.008104158380684,
    15.228145716312946,
    23.945731291515184,
    49.91666907596657,
    33.06498836056226,
    20.02213095699801,
    14.852031920693253,
    8.151752713814846,
    2.9863930732655297,
    12.990636163064313,
    90.02771408848294,
    83.03225609579997,
    22.819590293769117,
    21.241101656254273,
    64.8393444943855,
    103.73356336660648,
    44.16833880403601,
    32.8627614077769,
    1.4445913558911851,
    1.5051863023830987,
    55.868822818232864,
    42.54225827027057,
    50.26143270260328,
    86.91300930903276,
    1519.4515095573242,
    1460.5148257497178,
    940.6926547046911,
    842.2586049310305,
    282.4584027179724,
    463.92087893332535,
    408.0755028693269,
    388.8674262127787,
    56.77931528856519,
    40.00247366925073,
    59.00063433286158,
    53.3270505114257,
    42.00757943661106,
    130.67915215322185,
    75.23968054609227,
    96.92024074099957,
    80.84972129797777,
    125.05652165842403,
    113.67590500468434,
    2.6705613184150714,
    12.777311374179437,
    29.42344848814853,
    37.072887241083315,
    26.221929197851463,
    9.89602414147663,
    16.138034948341957,
    14.537958423071974,
    53.23606851287583,
    18.502248302781258,
    7.208280029516153,
    11.188843684704556,
    5926.9877345709,
    5794.2450501472285,
    5653.929269290352,
    5447.4055900302765,
    42.37735698783723,
    88.80568154239567,
    47.247582390909955,
    52.73020136973287,
    58.195940958786245,
    22.589342241840573,
    11.352135089385255,
    28.148161017599683,
    67.16745539632863,
    65.07933504711802,
    39.374235268033175,
    70.37833632693562,
    58.664984378585906,
    12.716284304038796,
    6.8594457659513814,
    10.249986092955426,
    153.17159726195098,
    159.76111595193578,
    149.4224116748208,
    33.46516766394636,
    25.345944398856616,
    55.51643046326416,
    555.9945053008956,
    6.1359754458619955,
    140.45007850363743,
    11.455381095567285,
    16.98528992849841,
    1972.6442250535786,
    2363.0634885296276,
    50.58556193051102,
    56.25165669530901,
    71.83984328465118,
    27.02621758517951,
    32.47146935689421,
    17.019189151210092,
    20.398445633238378,
    19.517548311440493,
    14.374746584192819,
    4.384316003559112,
    8.014629587394507,
    33.472265352668494,
    6.656610215315372,
    14.65639416926149,
    36.37420002160684,
    21.282886367406668,
    65.5968689008937,
    20.898149733839755,
    44.04186508664903,
    13.034102666452066,
    9.825842300855752,
    14.383123423507763,
    31.062153954570885,
    24.68407153008423,
    23.606267323922623,
    32.74581565213843,
    35.93973510152323,
    19.04745777488832,
    29.309557154141668,
    38.66038791470979,
    20.954372633504963,
    50.425204232807864,
    1503.9648116460153,
    1584.9673001157419,
    54.30808676334948,
    99.50054291087088,
    15.832075834633908,
    26.23439771453301,
    17.961703777210897,
    16.845531236544137,
    29.992609522432993,
    0.45,
    5365.427519874578,
    5320.48315814643,
    47.74938542817237,
    36.67105463672203,
    27.268003153585923,
    44.693622457489674,
    29.01682909139369,
    13.092838641570722,
    9.551205358570488,
    55.823733133334635,
    5.683756919854764,
    3.4031525775652973,
    22.086337698070178,
    647.6235438177486,
    355.69645360281123,
    19.95114708730484,
    24.244271499118497,
    3.987728105155517,
    71.93343492956481,
    56.424774911953214,
    46.06956072579265,
    109.79291497535083,
    117.7022688845059,
    162.1496138660904,
    88.9162851879399,
    208.95653076879452,
    4.890499817624963,
    0.6474970428588902,
    321.67309545433915,
    343.4870741167487,
    351.628607736368,
    261.5018579881273,
    404.5722118561943,
    377.8445103002919,
    99.36516732808661,
    15.099132673050967,
    27.647127792266748,
    135.03889981149382,
    57.13859755214906,
    102.07718433777717,
    3179.6503493692207,
    3053.9339298185428,
    41.66744246307761,
    11.816925724121738,
    44.05283717244755,
    160.35508570341094,
    7.87640552158417,
    34.82950756242706,
    84.37983336793681,
    72.46815473973804,
    73.3185669248135,
    77.39437619763785,
    101.45212046086306,
    302.6559904527368,
    14.765927393874973,
    46.081394370894905,
    74.48531875831284,
    76.06872371557023,
    48.71831765863963,
    18.95258381349464,
    73.99276398051964,
    51.79771478283708,
    16.369184369455812,
    20.23117831845073,
    13.522128331619758,
    33.30848991305507,
    8.537425755176324,
    6.466012891045976,
    19.548716639016206,
    6.059427738525622,
    8.40517456592673,
    6.325402810397515,
    12.012224474848486,
    16.16016690907486,
    8.796695400217626,
    24.576484562725394,
    28.55642896504539,
    12.357834789128377,
    12.222418680220779,
    32.94209313132539,
    34.00851981850565,
    22.723208384619767,
    21.14311470691861,
    7.167642287127121,
    20.92794278640434,
    24.22211819143427,
    37.44443259605321,
    31.75283468795285,
    40.97506830883714,
    4.149549445354039,
    3.4845844605777754,
    2.5449328449328448,
    6.79696742390621,
    18.528268029315324,
    12.762388364494546,
    11.518228387208962,
    26.1647231598284,
    20.434525721176136,
    14.267762002854203,
    30.110255710859967,
    27.08117452774818,
    27.155234998389453,
    3.980911669970934,
    16.380655202450658,
    89.0555831818561,
    34.91314973835174,
    54.390513212478204,
    36.22715028067611,
    35.17376668121802,
    14.180188325507398,
    20.03207370218313,
    48.43797204259391,
    45.73808376620408,
    100.71488741134281,
    47.803245141570756,
    28.791100866853387,
    51.91886953042911,
    12.22469922873772,
    30.026873759464767,
    21.886432091665906,
    36.19484174373216,
    10.735069167450124,
    23.374204350388517,
    21.872255321540447,
    8.639490019913817,
    39.092113247618954,
    45.45391470645967,
    3.8590424519281616,
    3.6680630488630244,
    0.0,
    143.2003714955998,
    69.54265699372496,
    27.57419501933238,
    47.694079541805074,
    62.78310398739398,
    97.01769865049424,
    59.4900404646023,
    52.7162851230214,
    63.63584434397097,
    58.6726087883369,
    48.38204695405209,
    9.47443625793107,
    14.829597651548184
  ],