{
  "assortativity": -0.26864654943510435,
  "betweenness_centrality": [
    119.0578381179786,
    63.56194087904541,
    6452.946021615914,
    5995.399567784845,
    1683.2202859090767,
    1768.9400289703246,
    62.917710609017455,
    36.18418807167633,
    4.527329973486814,
    2.078792799622293,
    48.416814027527266,
    38.012935247771466,
    169.69023299958675,
    281.416929982277,
    93.98253238266877,
    39.89167396714862,
    17.718000128614744,
    37.635588699194074,
    29.667983543218547,
    31.64694856992447,
    75.7395784296543,
    99.98408399197875,
    7.567209187214481,
    58.51744766708573,
    10.357393839324963,
    20.20401301968902,
    30.88698174766462,
    102.61213921094935,
    59.4772853511837,
    11.166140742112171,
    16.18947855870645,
    34.457624790208065,
    34.99573079842328,
    15.566127840999224,
    29.340736055023292,
    20.871259094154762,
    8.460879282139485,
    6.298152388835766,
    8.470715708052401,
    84.4823930426317,
    51.20241417959753,
    25.496728878932377,
    16.4273415396856,
    62.87320661404026,
    89.14968225779488,
    70.55106176738273,
    21.62601801464428,
    1.10348961418046,
    5.366192998631311,
    38.34736161010367,
    67.19761460190487,
    65.19274872194089,
    88.86064959835106,
    1485.143724391549,
    1338.4984190052633,
    781.9429561462267,
    1013.7450627033876,
    350.2889871535718,
    486.27450336373994,
    355.36982272571447,
    348.09202452474483,
    58.25083757127025,
    89.81979207288298,
    71.03985215150863,
    59.260945118090966,
    67.31111323977713,
    94.91967469662792,
    149.68597871861957,
    128.0333004491116,
    64.36231231449185,
    106.27542103401763,
    73.02053836218593,
    4.412342631417586,
    25.00968747045604,
    50.81182358231725,
    33.1762589836137,
    12.921274699004316,
    7.521387375315639,
    11.779564937783334,
    8.036060602214926,
    38.05462979708742,
    50.82187635801777,
    5.111739236405789,
    1.160624463256042,
    5849.1598322875725,
    6406.9202725542345,
    5830.485819740608,
    5163.188377601873,
    28.629744476802408,
    63.04224647997244,
    45.025414686512875,
    42.98475131671397,
    37.46965955354385,
    40.813842273492575,
    4.972835693597344,
    20.16334243962998,
    32.990482184309315,
    63.92195775402251,
    30.34338613155842,
    54.20406988216494,
    42.99947298819516,
    11.318498816026061,
    11.55575911630159,
    12.403883811019558,
    148.17733248375706,
    122.8827270903625,
    79.34730561526368,
    42.09854701564187,
    34.825519371554954,
    57.557380844644456,
    583.6995137225828,
    2.6461082921078276,
    122.81147113910687,
    23.67287957164069,
    9.665596595292158,
    1846.8214262384508,
    2245.9471052124454,
    62.27930613298294,
    71.60210625691765,
    38.58287311047877,
    40.4670643309727,
    47.876092454876456,
    6.142589176163789,
    9.14179911270758,
    6.870304392198238,
    20.73931658351502,
    26.278672056512722,
    17.267487096708155,
    22.015053103656122,
    9.17313183342836,
    15.23481438481048,
    26.518638270498613,
    43.85663283627526,
    75.08801300533476,
    39.776214440769955,
    18.668942066487254,
    25.21619186516932,
    13.214419261404862,
    14.359801917404875,
    25.240772772281236,
    18.977824945871973,
    19.640966675809867,
    24.859093022440025,
    23.491125198853425,
    11.573581974803332,
    21.248907045018168,
    47.684868962660225,
    51.08618691411443,
    295.1273177795729,
    1507.9555912193634,
    1523.5942131208021,
    71.89424413504085,
    61.98895174833226,
    25.13371970433156,
    20.9355991607067,
    15.808868165184917,
    21.312172947599898,
    9.060075909394534,
    1.4,
    5622.846807085048,
    5415.60941410359,
    51.41916206375898,
    29.799202797415433,
    33.493546612681754,
    35.91656322366521,
    21.515188149969784,
    30.395423649889796,
    9.736389287933724,
    44.054630087045034,
    17.03321813321979,
    6.793709918760226,
    16.145545619278295,
    443.6133939957378,
    462.86574304827286,
    36.13365640773001,
    28.432966728727337,
    5.398863963835675,
    55.98408200197688,
    66.68071994180866,
    72.59582611265472,
    101.47131194711656,
    108.91989219945272,
    236.53469741061343,
    164.24986308037987,
    134.10594384371998,
    8.81742126122931,
    3.8596760999814435,
    374.6435107936428,
    360.87625241168234,
    316.94341702242167,
    239.56246431755463,
    502.09832489052934,
    433.0206078879896,
    193.7093560575814,
    22.370549527095328,
    22.287199185113874,
    101.09181583258169,
    66.41749359381478,
    224.50467293532958,
    2642.213818163112,
    2688.8410624210355,
    42.82726172476171,
    24.834133036374492,
    41.262514924833006,
    189.0117304316882,
    6.116861545590453,
    15.498102778135088,
    85.73880174565195,
    74.79215837330054,
    66.29743944663822,
    90.40373873215724,
    100.5943615492005,
    104.65185159297963,
    26.777325148561218,
    30.426259009720994,
    22.992142777775058,
    62.769756775538674,
    46.424792337779344,
    8.557022922704599,
    95.06887667826956,
    56.7974568402442,
    20.65570828838972,
    25.444440263125806,
    6.306582723412769,
    13.412759783547287,
    25.92471419731321,
    15.737884692934308,
    13.61615597029268,
    185.40406093726006,
    11.368909207141444,
    6.539390720380312,
    24.259348851118308,
    39.452404708895706,
    29.367981452646468,
    17.949801790835867,
    25.970490535678582,
    14.748318846758748,
    11.237638481510666,
    30.352128144531928,
    22.945388206053313,
    4.334051271654458,
    20.42968590441635,
    4.644465323863902,
    7.194137309029542,
    19.931068372908964,
    58.05543699649354,
    15.978373895659741,
    24.11547975698221,
    1.6398294426715487,
    7.618960737220354,
    1.759515444298053,
    4.802604151576859,
    154.5046334549968,
    10.342923324971323,
    8.99138162499383,
    23.37632013148829,
    27.13303997315696,
    11.094385692058344,
    52.523666898620405,
    35.392345285089824,
    26.59845347365244,
    17.115246597928305,
    20.378567080130367,
    59.58350138553982,
    96.14009677487194,
    22.812138783954353,
    38.7807541694144,
    18.372555409212833,
    25.934145716879748,
    14.725030297465853,
    29.987016300342443,
    49.62215337127117,
    106.20298209381767,
    29.753304167251045,
    17.35903187698469,
    55.604331869550684,
    11.411554688265602,
    36.20442554364479,
    22.417006127246083,
    28.61468842446986,
    16.577407937643326,
    20.89811176422029,
    28.42271813057521,
    10.743030579994524,
    24.183475644813107,
    38.51162330428108,
    2.2501670424342777,
    8.20499570190017,
    0.0,
    112.6094445904161,
    25.68002119766213,
    13.611394736302984,
    43.71600987957555,
    43.14871556629457,
    141.48871986744783,
    90.37376936093187,
    41.614207568593564,
    103.80576050945814,
    87.55653745354539,
    51.94289584138603,
    27.520982809417355,
    34.884752006075175
  ],