{
  "assortativity": -0.2745329244453449,
  "betweenness_centrality": [
    122.72315045495967,
    86.7320910760811,
    6288.089007227173,
    6228.678503552399,
    1685.6094511920621,
    1858.7897225874956,
    62.83926888934699,
    20.66152356751861,
    4.82704014607909,
    11.880346206855231,
    80.85475903803987,
    62.02421201142696,
    151.08312001604583,
    229.70262534487517,
    59.71341751911409,
    31.301508680127473,
    19.629846236202933,
    29.62721634451816,
    62.9533417876835,
    49.85558631547099,
    88.91033392258204,
    93.47088139506184,
    3.504098580685063,
    53.170429646681086,
    24.012063525587443,
    21.507004553167114,
    14.463629098750046,
    29.387763064122538,
    28.09955262882798,
    12.755772860787957,
    9.15545248836156,
    20.389071438380064,
    27.61099070184887,
    32.0747458328561,
    35.78243424398775,
    19.158121779999274,
    15.78404054095533,
    5.906366909778644,
    8.549108748700151,
    77.88231877924106,
    48.251407339586905,
    30.44354200268455,
    15.850620129122325,
    72.0237451809345,
    115.81425843496679,
    51.872164333311545,
    54.10024205026758,
    2.9972514344228984,
    1.2736404208704186,
    35.23735911642947,
    28.682493168989424,
    35.85192126965065,
    72.20403850510117,
    1456.5152109019868,
    1628.7982611008983,
    866.0237699667417,
    704.1021861627219,
    246.14391746432528,
    445.3131318039819,
    479.3428051105944,
    399.1721844039288,
    54.11154061821984,
    50.6703571328009,
    43.37122889652919,
    59.07955781539139,
    83.56339364928202,
    149.439892148815,
    173.7502405603576,
    120.31040689514413,
    54.180741566719256,
    118.05388110475863,
    81.19024796542467,
    5.329605348504619,
    17.857976945224877,
    29.660016866100666,
    19.793188977486604,
    19.3720260231145,
    11.273405478042676,
    25.453236859957883,
    13.081692525844312,
    23.24978456413588,
    34.76136236437927,
    11.696939111083728,
    2.5001162984720837,
    5408.570622430062,
    5872.617034074581,
    5762.411796454776,
    5960.223972993468,
    50.49225912983578,
    62.113481923971314,
    37.51584083722322,
    33.17360762139399,
    28.697606262157976,
    27.856070291841835,
    3.998833994477328,
    21.150595391375024,
    46.64200678404106,
    40.940303747847516,
    54.086191816598415,
    63.86753191293682,
    47.286519597413864,
    21.816035783090058,
    12.539305691725604,
    27.0000305198775,
    140.88882977535064,
    144.441015710871,
    104.65235141766732,
    36.39660199916586,
    28.748983407475496,
    53.30687157074386,
    629.5426143911425,
    7.840479459181655,
    90.42467569436612,
    11.407092597808509,
    14.885142700857218,
    1904.7724856813738,
    2191.590076690541,
    52.79145426524554,
    51.98102130836633,
    34.99875731679271,
    26.233889757265523,
    53.476844556982535,
    18.236770010022017,
    5.376807841389241,
    23.170637958526317,
    16.003227229364022,
    4.1755049041560195,
    8.1762756857533,
    43.481511729563174,
    16.297384009139257,
    16.009198070395293,
    14.913866770341656,
    23.10102955201104,
    42.71599522266203,
    44.54773399807853,
    48.86076128807352,
    20.312767494481932,
    10.01545101921569,
    9.86138121406733,
    24.054071014015737,
    20.26484149445258,
    14.398304992303625,
    32.4806364056977,
    56.61903447857329,
    10.520913862322617,
    32.93018697816784,
    25.402098031355813,
    20.921028240959604,
    27.06477055161363,
    1762.675277540182,
    1471.1157956504528,
    71.6191575677601,
    58.01058184601932,
    16.12005860551742,
    30.382956890134885,
    48.29329024232048,
    19.801145012060733,
    16.791643016877213,
    0.2857142857142857,
    5324.575696528822,
    5937.267346492682,
    35.30378729614387,
    33.47519895142845,
    21.358727875694303,
    60.957522198396724,
    19.20604235236174,
    14.756845989050454,
    16.926296621401253,
    25.89809492017529,
    6.87162860546223,
    5.013800174023012,
    19.131508486919735,
    391.4403434286294,
    437.2509590268679,
    23.27279569915953,
    27.2992528043817,
    1.9847408673961615,
    58.0843008471395,
    55.9248774354829,
    37.35327802717572,
    121.58076450108295,
    82.20095064058864,
    165.96529510711346,
    115.2576370236947,
    196.2244369347209,
    5.653384619498919,
    0.705179526355997,
    252.8550397703209,
    325.9269248980811,
    309.38865301683273,
    228.88298368717057,
    339.34482920359756,
    410.11250629627614,
    121.40165238152244,
    16.42087140280031,
    23.01379844388348,
    118.81195416454534,
    59.66628762784149,
    76.79358050443717,
    2541.973914767506,
    3081.1435792618568,
    36.54971645051822,
    14.307960943019156,
    75.11973440200553,
    136.9783041161447,
    5.3662369401938514,
    16.499279415111804,
    73.95907471291973,
    57.21994676912266,
    75.45271700605313,
    58.03459546523065,
    79.59097264030434,
    123.05757460226054,
    46.189989580831075,
    31.02353644890201,
    83.31409573047382,
    87.36717653697971,
    56.839169324059796,
    16.40409485377505,
    68.72159964099593,
    57.10213425974261,
    27.254254146751617,
    28.36258483496835,
    15.616446128386986,
    12.332390737083692,
    13.946397421963322,
    6.8516099697876,
    9.60582415781983,
    7.608801311535296,
    7.386023994876626,
    5.219360770774003,
    7.476366050467881,
    17.119973349590776,
    18.576088001693627,
    23.191184855528483,
    27.212738638470377,
    7.50675767431892,
    19.957613885974013,
    16.32296436801316,
    23.74019213375717,
    8.066863196333658,
    16.074004449465573,
    1.0990594942312009,
    14.47504078512016,
    24.144643501063403,
    57.47231381207842,
    31.591817177684234,
    23.89556680884169,
    2.69097464351869,
    6.128637047257152,
    2.5435597926977236,
    1.3451035184529339,
    12.170545907799458,
    13.028935865995447,
    13.193389762425555,
    23.169195561813563,
    23.39100226414903,
    13.621936634782793,
    33.8256668346371,
    27.84860952638363,
    32.178705461589665,
    11.268315190755754,
    32.82535426312012,
    87.24788306942374,
    30.622495199554333,
    67.14460484825864,
    41.956711030104564,
    17.463001326599144,
    25.195037231131263,
    31.34112740578627,
    42.845079765349745,
    42.14573440918128,
    64.25526893953581,
    22.535685125934485,
    20.29081682618152,
    94.18325423853692,
    11.751776921106616,
    33.405535463551,
    20.584818671922605,
    25.202774353355597,
    19.75345201502189,
    53.957535184555454,
    96.06687265465047,
    11.922678698009594,
    35.18680954621133,
    48.23104215425597,
    0.7553788294817336,
    6.893900695506969,
    0.0,
    93.64783510195473,
    43.496311082717575,
    25.557253378481313,
    25.033284295274566,
    78.04288463327661,
    147.82353049402425,
    93.62445639211599,
    65.12838880657088,
    71.32943895017013,
    90.42512355490902,
    23.112684616844266,
    23.848355809494265,
    45.57763088705398
  ],