{
  "assortativity": -0.27178787216485323,
  "betweenness_centrality": 278.96026490066225,
  "degree_distribution": [
    [
      0.0,
      1
    ],
    [
      3.0,
      1
    ],
    [
      6.0,
      5
    ],
    [
      7.0,
      2
    ],
    [
      8.0,
      3
    ],
    [
      9.0,
      4
    ],
    [
      10.0,
      10
    ],
    [
      11.0,
      5
    ],
    [
      12.0,
      9
    ],
    [
      13.0,
      8
    ],
    [
      14.0,
      11
    ],
    [
      15.0,
      20
    ],
    [
      16.0,
      18
    ],
    [
      17.0,
      21
    ],
    [
      18.0,
      18
    ],
    [
      19.0,
      14
    ],
    [
      20.0,
      19
    ],
    [
      21.0,
      13
    ],
    [
      22.0,
      16
    ],
    [
      23.0,
      7
    ],
    [
      24.0,
      8
    ],
    [
      25.0,
      8
    ],
    [
      26.0,
      4
    ],
    [
      27.0,
      6
    ],
    [
      28.0,
      9
    ],
    [
      29.0,
      7
    ],
    [
      30.0,
      2
    ],
    [
      31.0,
      1
    ],
    [
      32.0,
      4
    ],
    [
      33.0,
      3
    ],
    [
      34.0,
      4
    ],
    [
      35.0,
      3
    ],
    [
      36.0,
      1
    ],
    [
      38.0,
      1
    ],
    [
      39.0,
      2
    ],
    [
      44.0,
      2
    ],
    [
      46.0,
      1
    ],
    [
      49.0,
      1
    ],
    [
      50.0,
      1
    ],
    [
      53.0,
      1
    ],
    [
      55.0,
      5
    ],
    [
      56.0,
      2
    ],
    [
      63.0,
      1
    ],
    [
      74.0,
      1
    ],
    [
      75.0,
      1
    ],
    [
      92.0,
      2
    ],
    [
      98.0,
      1
    ],
    [
      99.0,
      1
    ],
    [
      100.0,
      1
    ],
    [
      103.0,
      1
    ],
    [
      104.0,
      1
    ],
    [
      112.0,
      1
    ],
    [
      123.0,
      1
    ],
    [
      124.0,
      1
    ],
    [
      163.0,
      1
    ],
    [
      166.0,
      1
    ],
    [
      168.0,
      1
    ],
    [
      169.0,
      1
    ],
    [
      171.0,
      1
    ],
    [
      174.0,
      1
    ],
    [
      176.0,
      2
    ]
  ],
  "density": 0.09293524894941806,
  "global_efficiency": 0.5387670238278586,
  "mean_clustering": 0.39181343420937337,
  "modularity": 0.05773777256765095,
  "path_length": 1.9265137634930796,
  "small_worldness": 0.9925318966432458,
  "transitivity": 0.21214109728014943
}