{
  "assortativity": -0.27047648158752163,
  "betweenness_centrality": [
    140.14664081550612,
    87.14942995209863,
    6683.077972400088,
    6642.776428188382,
    1862.0174397224393,
    1790.9174614501983,
    58.86473005788935,
    49.556382375459,
    3.293916916817119,
    14.242997333842876,
    68.72639548083518,
    17.061064376021033,
    244.09654026898855,
    243.18419226547053,
    65.29337820864085,
    32.851103276558355,
    17.654887125103656,
    55.587673608654356,
    52.89675798222917,
    43.11801975464757,
    63.086300300716616,
    152.91334127427425,
    1.5581109678835845,
    48.24094709069023,
    18.99046670432552,
    7.288266106338547,
    11.065365546009463,
    50.58081789700509,
    24.373714303940595,
    9.485001805924231,
    26.07516674678481,
    45.262375798900436,
    36.10919897943544,
    21.131155504921402,
    49.0854975999096,
    142.98919374087552,
    21.31466989475351,
    18.182557686612984,
    7.064981057452651,
    51.58804198680997,
    55.51912753190046,
    12.688960255331283,
    18.02267595722878,
    49.31751602720783,
    63.58059756174542,
    37.589278618267485,
    47.16816931479483,
    0.045454545454545456,
    3.042945482451438,
    47.486375609246785,
    36.306849902244416,
    64.65985505916389,
    75.63183999458593,
    1432.6184162660259,
    1384.276319984721,
    1201.1653514050345,
    775.9137282347575,
    195.25351059901084,
    367.60300564956896,
    540.9078362260383,
    442.1301713574062,
    55.88429345939648,
    99.22488230466817,
    38.119456249814064,
    72.88901354894736,
    73.54055377571662,
    122.85984441677199,
    110.53706666406774,
    153.21507605086606,
    45.838934165033066,
    162.23058319780847,
    36.880930626408066,
    9.823741924788708,
    18.10185623822703,
    23.59979842048456,
    36.34503660913191,
    8.463966213906335,
    14.032564919829083,
    11.370837196086145,
    56.14512651832124,
    55.47900773840316,
    25.88928781632004,
    11.057555783624485,
    9.317457509713224,
    5611.737058115885,
    5973.547976877362,
    5436.1584637987335,
    5572.50554680215,
    54.27013784077057,
    47.781087033911916,
    47.3361890097551,
    30.634509791862715,
    37.30529875288438,
    29.770903967638496,
    5.685500764462495,
    43.72015303504232,
    58.94385755478129,
    45.67137842411618,
    39.893458075771676,
    68.79191923497288,
    41.311063052144235,
    18.834497775044557,
    20.31187951737374,
    30.004950177168034,
    179.3372171924892,
    176.4083731300556,
    105.33473155185926,
    71.2394225103912,
    21.79355571167251,
    79.642615361032,
    589.89393542694,
    5.538423366443482,
    101.57246814741607,
    33.694561808729766,
    9.775717682890763,
    1682.7082091037933,
    2062.5585071931832,
    58.09951137008622,
    83.87304852573374,
    43.56608387381826,
    26.198787608102926,
    38.06516751617707,
    15.867566186285567,
    6.198098663258373,
    7.554488113282052,
    14.663274830192972,
    6.85062108010408,
    9.508675270887341,
    47.96591349637764,
    7.471553810732049,
    11.299393365517055,
    17.14376637988671,
    37.72914155254245,
    28.073547444753164,
    61.83482539658203,
    142.2058061184289,
    20.248811120009766,
    14.08228901150306,
    11.508318827310138,
    31.726562077684882,
    23.839919024155567,
    27.234312818144613,
    27.130869183801305,
    32.64971546710919,
    58.04414279084939,
    36.75423392682582,
    13.173940885895773,
    14.101174682617653,
    46.738138380022384,
    1714.9492330874752,
    1450.6065378005908,
    58.358096627383176,
    81.59126981111218,
    21.343671515631268,
    36.097508703412316,
    12.14894094007283,
    31.476093461145364,
    15.061216890726186,
    1.2439613526570048,
    5450.474282425366,
    5431.305379628864,
    26.007528508459615,
    33.63481053393575,
    36.9477231412838,
    35.87166557111819,
    24.07589381245796,
    24.182682759966198,
    18.36338330579183,
    13.157061989177315,
    8.486856765169245,
    6.442377793826865,
    25.584843890136074,
    396.6812385123419,
    330.82271216487675,
    28.42066181882072,
    40.63064714455198,
    1.048782698782699,
    75.16720950727034,
    46.8502977080842,
    52.293707467371725,
    104.67179495359117,
    107.63041848032414,
    188.34465781458073,
    71.00213877669123,
    205.69062402043352,
    19.907845377235876,
    4.483534975397129,
    250.70204560608508,
    301.7531874057789,
    317.7285088341549,
    294.1096696333031,
    336.59597463097384,
    435.0939167411445,
    137.45653749768567,
    25.84501189530464,
    34.053617605870066,
    98.97366691697036,
    43.81364965425663,
    181.9261290772086,
    2715.080252790072,
    2799.7962225464735,
    28.777219011544435,
    24.280744323612563,
    43.25886027100238,
    156.3510921656619,
    9.723124388800976,
    39.40971368806077,
    97.22011141385289,
    82.68764286825979,
    91.11630531174333,
    93.22089987795104,
    76.66466314580371,
    106.04132272392083,
    29.511367426957474,
    28.19696856914255,
    50.06002611730756,
    89.85260941652994,
    31.46836344072698,
    11.108281175616314,
    69.45350591441893,
    64.1506601869021,
    17.657168324175167,
    23.39612920517352,
    15.25685163953291,
    22.254388316481577,
    7.302477359679356,
    16.065349802748454,
    19.675797067165067,
    15.21490961530604,
    14.39974373350516,
    22.00817355320324,
    37.11895976298521,
    20.74511519247586,
    7.089298481159245,
    20.21431555621628,
    25.25336526650565,
    6.800458004524184,
    62.21114918829169,
    38.61389722152743,
    38.60671548102267,
    31.634726147625404,
    39.437789621864006,
    10.809173703843197,
    10.633872113880047,
    40.082946990265356,
    29.277858329672767,
    26.94763493890409,
    18.77031499938215,
    0.3188722388722388,
    6.852796749324679,
    2.4913976116762493,
    7.689031704284825,
    11.403626297570241,
    15.841479021937902,
    5.421919615772785,
    19.18006274885939,
    39.57634148027957,
    13.321938665836644,
    32.425824850343545,
    21.194348212597355,
    22.65924877543325,
    3.2478860698048067,
    29.101244532580733,
    117.06955233575205,
    109.50380420571639,
    36.943504624578544,
    25.546165578840498,
    20.466366507848008,
    22.5575691573121,
    8.674417068128989,
    36.46698004511593,
    42.40885518730229,
    59.786323894179425,
    21.76317502744109,
    20.527835284524034,
    55.33356000903933,
    11.456345941035131,
    28.014212573163473,
    46.67541546119829,
    14.16618366738293,
    9.15014479543074,
    29.061483543564016,
    45.888156530745654,
    29.86840767211988,
    9.906561078923966,
    32.42495539439265,
    0.36088273097618895,
    12.002254846699111,
    0.0,
    88.96330074383329,
    38.065388516783834,
    24.010188043886437,
    57.07541393136916,
    39.67457778058525,
    114.60538639341266,
    112.11171645707043,
    79.9384947276032,
    92.82726704165046,
    79.21361389342931,
    32.4999954973038,
    19.689256963421524,
    22.769818575371428
  ],