{
  "assortativity": -0.2615807218322865,
  "betweenness_centrality": [
    122.96262757289121,
    72.88332741129803,
    6538.848457821621,
    6208.459912199352,
    1558.3177179199445,
    1759.4371522538067,
    48.889204389790436,
    24.67908357104516,
    9.206741211249849,
    9.533029129219367,
    51.791848429331985,
    23.017303897267666,
    216.06882762924639,
    261.9168426597351,
    45.461797557518416,
    23.17885138656087,
    24.504586271893224,
    53.57890666352061,
    87.8477933951358,
    38.06286476710052,
    90.8149985583537,
    66.81959693651983,
    2.946652939782878,
    40.05600278442232,
    17.01660896034068,
    18.752020626988777,
    25.799766738558727,
    41.372792691576514,
    34.63047229240272,
    9.013056106848676,
    11.426039766690273,
    29.5852465582069,
    28.505009918955842,
    20.117029858160652,
    47.25343233058231,
    36.4662873634129,
    14.9405427223318,
    8.760022896561807,
    12.278434987998354,
    45.53178465885661,
    48.1767821088269,
    31.046811528541493,
    34.025214736741354,
    79.54515533514913,
    63.711860493321716,
    55.68988651973253,
    23.918239860393694,
    1.358293916585873,
    2.6253176796961504,
    55.688027902901794,
    37.08494410710783,
    100.88925595875774,
    50.99459371432682,
    1199.6683906605042,
    1527.5617410662833,
    959.6253308840264,
    901.2548380811969,
    187.95139307178633,
    381.6037932702169,
    332.856254093393,
    426.47320110086264,
    45.586548815277574,
    68.34973414223084,
    35.422941615982765,
    89.13709326694983,
    29.14960509550566,
    112.88281759904123,
    172.02080506349384,
    129.8496153871807,
    64.12149863255591,
    124.44151872391588,
    89.38277975847545,
    5.508033867472584,
    23.760202210649744,
    30.988097641287148,
    74.66112747474797,
    12.73469165718269,
    14.997415792694262,
    47.678010436102184,
    7.0744694392160214,
    62.404765801628514,
    61.853530886867524,
    10.80963361957481,
    4.818285191010228,
    6159.1806430509405,
    5371.67171619061,
    5669.621229624651,
    5667.305192497946,
    36.162805779145785,
    44.22675018488419,
    41.33670327393142,
    72.4344682500848,
    52.71857961685882,
    29.77874021037016,
    4.525886065902294,
    44.04413693281986,
    58.47919183068808,
    66.69954019035012,
    37.55308175674601,
    106.27464626586888,
    31.232677395278184,
    7.487994616880961,
    42.56695622092594,
    30.01166323690052,
    212.33155939189018,
    124.54034531390852,
    75.04358962401494,
    44.26861970375773,
    36.98729394880542,
    75.39749262304477,
    489.7133021930884,
    6.49222368687127,
    135.4736648150396,
    24.91699804119263,
    18.02511338836377,
    2033.2618243910158,
    2418.6020988668665,
    92.40480311202369,
    26.464689027610504,
    38.67706589014331,
    28.43893666955145,
    25.830108210456807,
    22.218539564450438,
    5.288077313211122,
    16.84500381674357,
    12.40631692132069,
    11.072185444993595,
    5.14598355694596,
    47.73303799982116,
    10.469711975928481,
    17.11452346458209,
    17.022114600772756,
    25.972297961795455,
    44.218605079274816,
    27.38986654032344,
    35.37307287591333,
    30.523650000247155,
    23.27876877916334,
    7.4987495506473785,
    35.927664465743945,
    19.730555024984486,
    31.876765733575613,
    25.594647556689605,
    32.6227618686298,
    16.530214501279225,
    36.63411179787054,
    42.33767162689316,
    32.127176912438074,
    41.83343717786677,
    1423.6221764296683,
    1751.8225418368304,
    99.13761007407034,
    122.25629224036116,
    15.653258396238797,
    22.634677556071097,
    16.85256009571194,
    33.47496684709487,
    17.21974322941894,
    0.0,
    5596.979991784947,
    5254.453051723453,
    23.444649805485373,
    25.911305142948986,
    38.569594043529946,
    72.22801301409888,
    29.515277555702497,
    25.459479279616787,
    11.268147734513008,
    21.649644766580924,
    5.530322489490311,
    5.186710351519979,
    29.616211074588062,
    451.7414206254129,
    378.3259003418485,
    28.23454035529255,
    13.517430784786473,
    5.483645277110645,
    41.428789861585564,
    54.964507908242574,
    78.58140400274911,
    140.80615602872973,
    84.87363204287078,
    149.127251753667,
    93.59052779500894,
    125.96849251702899,
    5.995859040168266,
    3.4186968398832804,
    294.07612443574135,
    312.041682745762,
    395.3559574013275,
    270.4305777328714,
    464.1335304618102,
    492.3100345450646,
    107.85559180417752,
    15.760778624905896,
    30.88210870947499,
    144.82827904431878,
    63.245585670042125,
    101.30394484726628,
    2590.1232477112458,
    3006.702444091579,
    25.84117749948292,
    31.913130820429576,
    30.396252652238186,
    218.93230296142943,
    12.682540687463819,
    28.86898454474397,
    150.77539511188274,
    70.04785850379488,
    77.00970759316914,
    68.19005521019965,
    108.63321045746571,
    110.86664507462625,
    19.867834696409126,
    31.68602427913315,
    43.40392194661614,
    67.9294561612343,
    41.06332019344847,
    9.28236884006434,
    96.2401875285045,
    35.065587169796665,
    22.95475133785528,
    26.313509293240166,
    18.390567453324568,
    19.362052743077893,
    14.715648722765724,
    1.9626888098648154,
    32.63503145716892,
    13.85845584876236,
    18.484310492013407,
    13.001931864553368,
    13.316958973177028,
    25.654619589357264,
    9.04407946787891,
    40.74316394697202,
    50.245494173949105,
    9.02132362524462,
    53.75046404002916,
    28.181059216887,
    26.137471084247775,
    19.508096654336917,
    11.999176749639604,
    7.03012136649967,
    10.541883809811255,
    71.79850735176927,
    55.22766020258417,
    16.64384122044612,
    35.89505512638868,
    3.9146588824894,
    5.072246511364701,
    2.7484732868731676,
    0.822955529880032,
    4.717818600792144,
    14.365167787974848,
    24.24114368292549,
    26.811113888255004,
    19.94615419172382,
    34.703707775086464,
    28.564017121473373,
    37.92028650472941,
    20.395533750763846,
    11.613401731280987,
    29.008248035918097,
    69.11032889608366,
    30.048732229376263,
    91.80020438802948,
    40.28619683526335,
    36.57789145536265,
    21.980833919355167,
    17.299281681641148,
    38.73538420705956,
    66.42993553738934,
    113.96067873944584,
    21.036869759993913,
    36.52637803517248,
    38.35194101301129,
    13.61115309430184,
    9.921783313688891,
    20.51756891652519,
    13.618512858758988,
    11.349829756219874,
    26.02260272325888,
    46.493425965554664,
    13.20026535044181,
    66.17038365034762,
    43.5549894774179,
    0.08,
    3.904125647116999,
    0.0,
    99.71436881661006,
    29.008176677081988,
    45.74698460446712,
    33.47944329125655,
    53.19933726715943,
    132.27843314255125,
    60.58348290927224,
    86.48583913298948,
    193.1399151077645,
    104.05905403811553,
    67.9888452798388,
    19.96764650820183,
    43.12292522043704
  ],