{
  "assortativity": -0.26331008406122813,
  "betweenness_centrality": 279.7549668874172,
  "degree_distribution": [
    [
      0.0,
      1
    ],
    [
      3.0,
      1
    ],
    [
      6.0,
      5
    ],
    [
      7.0,
      2
    ],
    [
      8.0,
      3
    ],
    [
      9.0,
      4
    ],
    [
      10.0,
      10
    ],
    [
      11.0,
      5
    ],
    [
      12.0,
      8
    ],
    [
      13.0,
      7
    ],
    [
      14.0,
      13
    ],
    [
      15.0,
      22
    ],
    [
      16.0,
      16
    ],
    [
      17.0,
      20
    ],
    [
      18.0,
      19
    ],
    [
      19.0,
      14
    ],
    [
      20.0,
      21
    ],
    [
      21.0,
      8
    ],
    [
      22.0,
      17
    ],
    [
      23.0,
      9
    ],
    [
      24.0,
      7
    ],
    [
      25.0,
      10
    ],
    [
      26.0,
      3
    ],
    [
      27.0,
      4
    ],
    [
      28.0,
      12
    ],
    [
      29.0,
      6
    ],
    [
      30.0,
      1
    ],
    [
      31.0,
      2
    ],
    [
      32.0,
      4
    ],
    [
      33.0,
      4
    ],
    [
      34.0,
      3
    ],
    [
      35.0,
      3
    ],
    [
      36.0,
      1
    ],
    [
      38.0,
      1
    ],
    [
      39.0,
      2
    ],
    [
      44.0,
      2
    ],
    [
      45.0,
      1
    ],
    [
      49.0,
      1
    ],
    [
      50.0,
      1
    ],
    [
      53.0,
      1
    ],
    [
      54.0,
      2
    ],
    [
      55.0,
      2
    ],
    [
      56.0,
      2
    ],
    [
      57.0,
      1
    ],
    [
      63.0,
      1
    ],
    [
      73.0,
      1
    ],
    [
      74.0,
      1
    ],
    [
      92.0,
      2
    ],
    [
      97.0,
      1
    ],
    [
      99.0,
      1
    ],
    [
      100.0,
      1
    ],
    [
      103.0,
      1
    ],
    [
      104.0,
      1
    ],
    [
      112.0,
      1
    ],
    [
      123.0,
      1
    ],
    [
      124.0,
      1
    ],
    [
      163.0,
      1
    ],
    [
      165.0,
      1
    ],
    [
      168.0,
      1
    ],
    [
      169.0,
      1
    ],
    [
      172.0,
      1
    ],
    [
      173.0,
      1
    ],
    [
      176.0,
      2
    ]
  ],
  "density": 0.09293524894941806,
  "global_efficiency": 0.5383306564578704,
  "mean_clustering": 0.39290473821484656,
  "modularity": 0.052901718933486316,
  "path_length": 1.9291627116399197,
  "small_worldness": 0.9939435387330751,
  "transitivity": 0.21742628156661123
}