{
  "assortativity": -0.26683332726556797,
  "betweenness_centrality": [
    142.06715688773994,
    111.76549458601569,
    6637.32246149466,
    6532.948450166977,
    1518.7538308007922,
    1785.6082016924627,
    32.72397481578315,
    34.52001702310963,
    3.3096438855262384,
    11.554339111224692,
    62.303216098803624,
    33.85637480747054,
    162.7556397604425,
    211.7235781850768,
    75.52233966955338,
    63.49882079326,
    18.248026147818234,
    47.46488259266812,
    41.44200674902853,
    47.46919739998757,
    111.93068889658888,
    93.25408848425009,
    7.064077099219053,
    32.97181970408003,
    30.207186894653603,
    21.619628583229726,
    10.690544043563378,
    33.01566373258812,
    30.308562970991506,
    18.27991963213393,
    18.42470036332748,
    22.342732597456703,
    36.57990034602272,
    31.980004449896512,
    34.49581689871969,
    14.785691004411447,
    10.006012396196725,
    8.63266510567027,
    9.873480907088446,
    49.103996608972245,
    67.13480556283669,
    20.061625104019846,
    21.348368833207097,
    49.91485215315238,
    69.56665349429836,
    39.560183830620026,
    30.01182462616621,
    3.064863940658851,
    0.29975838115373,
    42.47090600813225,
    38.769749873386736,
    37.6437429972574,
    203.32917193171735,
    1239.2708472365562,
    1555.0841829877215,
    844.6427209525987,
    738.0853876155143,
    269.04631614076584,
    374.7954250494841,
    431.70737520572106,
    540.4732892012789,
    83.41823492699275,
    39.93189545103451,
    31.805833314690734,
    100.86908300742891,
    44.8487445529146,
    183.88508990894348,
    116.10634948992325,
    106.57640334098032,
    47.128273285916045,
    90.64484895108701,
    89.37762565920879,
    4.139280259900643,
    17.83060422442237,
    42.351782735791865,
    47.253255278375384,
    12.251893356655495,
    20.017953796071797,
    14.405929356014024,
    17.565822409814224,
    12.384644145013032,
    30.702768503460486,
    9.288722360917339,
    4.728596146115255,
    5773.845398855995,
    6089.585158688015,
    5244.361877892091,
    5580.898189244801,
    57.37015641838618,
    42.57026986465513,
    36.8701572965275,
    18.055546420880596,
    44.14314191898163,
    21.530060112650695,
    4.234616327604377,
    14.957520212832152,
    53.41940490091463,
    67.82217841583413,
    25.947395906232234,
    52.3579536189719,
    51.56223112471768,
    50.984954672151105,
    9.226039517580254,
    15.237309563187043,
    166.80041429631322,
    154.8495209291371,
    85.27948214617936,
    28.08997347733556,
    38.24150328080977,
    53.8547034753067,
    624.552549146723,
    10.543040423173311,
    104.16983843263405,
    10.710083591891006,
    21.114815017271994,
    1762.3856853828377,
    2229.486575040437,
    46.013166045381496,
    70.36417068118192,
    48.284003921012406,
    22.352666227527937,
    23.390990490841546,
    4.548121151142928,
    11.169322728965252,
    11.208913615564875,
    7.608841931735804,
    10.703920133028463,
    13.64331926607783,
    33.044710139508574,
    13.371400270364454,
    8.774779084414545,
    19.017259163609666,
    19.725717194884265,
    42.40639127516425,
    34.43030581349141,
    35.12962589503484,
    19.48139739461469,
    32.27101311208679,
    12.910898222624006,
    179.4396966359266,
    35.660686230387306,
    27.7189186219192,
    26.646670824880236,
    24.478553372675258,
    10.171813478195196,
    51.023885403066686,
    17.455824886591397,
    20.05289379527701,
    38.78494767161544,
    1627.4460820889317,
    1446.8789049595641,
    71.61338961075272,
    94.56794638149114,
    11.218624848193452,
    25.995708424615398,
    34.915096691895926,
    23.752356481878707,
    41.60917932631979,
    0.9201388888888888,
    5194.983584465392,
    6262.044225164573,
    46.73301068135361,
    46.247406668597776,
    16.808540081327614,
    21.98074696492575,
    61.02097109890415,
    13.553620102433193,
    3.9994007260475386,
    27.02288539167263,
    8.245532900681066,
    4.351717807222394,
    19.648971047803414,
    402.0289866751035,
    318.3725396951128,
    15.592276158868092,
    20.78488986590175,
    9.152653170065584,
    63.03206153733375,
    73.10502156168137,
    31.727699418106475,
    109.56109512007627,
    79.71474575537933,
    204.13618216070665,
    49.14657147588466,
    179.24835381133872,
    2.3380064465977775,
    5.336651268265225,
    300.12320328843174,
    367.4967066014633,
    304.66018236006954,
    258.33081828336805,
    626.0433097699607,
    462.8574485559247,
    123.29960966749299,
    22.915894909205047,
    30.000967947993757,
    121.07028165590383,
    101.74280123720435,
    98.2201324607748,
    2567.7911085826363,
    2737.205169504667,
    28.579392131047122,
    26.279458344679043,
    56.393852699507676,
    139.2036159842532,
    4.804836297131853,
    26.500362531045642,
    73.81626091801674,
    57.40350152702632,
    89.32912605893716,
    58.319157915916506,
    76.70675625187319,
    89.89999023836036,
    32.09757446051223,
    48.6677291561596,
    45.62067564006758,
    76.32149705320369,
    36.94251571651972,
    19.741003291063016,
    64.0247233947475,
    37.11921083725138,
    11.520424942221862,
    14.23750309404263,
    9.579666647153914,
    45.82921743711579,
    10.818476549271349,
    1.5361156408698564,
    29.032262105032245,
    10.10927433913279,
    6.9798001159833785,
    8.358475918274573,
    17.676572455220214,
    15.899753028203108,
    19.118788980505837,
    58.8827570322887,
    20.130701860395103,
    18.476990107239253,
    37.981812360093,
    34.00215796790508,
    18.88231478005232,
    14.854643307056252,
    12.479885101843943,
    7.456203657983851,
    9.028666283150374,
    23.71496028111398,
    40.19808309623553,
    17.895173981739745,
    16.53187538647491,
    2.888896125660832,
    3.169970500319237,
    2.080435498883864,
    5.7677658126823985,
    7.795421200530836,
    22.55032428890984,
    7.2787448669359,
    25.826766466280212,
    25.396678269624786,
    22.78660906538036,
    40.15130044838853,
    53.93276403393923,
    12.592035178026023,
    8.336891692485102,
    38.25029061158676,
    107.9085060387679,
    47.74072067264853,
    41.71020257600366,
    35.42569709780824,
    25.194920988755214,
    11.059911642265497,
    22.73609277960454,
    31.983428433138535,
    54.26844281568439,
    60.87017769815581,
    14.831049327906067,
    29.034128828829807,
    73.16817042023355,
    16.362757985849065,
    40.18634620423171,
    4.267848571897525,
    19.359244257299665,
    11.965307323045161,
    80.08381902786059,
    43.33001722682161,
    19.21826266339236,
    27.787991111333838,
    62.67349253164786,
    1.8313694549993977,
    2.9548142549097243,
    0.0,
    153.26602518250752,
    35.5015959605924,
    34.930481673185824,
    22.491221620602772,
    52.85032326922521,
    98.88958091438985,
    106.00992309793071,
    71.5164143849248,
    84.72576157833743,
    77.69032756332562,
    48.77104781843752,
    30.72947057568213,
    39.72991644799977
  ],