{
  "assortativity": -0.26927709379128134,
  "betweenness_centrality": 277.5099337748344,
  "degree_distribution": [
    [
      0.0,
      1
    ],
    [
      3.0,
      1
    ],
    [
      6.0,
      5
    ],
    [
      7.0,
      3
    ],
    [
      8.0,
      2
    ],
    [
      9.0,
      3
    ],
    [
      10.0,
      11
    ],
    [
      11.0,
      5
    ],
    [
      12.0,
      8
    ],
    [
      13.0,
      7
    ],
    [
      14.0,
      13
    ],
    [
      15.0,
      21
    ],
    [
      16.0,
      18
    ],
    [
      17.0,
      19
    ],
    [
      18.0,
      19
    ],
    [
      19.0,
      15
    ],
    [
      20.0,
      21
    ],
    [
      21.0,
      9
    ],
    [
      22.0,
      15
    ],
    [
      23.0,
      8
    ],
    [
      24.0,
      9
    ],
    [
      25.0,
      8
    ],
    [
      26.0,
      4
    ],
    [
      27.0,
      3
    ],
    [
      28.0,
      13
    ],
    [
      29.0,
      6
    ],
    [
      30.0,
      1
    ],
    [
      31.0,
      3
    ],
    [
      32.0,
      3
    ],
    [
      33.0,
      3
    ],
    [
      34.0,
      4
    ],
    [
      35.0,
      3
    ],
    [
      36.0,
      1
    ],
    [
      37.0,
      1
    ],
    [
      39.0,
      2
    ],
    [
      44.0,
      2
    ],
    [
      46.0,
      1
    ],
    [
      47.0,
      1
    ],
    [
      50.0,
      1
    ],
    [
      53.0,
      1
    ],
    [
      54.0,
      1
    ],
    [
      55.0,
      3
    ],
    [
      56.0,
      2
    ],
    [
      57.0,
      1
    ],
    [
      63.0,
      1
    ],
    [
      74.0,
      2
    ],
    [
      92.0,
      1
    ],
    [
      93.0,
      1
    ],
    [
      97.0,
      1
    ],
    [
      98.0,
      1
    ],
    [
      100.0,
      1
    ],
    [
      104.0,
      2
    ],
    [
      112.0,
      1
    ],
    [
      122.0,
      1
    ],
    [
      125.0,
      1
    ],
    [
      164.0,
      1
    ],
    [
      166.0,
      1
    ],
    [
      169.0,
      2
    ],
    [
      171.0,
      1
    ],
    [
      172.0,
      1
    ],
    [
      173.0,
      1
    ],
    [
      178.0,
      1
    ]
  ],
  "density": 0.09293524894941806,
  "global_efficiency": 0.5395700864667444,
  "mean_clustering": 0.39356939420560494,
  "modularity": 0.061573935824868,
  "path_length": 1.9216794331250966,
  "small_worldness": 0.9995577596752541,
  "transitivity": 0.21338851434397327
}