{
  "assortativity": -0.2665808628635796,
  "betweenness_centrality": [
    110.51770167080132,
    66.57877436676931,
    6153.298439936515,
    6049.44039011468,
    1441.5449404589933,
    1750.4674657240953,
    75.74210311957596,
    43.39901049646499,
    3.0798083711134376,
    6.550961098452946,
    56.08605379181107,
    48.31829339088008,
    173.52901062827,
    261.218207519117,
    67.74450102230682,
    66.54555572117775,
    30.59562860043992,
    56.808714590418376,
    35.288156658194026,
    33.434369091972854,
    116.73830201141803,
    74.54132980520899,
    3.2012113052843456,
    64.39868824246545,
    25.9751170592703,
    10.983137486866044,
    32.67913758267313,
    39.73311369647901,
    213.06250953326747,
    22.078974110590437,
    10.203609408887866,
    26.032921296120726,
    36.96272034790391,
    31.759807159065097,
    62.403971043677835,
    8.023930627256808,
    11.1018482821666,
    9.78547321804129,
    14.912031966169087,
    47.91739462143416,
    77.43213990118744,
    8.492585439873807,
    18.96803947226072,
    53.052947031191614,
    105.53251864617913,
    47.35248590452975,
    28.37400345307585,
    0.2079002079002079,
    0.2836052836052836,
    56.620456102629724,
    35.54019798678074,
    89.59178030703112,
    70.16186103096332,
    1343.3493028943967,
    1517.1363890266082,
    775.0152826249326,
    972.8526256699533,
    249.02961251640275,
    384.69148695456863,
    430.57151126304456,
    391.0594442443487,
    44.385778569374736,
    53.55221015100746,
    53.97500369662689,
    62.840527857878946,
    58.38992647262834,
    100.2326080466771,
    161.10519152154842,
    135.37424393765198,
    34.00888584131176,
    114.81060567946723,
    62.040484622404534,
    7.137430461123293,
    12.905691057298656,
    31.532719846316162,
    42.23304484841436,
    7.85020954692502,
    10.030619431519241,
    20.185382626805712,
    16.091052524955984,
    33.130647281977176,
    36.29791746007155,
    8.309296871212169,
    10.524690567203528,
    5825.8083903167,
    6187.937956539786,
    5725.496941198537,
    5780.328236868713,
    54.92979711197535,
    50.82422492077183,
    29.25970549132451,
    28.571089983718974,
    31.997875981597907,
    8.935923468636505,
    10.249336413974955,
    23.716084038941116,
    57.78003143551464,
    34.56689458216322,
    75.59740907102484,
    66.26980079515675,
    48.09551856302526,
    18.25185522884018,
    32.245061263883834,
    8.047658820472492,
    147.37531809994448,
    118.10451013496352,
    105.67193145204016,
    32.12996005190807,
    48.89439307163642,
    49.49442325059108,
    624.8061975582714,
    8.06189988566313,
    110.12270282905008,
    15.256755870004879,
    20.911406954288108,
    1804.2869850610052,
    2599.809208155468,
    41.62935587934545,
    52.28586273281448,
    33.90079179058188,
    34.61894722987452,
    36.002249914825285,
    15.495966680332867,
    6.6961198597339795,
    17.93138231608352,
    15.203690104005464,
    8.692021130170314,
    16.311993943627645,
    15.221667476106958,
    8.088060860773428,
    28.387163038232682,
    22.991506864830036,
    17.299380079054526,
    54.5725136798691,
    40.48185896047051,
    30.9041441981664,
    18.732019900097075,
    7.359249113892738,
    16.5230110779342,
    25.614589873080913,
    18.28023022399745,
    28.101677049147312,
    33.61553748121273,
    16.52087937361394,
    13.471459812348323,
    25.335344230724182,
    47.41337938137854,
    34.56233557084679,
    51.248337567476334,
    1845.3467129209737,
    1489.3731224672392,
    56.436215426626944,
    86.34762838961677,
    11.661954654239741,
    33.67536237295759,
    32.86420918923242,
    26.000100633581958,
    21.93889452583355,
    0.7857142857142856,
    5424.2699211482295,
    5514.20365932501,
    17.310467728262353,
    32.457820429633365,
    39.743529312185885,
    34.2963127726781,
    40.86786539069068,
    24.65081282558815,
    16.86044453473354,
    44.323665551312466,
    16.977195916167,
    7.282383650097283,
    28.44736396307268,
    505.7479994554353,
    366.17895724541654,
    33.33165021041944,
    11.066687854999621,
    1.256963723332416,
    237.98201501631286,
    124.79055490571791,
    52.03596480785743,
    94.82444116768616,
    68.8609238575823,
    155.4548075922,
    82.67137769164086,
    126.64210690831911,
    8.118462125564502,
    3.31424866593014,
    213.10582237381584,
    271.09393536914126,
    422.38714046673437,
    351.1395952747703,
    337.8998597685578,
    398.28248142018373,
    136.97677447620887,
    34.99476675401242,
    29.330751948612612,
    109.61258084371909,
    53.83874621279546,
    120.461893127349,
    2382.3093416522083,
    2899.493254286267,
    15.950771702697988,
    22.042073779155537,
    41.24748748193269,
    217.2346279213445,
    15.00419764822833,
    14.073846165313094,
    95.4365602348737,
    109.05127433277102,
    62.94943017958496,
    67.26652087946627,
    109.06522638986874,
    83.70120491190052,
    18.17925262564795,
    19.0180437375378,
    80.64885488821373,
    88.81187739015145,
    37.172342964862445,
    19.09767137062897,
    53.76896171684142,
    41.07265472271625,
    20.046807551491007,
    14.583484079619012,
    13.7372489208591,
    17.34917414835498,
    6.842174143908375,
    3.415901318795057,
    24.054758395626127,
    15.069643509894078,
    9.439970886907497,
    10.932322821436616,
    12.880718690189312,
    15.900865914616704,
    9.419942163612118,
    22.194913721638336,
    32.5004777297755,
    6.009618771847731,
    25.459445088813585,
    15.295085063836252,
    15.465565973140533,
    7.338672994627615,
    21.867692991164894,
    8.554376253235594,
    20.416912057867744,
    24.074305571283027,
    46.75346412569494,
    45.49750746252647,
    30.792680459243833,
    3.1724015093241427,
    2.4442435772204725,
    1.5596093448819295,
    2.2677754351667394,
    9.711563127012408,
    16.544660211129035,
    12.096201083440652,
    42.41277625040565,
    16.98150938402482,
    34.19864167456431,
    27.26155000863056,
    32.578999498095634,
    12.224848506714986,
    6.88055662463129,
    24.558904463167107,
    95.32621732109084,
    22.536389242894185,
    43.82080502473422,
    49.248148716685996,
    44.36105355222646,
    28.734085641500894,
    6.74945305944104,
    55.61531243015061,
    44.76691521952492,
    288.5857202723583,
    25.923977831420853,
    22.0299380717135,
    42.18776537208227,
    4.80073126449116,
    27.53689529374392,
    12.958204802193224,
    27.58835749379652,
    37.31784918993187,
    26.037989210390535,
    41.448988010409366,
    18.236318339382017,
    29.521486038273032,
    25.338253244355975,
    2.282353790485687,
    4.317588538061273,
    0.0,
    101.43534428698813,
    46.15297514865974,
    32.37900977592656,
    35.63163361789062,
    55.721300949267984,
    124.98538077810578,
    69.55616439969296,
    64.88476050478313,
    155.84491746901062,
    110.94205167348059,
    36.319702781404914,
    26.521811444559614,
    23.175963107869254
  ],