{
  "assortativity": -0.26894862874574377,
  "betweenness_centrality": 277.8013245033112,
  "degree_distribution": [
    [
      0.0,
      1
    ],
    [
      3.0,
      1
    ],
    [
      6.0,
      5
    ],
    [
      7.0,
      2
    ],
    [
      8.0,
      3
    ],
    [
      9.0,
      3
    ],
    [
      10.0,
      12
    ],
    [
      11.0,
      5
    ],
    [
      12.0,
      7
    ],
    [
      13.0,
      7
    ],
    [
      14.0,
      12
    ],
    [
      15.0,
      23
    ],
    [
      16.0,
      17
    ],
    [
      17.0,
      18
    ],
    [
      18.0,
      21
    ],
    [
      19.0,
      14
    ],
    [
      20.0,
      19
    ],
    [
      21.0,
      11
    ],
    [
      22.0,
      14
    ],
    [
      23.0,
      10
    ],
    [
      24.0,
      7
    ],
    [
      25.0,
      9
    ],
    [
      26.0,
      5
    ],
    [
      27.0,
      2
    ],
    [
      28.0,
      12
    ],
    [
      29.0,
      7
    ],
    [
      30.0,
      1
    ],
    [
      31.0,
      2
    ],
    [
      32.0,
      4
    ],
    [
      33.0,
      4
    ],
    [
      34.0,
      3
    ],
    [
      35.0,
      3
    ],
    [
      36.0,
      1
    ],
    [
      38.0,
      1
    ],
    [
      39.0,
      2
    ],
    [
      43.0,
      1
    ],
    [
      44.0,
      1
    ],
    [
      46.0,
      1
    ],
    [
      49.0,
      1
    ],
    [
      50.0,
      1
    ],
    [
      53.0,
      1
    ],
    [
      54.0,
      2
    ],
    [
      55.0,
      3
    ],
    [
      56.0,
      1
    ],
    [
      57.0,
      1
    ],
    [
      63.0,
      1
    ],
    [
      74.0,
      2
    ],
    [
      91.0,
      1
    ],
    [
      93.0,
      1
    ],
    [
      98.0,
      1
    ],
    [
      100.0,
      2
    ],
    [
      101.0,
      1
    ],
    [
      104.0,
      1
    ],
    [
      110.0,
      1
    ],
    [
      123.0,
      1
    ],
    [
      125.0,
      1
    ],
    [
      162.0,
      1
    ],
    [
      166.0,
      1
    ],
    [
      169.0,
      2
    ],
    [
      171.0,
      1
    ],
    [
      173.0,
      1
    ],
    [
      174.0,
      1
    ],
    [
      178.0,
      1
    ]
  ],
  "density": 0.09293524894941806,
  "global_efficiency": 0.5394087405484295,
  "mean_clustering": 0.38996803111565836,
  "modularity": 0.06278300920246499,
  "path_length": 1.9226507141122713,
  "small_worldness": 0.9898155465353708,
  "transitivity": 0.21341301139525318
}