{
  "assortativity": -0.2771150099610731,
  "betweenness_centrality": 276.6158940397351,
  "degree_distribution": [
    [
      0.0,
      1
    ],
    [
      3.0,
      1
    ],
    [
      6.0,
      5
    ],
    [
      7.0,
      2
    ],
    [
      8.0,
      3
    ],
    [
      9.0,
      3
    ],
    [
      10.0,
      11
    ],
    [
      11.0,
      5
    ],
    [
      12.0,
      9
    ],
    [
      13.0,
      8
    ],
    [
      14.0,
      11
    ],
    [
      15.0,
      19
    ],
    [
      16.0,
      18
    ],
    [
      17.0,
      21
    ],
    [
      18.0,
      23
    ],
    [
      19.0,
      14
    ],
    [
      20.0,
      17
    ],
    [
      21.0,
      9
    ],
    [
      22.0,
      15
    ],
    [
      23.0,
      9
    ],
    [
      24.0,
      8
    ],
    [
      25.0,
      9
    ],
    [
      26.0,
      4
    ],
    [
      27.0,
      4
    ],
    [
      28.0,
      11
    ],
    [
      29.0,
      7
    ],
    [
      30.0,
      2
    ],
    [
      31.0,
      2
    ],
    [
      32.0,
      3
    ],
    [
      33.0,
      3
    ],
    [
      34.0,
      5
    ],
    [
      35.0,
      2
    ],
    [
      36.0,
      1
    ],
    [
      38.0,
      2
    ],
    [
      39.0,
      1
    ],
    [
      44.0,
      2
    ],
    [
      46.0,
      1
    ],
    [
      47.0,
      1
    ],
    [
      50.0,
      1
    ],
    [
      53.0,
      1
    ],
    [
      55.0,
      4
    ],
    [
      56.0,
      2
    ],
    [
      57.0,
      1
    ],
    [
      63.0,
      1
    ],
    [
      73.0,
      1
    ],
    [
      75.0,
      1
    ],
    [
      92.0,
      1
    ],
    [
      93.0,
      1
    ],
    [
      98.0,
      1
    ],
    [
      100.0,
      2
    ],
    [
      104.0,
      2
    ],
    [
      111.0,
      1
    ],
    [
      121.0,
      1
    ],
    [
      123.0,
      1
    ],
    [
      163.0,
      1
    ],
    [
      166.0,
      1
    ],
    [
      169.0,
      2
    ],
    [
      171.0,
      1
    ],
    [
      174.0,
      1
    ],
    [
      175.0,
      1
    ],
    [
      178.0,
      1
    ]
  ],
  "density": 0.09293524894941806,
  "global_efficiency": 0.540065125079756,
  "mean_clustering": 0.39958840326443884,
  "modularity": 0.05784075888501492,
  "path_length": 1.9186993664599015,
  "small_worldness": 1.0165915468938191,
  "transitivity": 0.21020054170003663
}