{
  "assortativity": -0.2649137963361647,
  "betweenness_centrality": [
    106.41023090612231,
    86.79566014552135,
    7124.349021102572,
    6193.547010132683,
    1454.5992322497748,
    1895.3255787076819,
    67.23465608915305,
    39.778700941397936,
    5.670760080001634,
    14.283158444155532,
    81.55012525551051,
    28.508494962186507,
    183.81759546268447,
    229.52002562212792,
    96.63696726588576,
    38.0241226452288,
    13.261364307165715,
    48.84847990223486,
    69.72083097176518,
    84.29844207273848,
    101.80466199852604,
    90.57527136723374,
    1.7356720322385655,
    50.33530608956405,
    24.17432279869228,
    10.36327447327848,
    22.501271867587405,
    12.967662596597135,
    39.90844732012442,
    14.64869471702849,
    11.913352610992641,
    46.689688339955474,
    103.46867351168636,
    24.500557380483627,
    39.58869349948697,
    12.493378107426324,
    15.805679296074024,
    10.212716818011389,
    6.470878986340908,
    55.556952386041424,
    51.405110632784286,
    32.428329627776435,
    17.621780725707684,
    38.74326916098989,
    181.53863616917866,
    49.15480409448426,
    40.4179304894355,
    6.341469611100254,
    0.30023809523809525,
    48.055870250751425,
    38.68892156816339,
    51.676569886950844,
    62.27810527621323,
    1386.0852110454596,
    1235.4430223440138,
    950.3186956745175,
    748.2199566151064,
    288.2933993461397,
    465.79137840314274,
    436.9195796323765,
    468.55310708992624,
    60.46442811162347,
    66.61825715217402,
    53.22333232982589,
    65.04043916842967,
    143.53870700910372,
    161.12668256233266,
    123.12180958347045,
    173.18524885028577,
    53.772753300079664,
    102.29415165684908,
    82.42777752434881,
    7.330482016150684,
    10.726420723814195,
    24.808497623815978,
    39.75412302022181,
    8.631904675721097,
    8.065122372769885,
    19.421381924383752,
    8.758172711305109,
    33.76931332602175,
    42.858740468069485,
    5.20995307878648,
    52.133068402395466,
    5291.503335663199,
    5819.246771625326,
    5585.0515518946795,
    5823.505009182133,
    54.96439576214788,
    40.4028489788795,
    146.48456504924613,
    35.222459237062516,
    41.84779762514631,
    15.129786563368757,
    7.213765853170738,
    28.865224676904717,
    52.01424109022218,
    56.25663988460781,
    46.672498554577984,
    81.2680935309985,
    53.58360986834403,
    18.51954618552333,
    29.348456779811627,
    17.239198722833592,
    129.59178564724206,
    121.18989096790325,
    88.2061124639275,
    33.4301962528327,
    24.594492651205865,
    33.624049433213166,
    494.35307804665257,
    1.6157277236783878,
    108.81958046387821,
    17.44752543929097,
    20.88907362098695,
    2008.362481821421,
    2371.457408643404,
    47.71285257688071,
    53.83516963210538,
    39.37134824843138,
    18.53545754058762,
    31.53920193384944,
    10.915803113754448,
    4.818829759613185,
    8.449836294030892,
    15.436748341621305,
    12.20109283329834,
    24.99922876359533,
    22.223368056532102,
    16.520137847914327,
    21.283105439596817,
    25.20085850672197,
    25.54842485211601,
    38.754723240684775,
    55.88448663970416,
    39.530118445152475,
    94.24016422432736,
    15.79742566105644,
    15.443141300948419,
    33.95583727406597,
    10.638162179731204,
    21.057422272441368,
    27.82929166349406,
    39.40657934131464,
    8.67575205646124,
    22.04438344560516,
    15.611849012366449,
    33.05849030272507,
    40.56448780913664,
    1328.6861749837897,
    1467.684281724169,
    88.19205060103555,
    81.29081130716133,
    31.90870401791115,
    23.757594000278267,
    24.65856859707629,
    17.082128367349156,
    11.49931734385212,
    0.8685158057548564,
    5560.522617301901,
    5107.940203748941,
    47.67737649092663,
    40.69559412820818,
    24.64070482160497,
    51.798267165499745,
    28.196342501518192,
    13.403758001813172,
    15.87026739423663,
    74.06174074779491,
    7.4575425452110915,
    2.58440186893282,
    14.221766092715797,
    368.1586979825185,
    377.8411474450897,
    21.11305936367819,
    31.415222413058572,
    2.9098022336629223,
    42.820154536853906,
    53.272153324592026,
    45.22094178370848,
    146.44640504227948,
    61.25489732121657,
    221.56392109596882,
    91.95587950146452,
    133.4052844355392,
    4.4556084630242365,
    1.2354267267081065,
    330.9713792163537,
    324.6633807338793,
    405.03968821332813,
    416.21704645529286,
    355.66383868689894,
    473.47540573207067,
    149.42203110199523,
    14.185911952445727,
    43.47751551933655,
    110.54474531090244,
    103.39572381832572,
    85.10043833767749,
    2876.629888953314,
    3021.9797996654784,
    20.467211454681564,
    31.777912352905766,
    56.76660254664973,
    168.85431595588943,
    12.504644528229774,
    9.453717621773816,
    109.66620178611853,
    69.05031970249344,
    102.98487518166353,
    88.55728404616866,
    108.33476346553441,
    139.97450081120553,
    22.548975662805898,
    30.4429132276481,
    80.8396735747733,
    77.68255685285207,
    39.40800128472232,
    16.429947777538718,
    90.51281546080105,
    63.01702608868526,
    13.908477570995048,
    88.5536998517587,
    15.810333267041518,
    15.877578332810161,
    15.375706211838228,
    7.364279460827192,
    24.16354347195784,
    8.814278119543195,
    13.578798926603147,
    21.942254903737858,
    22.726582037848715,
    24.58027486104904,
    10.441678817811198,
    23.526821242469683,
    14.840796178310766,
    11.288064529045535,
    13.355854248046393,
    38.86165562559026,
    18.807230678829846,
    20.718243726390348,
    25.689293509055723,
    7.888787831106759,
    12.703679208992607,
    24.08676622123786,
    33.26373659878958,
    38.61598511138967,
    25.343084333255497,
    8.424671857895138,
    5.022541991350041,
    1.8640108403033417,
    1.8711084336758663,
    12.60386984799898,
    27.469800647056086,
    15.02942570019445,
    30.865968891667862,
    13.454978503702115,
    18.888184344017485,
    118.30462869126289,
    50.90415332059529,
    17.018915766439566,
    9.542676311071842,
    26.192027882471912,
    60.59015124778732,
    23.91536462671967,
    22.016127472802495,
    40.390759594033504,
    27.723801860158904,
    15.856483106502486,
    17.051216424740346,
    25.418556960664006,
    53.47710105107372,
    114.45940875043249,
    19.31432283368129,
    16.677979898147733,
    67.84882537634391,
    10.32955054179141,
    37.23665952215521,
    22.641539437775005,
    25.11880186541656,
    15.360895711466394,
    35.42780585860029,
    46.968560429618904,
    14.929764561840871,
    40.078215455938235,
    39.00780634051521,
    1.8540318115040169,
    2.0612722145881537,
    0.0,
    136.01885201261487,
    49.09955336445064,
    21.39827163139931,
    33.0046281789237,
    73.05909686633929,
    79.69354511193218,
    95.32127520874376,
    92.24107760057211,
    62.53180485508166,
    130.77367019709402,
    32.70248579167985,
    13.671683804689458,
    39.87947489957308
  ],