{
  "assortativity": -0.2675344660495266,
  "betweenness_centrality": [
    82.07002365428696,
    55.836059201381175,
    6200.658960521835,
    6086.933820437452,
    1555.7495188458931,
    1909.7054138184023,
    60.40541361123061,
    7.772204652740914,
    2.3309578128426294,
    8.268431950469218,
    87.31828067809529,
    39.75765559810911,
    240.1768201391925,
    290.81887699605204,
    50.929297772456536,
    47.19463983282736,
    16.092247944973067,
    108.71533074065097,
    69.01179867679565,
    43.043772438758346,
    66.2390785378269,
    61.93367303476245,
    8.412001451162778,
    65.60605638393974,
    31.904136681678818,
    42.007120569451075,
    23.0659928129536,
    32.165184131666614,
    29.476187728678564,
    28.037067055947468,
    20.82189298469579,
    36.33897524273233,
    33.989166120587996,
    17.841748238325092,
    57.21746277536307,
    20.442994180546663,
    5.075473653904695,
    5.82017142281755,
    6.34934521688555,
    62.293383480606614,
    45.66255399563166,
    22.338133182184688,
    19.127306198795115,
    60.67864704997045,
    101.48575678920642,
    28.984660758526438,
    47.785980918051955,
    1.1760233344915252,
    6.114786514941128,
    34.16107670177918,
    43.27241067616689,
    46.61363589128473,
    68.4678686084622,
    1513.8148812266074,
    1458.2806908417108,
    945.8577067608771,
    788.3102886152277,
    351.7989531474749,
    397.4602591069084,
    405.6620111437284,
    485.06694194207006,
    108.71151833770546,
    33.943626109008804,
    44.11762451650429,
    40.74676388283248,
    57.099404274649146,
    148.45064057834432,
    141.17085509158125,
    109.8989959200823,
    128.28424907142605,
    122.76908746002648,
    46.14101875907268,
    2.4352342997504284,
    28.323521472393036,
    29.28357546594358,
    32.59145104572458,
    16.637855024945694,
    61.62756701516049,
    15.73422882932784,
    20.659511271146975,
    51.72987682570029,
    38.09931542461116,
    11.593700868325229,
    8.334885217340094,
    6025.782356319233,
    6228.932713656906,
    6115.994020213447,
    5563.801313875244,
    52.28610229886577,
    55.16182996235149,
    32.54586756424129,
    41.39083604176896,
    59.44695348108287,
    26.19749438024325,
    16.472261030294135,
    11.565191218366596,
    78.87113752084981,
    117.81265606360635,
    46.536505583854535,
    116.40310146743528,
    48.28178874795161,
    44.737101453069734,
    7.612921236227982,
    20.363659145991775,
    140.1721993445219,
    104.12995606138675,
    159.60051376023281,
    50.39925977281909,
    20.789700424033647,
    90.96196893617031,
    528.9173437107149,
    8.979689065661407,
    119.1890974061425,
    23.24502494516098,
    26.207988315395205,
    2142.493701977793,
    2189.8907317747075,
    58.904237447143565,
    85.13161260313704,
    67.18918440391718,
    33.5586416526343,
    18.192444635721973,
    21.340315339635836,
    4.458550076619215,
    17.257463444616157,
    12.802721524296265,
    26.923937929684765,
    5.8281122910285355,
    102.29299399721796,
    12.899524483290204,
    10.88413324133598,
    20.330208611307096,
    24.584541228088437,
    38.873937740397906,
    35.122226877930906,
    26.072843101831026,
    32.928176249836845,
    5.875840897686742,
    24.093270002463694,
    30.38471137863634,
    18.943352140425972,
    34.76118387666204,
    20.506673810516542,
    33.79658068222756,
    42.46869978452545,
    23.255095180906213,
    64.81860541845084,
    23.935708615560834,
    33.938374312352366,
    1914.4746744610738,
    1543.4478299105244,
    38.33969527265288,
    73.27997088226985,
    23.616252495746142,
    21.887088698505217,
    28.89285123156369,
    19.333988727133413,
    9.544054403931376,
    0.1771019677996422,
    5171.20678171313,
    4843.330530189589,
    28.271064117192488,
    18.44014408136573,
    36.19142783761081,
    28.02703740097108,
    11.307197643061025,
    21.645240949875692,
    8.633366464081,
    40.8450212983409,
    7.7240010481568175,
    3.1090940806552525,
    27.720076882365827,
    501.3812270312246,
    433.5663840116446,
    10.482326472936482,
    20.836391290352076,
    4.408817628938615,
    58.62051201709483,
    73.28188390287208,
    32.29188677355547,
    93.11159302428844,
    101.31789966762697,
    252.35845434115618,
    86.52844068638804,
    128.96375056986253,
    7.279804594342883,
    1.971907013563767,
    306.6289228390862,
    273.77855149267464,
    410.2217874831242,
    324.7770559362952,
    409.3455812438088,
    316.2760001300916,
    72.48405852601101,
    15.8351327926269,
    31.875439331387046,
    118.20213884078504,
    48.33159229720768,
    108.73326063480853,
    2751.808930719515,
    2625.329465345363,
    35.17312817236777,
    27.984864471987976,
    57.04955803396014,
    157.73539933104124,
    31.299698171357747,
    14.424641333443303,
    96.849805467,
    82.92706151821122,
    100.62738789219722,
    53.17848594062902,
    81.9118073156534,
    100.39412130614018,
    26.920872213201275,
    29.591377757106855,
    41.30132212764615,
    36.92486445578407,
    42.12426020641921,
    19.575501533057306,
    89.72463060379404,
    114.2667056017108,
    26.863613628009503,
    26.536952155961718,
    9.499912658364968,
    24.488016657650505,
    16.553597172477637,
    2.7667086490138786,
    16.49910338902842,
    7.288881375604295,
    4.070000115982226,
    15.984552208168513,
    30.60835208887285,
    21.472518318572572,
    23.352299847643984,
    35.162084832910054,
    31.23059177291219,
    7.402325075779848,
    27.71753865310279,
    26.772458730883223,
    16.57427460104092,
    11.016428191105208,
    21.038594952878107,
    15.759981931379546,
    5.549440752480378,
    23.970706839176035,
    67.79455050806222,
    21.70551482290209,
    36.036720964369785,
    1.363059556374951,
    4.744710862402711,
    3.0134833822046097,
    3.96619845871406,
    12.810983351117176,
    7.405530915531319,
    14.68619844885571,
    22.309885292484886,
    31.979687999585583,
    14.264508638485228,
    57.11638144478475,
    12.582538515188412,
    18.383957676907333,
    8.07410167272433,
    43.76292063673663,
    74.82909642437842,
    69.20339646278357,
    51.39821580077797,
    35.154616322530984,
    76.08144197948009,
    27.25088594400489,
    22.442648985454436,
    28.071042841379214,
    40.12645813111465,
    70.431175193153,
    13.036660755850546,
    12.218974825806292,
    36.837845347218156,
    19.32105055777849,
    24.061843000528107,
    18.00617092965406,
    29.40527264388561,
    19.423684214575054,
    41.972515077455064,
    30.812203859054815,
    9.925931508419364,
    39.17476521672635,
    77.90762541435974,
    5.680083472103711,
    6.329282072669753,
    0.0,
    116.62918889484035,
    37.114681484609974,
    31.763438094764037,
    26.508118446943673,
    53.53351672900034,
    103.83868963639455,
    91.22155993176425,
    72.53924161881955,
    118.98258575792684,
    117.68025387570943,
    44.95158784470373,
    22.98368531874928,
    21.652908858717883
  ],