{
  "assortativity": -0.2657312913169781,
  "betweenness_centrality": 278.5562913907284,
  "degree_distribution": [
    [
      0.0,
      1
    ],
    [
      3.0,
      1
    ],
    [
      6.0,
      5
    ],
    [
      7.0,
      2
    ],
    [
      8.0,
      3
    ],
    [
      9.0,
      4
    ],
    [
      10.0,
      10
    ],
    [
      11.0,
      6
    ],
    [
      12.0,
      7
    ],
    [
      13.0,
      7
    ],
    [
      14.0,
      12
    ],
    [
      15.0,
      21
    ],
    [
      16.0,
      18
    ],
    [
      17.0,
      20
    ],
    [
      18.0,
      21
    ],
    [
      19.0,
      15
    ],
    [
      20.0,
      16
    ],
    [
      21.0,
      12
    ],
    [
      22.0,
      14
    ],
    [
      23.0,
      10
    ],
    [
      24.0,
      8
    ],
    [
      25.0,
      9
    ],
    [
      26.0,
      3
    ],
    [
      27.0,
      5
    ],
    [
      28.0,
      11
    ],
    [
      29.0,
      6
    ],
    [
      30.0,
      1
    ],
    [
      31.0,
      2
    ],
    [
      32.0,
      4
    ],
    [
      33.0,
      3
    ],
    [
      34.0,
      4
    ],
    [
      35.0,
      4
    ],
    [
      38.0,
      1
    ],
    [
      39.0,
      2
    ],
    [
      44.0,
      2
    ],
    [
      45.0,
      1
    ],
    [
      49.0,
      1
    ],
    [
      50.0,
      1
    ],
    [
      53.0,
      1
    ],
    [
      54.0,
      1
    ],
    [
      55.0,
      3
    ],
    [
      56.0,
      2
    ],
    [
      57.0,
      1
    ],
    [
      63.0,
      1
    ],
    [
      73.0,
      1
    ],
    [
      75.0,
      1
    ],
    [
      92.0,
      1
    ],
    [
      93.0,
      1
    ],
    [
      97.0,
      1
    ],
    [
      99.0,
      1
    ],
    [
      100.0,
      1
    ],
    [
      104.0,
      2
    ],
    [
      111.0,
      1
    ],
    [
      122.0,
      1
    ],
    [
      125.0,
      1
    ],
    [
      165.0,
      1
    ],
    [
      167.0,
      1
    ],
    [
      169.0,
      2
    ],
    [
      170.0,
      1
    ],
    [
      173.0,
      1
    ],
    [
      174.0,
      1
    ],
    [
      176.0,
      1
    ]
  ],
  "density": 0.09295725066555191,
  "global_efficiency": 0.5389943748945751,
  "mean_clustering": 0.39897568956187335,
  "modularity": 0.06588307633636088,
  "path_length": 1.9251672148517693,
  "small_worldness": 1.0115728845661331,
  "transitivity": 0.21652953471794315
}