{
  "assortativity": -0.27053181737276316,
  "betweenness_centrality": 279.1523178807947,
  "degree_distribution": [
    [
      0.0,
      1
    ],
    [
      3.0,
      1
    ],
    [
      6.0,
      5
    ],
    [
      7.0,
      2
    ],
    [
      8.0,
      3
    ],
    [
      9.0,
      4
    ],
    [
      10.0,
      10
    ],
    [
      11.0,
      7
    ],
    [
      12.0,
      7
    ],
    [
      13.0,
      6
    ],
    [
      14.0,
      12
    ],
    [
      15.0,
      20
    ],
    [
      16.0,
      18
    ],
    [
      17.0,
      20
    ],
    [
      18.0,
      21
    ],
    [
      19.0,
      15
    ],
    [
      20.0,
      18
    ],
    [
      21.0,
      11
    ],
    [
      22.0,
      15
    ],
    [
      23.0,
      8
    ],
    [
      24.0,
      10
    ],
    [
      25.0,
      7
    ],
    [
      26.0,
      5
    ],
    [
      27.0,
      4
    ],
    [
      28.0,
      10
    ],
    [
      29.0,
      7
    ],
    [
      30.0,
      1
    ],
    [
      31.0,
      2
    ],
    [
      32.0,
      4
    ],
    [
      33.0,
      3
    ],
    [
      34.0,
      4
    ],
    [
      35.0,
      4
    ],
    [
      38.0,
      2
    ],
    [
      39.0,
      1
    ],
    [
      44.0,
      2
    ],
    [
      46.0,
      1
    ],
    [
      49.0,
      2
    ],
    [
      53.0,
      1
    ],
    [
      55.0,
      5
    ],
    [
      56.0,
      2
    ],
    [
      63.0,
      1
    ],
    [
      74.0,
      1
    ],
    [
      75.0,
      1
    ],
    [
      91.0,
      1
    ],
    [
      92.0,
      1
    ],
    [
      98.0,
      2
    ],
    [
      100.0,
      1
    ],
    [
      104.0,
      2
    ],
    [
      112.0,
      1
    ],
    [
      121.0,
      1
    ],
    [
      125.0,
      1
    ],
    [
      164.0,
      1
    ],
    [
      166.0,
      1
    ],
    [
      168.0,
      1
    ],
    [
      169.0,
      1
    ],
    [
      171.0,
      1
    ],
    [
      174.0,
      1
    ],
    [
      175.0,
      1
    ],
    [
      176.0,
      1
    ]
  ],
  "density": 0.09293524894941806,
  "global_efficiency": 0.5386606821998783,
  "mean_clustering": 0.3901461689837974,
  "modularity": 0.06071745396974001,
  "path_length": 1.9271539259618993,
  "small_worldness": 0.9879350633466991,
  "transitivity": 0.2125975684943927
}