{
  "assortativity": -0.2670256054848721,
  "betweenness_centrality": [
    118.95497866861578,
    93.9674405299784,
    7107.500071098455,
    6776.547294770678,
    1487.8521683061904,
    2095.4631268214894,
    65.92393099405358,
    35.03932942621809,
    3.6202489257675543,
    3.8447623346860653,
    83.46923461362996,
    61.99799824713492,
    110.26902334799718,
    188.93572109998897,
    100.13310532488386,
    65.97140575902539,
    12.573754650027311,
    50.43380123369864,
    66.70578451160833,
    43.49267253030194,
    53.28902609977024,
    55.46494241101122,
    3.902616715201594,
    43.59758676052454,
    14.998950954506673,
    16.09002100417484,
    18.68561246846634,
    23.591734044393743,
    36.57841993739993,
    10.278173304125248,
    16.369026363830564,
    22.74544609466294,
    44.48854055130917,
    19.578484479518874,
    50.62444792220248,
    23.631495444027905,
    5.753517255945981,
    12.304124304224771,
    9.71991592094883,
    42.927064408312795,
    90.78260459434009,
    25.04015971576731,
    35.818882073859115,
    40.590887226657614,
    68.09584183360514,
    39.95219439203208,
    53.40886558935791,
    3.603949910393429,
    2.1169290445606235,
    36.151725937705436,
    21.60183806684224,
    62.532169995941764,
    64.78079246697398,
    1350.657825909425,
    1333.3755590433682,
    784.7595346400545,
    837.486212610291,
    278.0880610304341,
    367.7296431801171,
    416.9277707786604,
    469.77715745587517,
    62.864913574406465,
    124.19316827096341,
    22.25431391068895,
    74.51077395295688,
    67.83983901518653,
    167.30516849634634,
    185.83119691670743,
    108.49886962720981,
    90.76190728161767,
    139.36305512480797,
    94.1047215354299,
    3.5836985763217446,
    10.799824471898742,
    41.85919822686065,
    24.145456849083807,
    19.747007755065404,
    9.798073181910627,
    26.616909077884877,
    13.353944727064091,
    66.8944740906361,
    41.27383561738477,
    2.8391884456224368,
    9.631321361109762,
    5566.954577275418,
    6001.160019981672,
    5539.383981838108,
    5370.1615586520475,
    24.993507618887318,
    53.15007527609881,
    43.48528868612692,
    50.54366807943056,
    64.03341989121539,
    13.967679806236992,
    1.6472525418296822,
    25.022389307466035,
    47.07051448019592,
    82.47121470128124,
    41.88383568593445,
    97.92648900758407,
    39.19897911347874,
    24.269242827475654,
    38.888312098841034,
    8.913146027541531,
    115.69163757638377,
    203.19192281264858,
    54.520438769873394,
    37.31604137847668,
    97.91737012329709,
    36.27606163755474,
    594.7711470789812,
    2.7015479111198615,
    94.25552185952603,
    10.256898868614687,
    21.964405344915694,
    1765.9273782889143,
    2203.7908145799674,
    38.904875679273715,
    53.14130489529103,
    51.90037744384245,
    33.86299450426141,
    22.710436899267098,
    19.8686529187492,
    10.888881349736486,
    18.769953232041786,
    26.230227808080464,
    8.173108438937094,
    10.566836882236116,
    31.228055459774044,
    17.325174890654917,
    18.17137035643267,
    32.99753038994112,
    11.942042035565052,
    61.81261870160515,
    28.12577415623949,
    45.256260341609725,
    31.59725339741013,
    14.31488329388604,
    7.1291008604716755,
    21.802150624030215,
    24.2154611145767,
    23.57062172941808,
    37.842102606944835,
    29.357667645836678,
    12.100632649990484,
    53.411278766253766,
    18.77729292908275,
    28.500520931053305,
    34.25461172156363,
    1525.2225511391034,
    1981.9400001565339,
    69.96265085171272,
    81.46301020619396,
    13.360306813051649,
    20.832133835329156,
    22.78739447901338,
    22.815064479675762,
    11.364111716691516,
    1.386178582841699,
    5186.126796871416,
    5420.043513569421,
    42.37520827992954,
    23.47387212030759,
    43.23024529986578,
    67.1032357309553,
    32.307385654148256,
    13.835729488833836,
    6.671171010473763,
    28.06529536688825,
    9.328056763515827,
    10.020769183665498,
    26.856373338768805,
    414.27751735497066,
    382.51833321787126,
    20.086527231035113,
    32.0943341757801,
    3.0053280558174666,
    58.19373298653739,
    80.95336178802914,
    36.06300728330326,
    89.86305317962943,
    91.55894971816184,
    206.14292645146892,
    110.86891800547541,
    112.07682449245733,
    8.513911422425803,
    0.4345238095238095,
    301.2713031809399,
    269.16056462498716,
    297.1681302680762,
    245.21025219890643,
    444.2374304630459,
    443.76632363690373,
    123.9396968945961,
    21.269751607466116,
    44.513398194951826,
    94.58287648343554,
    82.39773521916365,
    103.6307053898084,
    2666.1010609220953,
    2567.9365888768107,
    19.8448439529305,
    32.43057780402894,
    39.7201314038156,
    170.34295893888643,
    9.711557582854432,
    20.502334802554394,
    103.9095165148103,
    61.65066868694137,
    80.2803038226715,
    64.94540287671703,
    71.25324550932062,
    94.951769973381,
    40.7703139736522,
    30.981411208912494,
    38.840829169946744,
    57.465901015618684,
    47.506911724661386,
    18.54544277176878,
    125.88255032206868,
    74.05916708439125,
    22.250876081689725,
    19.510680871681565,
    21.61848598036416,
    12.791752569387485,
    24.44525531414522,
    2.853829009911484,
    14.211453608333846,
    16.838504091070675,
    13.038094478918348,
    7.739630419795413,
    22.396341592968433,
    8.699263467357849,
    13.728370602743592,
    39.79768857211103,
    35.15932499116011,
    9.0616080821377,
    22.202392587447864,
    39.343755146805094,
    22.39458047099223,
    10.25461255363583,
    30.849763496997,
    12.93269531282813,
    7.284150724364092,
    29.415141540547722,
    34.94937308667472,
    90.1195184205392,
    42.524666149714385,
    2.232056217531426,
    2.8809211656301446,
    3.029127485564542,
    1.5253227712057822,
    4.98582439034375,
    18.68300950771294,
    8.217684167103425,
    20.743940170798066,
    38.1712350568783,
    34.50454913700933,
    21.26866077993468,
    39.37909049438737,
    22.693204724174212,
    4.04080640714016,
    14.560971616297172,
    90.6430675753954,
    33.262543930316376,
    38.91407540546021,
    61.245201881322735,
    27.104432250032396,
    17.537845189232872,
    37.0690382948795,
    27.84115164100495,
    43.241448349424005,
    70.04868869581051,
    21.982025488994882,
    40.26137013656705,
    37.82617768433955,
    12.861964880072698,
    33.06124365132835,
    20.149670269577474,
    61.991307447172076,
    7.506932577008039,
    22.324460389527093,
    27.916854867827894,
    10.598490702613304,
    14.558727426693599,
    28.763831093378887,
    1.4079891939046867,
    11.627599719844365,
    0.0,
    127.25335960206081,
    26.258213520911614,
    28.409364797902157,
    23.588474757000668,
    72.11788120531357,
    93.75142259773152,
    106.4555391015149,
    110.80584809046229,
    121.75057846817008,
    93.77555423645794,
    50.824296551310844,
    13.150059608738532,
    35.660235189107716
  ],