{
  "assortativity": -0.2684476726241379,
  "betweenness_centrality": 279.2086092715232,
  "degree_distribution": [
    [
      0.0,
      1
    ],
    [
      3.0,
      1
    ],
    [
      5.0,
      1
    ],
    [
      6.0,
      4
    ],
    [
      7.0,
      3
    ],
    [
      8.0,
      2
    ],
    [
      9.0,
      3
    ],
    [
      10.0,
      11
    ],
    [
      11.0,
      5
    ],
    [
      12.0,
      8
    ],
    [
      13.0,
      7
    ],
    [
      14.0,
      13
    ],
    [
      15.0,
      20
    ],
    [
      16.0,
      17
    ],
    [
      17.0,
      20
    ],
    [
      18.0,
      21
    ],
    [
      19.0,
      15
    ],
    [
      20.0,
      18
    ],
    [
      21.0,
      11
    ],
    [
      22.0,
      14
    ],
    [
      23.0,
      10
    ],
    [
      24.0,
      7
    ],
    [
      25.0,
      9
    ],
    [
      26.0,
      4
    ],
    [
      27.0,
      4
    ],
    [
      28.0,
      11
    ],
    [
      29.0,
      7
    ],
    [
      30.0,
      2
    ],
    [
      31.0,
      1
    ],
    [
      32.0,
      4
    ],
    [
      33.0,
      3
    ],
    [
      34.0,
      5
    ],
    [
      35.0,
      3
    ],
    [
      38.0,
      1
    ],
    [
      39.0,
      2
    ],
    [
      44.0,
      2
    ],
    [
      46.0,
      1
    ],
    [
      49.0,
      1
    ],
    [
      50.0,
      1
    ],
    [
      53.0,
      1
    ],
    [
      54.0,
      2
    ],
    [
      55.0,
      2
    ],
    [
      56.0,
      2
    ],
    [
      57.0,
      1
    ],
    [
      63.0,
      1
    ],
    [
      73.0,
      2
    ],
    [
      92.0,
      1
    ],
    [
      93.0,
      1
    ],
    [
      98.0,
      2
    ],
    [
      100.0,
      1
    ],
    [
      104.0,
      2
    ],
    [
      112.0,
      1
    ],
    [
      122.0,
      1
    ],
    [
      124.0,
      1
    ],
    [
      164.0,
      1
    ],
    [
      165.0,
      1
    ],
    [
      168.0,
      2
    ],
    [
      172.0,
      1
    ],
    [
      173.0,
      1
    ],
    [
      175.0,
      1
    ],
    [
      176.0,
      1
    ]
  ],
  "density": 0.09293524894941806,
  "global_efficiency": 0.5386331800547108,
  "mean_clustering": 0.38844420584711603,
  "modularity": 0.06377741359913745,
  "path_length": 1.9273415597889672,
  "small_worldness": 0.9834861521771763,
  "transitivity": 0.2132981866659137
}