{
  "assortativity": -0.2757317333981825,
  "betweenness_centrality": [
    128.10613619354717,
    70.87297768642655,
    6264.1485980400485,
    6444.431837870012,
    1652.3697440605815,
    1768.5147079228161,
    88.53892840127051,
    14.828767985367815,
    3.316228392490012,
    8.685139320669663,
    62.8013915451366,
    54.725874079405294,
    182.48107893754258,
    247.29717862981286,
    47.082369882122656,
    55.1315464459736,
    8.520701413901604,
    43.067721356899334,
    45.03387204179213,
    36.67238783575127,
    86.2487520383646,
    141.25156357257057,
    3.062226347405644,
    38.39353584995157,
    20.825130777446635,
    23.353010485615393,
    46.76150351659525,
    38.88643634997656,
    31.27943203136864,
    13.363519395819866,
    17.59093398786864,
    15.80603418522411,
    37.98620847384727,
    18.967315224969795,
    35.136356320966385,
    41.20261053919426,
    6.765849352975011,
    0.8792484974681747,
    20.551871504270192,
    52.67800697662402,
    64.53376680219299,
    31.129742202450597,
    43.56337319305871,
    46.24182915308375,
    98.13116043441416,
    64.20854946856389,
    37.79888748931118,
    2.866404770752597,
    2.462460272208902,
    29.883428407768395,
    32.067279717997145,
    61.428458490422386,
    58.33860483927343,
    1395.1216856245399,
    1336.032308411736,
    751.9315550623143,
    902.0224532590538,
    228.326710944191,
    427.95180173214163,
    353.36528372036474,
    422.89116607860655,
    66.88419154194766,
    64.73626889364763,
    44.4745761592665,
    84.18893885650675,
    90.13394814484535,
    120.36565234917944,
    159.6092346328693,
    141.10367372578472,
    35.592566480674456,
    144.06260886665157,
    88.87321114144918,
    7.92602877361365,
    22.254284119443113,
    33.79190133024958,
    67.3959762027698,
    13.78005665351118,
    15.196098770107639,
    15.803434177035689,
    14.210187592525557,
    43.76582609930372,
    19.028284794191222,
    12.031564720801118,
    3.9416506959695954,
    6306.912281359019,
    5856.919992486168,
    6487.30654957376,
    5206.487361521975,
    34.897882396869804,
    78.26830224555852,
    48.78949705495262,
    42.75712213024397,
    17.800259685278075,
    19.695309935286495,
    8.056568214066779,
    19.155436016503092,
    51.70173176977219,
    80.14521758088085,
    25.84902591358435,
    77.41799915556736,
    27.429598727054678,
    16.798245529506207,
    8.46193595878197,
    27.2454443159952,
    143.88919602955204,
    161.04800678359948,
    82.11459051655275,
    44.50780779028203,
    40.45846298815685,
    89.6398982805437,
    568.2432234675886,
    10.441377436262128,
    103.30260649507242,
    13.279994136415006,
    10.18341494480368,
    1780.852038163475,
    2176.7036226279342,
    68.3182269496296,
    70.89087257656607,
    38.114938397909214,
    41.927983811894414,
    17.519310991648727,
    47.42704741341498,
    10.636604562016434,
    15.836667543919104,
    16.21842057500766,
    17.578366585357177,
    28.733173875010895,
    27.625556297679058,
    5.129902480987944,
    15.182284410355972,
    25.612190746096932,
    20.525347080980907,
    41.6381280023457,
    36.61285851842221,
    27.442715410897147,
    17.923288600453496,
    13.690285711934258,
    15.383939964002405,
    30.14157626909299,
    20.598212907074924,
    34.64967433205787,
    14.575554814434746,
    32.13578343327583,
    9.191685672635767,
    16.676160274939328,
    31.138487802565706,
    24.66101514679363,
    30.044926924515316,
    1510.2473912522871,
    1829.1943830682605,
    67.43091321722328,
    55.91270872870242,
    27.79376210602598,
    17.10010345308595,
    34.367478572938936,
    31.24749483546691,
    21.379109107590736,
    0.0,
    5303.821996081107,
    5391.556689756199,
    32.1612557770907,
    19.824049265805993,
    34.39956393261082,
    32.997765514984735,
    21.213940697300476,
    19.912199791782303,
    18.474187168607497,
    21.781603555479933,
    5.288093513417153,
    13.228060669170867,
    37.40430639561973,
    312.48065608072307,
    411.82446374646395,
    15.93301318395601,
    30.328085636759067,
    6.445329898356398,
    45.044553329338946,
    67.49107124775131,
    44.47661183605556,
    167.75758618690435,
    80.03012942943401,
    161.22229665954995,
    99.70248174563623,
    174.08614199526465,
    12.675118425180433,
    4.637914459113107,
    276.0592288764676,
    346.7848963487032,
    363.1611965963483,
    224.092365531865,
    385.1487066796727,
    425.4374033083011,
    158.81935125371442,
    26.50304003081922,
    40.399296409315596,
    129.25536222625948,
    97.04273474703197,
    118.13002851067597,
    2673.1845765976,
    2580.602262209133,
    22.312000263000385,
    13.273433959464962,
    47.477222930518415,
    218.98394552624356,
    3.720353231872494,
    19.850902140481036,
    78.64481575426608,
    81.71905292159512,
    62.814541639289494,
    87.18464416726215,
    76.71292707126521,
    117.5981065156875,
    21.590894652006934,
    26.273134830082668,
    75.34753090482785,
    93.00318029689805,
    30.52231396159766,
    21.536202098257107,
    110.20434920209549,
    53.45139222034813,
    23.939007709025354,
    20.16060943673786,
    3.949639202411438,
    24.99818479818516,
    12.321576833864615,
    16.891160120096206,
    14.259577328047913,
    9.87070077713178,
    14.033643939388577,
    17.641181450903343,
    32.171911537671164,
    24.931812436260927,
    14.109158883796674,
    31.827418453532673,
    30.532862610313522,
    8.175630294419092,
    22.746703573784874,
    33.389760090475974,
    26.990361777473524,
    41.05355382651855,
    50.44048716905542,
    10.117081419927347,
    11.680745083277074,
    25.808748052408006,
    46.08921296132364,
    45.9445846655672,
    19.989399071553432,
    1.2013760119023278,
    2.734626057015643,
    1.8499433106575962,
    2.4920338804233326,
    7.728357774341552,
    9.767142906389232,
    4.308548458561925,
    11.024425292024077,
    16.120796452318917,
    24.115339188017902,
    61.65731001279141,
    43.18681637136654,
    15.571233949519272,
    7.091373691248885,
    25.081547005908078,
    84.43309375215775,
    74.74096528730503,
    32.75074519451676,
    34.26543948057817,
    27.775542856041465,
    32.29465942185543,
    21.527493362749194,
    21.243948067946388,
    56.88353222370934,
    77.26520316847203,
    27.693188992544744,
    22.858999185902803,
    63.880285560386206,
    10.660857618285132,
    20.722816218912016,
    27.067905370301084,
    37.8053828438156,
    11.0733769001196,
    21.90359337807083,
    20.937359103841192,
    23.170881576731993,
    19.255500580161478,
    77.78950475991903,
    0.7966487659761975,
    3.8685880626641627,
    0.0,
    86.51505103277891,
    45.38873730060901,
    19.519913648829906,
    32.80113932971495,
    37.77264211933514,
    93.47623281456336,
    93.67317355556956,
    55.9685077302414,
    64.26597123066765,
    71.37333231156222,
    55.08947141464361,
    26.238301093068298,
    31.93752930372472
  ],