{
  "assortativity": -0.27370437437467643,
  "betweenness_centrality": 278.4437086092715,
  "degree_distribution": [
    [
      0.0,
      1
    ],
    [
      3.0,
      1
    ],
    [
      6.0,
      5
    ],
    [
      7.0,
      3
    ],
    [
      8.0,
      2
    ],
    [
      9.0,
      4
    ],
    [
      10.0,
      10
    ],
    [
      11.0,
      5
    ],
    [
      12.0,
      9
    ],
    [
      13.0,
      6
    ],
    [
      14.0,
      14
    ],
    [
      15.0,
      18
    ],
    [
      16.0,
      19
    ],
    [
      17.0,
      19
    ],
    [
      18.0,
      22
    ],
    [
      19.0,
      12
    ],
    [
      20.0,
      19
    ],
    [
      21.0,
      11
    ],
    [
      22.0,
      17
    ],
    [
      23.0,
      9
    ],
    [
      24.0,
      8
    ],
    [
      25.0,
      7
    ],
    [
      26.0,
      4
    ],
    [
      27.0,
      3
    ],
    [
      28.0,
      12
    ],
    [
      29.0,
      7
    ],
    [
      30.0,
      1
    ],
    [
      31.0,
      2
    ],
    [
      32.0,
      4
    ],
    [
      33.0,
      3
    ],
    [
      34.0,
      4
    ],
    [
      35.0,
      3
    ],
    [
      36.0,
      1
    ],
    [
      38.0,
      1
    ],
    [
      39.0,
      2
    ],
    [
      44.0,
      2
    ],
    [
      45.0,
      1
    ],
    [
      49.0,
      1
    ],
    [
      50.0,
      1
    ],
    [
      53.0,
      1
    ],
    [
      54.0,
      2
    ],
    [
      55.0,
      3
    ],
    [
      56.0,
      1
    ],
    [
      57.0,
      1
    ],
    [
      63.0,
      1
    ],
    [
      74.0,
      1
    ],
    [
      75.0,
      1
    ],
    [
      92.0,
      1
    ],
    [
      93.0,
      1
    ],
    [
      97.0,
      1
    ],
    [
      99.0,
      1
    ],
    [
      100.0,
      1
    ],
    [
      103.0,
      1
    ],
    [
      104.0,
      1
    ],
    [
      112.0,
      1
    ],
    [
      123.0,
      1
    ],
    [
      125.0,
      1
    ],
    [
      165.0,
      2
    ],
    [
      166.0,
      1
    ],
    [
      167.0,
      1
    ],
    [
      171.0,
      1
    ],
    [
      173.0,
      1
    ],
    [
      175.0,
      1
    ],
    [
      176.0,
      1
    ]
  ],
  "density": 0.09293524894941806,
  "global_efficiency": 0.5390530461375986,
  "mean_clustering": 0.3947564063384375,
  "modularity": 0.06234842095493285,
  "path_length": 1.9247919471976336,
  "small_worldness": 1.0009651633847265,
  "transitivity": 0.21071817851519922
}