{
  "assortativity": -0.2688363324985936,
  "betweenness_centrality": 278.65562913907286,
  "degree_distribution": [
    [
      0.0,
      1
    ],
    [
      3.0,
      1
    ],
    [
      6.0,
      5
    ],
    [
      7.0,
      2
    ],
    [
      8.0,
      3
    ],
    [
      9.0,
      3
    ],
    [
      10.0,
      11
    ],
    [
      11.0,
      5
    ],
    [
      12.0,
      8
    ],
    [
      13.0,
      8
    ],
    [
      14.0,
      12
    ],
    [
      15.0,
      19
    ],
    [
      16.0,
      18
    ],
    [
      17.0,
      20
    ],
    [
      18.0,
      20
    ],
    [
      19.0,
      14
    ],
    [
      20.0,
      21
    ],
    [
      21.0,
      10
    ],
    [
      22.0,
      14
    ],
    [
      23.0,
      9
    ],
    [
      24.0,
      8
    ],
    [
      25.0,
      9
    ],
    [
      26.0,
      4
    ],
    [
      27.0,
      3
    ],
    [
      28.0,
      12
    ],
    [
      29.0,
      7
    ],
    [
      30.0,
      1
    ],
    [
      31.0,
      2
    ],
    [
      32.0,
      4
    ],
    [
      33.0,
      3
    ],
    [
      34.0,
      4
    ],
    [
      35.0,
      3
    ],
    [
      36.0,
      1
    ],
    [
      38.0,
      1
    ],
    [
      39.0,
      2
    ],
    [
      44.0,
      2
    ],
    [
      46.0,
      1
    ],
    [
      47.0,
      1
    ],
    [
      50.0,
      1
    ],
    [
      51.0,
      1
    ],
    [
      53.0,
      1
    ],
    [
      55.0,
      4
    ],
    [
      56.0,
      2
    ],
    [
      63.0,
      1
    ],
    [
      74.0,
      1
    ],
    [
      75.0,
      1
    ],
    [
      92.0,
      1
    ],
    [
      93.0,
      1
    ],
    [
      98.0,
      3
    ],
    [
      104.0,
      2
    ],
    [
      112.0,
      1
    ],
    [
      123.0,
      1
    ],
    [
      125.0,
      1
    ],
    [
      163.0,
      1
    ],
    [
      165.0,
      1
    ],
    [
      167.0,
      2
    ],
    [
      170.0,
      1
    ],
    [
      172.0,
      1
    ],
    [
      174.0,
      1
    ],
    [
      176.0,
      1
    ]
  ],
  "density": 0.09293524894941806,
  "global_efficiency": 0.5389357036515516,
  "mean_clustering": 0.3945449649433336,
  "modularity": 0.07655809470773071,
  "path_length": 1.9254983333701243,
  "small_worldness": 1.0090092195130522,
  "transitivity": 0.21245261009040536
}