{
  "assortativity": -0.26823552922270283,
  "betweenness_centrality": [
    126.56018701702426,
    141.4917342276751,
    6140.101182547158,
    6159.031803818478,
    1634.2324532541093,
    1999.0997605764562,
    81.03577460923792,
    46.84118865494757,
    9.78345180684327,
    2.8006689255925528,
    38.35342718658911,
    27.037504327251586,
    268.51770672226036,
    227.93264492608532,
    82.79683387685617,
    29.185627980755886,
    22.290443824288335,
    46.99164368509293,
    38.10627024179285,
    43.451813432785194,
    35.73067027770147,
    65.59856535872213,
    1.7480743804885681,
    41.97852389780111,
    14.412771284216705,
    24.42902900396154,
    20.70594338244293,
    22.919749368526233,
    63.30811317675019,
    20.629925992913403,
    30.206331672351634,
    39.062316094046636,
    50.45826585978284,
    28.47931141220934,
    67.00049625553025,
    35.28526738121121,
    24.192768524429038,
    4.86457882226999,
    22.81392304792045,
    70.22013422385065,
    61.82836274506717,
    21.512056481160137,
    27.413728369592366,
    50.16412425254569,
    68.12544317627322,
    54.668965102352125,
    47.267264465313175,
    1.0949856595017884,
    3.026795378630201,
    52.257637299125214,
    48.161989193224805,
    45.32977363596937,
    42.72751648091219,
    1360.6098607570364,
    1377.1209929074023,
    858.4572871850494,
    799.908180465071,
    227.75596745714427,
    403.1787152830022,
    440.33334638623523,
    566.7154976902107,
    46.872269327264775,
    48.28113791037878,
    29.112432331527767,
    91.37960498711898,
    56.05047992649106,
    126.65279839620945,
    119.46744407190597,
    168.60341478807845,
    53.070358489005265,
    79.31297259156696,
    111.43161146628235,
    3.970516422816491,
    11.955528153733713,
    47.2372201429702,
    27.540672729691217,
    18.17461488835738,
    13.243748800843468,
    22.832340821993153,
    24.98201539445907,
    36.1145866368068,
    113.84001905190804,
    8.160750655344383,
    15.845555831606484,
    5739.492417464067,
    6139.038354560832,
    5769.320121490801,
    5626.413211457333,
    60.84831819791814,
    104.7256936527557,
    56.191596730376524,
    59.758829776415546,
    56.486838700646466,
    27.27704775914559,
    8.85233935873023,
    23.833398601772604,
    36.44323004982755,
    60.262019350318624,
    28.892700350525207,
    118.22721777322153,
    49.407687648263554,
    22.457395133172508,
    12.275263886939307,
    11.566820875461476,
    131.92384452309003,
    190.78057830532586,
    79.00108409777616,
    42.24525756534081,
    58.81805718347945,
    43.462700460182155,
    544.1085153206975,
    10.233737554826371,
    94.8613204533067,
    27.81715041926602,
    67.73392257114608,
    1744.0282781349536,
    2135.109357556074,
    72.67675821129569,
    80.46565171355637,
    44.667886664929256,
    27.3089868684982,
    53.4282912847543,
    14.150046702587929,
    14.396429839180326,
    2.838255548861341,
    13.92463073719237,
    7.543580856192924,
    22.227045010889395,
    23.982803158529293,
    26.780112853987223,
    10.709794506693129,
    29.548952755259275,
    34.3257341492828,
    18.350573136510988,
    33.0826997875265,
    24.04746420095339,
    41.21394958741257,
    23.63088608798627,
    14.451608516016131,
    44.88911591902467,
    11.525995299764684,
    22.42631482791788,
    24.69838010444046,
    42.29615746353653,
    14.810195673647724,
    21.48898924921588,
    25.107031884987776,
    31.51467806156532,
    46.04842716452287,
    1820.9644536136698,
    1616.3933606726778,
    65.37331661453248,
    61.685115979789465,
    17.377397707706287,
    10.333134558391595,
    23.943090539712898,
    42.938493731508935,
    19.231880699291203,
    0.4785565661970156,
    5321.112616708613,
    5510.449199190979,
    28.783658026797443,
    32.258281021784256,
    53.347562700231975,
    49.99294625493997,
    16.367454673952434,
    13.180890451522577,
    4.687121339555468,
    21.442583721636392,
    7.256063793153094,
    5.063700190085141,
    28.462150525955536,
    434.6178318407187,
    485.91300994478115,
    21.16343206749969,
    24.442478370775493,
    2.0849123994285286,
    71.25328467605027,
    75.11712244433227,
    48.396025892529735,
    108.39207805391639,
    101.04998831070962,
    165.56277326028692,
    114.68716661567201,
    86.52445234133924,
    4.087797355716992,
    0.8337412587412587,
    327.0056291596974,
    248.310287563931,
    249.6070996335002,
    314.01622484493,
    395.726726607539,
    608.3812996472942,
    143.9744106057037,
    15.117998631879583,
    29.58872913259124,
    92.33080534747195,
    28.621956730707684,
    115.9851443834337,
    2627.3381105998897,
    2940.919906406033,
    37.81635966564971,
    38.09295904587442,
    84.07251370910568,
    202.69223173171326,
    11.450354787099956,
    12.798578045651947,
    74.20964495500361,
    59.4741017037296,
    73.07859956566104,
    80.73311901213454,
    77.31781098589079,
    98.565341284547,
    29.202025507233323,
    32.7911338497431,
    34.27472219336746,
    93.11923540084263,
    26.45585515503472,
    40.571099855993765,
    83.274802113877,
    59.78852914487321,
    5.258799002831372,
    22.337951369520027,
    12.579711343070128,
    17.792968162606684,
    11.259123375362831,
    6.719067229366332,
    14.072091677194322,
    1.168908427498035,
    7.402018743951596,
    14.137404277646388,
    29.881305825650728,
    21.116981367044875,
    8.536879175956797,
    16.0347029040476,
    18.376219595458817,
    18.174945169887504,
    15.010729920937933,
    75.94684188640713,
    31.87582734319006,
    28.897382719171464,
    31.008759694196375,
    1.018918620079611,
    13.231051502707667,
    35.56600058146742,
    33.91400510159945,
    29.305690734373403,
    26.59542499193878,
    0.2927167886449324,
    9.543520915859652,
    5.707062827156284,
    3.7221414702093076,
    3.990280734698225,
    16.4781629536678,
    8.647935015149795,
    48.37717491178638,
    21.873683389675584,
    19.59402536105477,
    48.05642312047215,
    38.54172063204577,
    8.589850668719382,
    11.602574647567547,
    14.61451983166943,
    146.17923733045373,
    35.15438475561797,
    60.00870362172795,
    66.00178530487915,
    26.939276658973462,
    36.51769872915246,
    24.377619851846784,
    42.105767565231325,
    44.82556572053486,
    92.76113295582827,
    30.923424294120057,
    32.24903782852537,
    47.460694449645146,
    22.276631884872533,
    28.963006094677464,
    37.879193774826525,
    38.98670922468679,
    7.739653736267475,
    30.113644479690095,
    10.498871629932292,
    14.813559802964994,
    23.26576136036746,
    43.92460041052825,
    2.5278729544971346,
    11.051479028180704,
    0.0,
    101.32998924431593,
    52.384982449674936,
    52.79706425228165,
    39.071358233539236,
    80.00792792684574,
    78.82982950604605,
    66.98764104535749,
    97.93418116427644,
    100.91422053427249,
    63.95839239430071,
    34.44117301045496,
    31.48188072343886,
    21.582870896514844
  ],