{
  "assortativity": -0.26232647097778233,
  "betweenness_centrality": [
    116.00619396594927,
    49.49674622998862,
    6510.613678451859,
    6385.821161474503,
    1647.6953767484677,
    1805.869823416441,
    47.0034976611376,
    32.09288915531908,
    4.448457974072988,
    12.546917614679172,
    51.01767770738271,
    32.63233904370213,
    180.81900377439922,
    220.41610930461826,
    87.99083867424615,
    47.54149441723276,
    30.599538263530974,
    36.275651117111124,
    62.42810299347379,
    46.382809410582546,
    60.161828832512924,
    66.15285552736913,
    3.716616506658444,
    37.45970926749028,
    15.987046659161868,
    18.80017962959957,
    24.564023160646997,
    34.55369944655103,
    43.15353107893278,
    9.000522951580788,
    15.063601669105706,
    28.379093769928605,
    47.483376014561046,
    52.36566921621024,
    34.55587723380899,
    34.99602064023528,
    9.988641695214861,
    13.44042863467674,
    13.756068274464562,
    71.33168009378868,
    62.72996251280306,
    25.402594345449955,
    33.51660865972558,
    50.09399137195311,
    108.78308188009146,
    42.71740498720678,
    36.35346841678279,
    0.7603128054740957,
    1.529353761706703,
    55.54757981520686,
    29.773366539510896,
    53.07979408600844,
    40.479394487697746,
    1356.645865336618,
    1335.7528045768258,
    934.3952733310321,
    674.7478070434989,
    302.36744378605204,
    399.3154213443204,
    352.2639435125865,
    473.2904533459636,
    112.21936103179783,
    62.92718927961192,
    35.495236933627346,
    94.58664698227416,
    80.24207617979879,
    148.02072740237114,
    134.1807699589817,
    152.0465874556178,
    95.24044211171702,
    118.2822998496218,
    99.23719252906346,
    4.258895897049178,
    15.600652132763448,
    46.859411323071235,
    41.53125779124958,
    6.374813017967811,
    22.083857105754163,
    17.896601857581715,
    14.977296643602708,
    34.81584926742471,
    36.293275547523365,
    11.739793714807275,
    8.65453497519547,
    6311.066958427142,
    5820.998963720755,
    5812.3406868450775,
    5720.572687409423,
    40.24418895177787,
    77.06040652490655,
    45.872264819541606,
    33.88117429049947,
    52.8566260207367,
    19.484226606235516,
    9.36373935258899,
    25.99545793041225,
    38.43953225359992,
    59.90063837558931,
    57.06459609722805,
    68.38710037352003,
    42.839038619473214,
    14.472934819699574,
    10.961941507150048,
    10.097046268000723,
    176.14795783267112,
    137.43274307176765,
    74.5385875719836,
    45.73528485877639,
    34.75593989253251,
    39.260994516206374,
    524.4824664910545,
    4.548306754370313,
    82.0908890993549,
    11.778370955527924,
    11.15230684069085,
    1794.4254271053524,
    2274.962023527281,
    60.99660314526175,
    87.7230724255435,
    17.103032423621865,
    41.468706008128756,
    30.843351597523426,
    25.241189588141825,
    5.014950584722653,
    13.976354346007945,
    22.569476978036615,
    13.372333408603948,
    26.88173669787245,
    41.41866513395106,
    7.846800255012511,
    16.814386141717073,
    23.512170248983196,
    31.32385479817799,
    62.35437445693561,
    54.70074618662417,
    18.179696486072704,
    22.568370538977547,
    22.30227746052567,
    14.176395318473526,
    38.01475922850779,
    23.289417821720175,
    15.075810659817753,
    26.163044456600797,
    30.253941829103457,
    12.261063682320199,
    45.19545551677454,
    57.80827413748553,
    31.78208107098139,
    10.482578960613278,
    1720.803356922747,
    1618.2309116112715,
    87.81972687119564,
    70.68899742426568,
    21.753107986799403,
    34.245040815130004,
    18.459926432358863,
    19.098881737583504,
    30.359809086992392,
    0.028169014084507043,
    4879.183221553715,
    5592.955882270984,
    19.877072120253466,
    39.24665767314569,
    27.363039732414727,
    34.79626154320508,
    24.253503019344524,
    11.346668554163127,
    12.350113245996866,
    35.12343770560458,
    9.62100596139064,
    4.515451677758552,
    21.53382805645838,
    389.57612162493666,
    463.38004476148365,
    14.9725196510083,
    34.022974333486616,
    6.52919658076954,
    69.38453573024653,
    60.29642306633414,
    26.933704104002558,
    124.34091347651979,
    94.20919446413251,
    129.84982042911275,
    125.58514715635127,
    155.17382000735824,
    1.5609182348073307,
    0.5905304571971238,
    223.74370904213606,
    387.26639414016705,
    304.3350724322147,
    189.5458382446794,
    424.3862443337246,
    400.53127836645655,
    146.0715000430829,
    41.07095723002669,
    34.522162915429945,
    135.9333156615607,
    73.24946965315999,
    91.37633198692124,
    2651.6947058125575,
    2759.6547747331174,
    56.245852210643754,
    36.98554337441708,
    58.83296123281892,
    168.2307292130724,
    8.952563655372312,
    20.36519432176999,
    98.83173417419677,
    90.36901028196934,
    103.4216708503227,
    102.52848152673077,
    86.927152792826,
    153.82435177653343,
    46.15579988744484,
    31.812861891180113,
    59.72199660390807,
    80.47777626580495,
    36.051871537286836,
    25.40484174339227,
    92.28386422378023,
    54.63050439583182,
    10.490595902618852,
    21.954462419123306,
    9.805143393528203,
    9.711848045809752,
    17.45477581140526,
    9.614596317449635,
    29.148385880459195,
    9.22432324491261,
    4.452645784141093,
    31.97770176119727,
    20.63680219592873,
    23.450073532206407,
    10.995063089297737,
    36.32496803485102,
    22.510033849003616,
    7.146752010099332,
    25.272369906916786,
    35.151891128997406,
    28.883505498840478,
    25.520826348114124,
    23.924824360138324,
    4.359358654693724,
    11.921958373836592,
    28.962971911340937,
    52.5975148271708,
    45.192704420145546,
    17.161120563856056,
    2.1927552839317546,
    13.129826601638452,
    0.31316336579494475,
    7.245801192850984,
    12.548401717551029,
    20.873225088445842,
    14.501591030824274,
    26.33130312450031,
    20.849930611257115,
    36.049080528207845,
    27.858773742690396,
    30.009257324115662,
    12.976817337739403,
    5.4477613240701706,
    27.19326179582786,
    59.0028236271724,
    31.033320858949732,
    28.062717066102227,
    46.265465670112455,
    48.05189342333324,
    10.714251093620303,
    12.213119542361886,
    50.11657801409398,
    51.213753766667836,
    90.95824583645903,
    32.57325183706801,
    21.39382754500929,
    46.98567379869167,
    7.965094295015424,
    19.387701968464636,
    31.70769884957591,
    50.292027678713936,
    18.171084383228397,
    25.39580136676758,
    39.6119241878685,
    23.679383113217572,
    47.863546583737204,
    77.22946637707604,
    3.9206699264593445,
    12.119763624245808,
    0.0,
    95.79059928025069,
    61.867397443397905,
    31.543411144923578,
    52.78193551373512,
    93.41900863668617,
    76.244277597047,
    89.0608365966874,
    112.06665961414937,
    91.96179970571717,
    67.65099669440761,
    46.15987012217307,
    19.024075493053502,
    27.989476779128072
  ],