{
  "assortativity": -0.09133457044061406,
  "betweenness_centrality": 384.86423841059604,
  "degree_distribution": [
    [
      0.0,
      3
    ],
    [
      2.0,
      5
    ],
    [
      3.0,
      3
    ],
    [
      4.0,
      4
    ],
    [
      5.0,
      4
    ],
    [
      6.0,
      14
    ],
    [
      7.0,
      14
    ],
    [
      8.0,
      17
    ],
    [
      9.0,
      21
    ],
    [
      10.0,
      23
    ],
    [
      11.0,
      16
    ],
    [
      12.0,
      17
    ],
    [
      13.0,
      19
    ],
    [
      14.0,
      20
    ],
    [
      15.0,
      14
    ],
    [
      16.0,
      10
    ],
    [
      17.0,
      10
    ],
    [
      18.0,
      9
    ],
    [
      19.0,
      6
    ],
    [
      20.0,
      6
    ],
    [
      21.0,
      8
    ],
    [
      22.0,
      8
    ],
    [
      23.0,
      3
    ],
    [
      24.0,
      11
    ],
    [
      25.0,
      4
    ],
    [
      26.0,
      1
    ],
    [
      27.0,
      2
    ],
    [
      28.0,
      4
    ],
    [
      29.0,
      2
    ],
    [
      30.0,
      1
    ],
    [
      31.0,
      2
    ],
    [
      32.0,
      1
    ],
    [
      33.0,
      3
    ],
    [
      34.0,
      2
    ],
    [
      36.0,
      2
    ],
    [
      39.0,
      1
    ],
    [
      40.0,
      1
    ],
    [
      44.0,
      1
    ],
    [
      49.0,
      1
    ],
    [
      53.0,
      1
    ],
    [
      54.0,
      1
    ],
    [
      55.0,
      2
    ],
    [
      56.0,
      1
    ],
    [
      74.0,
      1
    ],
    [
      75.0,
      1
    ],
    [
      92.0,
      2
    ]
  ],
  "density": 0.05284812215352797,
  "global_efficiency": 0.4583296663806444,
  "mean_clustering": 0.1268014482410909,
  "modularity": 0.09808668492595347,
  "path_length": 2.296664578766051,
  "small_worldness": 1.0223268191464718,
  "transitivity": 0.10670032715938071
}