{
  "assortativity": -0.07101237455384604,
  "betweenness_centrality": 386.85430463576165,
  "degree_distribution": [
    [
      0.0,
      3
    ],
    [
      2.0,
      5
    ],
    [
      3.0,
      3
    ],
    [
      4.0,
      4
    ],
    [
      5.0,
      4
    ],
    [
      6.0,
      13
    ],
    [
      7.0,
      15
    ],
    [
      8.0,
      17
    ],
    [
      9.0,
      21
    ],
    [
      10.0,
      22
    ],
    [
      11.0,
      18
    ],
    [
      12.0,
      17
    ],
    [
      13.0,
      19
    ],
    [
      14.0,
      19
    ],
    [
      15.0,
      14
    ],
    [
      16.0,
      10
    ],
    [
      17.0,
      11
    ],
    [
      18.0,
      7
    ],
    [
      19.0,
      7
    ],
    [
      20.0,
      6
    ],
    [
      21.0,
      7
    ],
    [
      22.0,
      9
    ],
    [
      23.0,
      3
    ],
    [
      24.0,
      11
    ],
    [
      25.0,
      4
    ],
    [
      26.0,
      1
    ],
    [
      27.0,
      2
    ],
    [
      28.0,
      3
    ],
    [
      29.0,
      3
    ],
    [
      30.0,
      1
    ],
    [
      31.0,
      2
    ],
    [
      32.0,
      2
    ],
    [
      33.0,
      2
    ],
    [
      34.0,
      2
    ],
    [
      36.0,
      2
    ],
    [
      39.0,
      1
    ],
    [
      40.0,
      1
    ],
    [
      44.0,
      1
    ],
    [
      50.0,
      1
    ],
    [
      53.0,
      1
    ],
    [
      54.0,
      1
    ],
    [
      55.0,
      3
    ],
    [
      74.0,
      1
    ],
    [
      75.0,
      1
    ],
    [
      92.0,
      2
    ]
  ],
  "density": 0.05282612043739412,
  "global_efficiency": 0.4572607496718077,
  "mean_clustering": 0.12580363785053936,
  "modularity": 0.10380076405331545,
  "path_length": 2.303386873070556,
  "small_worldness": 1.0112111944421152,
  "transitivity": 0.10821994248186462
}