{
  "assortativity": -0.0835708843813052,
  "betweenness_centrality": [
    559.5810546186578,
    416.10516394787817,
    584.4854436762838,
    534.793332144119,
    98.43934168786339,
    536.5893864374333,
    405.54932819153356,
    304.42382800342443,
    55.402151799469785,
    63.39012997047772,
    438.80502690000964,
    261.8828691297935,
    1066.14684859848,
    1430.6711855527656,
    294.7088051723228,
    224.33772656053713,
    54.023535483428134,
    487.46762470875973,
    154.35349807206347,
    175.88104243044003,
    524.849373817296,
    696.3195752858269,
    57.97419164764615,
    185.9541989645681,
    49.44255270700384,
    21.06835518924864,
    37.720731306039625,
    456.2977252883065,
    110.47151144367339,
    135.0963226769352,
    69.87834887319322,
    65.92071895036688,
    130.68438335704502,
    83.55717838163739,
    82.67939610022368,
    103.47904936533389,
    15.257978710179799,
    1.2629863203435288,
    22.99246595501196,
    165.0866078071173,
    241.95145248643124,
    56.053293433410786,
    95.94396775302498,
    343.3556623860523,
    414.25137749244055,
    80.1462885197349,
    53.91872558590357,
    22.229072732940356,
    23.52963000330021,
    135.06950571892995,
    118.33974770837177,
    135.60902133748613,
    216.59106683420165,
    8123.507823757615,
    8763.188623463378,
    4909.520996303377,
    5179.3652420617145,
    1802.0176550283863,
    2823.372363145858,
    2564.1880871314634,
    3135.3274629358484,
    418.04207660062366,
    279.4259435633268,
    575.6992886645356,
    599.2238497105473,
    519.1748895711067,
    809.584061414762,
    538.2961257037151,
    1453.2585079917287,
    493.989589916497,
    585.2494816991947,
    200.00341766818752,
    75.84060538118973,
    239.66099885839034,
    237.3917599659827,
    222.15233885152924,
    141.49641629518555,
    43.08493056924153,
    191.94184254943903,
    252.17964620822949,
    67.46411935280695,
    121.50586219073269,
    0.0,
    0.0,
    333.0662061569755,
    599.4384262359008,
    262.58444646937784,
    226.40924446978457,
    311.6855824896937,
    273.87332256024473,
    210.059388043297,
    101.70296672318321,
    141.59152997076916,
    77.36660781388628,
    3.823273893862129,
    58.517750715545795,
    130.79550489524945,
    292.9659397598373,
    136.12044970908948,
    394.09773487951713,
    163.51209653341573,
    60.71638391738435,
    33.69298851148732,
    13.22940743598966,
    361.43992236645556,
    360.922278761579,
    217.09398438657303,
    69.46063071272094,
    14.039376339217108,
    110.2251353644219,
    2362.5403070676516,
    234.06803834276982,
    573.4449958412044,
    246.05934574502467,
    253.66380325687675,
    443.05540792672736,
    952.7262648384095,
    223.63774947844186,
    275.48685271594707,
    55.099479436783284,
    58.495036426767626,
    191.22458742182292,
    88.03490802423133,
    194.44653472899307,
    87.59556567533896,
    167.20924094704296,
    77.46619940391163,
    97.5822988886987,
    265.5109209155788,
    118.67090681813814,
    126.17178755202912,
    44.32343408670422,
    40.977119848369696,
    108.1797353724106,
    144.96266393509146,
    128.88122871889047,
    82.0674161389199,
    134.8011904196096,
    64.05564023308682,
    166.36578761002542,
    119.7217842088637,
    87.1640496393295,
    231.88395797764727,
    269.6139917000301,
    140.7822422924037,
    38.84353249497826,
    129.69462240620496,
    72.51723577399534,
    136.9134572053754,
    132.84248461484557,
    134.53255526415535,
    250.04646772885488,
    415.26076841271174,
    352.99355683506695,
    160.15873263536372,
    297.50750011301454,
    244.30307817582522,
    20.239995182756207,
    2.486680934492401,
    102.41688725378405,
    109.02025070899538,
    73.98981934933386,
    28.831450129900624,
    101.85739544933084,
    92.89853520797017,
    161.0572298028423,
    38.24677486062647,
    13.407422055405283,
    288.4745705439635,
    4.701027974824811,
    1.1991013071895427,
    94.162317949336,
    2605.4146747975265,
    2412.5688962824916,
    56.720049553864094,
    52.75127710968746,
    85.31713042621251,
    611.6722673788494,
    572.0196344556116,
    413.6415704836634,
    676.0418649632071,
    208.3475167648187,
    402.64296191200447,
    860.3698093264347,
    873.0585019942994,
    123.63745111947487,
    61.70490077318902,
    1182.9547695446115,
    1182.153715589619,
    1292.5293139647347,
    1558.803709209992,
    498.75865175514707,
    722.8396887160304,
    217.94235774178543,
    184.76743060757605,
    234.92848713151545,
    1026.7804777233155,
    540.2510442240556,
    762.7268348238132,
    758.7818813480363,
    1357.060243411351,
    302.45871767816016,
    289.72599043206964,
    855.4515261012183,
    699.8131844202882,
    153.4552883352136,
    300.4346186493294,
    424.09235053121614,
    246.76990990755934,
    541.4503689659217,
    638.6508888683928,
    562.6098621412348,
    581.992117448857,
    65.54949348409255,
    84.17796708807418,
    304.12746893686034,
    471.45088602992763,
    173.44704461039007,
    62.431870970133204,
    642.5977236395032,
    662.2907532218579,
    99.19703775115656,
    67.79601946255849,
    76.31269092396576,
    230.43670163897903,
    94.43282374201904,
    93.48241374259136,
    301.04931439160066,
    125.09334940389175,
    67.19839672112569,
    127.12648897491734,
    236.28551471017562,
    20.119916360278435,
    14.038014686311783,
    28.44262510064048,
    26.951298598088442,
    7.786769622868021,
    24.96367568753,
    93.46033924453681,
    83.54048655036776,
    122.00573653603756,
    257.5168036058322,
    86.45772762363201,
    97.68753972990869,
    290.11852793373146,
    455.0222245632309,
    325.95278634468843,
    187.90931898751757,
    40.832808912288016,
    19.572275674606907,
    26.077104927438057,
    58.604695925144064,
    119.46373839327306,
    170.62849297979514,
    158.49120778282494,
    163.73593568522696,
    119.19492829121211,
    81.10811156453889,
    110.0443162153896,
    155.51821416826428,
    66.63256593349547,
    7.250358492886045,
    102.6842020121131,
    401.01073251060393,
    198.23789055078973,
    167.90230702209095,
    106.49860611950795,
    82.83209433930867,
    57.42315294963857,
    42.96978244753082,
    110.68223655866262,
    211.22110853487618,
    382.02321822493354,
    90.87796390115838,
    60.29893068099334,
    237.33339098233537,
    60.61826402168653,
    64.08819206424275,
    45.34215119085342,
    125.17242916644851,
    31.010577400822893,
    51.64094037368756,
    77.70723926632849,
    286.2300762817635,
    397.37409812567495,
    445.8278012434533,
    45.942708393168544,
    62.30898810385409,
    0.0,
    356.7496993350596,
    44.54190436637787,
    28.47733419535792,
    40.76217548669914,
    135.38508501609826,
    250.67113340773776,
    155.382268917644,
    576.1926141332851,
    443.87091569279005,
    206.53454798129928,
    31.7338688608029,
    1.267155702671655,
    25.289475359939427
  ],