{
  "assortativity": -0.10521565983837752,
  "betweenness_centrality": [
    603.259592454463,
    453.4322795779872,
    748.1328305025703,
    433.17636773960396,
    56.552075123215346,
    223.37317853300326,
    402.419932066796,
    314.347857177136,
    19.787726146729906,
    129.37694299767867,
    356.31917848589194,
    285.3329099254634,
    1159.044587614571,
    1393.1988590917679,
    176.64071116316467,
    223.43259135218497,
    104.85383524400369,
    218.30116645197145,
    173.53655884258922,
    230.14614939983952,
    403.23673652086137,
    645.4196813889627,
    72.41497168698076,
    127.69379282978072,
    52.03142602244978,
    30.766918086005642,
    63.51752103906494,
    444.6667872110253,
    298.5612496658616,
    23.52928359203476,
    58.16720936056398,
    85.41055093753216,
    124.1676616523488,
    93.51363555609532,
    247.29063813438657,
    95.1681528263762,
    4.853050275882051,
    1.8073957813545403,
    6.021544994880564,
    245.65914420865394,
    279.5630186473788,
    29.43497664566291,
    43.8831609495026,
    485.50637338275976,
    496.985486675023,
    96.06153854277858,
    55.39562477283398,
    19.45161127336315,
    19.38482151361224,
    99.13593950738877,
    106.24741723141665,
    179.4922085892559,
    179.91672495439988,
    8117.848627409129,
    8588.52574621951,
    6183.852258484309,
    4739.2324357860525,
    2313.665995239589,
    2738.889385720033,
    2375.318208513891,
    2497.862992555869,
    459.03257819524066,
    291.9557661065039,
    484.0594459216143,
    386.37943291954707,
    417.62315597015856,
    781.8103628212764,
    995.0668709759061,
    917.7096070000488,
    578.6072895832467,
    707.5217115440362,
    400.0671718092365,
    90.03944844711513,
    259.18851866364787,
    114.70500002667288,
    251.5125293736194,
    118.98160579947974,
    93.59356396894766,
    155.11939182088145,
    201.08770653353182,
    56.97237416444777,
    145.28245803917403,
    0.0,
    0.0,
    324.0603564860907,
    888.7676132381694,
    288.4626088738674,
    393.5153222480236,
    166.46320953989678,
    197.88428954498153,
    169.20084462717938,
    123.15481087290983,
    60.33060053384345,
    41.62150462481394,
    1.077342047930283,
    86.40521404566921,
    134.98926553469806,
    257.32773918247,
    179.2289884034198,
    304.56930195652586,
    163.45694861021173,
    34.41335015914322,
    38.59323052917099,
    62.19076535884414,
    368.95710258364863,
    281.8450611896608,
    277.68529758081587,
    44.18356137149054,
    25.716139852298873,
    45.08483592617326,
    2709.525929081304,
    98.2547518398912,
    804.7006673857945,
    217.41198382783543,
    147.59740740431906,
    546.9555424159868,
    782.6480732759827,
    201.66562685743298,
    238.5053815000142,
    42.34248601860013,
    59.75184435486799,
    176.47247992625248,
    66.59566872904506,
    119.74093556211561,
    195.13759822028035,
    167.64988142507175,
    47.88955348347627,
    116.34132430355513,
    308.6276498427201,
    97.57295722203479,
    147.60381662359652,
    53.794875784070314,
    58.60440184966552,
    502.5522035679156,
    150.15439244775126,
    116.12586487485152,
    218.4544654022821,
    100.39669173556432,
    96.09688411251913,
    162.44219784167183,
    85.86843958394043,
    59.30868310106866,
    176.77629575660137,
    216.37526468988347,
    55.70053350822895,
    17.676404008062697,
    182.89161427089275,
    92.68477592997492,
    107.30416989881735,
    120.7030105682285,
    157.59883582053652,
    394.999305479088,
    458.7743124692998,
    207.67184495868779,
    176.06524345279374,
    200.48499921485114,
    188.72921481005554,
    56.6255622221211,
    2.2652366156883095,
    92.1369162217275,
    193.02405398086393,
    106.46637224840676,
    87.1435313754607,
    161.24057852150133,
    132.16822109563708,
    58.610340852941164,
    30.710059188507895,
    10.516674069273638,
    175.77642161816897,
    2.3859822323733613,
    0.0,
    124.80039235730322,
    2783.084126755259,
    2310.0287887083027,
    38.991563253798354,
    24.58116136225645,
    47.907876256724556,
    484.819743044449,
    493.210424862615,
    470.4352339711568,
    661.1426178845791,
    295.7870851038626,
    685.7485772180161,
    892.7353478237275,
    512.0903170239103,
    87.5836422198081,
    62.26440627566271,
    862.8507351165773,
    1187.2685614016987,
    1372.2251344351168,
    1121.6545333597535,
    692.6880450207948,
    545.3833080413644,
    328.03302302040146,
    175.31787395458437,
    326.87006557261316,
    938.0381633452192,
    516.8921874407224,
    978.201304034772,
    803.2580435340982,
    829.2666992054869,
    304.0548365868451,
    370.42615628983,
    401.87910200210894,
    807.142908878764,
    127.93796215159445,
    328.9414220857389,
    322.7851695612792,
    335.146223204384,
    414.9915462676852,
    688.4414956434223,
    505.2533395961705,
    482.7160961329526,
    195.89027139058135,
    104.40785033983231,
    245.0921957843133,
    416.21020690627586,
    324.0135159176491,
    35.5828153750938,
    907.9454802069564,
    542.0414823245003,
    198.29297899860785,
    118.63516323811261,
    197.90246085020522,
    322.6952115286223,
    147.29694730769012,
    89.35220192748423,
    96.9093471835168,
    75.13714171521356,
    74.20321736938314,
    111.3126289349288,
    135.87151328103167,
    22.256918890145624,
    3.130063939039249,
    10.531706592183898,
    38.70433909917738,
    1.6183533848490612,
    48.08780809576159,
    70.29613649955034,
    183.4591697145063,
    261.11302800302917,
    351.122479484697,
    57.12881210434802,
    76.60736899549312,
    199.78712905923072,
    350.929631028711,
    233.32101732545192,
    252.62146263816953,
    41.38642585940392,
    99.39931155516055,
    17.787421949684614,
    50.59017397610612,
    122.0164670227844,
    254.22177090031454,
    88.90822450199833,
    283.9450979314638,
    97.41124677571393,
    98.64473351974979,
    191.74449496941844,
    214.64714680650997,
    53.02223375692569,
    6.586587436682138,
    100.24995187918314,
    369.8112397307726,
    147.7898485149569,
    197.39594565999124,
    109.65906023545205,
    44.75987145956551,
    69.53200016322475,
    53.79286954397443,
    145.6021167658608,
    244.43631351025658,
    375.66163955302363,
    91.44712610784504,
    55.67488424592732,
    243.59522787112752,
    47.90684827278687,
    87.89849300518962,
    53.2121776505214,
    121.30035876723423,
    18.185659662984826,
    77.96242741456909,
    113.81248122522858,
    217.14033641082366,
    347.7483762749949,
    464.94155780084515,
    18.957653825075717,
    76.3484553371383,
    0.0,
    318.4395575169592,
    43.580642839027234,
    22.75362532548401,
    48.448123118587574,
    104.31676916439551,
    216.87777523775065,
    176.6184190218927,
    487.06686314886883,
    327.6487595792932,
    199.18939354929498,
    34.65990852989376,
    0.9866959768086176,
    35.88095013961017
  ],