{
  "assortativity": -0.08188819100504238,
  "betweenness_centrality": 386.5198675496689,
  "degree_distribution": [
    [
      0.0,
      3
    ],
    [
      2.0,
      5
    ],
    [
      3.0,
      3
    ],
    [
      4.0,
      4
    ],
    [
      5.0,
      4
    ],
    [
      6.0,
      13
    ],
    [
      7.0,
      15
    ],
    [
      8.0,
      18
    ],
    [
      9.0,
      20
    ],
    [
      10.0,
      21
    ],
    [
      11.0,
      18
    ],
    [
      12.0,
      17
    ],
    [
      13.0,
      20
    ],
    [
      14.0,
      18
    ],
    [
      15.0,
      15
    ],
    [
      16.0,
      10
    ],
    [
      17.0,
      10
    ],
    [
      18.0,
      9
    ],
    [
      19.0,
      6
    ],
    [
      20.0,
      6
    ],
    [
      21.0,
      8
    ],
    [
      22.0,
      8
    ],
    [
      23.0,
      3
    ],
    [
      24.0,
      11
    ],
    [
      25.0,
      4
    ],
    [
      26.0,
      1
    ],
    [
      27.0,
      3
    ],
    [
      28.0,
      2
    ],
    [
      29.0,
      3
    ],
    [
      30.0,
      1
    ],
    [
      31.0,
      2
    ],
    [
      32.0,
      1
    ],
    [
      33.0,
      3
    ],
    [
      34.0,
      2
    ],
    [
      35.0,
      1
    ],
    [
      36.0,
      1
    ],
    [
      39.0,
      1
    ],
    [
      40.0,
      1
    ],
    [
      44.0,
      1
    ],
    [
      50.0,
      1
    ],
    [
      53.0,
      1
    ],
    [
      54.0,
      1
    ],
    [
      55.0,
      2
    ],
    [
      56.0,
      1
    ],
    [
      73.0,
      1
    ],
    [
      75.0,
      1
    ],
    [
      92.0,
      1
    ],
    [
      93.0,
      1
    ]
  ],
  "density": 0.05284812215352797,
  "global_efficiency": 0.45756785695950947,
  "mean_clustering": 0.11793424641434286,
  "modularity": 0.11087656913053412,
  "path_length": 2.3022571697015795,
  "small_worldness": 0.9478265949185614,
  "transitivity": 0.10564866116609774
}