{
  "assortativity": -0.08439683426582431,
  "betweenness_centrality": [
    826.5912516537244,
    350.7277698397078,
    619.3489075409234,
    529.1471523228006,
    132.05967812087619,
    251.88758881086423,
    430.46160996771806,
    237.55771174264814,
    24.925483477935884,
    29.525724061032886,
    667.4155185092221,
    317.1439262632941,
    1244.4714691459349,
    1453.1867561596048,
    305.42494894967274,
    136.85118584151968,
    57.89031536293397,
    151.29089165178965,
    261.63461446444273,
    115.6370501807736,
    564.8937132275396,
    446.83428377464253,
    79.5244658510553,
    200.3098794464683,
    22.626099211476173,
    15.713025333477956,
    101.2205365632593,
    570.7910123848403,
    132.38055051301097,
    29.681640264245615,
    31.807602256938825,
    255.23833195850298,
    71.76647542862489,
    47.06712627319951,
    106.17997441042733,
    36.715340525441775,
    14.214266859493666,
    1.4214229125993827,
    5.133869330134156,
    145.84646526726266,
    441.47838601011733,
    34.89851881806896,
    66.27171954757303,
    389.3401121131418,
    501.67835264628224,
    144.9555388917395,
    67.0000286529337,
    37.28260856692606,
    11.925782055721774,
    86.19808879939444,
    56.61470489881412,
    89.69765409477725,
    118.90811215958793,
    8218.406876462564,
    8146.001765705939,
    4737.10855516272,
    5429.063133324801,
    1833.6564393360932,
    3199.34213589534,
    2865.072353426211,
    2584.0455485699463,
    440.0685923795053,
    393.37698577719584,
    296.5866982149909,
    928.0107403330837,
    472.43367224423275,
    982.4688511390157,
    564.6398563681133,
    1211.1939588470773,
    434.66879104553124,
    899.7842004685517,
    626.0507258739558,
    105.88216844016253,
    154.93853194602482,
    149.68760385427538,
    243.03607188399013,
    109.13628404918754,
    108.24422350517958,
    249.78109465285422,
    115.71621026288021,
    119.16256299490803,
    167.75237073704812,
    0.0,
    0.0,
    367.0839606761054,
    644.6429496552217,
    247.8614434167871,
    251.8988273394132,
    170.2257946720334,
    271.41364188247326,
    145.86719790939964,
    112.14822191851128,
    203.3253142043853,
    61.6449486487085,
    2.1207489763877496,
    82.16460295223413,
    159.94757195322072,
    245.48611662887203,
    128.8286706802744,
    315.70610150086753,
    148.47175826568468,
    46.576539675190546,
    48.351421280285045,
    52.144989634000446,
    325.1221129791823,
    332.9397566275873,
    304.0910203959882,
    75.69424226407598,
    22.080954947256163,
    52.524676553649954,
    2417.29650181607,
    86.22754975251559,
    882.6559457891294,
    316.42900148542793,
    182.54764567206206,
    610.5025440933954,
    956.213339593754,
    254.082918191339,
    334.9267160413498,
    54.31952896730814,
    88.96293623117828,
    257.1257692010437,
    53.637455780853855,
    81.74866014477166,
    92.77038417392876,
    154.21670357418444,
    139.0159323710379,
    135.90675092145875,
    200.12752259958745,
    128.3799277932345,
    203.7582935794154,
    44.84218527201113,
    57.10413959180335,
    188.32843483724875,
    190.6835825056693,
    102.50350999364991,
    78.63915280663069,
    126.19841741303505,
    103.12244175681005,
    206.13130937471692,
    64.56385755390295,
    132.12206299456636,
    195.46803775625222,
    131.28470353013842,
    75.20133521183232,
    36.52546260981186,
    72.55842260988047,
    76.71754036368455,
    133.02743441294737,
    101.12332326127695,
    71.9371809368747,
    241.40639744164338,
    471.0735812040792,
    124.38402547932085,
    261.53294442649855,
    241.59862149971084,
    207.21987524777805,
    36.59989281458348,
    5.059214993230297,
    80.68628955899004,
    111.3398859510131,
    98.37026036431324,
    75.82922951904224,
    51.8257725988649,
    115.88700529695402,
    56.12636248029212,
    13.250503572581135,
    7.993217662615032,
    135.16772466161817,
    0.0,
    0.0,
    95.47782713335214,
    2492.854634120168,
    2456.1261521934202,
    42.11588992044264,
    37.00468392424916,
    38.58917773321007,
    666.0683173243834,
    528.4891847856438,
    569.6131391105383,
    551.8435082165677,
    162.77267335856868,
    510.84399424336385,
    776.960389888988,
    764.1875401998458,
    108.60812469106196,
    32.4220413827417,
    811.3093935916423,
    1477.7505242407806,
    1149.7680326394202,
    1060.9870229625164,
    717.7871981185145,
    491.40522934554605,
    320.44966375699255,
    334.25234490240814,
    789.6826112940054,
    951.3790418737035,
    583.6142212701019,
    1114.7207110246618,
    947.3670972776705,
    1014.6094206311373,
    273.4524589114224,
    301.376308070651,
    449.88919066453343,
    610.0763745995421,
    342.28771342429326,
    264.7603610921004,
    476.6718653546947,
    341.9024684646832,
    494.37705120948806,
    442.32141603150905,
    396.94707605197914,
    627.2472470009468,
    76.37588730216544,
    80.3763705579937,
    229.30578398410674,
    502.16438204911464,
    118.4995790125873,
    74.62981809547564,
    605.4389468512476,
    465.5180077574224,
    120.89058758598571,
    61.20407805530217,
    90.32518055256325,
    220.4470500646743,
    144.81300135708312,
    64.49528064266832,
    148.76958822215428,
    88.32390416818703,
    61.34483615074946,
    125.38118716673965,
    181.58303809795788,
    29.257056123638147,
    11.814530091934692,
    26.86224577512467,
    23.446436471913874,
    9.525947640069553,
    26.527797696714966,
    107.90863461627575,
    52.09793011607859,
    157.39172494382169,
    300.6528222308743,
    197.96186324218408,
    79.0158322359659,
    358.1571105717812,
    425.57293028429325,
    322.85550667027786,
    276.0043784914172,
    47.845130052917014,
    56.20331752418831,
    47.250425167423295,
    21.53241892990695,
    113.16494942348348,
    134.3008005991263,
    175.62306592659695,
    302.49264831567893,
    84.56706289012452,
    89.72691185560282,
    145.97663716768812,
    77.77085854554936,
    81.38613155580074,
    5.559472075911704,
    70.11052327052701,
    329.32924978912666,
    198.46503923656255,
    174.33412522447247,
    98.21680894540852,
    80.6899041395859,
    78.63943258827535,
    102.73851456986252,
    121.20737894648842,
    216.32979621594865,
    379.5045181567746,
    83.72051718617722,
    65.90197115178444,
    254.7011171558945,
    43.9510522144863,
    111.30748078361617,
    51.27731453705252,
    208.20368205080734,
    23.711258005977466,
    138.19937677672027,
    122.21927870655816,
    255.36251871772973,
    302.21282726526636,
    705.2997583434875,
    23.093095435687673,
    73.24586097435392,
    0.0,
    278.2002024071568,
    63.552741221859755,
    43.08314342725895,
    10.023082780301573,
    114.70565540701931,
    213.07998616946605,
    197.954790174657,
    249.55007071311059,
    489.31286157550556,
    213.70705868304643,
    59.98790279212548,
    1.3951584591048207,
    4.005339869508775
  ],