{
  "assortativity": -0.07017955114742741,
  "betweenness_centrality": 389.38079470198676,
  "degree_distribution": [
    [
      0.0,
      3
    ],
    [
      2.0,
      5
    ],
    [
      3.0,
      3
    ],
    [
      4.0,
      4
    ],
    [
      5.0,
      4
    ],
    [
      6.0,
      13
    ],
    [
      7.0,
      15
    ],
    [
      8.0,
      17
    ],
    [
      9.0,
      22
    ],
    [
      10.0,
      20
    ],
    [
      11.0,
      19
    ],
    [
      12.0,
      16
    ],
    [
      13.0,
      19
    ],
    [
      14.0,
      19
    ],
    [
      15.0,
      15
    ],
    [
      16.0,
      10
    ],
    [
      17.0,
      10
    ],
    [
      18.0,
      8
    ],
    [
      19.0,
      7
    ],
    [
      20.0,
      7
    ],
    [
      21.0,
      7
    ],
    [
      22.0,
      8
    ],
    [
      23.0,
      3
    ],
    [
      24.0,
      11
    ],
    [
      25.0,
      4
    ],
    [
      26.0,
      1
    ],
    [
      27.0,
      2
    ],
    [
      28.0,
      4
    ],
    [
      29.0,
      2
    ],
    [
      30.0,
      1
    ],
    [
      31.0,
      2
    ],
    [
      32.0,
      1
    ],
    [
      33.0,
      3
    ],
    [
      34.0,
      2
    ],
    [
      36.0,
      2
    ],
    [
      39.0,
      1
    ],
    [
      40.0,
      1
    ],
    [
      43.0,
      1
    ],
    [
      50.0,
      1
    ],
    [
      53.0,
      1
    ],
    [
      54.0,
      2
    ],
    [
      55.0,
      1
    ],
    [
      56.0,
      1
    ],
    [
      74.0,
      1
    ],
    [
      75.0,
      1
    ],
    [
      91.0,
      1
    ],
    [
      92.0,
      1
    ]
  ],
  "density": 0.05282612043739412,
  "global_efficiency": 0.45601215228121134,
  "mean_clustering": 0.12408510823428562,
  "modularity": 0.12430468343640975,
  "path_length": 2.311921166838173,
  "small_worldness": 0.9935415715392761,
  "transitivity": 0.11125735521833385
}