{
  "assortativity": -0.09250156110676128,
  "betweenness_centrality": 384.182119205298,
  "degree_distribution": [
    [
      0.0,
      3
    ],
    [
      2.0,
      5
    ],
    [
      3.0,
      3
    ],
    [
      4.0,
      4
    ],
    [
      5.0,
      6
    ],
    [
      6.0,
      11
    ],
    [
      7.0,
      15
    ],
    [
      8.0,
      17
    ],
    [
      9.0,
      21
    ],
    [
      10.0,
      21
    ],
    [
      11.0,
      18
    ],
    [
      12.0,
      17
    ],
    [
      13.0,
      19
    ],
    [
      14.0,
      19
    ],
    [
      15.0,
      16
    ],
    [
      16.0,
      11
    ],
    [
      17.0,
      9
    ],
    [
      18.0,
      7
    ],
    [
      19.0,
      7
    ],
    [
      20.0,
      6
    ],
    [
      21.0,
      7
    ],
    [
      22.0,
      9
    ],
    [
      23.0,
      3
    ],
    [
      24.0,
      11
    ],
    [
      25.0,
      4
    ],
    [
      26.0,
      1
    ],
    [
      27.0,
      2
    ],
    [
      28.0,
      3
    ],
    [
      29.0,
      3
    ],
    [
      30.0,
      1
    ],
    [
      31.0,
      2
    ],
    [
      32.0,
      1
    ],
    [
      33.0,
      3
    ],
    [
      34.0,
      2
    ],
    [
      36.0,
      2
    ],
    [
      39.0,
      1
    ],
    [
      40.0,
      1
    ],
    [
      44.0,
      1
    ],
    [
      49.0,
      1
    ],
    [
      53.0,
      1
    ],
    [
      54.0,
      1
    ],
    [
      55.0,
      2
    ],
    [
      56.0,
      1
    ],
    [
      73.0,
      1
    ],
    [
      75.0,
      1
    ],
    [
      92.0,
      1
    ],
    [
      93.0,
      1
    ]
  ],
  "density": 0.05284812215352797,
  "global_efficiency": 0.45863860714469057,
  "mean_clustering": 0.11920210751952783,
  "modularity": 0.09999039795452166,
  "path_length": 2.2943604313006127,
  "small_worldness": 0.9614445896491866,
  "transitivity": 0.10434536228524328
}