{
  "assortativity": -0.09961834718077293,
  "betweenness_centrality": [
    549.3170331891895,
    368.5930584318722,
    861.9576177216563,
    488.8842172499785,
    66.20430599861177,
    354.19828133875245,
    367.7128479957138,
    254.63820459017623,
    41.26663946030378,
    73.45578978580755,
    426.2571029118755,
    370.15158330040924,
    1097.509549616623,
    1939.5374473880277,
    218.36282535115222,
    177.64678317979636,
    94.18887628636088,
    185.61078145509094,
    162.84917710425714,
    179.14970909707137,
    503.22553866250604,
    581.3364102834066,
    51.96968298931196,
    229.64170115418545,
    52.3973596972524,
    10.880254103583015,
    55.25808312297081,
    351.3450907273714,
    136.8025176274873,
    89.57301267490934,
    35.48048441811427,
    77.02237385661374,
    149.3211626810358,
    53.94394303368742,
    126.25560502326043,
    61.621254964663294,
    13.179885297024468,
    0.9557884901549398,
    9.368963328820625,
    178.93226279984523,
    174.64071500797124,
    51.938748722263774,
    43.158623779998194,
    481.5400215117841,
    426.800017023459,
    90.44441236913623,
    39.86475616254914,
    66.06791017314833,
    40.01352198289608,
    106.13936352105526,
    73.53746230283969,
    146.07345632340807,
    160.99618431621997,
    7959.640000730675,
    7866.635087642021,
    5113.745928225015,
    5589.0636025777985,
    1904.2949723421236,
    2695.988470421747,
    3203.417803307824,
    2799.2608449070735,
    528.0305061178705,
    352.8415964339898,
    399.8192868385299,
    538.6710081357946,
    444.50247717021966,
    964.4654800433656,
    803.7964130320854,
    1288.6166646173863,
    453.84587684798674,
    620.2694129028083,
    305.7108460346703,
    62.65202106124099,
    366.8916550170078,
    156.63438915571115,
    169.42436116056905,
    160.1057731335683,
    87.23769886381952,
    108.36088031304821,
    131.70274034695137,
    84.39959493504556,
    201.71224469731334,
    0.0,
    0.0,
    884.3799865496471,
    557.9500604231645,
    272.9002495914998,
    338.6186253108101,
    138.50266562281186,
    235.76109355963226,
    139.95395323010845,
    115.82748923894339,
    275.69273733963956,
    39.178742300891386,
    0.0,
    148.5137712841835,
    125.17043473177394,
    305.4282789637507,
    147.65214768779103,
    361.93198832395507,
    272.782913938204,
    61.169656331979844,
    42.030626782461546,
    39.99419296470883,
    454.61054207171276,
    306.60946471650885,
    263.40714573131635,
    49.53465663744536,
    13.646708967242686,
    59.117353072942066,
    2246.7014006268832,
    103.67518597778182,
    746.25207825912,
    143.59687945977214,
    183.47104992783474,
    551.2247635384912,
    1030.8671328288572,
    178.48164486149986,
    211.65827482417026,
    27.37000402732831,
    39.76570778966907,
    201.90769260163367,
    43.697089627729696,
    204.45012512583574,
    49.089248694641476,
    121.52766515901835,
    98.60557158037624,
    123.08608656049434,
    213.84854326546315,
    130.87228854322328,
    111.03207243087878,
    71.10238540328278,
    71.62402134710436,
    233.92989920794676,
    159.23189948628433,
    99.59239239431476,
    234.06979517932916,
    137.50528372242027,
    76.51715416224391,
    147.8622039372474,
    43.38702614879389,
    54.983524965698,
    100.9299322706409,
    183.57336300043812,
    75.1438325137848,
    20.14767951500649,
    83.44614653336396,
    72.47490775353212,
    115.10566520117015,
    128.1159280745964,
    108.78946631342309,
    271.32700651156847,
    384.1328543841563,
    123.19275650689545,
    167.06392968250665,
    245.05543881475123,
    230.48981077373475,
    41.2704044570244,
    2.613911305964264,
    92.97841155110319,
    160.42078368952963,
    163.90306967067445,
    74.78597585265165,
    41.13282904483226,
    152.639154568167,
    39.513630979289736,
    57.12932239088534,
    13.783197395242276,
    145.99032940448728,
    1.3712643678160918,
    0.0,
    42.54976084449431,
    2700.342355827266,
    2638.379011294284,
    39.028736617850164,
    37.569347738034715,
    83.87333580074095,
    407.3528117499275,
    785.0181452207378,
    458.6197991352885,
    745.4643669131158,
    219.67332381277134,
    627.222481692119,
    893.712396463697,
    772.8253578592096,
    97.8476375243329,
    68.83810371108093,
    915.5403231357399,
    1217.07497223022,
    1144.5286198900505,
    837.342635876884,
    538.0238768675039,
    721.7051896452762,
    291.8076074420987,
    276.3521184837737,
    286.4181880311339,
    1002.5869580187631,
    695.1997867622961,
    1107.6137154570251,
    900.0819980459628,
    934.905345258903,
    285.8349047902341,
    342.3126877310627,
    608.1644867904976,
    854.4836977532744,
    87.8172924081767,
    287.3161276470045,
    379.15735150041195,
    318.1647954176206,
    537.4236663148658,
    434.83684496667183,
    349.2467516653043,
    507.20826766046736,
    332.95307992846676,
    140.87503534214528,
    223.4724615879579,
    518.9275341475549,
    117.92851378826155,
    80.21675522882455,
    563.6496427054543,
    492.9406237721102,
    77.44099437518376,
    191.10772218659514,
    123.51590890583138,
    246.19201253151525,
    104.54594467624568,
    43.2021059321515,
    151.33734147912662,
    100.8508160179542,
    146.3816401380846,
    100.08677938920378,
    111.33219943908351,
    25.55783998893264,
    16.129406760005804,
    25.90614531622436,
    41.837828775451605,
    2.241958594075625,
    32.19534985961265,
    89.2320971968194,
    160.70654594730385,
    201.20807853397517,
    627.066474923262,
    96.54513296406482,
    119.72727979542873,
    324.7256243077103,
    430.9895311830193,
    251.51228104456376,
    155.2694621097089,
    34.869885275749006,
    74.17810665794576,
    29.151163067583646,
    41.60745876655077,
    91.92374175233846,
    147.718678797552,
    225.8702392938054,
    351.63199586550195,
    148.46659460255108,
    104.44518549594015,
    362.2127491529049,
    158.6715233546104,
    129.15827949423212,
    4.075599763113855,
    74.25736539972998,
    358.9227250014076,
    145.60015865156524,
    199.88303539138664,
    66.27620286737483,
    80.61047368815721,
    57.56324894171759,
    45.728960818625104,
    160.64613687665798,
    172.1911796231527,
    477.28576986322116,
    36.084412540509284,
    43.9487751555463,
    194.61651731669804,
    30.888647277846964,
    101.09788467617507,
    69.5884737888199,
    106.15316026190486,
    16.1818329264347,
    74.91259588648313,
    100.64756586969513,
    174.51079369046124,
    575.299368056996,
    425.88062253684427,
    10.723941772993214,
    48.38430927691832,
    0.0,
    378.725048517196,
    59.124100630827634,
    24.336117655703905,
    13.242186339766551,
    96.4664383570804,
    242.52187189787054,
    238.33365879608533,
    290.7393457905745,
    344.48920423658853,
    202.40244362286305,
    41.41205973337653,
    2.4902577412168205,
    5.7499601504110105
  ],