{
  "assortativity": -0.08926925774780393,
  "betweenness_centrality": 383.24172185430467,
  "degree_distribution": [
    [
      0.0,
      3
    ],
    [
      2.0,
      5
    ],
    [
      3.0,
      3
    ],
    [
      4.0,
      4
    ],
    [
      5.0,
      4
    ],
    [
      6.0,
      13
    ],
    [
      7.0,
      15
    ],
    [
      8.0,
      18
    ],
    [
      9.0,
      20
    ],
    [
      10.0,
      22
    ],
    [
      11.0,
      17
    ],
    [
      12.0,
      17
    ],
    [
      13.0,
      19
    ],
    [
      14.0,
      19
    ],
    [
      15.0,
      16
    ],
    [
      16.0,
      9
    ],
    [
      17.0,
      10
    ],
    [
      18.0,
      9
    ],
    [
      19.0,
      6
    ],
    [
      20.0,
      6
    ],
    [
      21.0,
      7
    ],
    [
      22.0,
      9
    ],
    [
      23.0,
      3
    ],
    [
      24.0,
      12
    ],
    [
      25.0,
      3
    ],
    [
      26.0,
      1
    ],
    [
      27.0,
      2
    ],
    [
      28.0,
      3
    ],
    [
      29.0,
      3
    ],
    [
      30.0,
      1
    ],
    [
      31.0,
      2
    ],
    [
      32.0,
      1
    ],
    [
      33.0,
      3
    ],
    [
      34.0,
      2
    ],
    [
      36.0,
      2
    ],
    [
      39.0,
      1
    ],
    [
      40.0,
      1
    ],
    [
      44.0,
      1
    ],
    [
      50.0,
      1
    ],
    [
      53.0,
      1
    ],
    [
      54.0,
      2
    ],
    [
      55.0,
      1
    ],
    [
      56.0,
      1
    ],
    [
      74.0,
      1
    ],
    [
      75.0,
      1
    ],
    [
      92.0,
      1
    ],
    [
      93.0,
      1
    ]
  ],
  "density": 0.05291412730192955,
  "global_efficiency": 0.4591446466157694,
  "mean_clustering": 0.12763627278638404,
  "modularity": 0.12113949670000859,
  "path_length": 2.2911838396492326,
  "small_worldness": 1.0316130033885698,
  "transitivity": 0.1055523176083379
}