{
  "assortativity": -0.10544480746355231,
  "betweenness_centrality": [
    553.665449027206,
    393.1217770697002,
    995.0886219602912,
    539.1677639941776,
    99.50856504745246,
    370.9207159292931,
    405.2119680264166,
    468.3444913172229,
    33.80167988628477,
    27.855274819344125,
    230.4470155804118,
    222.06093969111836,
    1011.1667191327348,
    2049.1048910551426,
    364.99710626816676,
    106.84502563759817,
    53.980501252881204,
    127.36044377203216,
    431.32782941405344,
    178.09194049818203,
    511.18402860194334,
    563.3369373627977,
    50.69331465755763,
    189.9051484730832,
    102.98469193199111,
    20.193603981474077,
    67.3232213378469,
    389.71932783246564,
    143.19727232060194,
    25.677892543535677,
    54.246201347738335,
    74.71062682430363,
    110.81429265918202,
    53.5779476561691,
    199.35746945157564,
    95.85018192248222,
    11.397545482805551,
    0.0,
    8.237378874136697,
    239.73057454170615,
    170.7145916088672,
    27.53391790545608,
    61.48121597585238,
    352.1027343237068,
    439.09410240197764,
    92.3420204927994,
    66.39340593783945,
    13.32824614583388,
    24.39482702733214,
    128.64245464944503,
    71.84166455818306,
    110.56076109395175,
    206.66812503711756,
    7906.4396369754395,
    8894.640706485541,
    5214.675761093918,
    4928.6118354958835,
    1853.8599717054642,
    2925.289232322769,
    3156.7009351477163,
    3028.6513747918784,
    623.126916090517,
    299.01942166610803,
    666.7214159654501,
    581.8587027698533,
    500.52618198368884,
    898.1520379582752,
    740.082451130193,
    937.5579069040435,
    691.5897042990631,
    736.4792644852655,
    378.043636795285,
    79.28976410312534,
    179.3662446437157,
    129.97387612735014,
    146.05271144503197,
    109.59786894708438,
    85.64825497232286,
    136.79364159327102,
    186.0113665553369,
    177.00106190635856,
    83.18310838387397,
    0.0,
    0.0,
    466.32133996592825,
    575.3740035041988,
    211.35199782205473,
    346.89760238291166,
    149.61044232674553,
    225.29123494837557,
    237.59320424079795,
    105.43095870847806,
    174.50669517357917,
    36.629504071068816,
    1.5540052836764946,
    69.90340797865703,
    132.81655151628343,
    195.61973795793907,
    162.03908365423678,
    400.04392419560446,
    171.77818603656965,
    27.012820874386595,
    66.31708350677486,
    37.36231093297554,
    408.21129345103844,
    486.6993476298186,
    139.0866150907501,
    31.687976003913022,
    16.07843111723868,
    64.41541166352717,
    2318.401114366375,
    90.52802823511799,
    599.1635454309902,
    129.64852527016313,
    192.30218163232874,
    749.6763787113448,
    1148.667213305867,
    243.2136094208678,
    231.88211534758082,
    55.235712421235775,
    57.95318365355936,
    172.28617325894965,
    53.90617877116743,
    104.81151048665856,
    70.76495188065104,
    112.94322639254526,
    108.89954267044598,
    162.00980574965288,
    455.8725751548664,
    80.1373746736746,
    158.29802350486642,
    60.559825707847715,
    37.4381109546799,
    157.26922762374818,
    157.32066423864282,
    115.13707091945672,
    110.20191253166429,
    159.70512616926425,
    106.34673295294222,
    148.47984286845482,
    61.253775514889995,
    113.09039426971914,
    245.35170510454523,
    138.8924368997269,
    43.46005334432098,
    24.903397904223556,
    144.49958254350076,
    79.15452984136228,
    145.2244681225156,
    51.1211610315856,
    90.33850610218065,
    389.02041958243274,
    442.220235213086,
    108.08747709497607,
    183.0542687177796,
    196.56632648502526,
    193.30619994212657,
    17.948175135999787,
    6.982103189057299,
    145.8518839799541,
    144.23946238486354,
    61.53820347052073,
    131.64739355121992,
    67.29815908215414,
    144.80301160847964,
    50.60740312364398,
    57.12533947637553,
    18.176116322126813,
    134.92903354627634,
    4.926998206633756,
    1.4506990756990756,
    49.685944986664545,
    2634.73491764699,
    2410.2928497168296,
    62.49993075289126,
    28.944433023773232,
    83.96283238550359,
    539.7130302082462,
    494.5846938766665,
    455.5212406770638,
    770.5537911624186,
    139.39601156871382,
    398.1867879610711,
    909.0687167201075,
    754.1991881559757,
    86.06899786613192,
    31.519499803368838,
    951.3896279040873,
    1160.813899012321,
    1404.2928050690623,
    1099.2222509730027,
    730.9018952711732,
    441.4471922900535,
    211.1729619864749,
    189.21876396484768,
    304.0276466652771,
    952.9613229213583,
    512.0181711779265,
    1124.557390051948,
    834.8817041878323,
    1150.9264025806026,
    373.80666886533675,
    438.00045844368157,
    371.51815331639904,
    650.3229236573554,
    173.3270771218854,
    242.76597474304478,
    357.134809776913,
    430.3820717202548,
    361.82833558714225,
    427.34072506145606,
    233.636735353482,
    696.242980401403,
    92.22356104671971,
    106.6147657787017,
    165.92247200780818,
    386.95607050592884,
    219.7927236004983,
    41.88216278797484,
    763.4360821914066,
    405.2456486730024,
    91.22385757843308,
    86.26103066140517,
    176.66813509450947,
    179.06240738417262,
    103.44802099914814,
    146.99638381136063,
    148.49977426008567,
    88.08963397972079,
    48.81621819279154,
    80.3128514146143,
    233.0407339589853,
    22.062169396208557,
    1.5762853829420667,
    30.616701517964135,
    47.598026979486214,
    4.937914758826236,
    24.426777837622936,
    93.0100517199343,
    82.55250569808574,
    259.33301424998564,
    315.13595152882164,
    56.78864580815689,
    56.771733080895245,
    236.88217121023987,
    384.4787391864525,
    264.5796894602947,
    169.54614421386177,
    34.79087203010011,
    38.67625041830607,
    27.286452755630087,
    23.46241376822158,
    147.71256217284935,
    187.98402244514645,
    156.04502899970046,
    202.21146690841468,
    82.69955174000741,
    69.79010087142491,
    124.20282684222252,
    182.0677169367697,
    47.46783085682424,
    15.721857450809239,
    63.09417567228023,
    478.3414176160511,
    131.77036516623025,
    140.0704366889374,
    105.53239789467065,
    76.87737749278547,
    64.2095447107438,
    92.28385873131684,
    75.08298480250583,
    201.69550549676504,
    610.8811118048955,
    92.26621329320017,
    47.346262721316705,
    246.14594330041797,
    35.512218916572806,
    86.09376416086589,
    75.48638096686119,
    101.58313192013317,
    37.083467040046216,
    87.57525604877587,
    80.66518219497964,
    204.66960260293712,
    216.11177707034074,
    736.0130496336549,
    53.027765672279635,
    69.27923935333322,
    0.0,
    296.6713185480522,
    24.587759030990757,
    22.12568606368886,
    25.49918507999089,
    78.81907907862832,
    228.5643260326301,
    208.1742161816064,
    163.48525668116605,
    235.90706148547343,
    204.88529065623587,
    32.92772195452506,
    1.3339529249540438,
    44.3298792435208
  ],