{
  "assortativity": -0.07853269192912714,
  "betweenness_centrality": [
    561.730658706656,
    700.1182636087555,
    902.5327139216964,
    582.1409681550214,
    75.71109280246614,
    375.8394556735203,
    324.65074161549387,
    399.51565093845574,
    8.613217050590222,
    60.72169749622044,
    473.20292383148114,
    245.07736186822416,
    1294.3585971560353,
    1429.2209568291557,
    224.67470475366895,
    118.78224371554519,
    65.48849088421701,
    102.74992768044967,
    221.16016112330624,
    215.91079655030427,
    715.1833298320721,
    582.6041589165459,
    40.32071622539057,
    166.34016605622273,
    29.00925660789288,
    22.81625807810256,
    61.488478398571345,
    485.8375773109311,
    152.34979640273113,
    21.002844186342486,
    34.717344674324174,
    161.05988256852788,
    152.44676683227007,
    71.39030093263109,
    101.96888091230295,
    65.05316597257938,
    10.395882711644479,
    5.715957170848474,
    3.630715165327791,
    259.15415963675207,
    231.39705813389534,
    58.368082072972015,
    66.8750883969339,
    273.8666820583792,
    491.72400381538245,
    99.54667222262898,
    63.60532990156956,
    19.790188650412958,
    51.40020398367329,
    156.70268748267318,
    67.15307941255361,
    163.8458512866502,
    188.70767651844386,
    8236.776382450416,
    7660.136042005451,
    5152.1908097901705,
    5027.447706368366,
    2419.9144462782506,
    2848.243447694841,
    3196.654960527948,
    2971.2549724057853,
    784.2771894153622,
    438.8499419261919,
    879.5444614011861,
    395.40400993185716,
    696.259988150782,
    849.2421987235193,
    844.6055015908082,
    946.1000836453813,
    548.022847379704,
    533.9037469369493,
    332.2940999683018,
    80.40985296094146,
    253.04603543957433,
    192.28203625439758,
    110.24720489846244,
    89.0257296480717,
    124.06460448671412,
    339.53052395739957,
    113.90446843038823,
    162.9904146891047,
    118.94864028681019,
    0.0,
    0.0,
    418.88218365115904,
    478.4737126018897,
    256.67790770425506,
    388.5310455122525,
    314.30451742184863,
    215.35405871402125,
    229.0040496414393,
    170.88905620643484,
    127.84327067425198,
    40.64764432441094,
    1.7675971087735793,
    73.26518054423853,
    153.73071340753788,
    190.43498501052494,
    139.39119358641298,
    507.2039934382508,
    140.9805158841027,
    37.816214373014965,
    70.73943979049396,
    33.67372932126224,
    313.7340616474236,
    421.2190955841548,
    215.51942795927945,
    25.904838446792642,
    31.964673176140884,
    63.73425227878267,
    2043.4252442686864,
    110.884604469447,
    941.9801712775452,
    294.90523704285573,
    151.49974218126295,
    629.7246176793541,
    1085.987280334423,
    266.8229425619898,
    243.9155238992061,
    22.9484150743031,
    39.06171737008205,
    262.2221718602008,
    53.32052333632896,
    69.99188939504414,
    133.86179073306363,
    130.4273335291909,
    84.23183190157447,
    131.4576985179984,
    431.1412465325989,
    182.98205683824372,
    134.64860375478264,
    166.40039108840665,
    82.15240122379096,
    258.2532406237207,
    179.24317116285954,
    123.7726553592747,
    139.5060629501304,
    167.08088042223227,
    78.46024588227743,
    213.87125487635703,
    65.69898520092431,
    65.44916830070855,
    158.0516016322046,
    134.87773719830167,
    40.789573231592705,
    36.73574924866712,
    77.60032919758802,
    38.825059446704614,
    140.90773126418225,
    110.34391075394151,
    120.50365934875394,
    240.55845020296576,
    412.3420085554825,
    168.41314897940492,
    303.1300543172384,
    197.14666677282113,
    197.54289530090378,
    21.733463245618182,
    1.91627967284164,
    72.31105815575864,
    188.35423666261678,
    95.25537872130863,
    85.54066347738828,
    34.77702685331369,
    182.05807880902492,
    122.69316281306564,
    40.663952177037984,
    9.46665135950699,
    145.5909340083358,
    0.995970695970696,
    2.0714819962646054,
    107.5537991282601,
    2414.413674863718,
    2647.8135477520577,
    42.89507975298971,
    23.826302747881805,
    37.38725088765506,
    478.1369639350466,
    567.7984893441256,
    342.6928538940122,
    592.4889252143379,
    150.26473868030044,
    608.1925734105209,
    712.7997253945337,
    665.1269063327777,
    74.23227501972572,
    35.979658270239455,
    978.9453946108687,
    1125.5075134173537,
    1740.8187675029799,
    983.7555015201634,
    597.539841288784,
    574.989034349396,
    390.78346343164884,
    163.6331269507076,
    256.89024049556497,
    951.6435824894845,
    660.8847616177375,
    910.8686205060562,
    960.0000456245607,
    1002.3745816630102,
    267.6470881784829,
    220.65512043266295,
    441.3638639823628,
    620.3199966152675,
    113.82962924378671,
    235.77846749422702,
    403.2601793253744,
    177.89618725011147,
    529.1637992553295,
    825.606316877828,
    371.50106971624206,
    485.6999303313885,
    58.98436240048693,
    74.55238358844167,
    325.16296419133687,
    428.81377661153715,
    136.070410918238,
    76.28161611999717,
    788.3561763025251,
    393.98724630273995,
    76.67484937910032,
    104.76868229876335,
    134.09778269992933,
    301.6306313544785,
    100.8521583279635,
    76.99470980243183,
    211.62960571569675,
    114.39761698194467,
    89.67846510662585,
    65.7196847820754,
    130.2814929536359,
    16.35255968634359,
    19.292848902762724,
    53.952145413931355,
    24.266240838192033,
    2.1207543569071716,
    38.85628857370639,
    71.63409720778255,
    95.68621418429318,
    226.94568688821198,
    205.93764960623244,
    122.96262772480517,
    112.64849013150472,
    272.4085958131693,
    596.4092415704707,
    298.93301122934014,
    269.52698964590417,
    31.19118802616485,
    74.74057574319056,
    31.033855762217332,
    37.689933523575974,
    178.1587422866016,
    165.34100556201412,
    109.31065017931613,
    253.75153980619186,
    103.08708159116182,
    170.8535160928288,
    187.78752702760883,
    132.50186141948828,
    49.91459080519369,
    5.390148707717082,
    115.63959013640816,
    374.6871882815793,
    172.0963297277893,
    167.69991676777596,
    141.5725483813324,
    38.56921120353721,
    81.9274564443539,
    106.91798058270487,
    111.87984732324794,
    402.2941919497527,
    470.2829163450051,
    62.06285485766207,
    41.16360191335834,
    212.43357747860642,
    39.96310583699592,
    124.08465291461742,
    68.35081628224603,
    111.11469059200807,
    23.01944444269256,
    89.92181395434942,
    88.78931227306933,
    271.95136088329565,
    274.7997867890244,
    358.1673489962917,
    13.90269449414362,
    98.54868416547838,
    0.0,
    321.39564230222544,
    36.43113201132361,
    19.260945454309045,
    25.68697235207189,
    187.99055272200837,
    282.3924468014264,
    317.0409539137164,
    171.26106205379259,
    217.41555639330736,
    380.5359975402512,
    34.942496765749475,
    0.9825185016601861,
    8.789050937106552
  ],