{
  "assortativity": -0.09180288551147579,
  "betweenness_centrality": [
    482.8126449210186,
    317.52246192094833,
    843.5203502220348,
    466.004171131879,
    87.54345231633437,
    269.8868776436389,
    378.43808700726834,
    344.18104457477796,
    45.738279511805395,
    60.11966032787233,
    398.6149437234301,
    202.2890493647867,
    1328.0778928900343,
    1329.8155028227861,
    246.15100916944624,
    97.36513346393248,
    66.24914123836015,
    160.41149445550684,
    250.03515949365442,
    154.38736260734157,
    522.8089631970807,
    512.630282529622,
    40.074901975432766,
    191.09681703957284,
    43.556138551721745,
    17.095479534603054,
    93.75433125537444,
    406.2669245176868,
    107.75015465630351,
    38.29073878868181,
    32.65472482651698,
    92.73795057517724,
    170.17762333660593,
    69.9154718009543,
    272.5701581963277,
    58.29632596074912,
    16.533421071847204,
    0.0,
    12.184495605365989,
    197.47692548519464,
    246.27550316115608,
    38.99748270360784,
    43.653398031756765,
    314.08576497822776,
    421.618716493897,
    66.81224218964657,
    52.35145187611499,
    42.25507418867699,
    17.853934354509704,
    97.5845763129232,
    45.525296569049196,
    168.92775228093726,
    129.64277116415118,
    7995.849154098692,
    8028.04019606858,
    5847.098663038416,
    5436.920242363975,
    1670.655255470542,
    3102.3695397499673,
    2404.805833199197,
    3136.6654250044307,
    546.5606114725322,
    359.37642251455685,
    308.2162800051045,
    525.6662795066974,
    572.4828420981094,
    929.0434392352254,
    688.4345176479321,
    866.2191248205257,
    807.8540928840096,
    655.5791660916099,
    372.6463594743329,
    94.74934704101578,
    190.37487661492528,
    91.45266590333493,
    169.49290237365858,
    174.64836688813247,
    341.956286753373,
    177.6492654560127,
    116.51362474032601,
    112.867545375648,
    124.73423084019042,
    0.0,
    0.0,
    238.5539854931824,
    1029.811017483047,
    228.42542485134655,
    260.3161887908412,
    165.66842636201505,
    271.327671552065,
    313.805124480088,
    110.61750880801549,
    116.94417008083614,
    52.64822795777858,
    1.8035818667851502,
    70.75655042239114,
    119.28805378916695,
    237.38350384803374,
    142.82667449235706,
    382.92768784621035,
    195.0721182157924,
    60.784734468377444,
    51.170600284664154,
    28.124355276393256,
    329.96490942631345,
    307.3226796302682,
    186.1837328272763,
    39.11923031025031,
    12.460630067440546,
    72.5414632501618,
    2264.025880319477,
    127.12455230101418,
    662.3428930830703,
    248.04781481064214,
    250.5343075044306,
    686.9705278559003,
    1126.5015710492996,
    229.75844209653366,
    477.92525855281383,
    29.128862332165397,
    61.35356039955863,
    130.05110360461939,
    64.95834580636038,
    118.8740221740844,
    64.68310866983494,
    167.5805543302978,
    58.515262014688304,
    92.83373044538142,
    280.12179838256986,
    166.7219167520143,
    179.9063912370465,
    64.00527819098352,
    63.821179915925164,
    218.88785005117592,
    147.2092365755809,
    91.47794439955676,
    111.9446820818038,
    113.46648704845305,
    122.77955144335176,
    162.12163043638287,
    67.4764241592269,
    107.91660530644603,
    225.56075452732895,
    189.58325711200536,
    145.8298093684796,
    21.942116223307963,
    100.94597571122475,
    62.57587934755008,
    150.91336009167733,
    108.2294820518106,
    94.69299891387372,
    257.715873635447,
    385.03803443204737,
    178.5545594195371,
    219.31104103434058,
    216.39412310712672,
    174.46551610053524,
    9.465839338264727,
    7.395082213274813,
    109.22860799373915,
    119.62348741213424,
    92.56072313636615,
    147.491602072616,
    53.60253877145332,
    130.0870634811242,
    95.50109978916426,
    26.843953852816078,
    17.762771264226696,
    188.28119784888997,
    1.754159695564031,
    0.0,
    60.73509381924777,
    2909.308456981835,
    2609.885927396943,
    48.509693868923556,
    45.32708822973684,
    22.02561483910302,
    689.6007213900788,
    687.298467002402,
    529.1292336046764,
    448.42220161776777,
    202.199840985691,
    562.4042923199222,
    833.5211157121753,
    1122.3835107956309,
    86.9930937305886,
    35.231020763611184,
    1164.3176392106884,
    1192.1177851907503,
    1576.5461752059625,
    1048.3481152625545,
    539.5222473117929,
    464.09438919330887,
    283.87730937613276,
    243.09842815137665,
    572.8432881965613,
    1055.4716813997572,
    583.3798338010697,
    730.8340950598499,
    724.2825252037458,
    854.2392475140203,
    322.1020690082835,
    343.1342622371788,
    441.3456802610847,
    823.4484243553268,
    150.43035852127372,
    264.55604006364,
    386.7481408937623,
    311.83953049455835,
    782.4218033967687,
    444.20181363547545,
    342.3456905283844,
    637.0934932508908,
    78.52233067417146,
    120.8149215456067,
    473.2682113308744,
    287.8386803571628,
    219.69301383233324,
    71.84034469767407,
    676.7987144266208,
    478.98537214395134,
    86.90081349392753,
    73.71654886327568,
    138.05917362847254,
    223.63588052500322,
    225.60997929892244,
    80.74136319869943,
    133.43094649745981,
    71.72461952932161,
    178.76416658759268,
    64.39129084419753,
    114.20279857205566,
    28.482097218582883,
    8.736755674702193,
    37.15142141332838,
    72.64095015157578,
    5.650915098412161,
    45.41172819427486,
    66.42796318269319,
    87.25532257917182,
    164.93788212348483,
    217.47388293621822,
    179.35726360741674,
    100.43147642858034,
    336.09004859802354,
    537.4016071199574,
    281.02068440376706,
    286.16469595397774,
    43.367975421371945,
    57.38185772505366,
    188.1771285589777,
    55.19685809172291,
    157.1963782131731,
    104.2301790436392,
    108.45358370178103,
    209.88834856452073,
    304.8889428995106,
    109.68315876372759,
    161.58738633588953,
    145.36058629651782,
    49.238296077910235,
    3.504202440962815,
    87.56219590281013,
    494.58213707024225,
    136.81337441006622,
    139.9558071799963,
    152.3584911500674,
    69.55696580607774,
    29.106922609301883,
    38.165103119382074,
    146.00173717533502,
    197.99637825745245,
    405.3653618174879,
    105.76639923334315,
    31.489893110829417,
    296.05395146476917,
    55.7702329952765,
    98.20708873065381,
    57.48887029065563,
    89.6469876889084,
    21.247783355789483,
    91.61488997443081,
    124.72373398720576,
    131.45253865395347,
    277.8298553387496,
    441.4178046121779,
    41.15630280229734,
    64.9694273489998,
    0.0,
    376.39367065065096,
    52.54746545862411,
    47.69865125104562,
    35.335420684190446,
    57.282247118024145,
    231.0940262141068,
    136.030702035816,
    155.75493547191758,
    493.91093378224224,
    139.17847826132902,
    39.89442627478525,
    2.267468493427573,
    15.159151663713173
  ],