{
  "assortativity": -0.09447118230240069,
  "betweenness_centrality": [
    851.9745612007891,
    421.71710266797476,
    837.7531728760961,
    599.9605654263031,
    171.1249685710603,
    430.3203086346947,
    435.33922652601353,
    273.3357852168556,
    58.852955264753305,
    53.208987569895804,
    324.9936166167989,
    292.28980511785664,
    893.974114481107,
    1687.2058918885596,
    168.34308522143556,
    164.66419151469674,
    75.19972405999323,
    184.76008485588824,
    253.1162341380015,
    219.77457792270994,
    560.502083664129,
    419.73953580833455,
    78.35368210269836,
    163.75072841742428,
    25.545471259601356,
    24.08369901319583,
    23.67726749474276,
    390.62811318351606,
    140.63950712311384,
    34.788251745199815,
    39.38250541028879,
    89.20070868240107,
    87.2327254659952,
    97.69706596678598,
    88.26411170961636,
    59.402389448436914,
    9.000417960617025,
    4.145386409460017,
    2.7347589804628,
    220.0736976420537,
    180.76982082010045,
    49.419368247236584,
    85.53516701735255,
    311.9084362517336,
    467.0901613234858,
    60.26206982487141,
    64.18188542721205,
    43.025740661441446,
    18.810513662302633,
    76.41869453830647,
    84.06965237049216,
    182.91950388301743,
    122.1303423756328,
    8069.978466882981,
    8373.83183360832,
    5587.860643972494,
    4343.849384994944,
    2009.759479480828,
    3319.8404054960483,
    2525.13936243861,
    3515.614192534413,
    430.67118134920275,
    310.9168927665279,
    554.099684291118,
    602.378315029086,
    518.7573609118522,
    747.1767799121337,
    741.4954692340799,
    951.075860957159,
    578.0932477945514,
    598.6269060087072,
    356.7456679605345,
    73.41177222640938,
    215.74644931945937,
    117.12485248005818,
    399.3573311457413,
    125.31196925308855,
    92.59605446741821,
    156.38066028944107,
    91.22439071025687,
    118.55028027913274,
    211.71351430554063,
    0.0,
    0.0,
    336.650155728117,
    740.7420590228008,
    242.64826340617435,
    281.66881702686993,
    172.53193532671295,
    175.82250842922153,
    172.15463608379207,
    95.93008270824414,
    226.2228234761771,
    65.00067197195945,
    0.0,
    90.3727161160878,
    163.530128151879,
    175.24656502243297,
    98.28498345188297,
    248.50155414972104,
    170.81826714127857,
    35.034702242166844,
    54.42041800511716,
    55.06962842269196,
    344.23135208715087,
    467.6589825064537,
    172.50515854154094,
    33.598928926009556,
    27.56882502155652,
    20.301705529476713,
    2148.722247112465,
    66.82220746170437,
    829.0340874455443,
    213.8353063521553,
    263.45143014127666,
    615.4852237602298,
    1089.3538719083986,
    177.66340382619342,
    190.3727683173701,
    84.37359259839901,
    45.07174633514098,
    232.23483482719232,
    69.9542802775312,
    183.6500619907692,
    70.56386289174381,
    115.43943718890092,
    71.35534962415912,
    148.55569138832047,
    229.7268354189026,
    86.77689339050343,
    258.9015967463283,
    68.50710300466768,
    71.11352980454676,
    415.4924047265107,
    175.8878120268912,
    97.52650556983893,
    80.63176946207788,
    100.94065266592189,
    108.1041727843605,
    220.35873188225173,
    74.17798722813201,
    67.0253222145397,
    198.08124396243173,
    265.96529224682547,
    69.06316706531724,
    21.373926782297644,
    123.46470847033336,
    30.54753933942527,
    134.61103289154903,
    135.71420352005777,
    77.67523788870244,
    326.33278141956106,
    429.57391914487,
    132.73466770557275,
    242.5669821421306,
    138.45542450521205,
    159.10929870234054,
    59.12162987936344,
    4.90917148173109,
    89.19703627728836,
    98.60864756412876,
    79.18318713777204,
    68.25082796047332,
    49.00651360130338,
    180.33868214206387,
    59.42261719460067,
    106.42877282610107,
    11.252468184358822,
    174.7109459200749,
    0.9735721705451819,
    0.0,
    41.85186736811431,
    2674.4973477179365,
    2662.5591300363462,
    42.77771703116093,
    33.089798712630426,
    72.97787582549863,
    885.2732018828884,
    1130.3552336546763,
    566.6543637854859,
    657.8816027484054,
    315.84116068969655,
    456.4970346580436,
    720.7066979576192,
    707.2576408436714,
    111.16861226211763,
    57.69661553990222,
    836.1481628896661,
    1299.256604027124,
    1494.066449388505,
    1231.5469767799223,
    846.7210042038155,
    591.1694419512294,
    286.6227273632082,
    287.41313576967445,
    311.5374252010141,
    1156.6400569904347,
    620.739818721435,
    690.4483543741813,
    914.9301274146372,
    948.4020536065944,
    411.40894459841195,
    336.79087578148045,
    483.1296306005041,
    678.8105576332745,
    94.78800686005614,
    285.58907098836085,
    313.1619516956966,
    404.4846585297803,
    414.2864239655953,
    598.5066408929683,
    332.68020970147853,
    424.80835286248305,
    130.56922758965536,
    59.030918629837714,
    223.78753679797472,
    364.56114876491085,
    156.6546555984157,
    108.03132573544607,
    682.1411586368283,
    355.804199072156,
    82.09578977551665,
    262.8319468435285,
    156.44425170314486,
    264.5734951266635,
    74.31417652398625,
    70.25801580196502,
    208.38912671629149,
    72.87671419687767,
    59.58613727615661,
    108.80889441982953,
    189.2313993551384,
    16.083139472691673,
    8.300889450064092,
    58.485348209343094,
    23.126127673690526,
    5.998451614285289,
    56.04816435154339,
    76.02165045146226,
    90.51990263429782,
    129.62498914691318,
    198.59421162043373,
    103.19426308343385,
    97.7319605346485,
    200.37227544762393,
    489.7361164873532,
    360.01296170900065,
    263.9794430210888,
    31.87273794583449,
    59.34949292878888,
    13.589284811910247,
    42.60396646421256,
    138.09035281107816,
    162.73353767865294,
    160.8139050035104,
    311.5567819361153,
    62.94600406299579,
    62.54973434211461,
    187.18151610696685,
    206.77274324306728,
    47.58979331475622,
    9.82747482427024,
    122.03173459335477,
    282.35430986008146,
    192.19747979070934,
    156.30143958174196,
    99.35637167369609,
    101.48273836431463,
    83.23933056813733,
    194.733339152098,
    122.0391051402944,
    256.96649550706036,
    380.3008916732316,
    108.94503274392203,
    34.52110747175448,
    319.89606103473403,
    54.35450303878064,
    78.18357282826805,
    30.17428189058033,
    85.20896675730889,
    13.130736786421393,
    54.65392934186565,
    128.82840920579375,
    175.3026924382635,
    245.8789054154455,
    441.02473002302503,
    11.70710072009115,
    124.63067738722017,
    0.0,
    532.1127687121696,
    52.09611416654413,
    7.75531599494052,
    49.29554223408714,
    174.84178238292662,
    217.05676512840256,
    157.155957386052,
    241.86968827150005,
    256.6104826247734,
    167.0851176752071,
    46.55042176798429,
    1.7543005798810751,
    24.979976877366735
  ],