{
  "assortativity": -0.08199000873347297,
  "betweenness_centrality": 387.3377483443709,
  "degree_distribution": [
    [
      0.0,
      3
    ],
    [
      2.0,
      5
    ],
    [
      3.0,
      3
    ],
    [
      4.0,
      4
    ],
    [
      5.0,
      4
    ],
    [
      6.0,
      13
    ],
    [
      7.0,
      15
    ],
    [
      8.0,
      17
    ],
    [
      9.0,
      22
    ],
    [
      10.0,
      20
    ],
    [
      11.0,
      18
    ],
    [
      12.0,
      17
    ],
    [
      13.0,
      19
    ],
    [
      14.0,
      19
    ],
    [
      15.0,
      15
    ],
    [
      16.0,
      10
    ],
    [
      17.0,
      11
    ],
    [
      18.0,
      7
    ],
    [
      19.0,
      8
    ],
    [
      20.0,
      5
    ],
    [
      21.0,
      7
    ],
    [
      22.0,
      9
    ],
    [
      23.0,
      4
    ],
    [
      24.0,
      10
    ],
    [
      25.0,
      4
    ],
    [
      26.0,
      1
    ],
    [
      27.0,
      2
    ],
    [
      28.0,
      3
    ],
    [
      29.0,
      3
    ],
    [
      30.0,
      1
    ],
    [
      31.0,
      2
    ],
    [
      32.0,
      1
    ],
    [
      33.0,
      4
    ],
    [
      34.0,
      1
    ],
    [
      36.0,
      2
    ],
    [
      39.0,
      1
    ],
    [
      40.0,
      1
    ],
    [
      44.0,
      1
    ],
    [
      50.0,
      1
    ],
    [
      53.0,
      3
    ],
    [
      55.0,
      1
    ],
    [
      56.0,
      1
    ],
    [
      74.0,
      2
    ],
    [
      92.0,
      1
    ],
    [
      93.0,
      1
    ]
  ],
  "density": 0.05282612043739412,
  "global_efficiency": 0.45700314624540717,
  "mean_clustering": 0.1265790969910742,
  "modularity": 0.08555071048531374,
  "path_length": 2.3050199096237303,
  "small_worldness": 1.0167797421014781,
  "transitivity": 0.10831693209457427
}