{
  "assortativity": -0.08190614971795643,
  "betweenness_centrality": 386.0430463576159,
  "degree_distribution": [
    [
      0.0,
      3
    ],
    [
      2.0,
      5
    ],
    [
      3.0,
      3
    ],
    [
      4.0,
      4
    ],
    [
      5.0,
      4
    ],
    [
      6.0,
      13
    ],
    [
      7.0,
      15
    ],
    [
      8.0,
      18
    ],
    [
      9.0,
      21
    ],
    [
      10.0,
      20
    ],
    [
      11.0,
      19
    ],
    [
      12.0,
      16
    ],
    [
      13.0,
      19
    ],
    [
      14.0,
      19
    ],
    [
      15.0,
      15
    ],
    [
      16.0,
      10
    ],
    [
      17.0,
      10
    ],
    [
      18.0,
      8
    ],
    [
      19.0,
      7
    ],
    [
      20.0,
      8
    ],
    [
      21.0,
      6
    ],
    [
      22.0,
      8
    ],
    [
      23.0,
      4
    ],
    [
      24.0,
      10
    ],
    [
      25.0,
      4
    ],
    [
      26.0,
      1
    ],
    [
      27.0,
      2
    ],
    [
      28.0,
      3
    ],
    [
      29.0,
      3
    ],
    [
      30.0,
      1
    ],
    [
      31.0,
      2
    ],
    [
      32.0,
      2
    ],
    [
      33.0,
      2
    ],
    [
      34.0,
      2
    ],
    [
      36.0,
      2
    ],
    [
      39.0,
      1
    ],
    [
      40.0,
      1
    ],
    [
      44.0,
      1
    ],
    [
      50.0,
      1
    ],
    [
      53.0,
      1
    ],
    [
      54.0,
      1
    ],
    [
      55.0,
      2
    ],
    [
      56.0,
      1
    ],
    [
      74.0,
      1
    ],
    [
      75.0,
      1
    ],
    [
      91.0,
      1
    ],
    [
      93.0,
      1
    ]
  ],
  "density": 0.05282612043739412,
  "global_efficiency": 0.457641196013289,
  "mean_clustering": 0.12613542992761317,
  "modularity": 0.10709885369461422,
  "path_length": 2.300646503512147,
  "small_worldness": 1.0151249931942925,
  "transitivity": 0.10842939172081127
}