{
  "assortativity": -0.11053265512367969,
  "betweenness_centrality": 382.9668874172185,
  "degree_distribution": [
    [
      0.0,
      3
    ],
    [
      2.0,
      5
    ],
    [
      3.0,
      3
    ],
    [
      4.0,
      4
    ],
    [
      5.0,
      4
    ],
    [
      6.0,
      13
    ],
    [
      7.0,
      15
    ],
    [
      8.0,
      17
    ],
    [
      9.0,
      21
    ],
    [
      10.0,
      22
    ],
    [
      11.0,
      17
    ],
    [
      12.0,
      18
    ],
    [
      13.0,
      18
    ],
    [
      14.0,
      19
    ],
    [
      15.0,
      15
    ],
    [
      16.0,
      10
    ],
    [
      17.0,
      10
    ],
    [
      18.0,
      8
    ],
    [
      19.0,
      7
    ],
    [
      20.0,
      6
    ],
    [
      21.0,
      7
    ],
    [
      22.0,
      9
    ],
    [
      23.0,
      4
    ],
    [
      24.0,
      10
    ],
    [
      25.0,
      4
    ],
    [
      26.0,
      2
    ],
    [
      27.0,
      1
    ],
    [
      28.0,
      3
    ],
    [
      29.0,
      3
    ],
    [
      30.0,
      1
    ],
    [
      31.0,
      2
    ],
    [
      32.0,
      2
    ],
    [
      33.0,
      3
    ],
    [
      34.0,
      1
    ],
    [
      36.0,
      2
    ],
    [
      39.0,
      2
    ],
    [
      44.0,
      1
    ],
    [
      50.0,
      1
    ],
    [
      53.0,
      1
    ],
    [
      54.0,
      2
    ],
    [
      55.0,
      1
    ],
    [
      56.0,
      1
    ],
    [
      73.0,
      1
    ],
    [
      74.0,
      1
    ],
    [
      92.0,
      1
    ],
    [
      93.0,
      1
    ]
  ],
  "density": 0.05282612043739412,
  "global_efficiency": 0.4593903324459307,
  "mean_clustering": 0.12488019448830895,
  "modularity": 0.10824337214762488,
  "path_length": 2.290255469553935,
  "small_worldness": 1.0095264670174366,
  "transitivity": 0.1039253816104218
}