{
  "assortativity": -0.08773940250605476,
  "betweenness_centrality": 385.4867549668874,
  "degree_distribution": [
    [
      0.0,
      3
    ],
    [
      2.0,
      5
    ],
    [
      3.0,
      3
    ],
    [
      4.0,
      4
    ],
    [
      5.0,
      4
    ],
    [
      6.0,
      13
    ],
    [
      7.0,
      15
    ],
    [
      8.0,
      17
    ],
    [
      9.0,
      21
    ],
    [
      10.0,
      21
    ],
    [
      11.0,
      20
    ],
    [
      12.0,
      15
    ],
    [
      13.0,
      19
    ],
    [
      14.0,
      20
    ],
    [
      15.0,
      14
    ],
    [
      16.0,
      10
    ],
    [
      17.0,
      10
    ],
    [
      18.0,
      8
    ],
    [
      19.0,
      7
    ],
    [
      20.0,
      6
    ],
    [
      21.0,
      7
    ],
    [
      22.0,
      9
    ],
    [
      23.0,
      3
    ],
    [
      24.0,
      11
    ],
    [
      25.0,
      4
    ],
    [
      26.0,
      1
    ],
    [
      27.0,
      3
    ],
    [
      28.0,
      2
    ],
    [
      29.0,
      4
    ],
    [
      31.0,
      2
    ],
    [
      32.0,
      1
    ],
    [
      33.0,
      3
    ],
    [
      34.0,
      2
    ],
    [
      36.0,
      2
    ],
    [
      39.0,
      1
    ],
    [
      40.0,
      1
    ],
    [
      44.0,
      1
    ],
    [
      49.0,
      1
    ],
    [
      53.0,
      2
    ],
    [
      55.0,
      2
    ],
    [
      56.0,
      1
    ],
    [
      74.0,
      1
    ],
    [
      75.0,
      1
    ],
    [
      92.0,
      1
    ],
    [
      93.0,
      1
    ]
  ],
  "density": 0.052870123869661834,
  "global_efficiency": 0.4580408938563874,
  "mean_clustering": 0.12775792188891977,
  "modularity": 0.11249987818360382,
  "path_length": 2.2987673929578096,
  "small_worldness": 1.02916588460071,
  "transitivity": 0.10744886144345812
}