{
  "assortativity": -0.09121015698769007,
  "betweenness_centrality": [
    439.3681369657352,
    473.82785413357647,
    1033.2692516262744,
    529.6249457661258,
    86.79587637067738,
    260.9280103944042,
    422.7445741613551,
    375.06539987676365,
    17.45047333108509,
    39.19010161781918,
    347.0145925638566,
    209.3942571690648,
    1326.1425332426174,
    1282.8860949677135,
    455.4318767843892,
    184.01506106068427,
    58.042564533445876,
    130.61229112073667,
    212.411151857769,
    212.9783281431436,
    479.8189668271287,
    697.8388843342308,
    45.46955189846664,
    219.7316833404115,
    53.606812801676824,
    19.71136641459492,
    42.2607462053588,
    463.5989995413147,
    118.70910286904412,
    24.979523865012514,
    11.112546388678544,
    63.58877376369308,
    130.54167468724344,
    62.572943225177774,
    161.43189909375886,
    76.265244752231,
    3.933291913879763,
    1.3000540204737596,
    11.171675364905024,
    246.67815924855586,
    229.98764695320727,
    148.208406268047,
    53.023043639640484,
    325.77237910588167,
    442.3006196864245,
    75.09713757248046,
    34.89739961080336,
    18.712484959816877,
    5.014791076118745,
    168.35790692408557,
    74.74263631574085,
    161.8040059393392,
    130.50678227189385,
    8031.025738948806,
    8138.542371095213,
    5055.118237688119,
    4706.317115022774,
    1708.0714071714783,
    3224.8548696238404,
    3229.155478267039,
    2794.9691348372494,
    477.5066705465292,
    379.862395970722,
    511.36132517257664,
    665.5797940174073,
    580.3188436306061,
    933.6106382901237,
    805.9116874784949,
    1263.964100404007,
    458.1034558657995,
    773.4680982510997,
    319.86625040900515,
    67.7371091387519,
    221.71944339780703,
    158.71320195808158,
    233.01643862227616,
    146.96540667570375,
    118.08167518092073,
    149.08895831697194,
    83.20619219562988,
    112.58174267246915,
    135.83612953175128,
    0.0,
    0.0,
    348.7913852083796,
    509.4671972604839,
    221.7497401780283,
    337.55040209241093,
    233.66519558112276,
    150.36003647115015,
    204.38805454039948,
    99.49427354941685,
    160.86649948600387,
    50.22858562002132,
    1.2833333333333334,
    72.06522793224356,
    178.72670992222473,
    255.65613911225321,
    174.7390881559866,
    270.84655606331154,
    169.33151994302492,
    39.5431737453772,
    39.04062371628469,
    53.26805825431366,
    462.10855351698257,
    408.9687962808367,
    141.83618211917775,
    67.52766875766532,
    23.311911401895088,
    53.36445395444199,
    2553.112403965317,
    302.89133864407665,
    765.5113080780577,
    159.00753063225747,
    311.623238368261,
    650.3256187142837,
    901.0268016014028,
    290.1226426255655,
    327.31696358930105,
    45.56065820596806,
    36.026731740053336,
    174.19815537147636,
    65.49948055530685,
    100.65280271848629,
    51.24477549155473,
    173.55745632376133,
    98.20805747476334,
    160.41464209415096,
    227.54776494580014,
    77.47835098451468,
    120.68601035802801,
    73.0760251088105,
    76.93628104675112,
    167.99583312107325,
    155.73790017513636,
    106.57726615582584,
    92.25557472206489,
    135.53142802419106,
    100.4545816904591,
    105.22012625381463,
    44.25171653303595,
    97.05620484374028,
    173.03913920368421,
    161.85326264921267,
    67.38730322334574,
    15.858668489781113,
    106.22691302399508,
    80.55273117407197,
    167.48619255981535,
    452.067650111439,
    70.52746265449068,
    323.8227927321152,
    346.25601754139484,
    233.38191271930592,
    222.11247425171956,
    273.38588070436555,
    357.4878416373643,
    21.241651478219076,
    1.7723220798779846,
    66.12326392116968,
    74.02726680276275,
    49.39285475482671,
    51.3459614924401,
    82.52817974354554,
    82.39307523175931,
    93.55591381396289,
    51.73568000852847,
    15.972348172235376,
    200.6754590359638,
    0.9760146800469381,
    0.0,
    61.13076501619715,
    2460.760189771624,
    2758.7793853327644,
    33.11790348684511,
    36.745584910554776,
    58.67894508381943,
    567.5862420371341,
    698.9414099812919,
    455.747684426533,
    666.2577697774714,
    178.57792912013764,
    611.198735026362,
    904.4885896694709,
    700.8717784194661,
    87.55380760357922,
    32.56483018723733,
    883.8388473250283,
    972.368406861927,
    1533.8111539957451,
    1134.1139822330406,
    590.7281499806376,
    499.9565746216934,
    386.4129283166943,
    217.0573635995927,
    291.7026758413387,
    1105.9612814857849,
    714.4090015500157,
    1301.637171643374,
    1185.3247963115234,
    1124.4770715893148,
    214.32493635101793,
    276.254061783215,
    539.2664437647982,
    730.1778300662729,
    135.7389257472303,
    242.3171228086244,
    405.2528622581391,
    280.1199982558198,
    516.1052379181258,
    528.3545791100827,
    317.1046868984116,
    657.476657327723,
    86.78748249939198,
    140.3688828544116,
    159.75448218055988,
    397.1595299445429,
    182.83482123690496,
    72.52453661008511,
    887.3116820597279,
    443.5260270842659,
    52.47782328017176,
    84.00665156323977,
    172.875032620268,
    229.58122480213655,
    162.11102090802942,
    85.16122268273321,
    226.61548442489197,
    79.69849559304822,
    68.30315953566193,
    96.32599830444667,
    127.06276170432561,
    6.203965403475338,
    17.968375039939676,
    28.415465544054737,
    33.96188798609443,
    3.249534202821949,
    21.289739111694523,
    55.91452450950804,
    96.0701006768349,
    166.96609704064846,
    228.63305448058404,
    73.23865093042993,
    120.20393713480294,
    275.53787480067285,
    477.80408068549974,
    245.4357507164346,
    139.8288571846266,
    67.26354319364812,
    67.34247876983218,
    26.97975455257926,
    21.271426441829934,
    141.49835838049492,
    119.3142727632789,
    127.72389863359139,
    271.8003645232136,
    139.74187649407867,
    110.77288176580765,
    95.994505727817,
    153.96111446563552,
    24.341134298054925,
    4.688129728121987,
    86.19204662303774,
    450.81706286818104,
    322.6470202628203,
    225.21331353846728,
    107.79988562811893,
    56.846408965076115,
    38.624898757280974,
    108.10307340159477,
    158.1594991896046,
    200.92924798686101,
    430.68938124492803,
    107.39363891377184,
    64.70074535508199,
    182.30209141885774,
    66.1604626697184,
    99.89555307239864,
    62.58872008174228,
    141.01110852918663,
    25.1838983482465,
    106.88755362581604,
    67.61002030194,
    133.06127168168453,
    376.56257515802156,
    577.6794132945001,
    27.804355474611093,
    61.16813642074843,
    0.0,
    424.0676336451203,
    32.18680198094197,
    38.67387035713554,
    24.457157058022123,
    127.84399180987636,
    251.72342260139925,
    211.2174151660643,
    140.6261008338551,
    217.7960942675128,
    234.34852145961761,
    23.145888739176232,
    0.3753689366896914,
    31.344400568374674
  ],