{
  "assortativity": -0.07069681845860148,
  "betweenness_centrality": 389.3907284768212,
  "degree_distribution": [
    [
      0.0,
      3
    ],
    [
      2.0,
      5
    ],
    [
      3.0,
      3
    ],
    [
      4.0,
      4
    ],
    [
      5.0,
      4
    ],
    [
      6.0,
      13
    ],
    [
      7.0,
      15
    ],
    [
      8.0,
      17
    ],
    [
      9.0,
      21
    ],
    [
      10.0,
      21
    ],
    [
      11.0,
      18
    ],
    [
      12.0,
      18
    ],
    [
      13.0,
      18
    ],
    [
      14.0,
      19
    ],
    [
      15.0,
      16
    ],
    [
      16.0,
      10
    ],
    [
      17.0,
      9
    ],
    [
      18.0,
      8
    ],
    [
      19.0,
      7
    ],
    [
      20.0,
      6
    ],
    [
      21.0,
      8
    ],
    [
      22.0,
      8
    ],
    [
      23.0,
      3
    ],
    [
      24.0,
      11
    ],
    [
      25.0,
      4
    ],
    [
      26.0,
      1
    ],
    [
      27.0,
      2
    ],
    [
      28.0,
      4
    ],
    [
      29.0,
      2
    ],
    [
      30.0,
      1
    ],
    [
      31.0,
      2
    ],
    [
      32.0,
      1
    ],
    [
      33.0,
      3
    ],
    [
      34.0,
      2
    ],
    [
      35.0,
      1
    ],
    [
      36.0,
      1
    ],
    [
      39.0,
      2
    ],
    [
      44.0,
      1
    ],
    [
      50.0,
      1
    ],
    [
      53.0,
      1
    ],
    [
      54.0,
      1
    ],
    [
      55.0,
      2
    ],
    [
      56.0,
      1
    ],
    [
      74.0,
      1
    ],
    [
      75.0,
      1
    ],
    [
      92.0,
      1
    ],
    [
      93.0,
      1
    ]
  ],
  "density": 0.05284812215352797,
  "global_efficiency": 0.4558856424134415,
  "mean_clustering": 0.12056870978380439,
  "modularity": 0.11880847322367331,
  "path_length": 2.3119547223837857,
  "small_worldness": 0.9650988186185864,
  "transitivity": 0.11160637750728614
}