{
  "assortativity": -0.08176214579325831,
  "betweenness_centrality": [
    893.1399311945153,
    491.1541641725039,
    783.3745101545497,
    525.6577097934799,
    99.92616572163287,
    296.6310370472327,
    388.09143704178,
    317.388039912692,
    32.95808771732376,
    60.3998159788715,
    504.8460937329552,
    223.9786317877684,
    1221.4680848076227,
    1743.426851113429,
    347.4730096151884,
    170.03611836008588,
    54.61680375929128,
    102.77374134352681,
    135.41105863503378,
    238.54859434213662,
    496.5787211849508,
    609.2334122901469,
    75.01362346488648,
    111.98925052284555,
    45.273690300944395,
    10.541797437887553,
    62.22767888569762,
    431.0929773564773,
    135.9332567092452,
    8.574767752476085,
    45.42836877590433,
    84.19813336643571,
    252.40270582869945,
    108.7227838008384,
    227.3021948801315,
    70.41480588379918,
    10.062576180646586,
    1.979595494111623,
    5.726114430339937,
    153.97093837072515,
    233.20228171356803,
    41.66462595653916,
    72.73803003744614,
    495.00872254882233,
    396.4919723364096,
    52.40047839411327,
    36.04597702484371,
    61.17674340992665,
    30.70752218955594,
    144.8095415582769,
    58.78064113340322,
    201.17726361476684,
    228.0468571626314,
    7861.271180108436,
    7833.835513912311,
    6674.809532834734,
    5098.615353403519,
    1780.324531237502,
    3334.8148545005265,
    2567.694327809071,
    2435.2444658051822,
    768.4701722611593,
    296.918516037734,
    618.2110739783549,
    603.7792520836045,
    363.38089841666635,
    1094.1286986282985,
    800.3381159278892,
    879.2440959932994,
    523.1033183716138,
    458.9758744683981,
    313.3048184098513,
    60.877418296209804,
    212.61667955896579,
    148.71323790260823,
    178.34232659018036,
    146.21528314194106,
    128.30650844441377,
    102.37265062177677,
    127.66995956982765,
    128.97320159271948,
    144.64408138369254,
    0.0,
    0.0,
    390.93077100345045,
    504.949732655199,
    233.44547207275613,
    301.1839952566772,
    302.47161001839135,
    201.0427874166196,
    186.9184983888233,
    81.41748079883268,
    105.25063697924864,
    62.086313185054465,
    0.0,
    127.99412922324663,
    123.73922797141141,
    332.0077535181991,
    175.1482970719574,
    316.3759261334219,
    242.235276577281,
    38.02642951286552,
    48.47279352497441,
    39.44955733000975,
    428.26254114565154,
    315.6447343177285,
    188.918124602121,
    119.36047512563233,
    37.97723704045568,
    99.71479766706553,
    2202.9003585865767,
    100.8208724317137,
    653.992026386477,
    154.73908308371745,
    215.00427091143598,
    433.70313103006964,
    1192.3302278103447,
    215.53513282084646,
    249.82419256521274,
    68.70177408804511,
    33.929653650761544,
    199.04474478451428,
    83.96600980041993,
    104.4087381460602,
    71.26369812224237,
    139.13967478567184,
    88.18294812353838,
    167.7625489807139,
    432.4333913688578,
    167.6099399497441,
    214.39550891138651,
    59.34356734508109,
    47.50309549138859,
    164.73496495048937,
    177.35082150780565,
    71.20214252932263,
    157.9138869804438,
    129.44066339322424,
    130.43721759026192,
    184.54960333072216,
    66.86042998471382,
    136.05887539640352,
    207.95626934671677,
    153.38850456833396,
    205.1209460213938,
    54.87671700777707,
    210.47454345423546,
    56.62026155396844,
    103.71592935943212,
    95.70306331901212,
    101.75716679725173,
    461.3080878247048,
    321.7118220302209,
    147.70652199408545,
    204.4198443295591,
    287.7587877948223,
    224.0391861812592,
    25.266547694406963,
    9.751303285293432,
    99.60073842056092,
    127.34276155366256,
    119.10030870319935,
    70.24710969975574,
    28.647787496416495,
    82.00254709244889,
    61.08039037468921,
    43.166071302549625,
    28.27841794598946,
    182.81879340532987,
    40.96812452450336,
    3.3468954195572853,
    37.948278424179506,
    2273.385206817454,
    2913.7181878080232,
    24.32882732439745,
    50.63395862983507,
    66.13608895554137,
    603.996506495839,
    784.897129650296,
    333.3949755043979,
    462.9702521023629,
    197.34246194348248,
    807.3266457705433,
    783.5563716236584,
    599.7881076200479,
    119.8420909396331,
    43.26797243327602,
    850.2723900084775,
    1104.2635088318991,
    1595.482079119761,
    1260.0439992432157,
    410.82824701806686,
    390.58314988106434,
    315.1589981767657,
    133.94711803933606,
    334.48414816625484,
    1033.245334011586,
    461.1762154465899,
    854.3197277980084,
    600.3440755893741,
    817.4983379396375,
    253.9394783554261,
    232.72275240638803,
    490.2991076540556,
    1151.2904701726766,
    115.43745516765605,
    191.8015146925464,
    465.6039974307967,
    382.6695209984332,
    475.22450864502196,
    428.3213804468486,
    424.06441316335497,
    730.3003152783153,
    35.58452520493489,
    89.74014206927609,
    210.61465479708912,
    368.6196910034158,
    234.73987429916943,
    146.34292909888055,
    719.0730072565193,
    636.4608076976781,
    60.90712569583703,
    45.494975541507074,
    211.96799789468446,
    192.39833403929052,
    236.11835249528374,
    110.32685388705875,
    177.02306282357654,
    124.15461396301339,
    66.5477391311909,
    90.14424554645292,
    134.06663540254655,
    27.822927669340203,
    7.374746125476285,
    23.791072296531965,
    25.27269647230844,
    11.437731432160337,
    94.22079649874296,
    109.7180055968011,
    75.26614633832236,
    205.3969230698058,
    251.83257445269396,
    62.72933838801437,
    120.5290169730396,
    275.4181698499107,
    513.6226898869668,
    211.57503456172952,
    300.73875585229655,
    33.053670708791415,
    62.963829736900365,
    50.583099868572944,
    39.37098285515917,
    85.02020949051845,
    233.04766331896752,
    283.9326062576622,
    255.90097684027637,
    112.89567186171537,
    88.89805717269905,
    148.19792206645522,
    134.9734020419413,
    61.43785881801629,
    9.629066254199428,
    103.48696783469447,
    804.5626831954438,
    223.67444798083548,
    122.95234978326464,
    191.86870389230177,
    82.36557888052691,
    72.79389649847646,
    55.55810464192777,
    166.7404740147346,
    179.24500194278977,
    470.7625684294004,
    81.29943167329549,
    56.82648644336432,
    169.32878209948393,
    64.44642131764692,
    136.22460893101635,
    69.2895494771318,
    52.947236212561926,
    155.344514480976,
    93.69322765282189,
    184.3231440447634,
    164.86771563843647,
    350.81137880047777,
    523.177701328087,
    31.407483563188887,
    56.381580598536544,
    0.0,
    381.3084450526449,
    22.34434407433804,
    12.74315186804785,
    17.96408159526618,
    166.668788415136,
    292.6429386833663,
    417.9222276561583,
    186.1590735864829,
    293.23184758805473,
    257.6721654502343,
    31.406690436243263,
    35.34436529451646,
    21.682205219360288
  ],