{
  "assortativity": -0.10363708730939515,
  "betweenness_centrality": [
    479.72203259677275,
    330.23649372563676,
    584.8757679845011,
    397.48428397059274,
    65.19031349022588,
    196.43705981675302,
    334.6889771924788,
    258.55884544078555,
    22.044556076988556,
    153.85219326658776,
    381.6615758151941,
    208.60130831058896,
    1005.2645824418472,
    1528.0692693575875,
    308.386983930518,
    271.8848094111964,
    78.32079946313756,
    129.99881595398196,
    235.95838047685385,
    187.85788919331563,
    619.6179014514457,
    454.09667481181395,
    57.24868815174655,
    181.42314055167975,
    31.53194539161185,
    21.34226031437654,
    39.7550263956775,
    484.6310914676542,
    166.9019444910204,
    35.67739259694551,
    58.02534538842307,
    79.73952719129956,
    124.64077322430079,
    54.7130173926312,
    117.42043843875949,
    55.355749472591846,
    16.119832626707908,
    3.316813310621359,
    15.951765440396525,
    179.45844784430065,
    261.4016442932547,
    17.58983112500781,
    169.61411441989014,
    363.55468445387,
    321.9875488064799,
    111.95836061651946,
    185.33161433276,
    33.31379540394618,
    18.343661063361075,
    106.08224819207418,
    54.86185470770544,
    249.0676459447221,
    163.67846098038274,
    7603.120929380015,
    7948.568958954939,
    4953.421632503717,
    5214.731347222122,
    1539.0072103194502,
    2586.6557920436735,
    2790.2805795697823,
    2761.2080906363626,
    367.5233326768745,
    306.18648001927977,
    590.740839354636,
    467.90629662337795,
    537.6227560015697,
    817.3785519743045,
    721.3444631835376,
    971.3304395711435,
    570.1767256908964,
    630.6167917382406,
    413.92885505565164,
    32.59103167482168,
    205.3132217694032,
    139.40195842067092,
    239.2411459158925,
    138.08140777147239,
    125.4879886194443,
    184.15635228121454,
    153.65226881410942,
    131.84230799245788,
    278.25151781268204,
    0.0,
    0.0,
    284.2179112220757,
    637.4204589455462,
    247.9951548941342,
    300.3574050735681,
    212.6579663172089,
    258.0394587434861,
    269.75453808303024,
    107.94369422901343,
    206.37939781076275,
    61.125904787544975,
    2.916599788341123,
    160.7954349400593,
    124.80650224727773,
    230.3846565317949,
    116.84389538562323,
    314.25983886205097,
    140.35151788474508,
    46.675983015806025,
    22.142178120905594,
    55.03873216971043,
    396.3795179260323,
    440.31712230119655,
    129.24935262244117,
    74.29946497184356,
    30.63628883023664,
    57.691981491536346,
    3027.063451026583,
    131.2824237374133,
    557.7080940800022,
    214.7557747335606,
    205.37548208052684,
    824.5576843821672,
    974.9870178905219,
    345.6147742167811,
    716.1942690034825,
    26.270483736615244,
    59.35775812292676,
    168.67720744942142,
    72.36902351105158,
    106.6594399720136,
    57.79521608196611,
    184.9545754369107,
    108.10217315008911,
    170.07166288985624,
    298.9515728316789,
    99.65077918766289,
    170.61455285289108,
    63.44720995209036,
    57.789328293325966,
    154.62097707933353,
    224.38107000959144,
    70.05015941001481,
    207.62302268391377,
    119.07629532611188,
    135.01422618997927,
    182.23612092788122,
    50.03668957101772,
    75.77383185318338,
    161.68560362734868,
    186.66092812505482,
    118.37057646543515,
    24.613794364337643,
    84.75239427235856,
    28.511258021481932,
    120.32055331703762,
    84.62302583081231,
    113.9314047295518,
    259.2642602641974,
    414.3590275774181,
    136.92923825364872,
    311.7415476683888,
    171.54916777780107,
    152.42229594964365,
    39.4247079061783,
    6.51248820263184,
    75.71313849000724,
    91.08616006761562,
    67.42804073355796,
    68.96211120367626,
    174.80669530049744,
    99.37721915808027,
    30.892014542866676,
    34.80365724826367,
    13.88749113955409,
    142.15011851104012,
    1.2890972383241066,
    4.821491127713363,
    60.29103819570704,
    3175.3366805114792,
    3192.1426741396494,
    28.172874901459707,
    78.94991568040882,
    41.05355233634883,
    767.5477151275869,
    685.5222396529066,
    486.8457320492738,
    598.0956085012182,
    400.3676956028121,
    559.3608968314663,
    745.4114914321482,
    722.3492823168789,
    73.22993644311792,
    26.126459862895675,
    1339.0202035908524,
    1447.0983847847947,
    1469.5394544691221,
    1045.465623253524,
    557.3509763928914,
    495.52917627065597,
    296.45932466024846,
    165.42984531898028,
    369.26394928975066,
    980.6650543608358,
    359.6659434042687,
    999.104852146862,
    1246.5216413616608,
    1014.8754143774473,
    371.98565525495155,
    277.4230641791778,
    489.3734087515496,
    852.2892160763008,
    139.46780076884116,
    212.56492488368912,
    495.1098554816468,
    426.07765354453403,
    452.3514348444719,
    545.75989580814,
    335.44160445008566,
    604.4819272360306,
    67.76429480684932,
    101.90153451106947,
    197.934205798719,
    367.04456645230823,
    187.11665298805536,
    71.84522924122453,
    734.3823470100842,
    545.1970295467833,
    78.18545303036461,
    67.72500078196276,
    149.96827513193165,
    180.6269562655544,
    154.09175713690277,
    73.88979961912467,
    199.81931202513545,
    133.9413871082549,
    80.39273953635063,
    146.3784873101132,
    125.78657798856989,
    21.23830412635326,
    5.639056939966966,
    18.538121228905503,
    100.7662561417583,
    4.009037895707339,
    29.043803679165155,
    236.14320612240238,
    61.204575656411656,
    182.4094509835406,
    251.1148647397475,
    81.26924202424995,
    107.97818207527219,
    193.18639292303013,
    616.4351824447084,
    302.22254308449357,
    281.65958744066273,
    41.103054058502956,
    69.83344991347722,
    12.220702668414562,
    37.74397759825681,
    112.6412159243009,
    221.87047112033198,
    197.05965298971168,
    194.41750071278443,
    108.99923314643758,
    118.17372953012432,
    104.55105909092295,
    298.14223750780735,
    59.6754367687082,
    1.6305560303386393,
    102.05099595154137,
    434.9073120761189,
    294.09930210693364,
    170.8605474860807,
    101.73833338629649,
    45.65233736587192,
    86.02843010356597,
    55.68648710386709,
    150.29405642857603,
    200.2089049709888,
    343.73354057399683,
    126.59742392068203,
    90.4247870478317,
    214.11319091193164,
    56.918298767782204,
    80.96632790757614,
    52.754012868633865,
    185.0281551617105,
    9.514963294134004,
    64.72905499301122,
    85.50273944637985,
    294.1760725669098,
    203.10793396523005,
    499.5107803496946,
    12.59642179670638,
    35.804048326392966,
    0.0,
    264.1095492538216,
    26.297314343849926,
    15.461083106491715,
    14.708626111610947,
    69.03453924633442,
    344.206896942543,
    188.6367695464288,
    187.3877059055318,
    353.7044291710097,
    374.0650577159586,
    32.151102067389296,
    4.901481645289696,
    27.04895288045206
  ],