{
  "assortativity": -0.07092667574583886,
  "betweenness_centrality": [
    505.44870676263156,
    627.8590971609708,
    2303.448008186342,
    1380.2362883859248,
    113.99520753534597,
    918.1619153755648,
    555.6078732114703,
    201.00866065484863,
    70.483233868054,
    696.505025658902,
    744.116823216515,
    700.2540159421523,
    1501.3369983528692,
    996.7499358283551,
    588.9722004754325,
    147.46328240509834,
    0.0,
    130.31626443450347,
    304.6806666956605,
    426.79246058999604,
    539.733550280065,
    803.7286030611514,
    183.6789107199594,
    420.4873041061053,
    31.075448152047976,
    45.66196916631388,
    136.49484805490317,
    1205.246021921987,
    353.4023976514804,
    0.0,
    147.13188633673056,
    45.820258772225465,
    321.06605993865867,
    90.5803032123358,
    157.93642751100973,
    136.52062799673178,
    0.0,
    0.0,
    18.83127828054298,
    675.7366160503453,
    1289.1657990820659,
    107.76982747821071,
    40.559081952432344,
    676.5607773063844,
    558.0700929893301,
    0.0,
    0.0,
    21.946025950131087,
    20.857630982174758,
    116.86896412675023,
    80.28657030411647,
    544.6860674445021,
    419.9629163092573,
    4058.9786882569233,
    6747.699810555292,
    2264.1766507123803,
    1539.1448101575863,
    3454.2865440530927,
    3633.72947224683,
    2865.9262834595283,
    1425.944997642712,
    1136.1843007879359,
    1072.3046766857894,
    913.2533146328794,
    1955.4308963033127,
    1399.3173944416762,
    2609.9003737469416,
    732.8119436469838,
    1077.8675847073791,
    616.8495546226142,
    747.9145435144763,
    359.1009267728215,
    0.0,
    340.903693563023,
    224.96099506294044,
    114.95368294163121,
    139.97034611455285,
    656.3068978320294,
    59.411620865119,
    201.7596499353286,
    352.1858190775225,
    357.9826524351542,
    0.0,
    0.0,
    511.39196068817665,
    741.6991717980052,
    267.6357670014261,
    1247.8674307908625,
    155.29483934560147,
    651.4158919890772,
    441.8393209810758,
    258.7681190126397,
    90.08123640696705,
    146.51310093307518,
    0.0,
    0.0,
    57.98425360895515,
    44.23094523131174,
    203.19144989751072,
    191.1117516162875,
    109.73839811620044,
    0.0,
    0.0,
    97.31473535955296,
    121.25795093737862,
    213.11488088105492,
    0.0,
    0.0,
    100.57763161930043,
    0.0,
    3246.142971357227,
    0.0,
    861.3899244656585,
    482.7303267783044,
    1141.8390806627228,
    781.6392870841493,
    2009.5359723563354,
    31.621281243621407,
    122.12517421835852,
    181.34960439860592,
    26.596389210204997,
    114.5888371730975,
    351.636991596829,
    328.38712522065623,
    415.4550680148639,
    191.35131328690173,
    228.48684760033734,
    681.0515184801972,
    568.6613845857947,
    206.66866891356028,
    437.36137495119414,
    0.0,
    0.0,
    30.705391801430704,
    261.8941787216276,
    0.0,
    74.47714315444055,
    465.6142642206466,
    322.81316154690353,
    827.4287863972677,
    0.0,
    0.0,
    0.0,
    0.0,
    28.528518805043188,
    112.72339181582262,
    0.0,
    0.0,
    0.0,
    324.8324991942479,
    137.62792640679575,
    1030.2802263236322,
    872.1944288084527,
    86.27875509207948,
    383.3870702945549,
    207.2942768914403,
    154.37672387437524,
    75.32734697415958,
    2.738954146212211,
    162.41860677232484,
    194.0711717823171,
    321.6196482802481,
    77.58255741698416,
    958.9693329445363,
    582.9501750978517,
    197.9465794310113,
    0.0,
    0.0,
    47.0752279587426,
    9.416322055137845,
    0.0,
    102.46345796204865,
    4144.714177373791,
    3714.743034660328,
    136.7864576096717,
    0.0,
    427.7158331685907,
    677.7863950095068,
    1044.1681388981556,
    704.0200802573706,
    1198.926996225978,
    653.5786638671749,
    767.7820580455844,
    1755.0214546232169,
    1229.531970058605,
    254.35998269574307,
    79.28327807041126,
    1788.1847295756454,
    2165.8509125508886,
    1383.6717741691139,
    1264.8778254777712,
    775.1689262978007,
    434.8259381211225,
    340.5905672633468,
    436.78352379897126,
    696.5449440747137,
    804.4883184044817,
    849.2977531083042,
    1685.532961162048,
    1463.6899002262562,
    1105.1658680633445,
    364.946562914112,
    417.9385313701639,
    1184.7747553068843,
    1162.147260931217,
    227.85324364972283,
    692.400347488376,
    266.76490666117127,
    60.82468237140565,
    881.6638932287392,
    602.2339977252464,
    103.44757577649536,
    636.8257032337921,
    347.13803836494895,
    0.0,
    0.0,
    50.91557066084931,
    384.7120726906301,
    506.39928499588723,
    983.752449495173,
    190.3674234579957,
    86.90414994027593,
    239.82303570778805,
    322.6972721779325,
    579.3752815633628,
    524.8273682891517,
    85.07488264986824,
    90.96800140078773,
    0.0,
    0.0,
    191.24602583498583,
    0.0,
    0.0,
    0.0,
    0.0,
    0.0,
    0.0,
    0.0,
    0.0,
    0.0,
    297.4094917234601,
    126.96716668767746,
    108.26287678193337,
    98.88126476143475,
    222.57978633630844,
    303.27913818024194,
    243.9567122242747,
    541.2419138062367,
    3.53467365967366,
    258.389573409163,
    364.605519342836,
    42.1765675917547,
    426.8829053128844,
    257.69878206089277,
    469.87543462340466,
    566.2668698177056,
    504.6701867196257,
    27.905411359530543,
    0.0,
    346.36871877123684,
    73.67334125810702,
    0.0,
    403.84824721183355,
    2035.4256449398206,
    450.84777270663983,
    714.4736408787415,
    246.53381677421507,
    425.2850229877723,
    327.3292890840689,
    404.212594505448,
    432.2561641517577,
    187.62609880933746,
    577.4234808533732,
    427.37260763294614,
    108.43082120951345,
    353.68130229867756,
    0.0,
    0.0,
    41.83085948637418,
    88.6371465667726,
    10.058865266781098,
    514.5312991821011,
    66.16929165760075,
    158.4709015402322,
    729.0915653115127,
    930.1069607297198,
    0.0,
    66.5779845000766,
    0.0,
    57.4140959956497,
    97.56258322412077,
    122.27591580065966,
    83.80410141085791,
    199.27735916782663,
    465.94369531026854,
    141.46500786065366,
    0.0,
    361.18015804207215,
    203.00940387636743,
    0.0,
    9.860029216457402,
    0.0
  ],