{
  "assortativity": -0.11828708290968283,
  "betweenness_centrality": [
    1003.6813582088903,
    1921.4930754597124,
    808.3912304482989,
    1506.1829361565767,
    0.0,
    542.1704231777878,
    320.000288661976,
    158.02465600454244,
    15.228022794199267,
    88.01811352114366,
    971.1365153394449,
    735.6523665371744,
    1559.4977209521578,
    794.7687596969222,
    195.92907938472223,
    773.4715473352271,
    0.0,
    211.46885178276582,
    289.2901357237564,
    679.3960393614001,
    606.2471909934018,
    1145.4008984983086,
    308.7256611287728,
    210.1220294665564,
    37.914338062060764,
    44.03146798057626,
    31.048054551657494,
    399.8130597834504,
    94.81842904321566,
    0.0,
    116.00405897575276,
    59.805958649287774,
    175.37196863223588,
    124.5089997044368,
    64.83085029464287,
    12.486305402992034,
    0.0,
    0.0,
    10.832639613817832,
    1011.8218111364228,
    693.9552821580199,
    373.7289580762423,
    719.4836066535527,
    1037.050503377661,
    670.3023313666431,
    0.0,
    0.0,
    41.7061480237446,
    267.23207961096233,
    123.3337494259437,
    316.7887037357914,
    119.87425332618263,
    182.427156832067,
    4986.48602935832,
    3655.1109639823317,
    2493.8515620871704,
    3301.5941020594655,
    1692.9867566958485,
    3025.3286931982575,
    1805.212380209832,
    2869.1430665904213,
    860.5668722430624,
    1431.3377039717486,
    808.386078202842,
    2828.444043905561,
    1004.9083567816883,
    1315.2487111317687,
    670.8829573361531,
    1512.5977541179977,
    459.3993769297559,
    1605.1641600575274,
    99.22835065850482,
    58.71601991232025,
    321.9001853403756,
    209.87830581121574,
    290.63588678442704,
    532.7760067060982,
    557.6256991596562,
    356.41133093136693,
    375.80003440356654,
    423.3423252583326,
    343.3889955794166,
    0.0,
    0.0,
    513.8887939218874,
    453.94705700872845,
    474.50326365047835,
    553.1503815025727,
    143.90281276725685,
    96.4820440423457,
    456.30061820280986,
    366.41054309502516,
    638.401844338089,
    153.09134692493225,
    0.0,
    0.0,
    262.41635212372137,
    20.701937440659677,
    152.79199181252693,
    382.4040292706574,
    73.71369476577223,
    0.0,
    0.0,
    19.123534614392252,
    1059.9333415726892,
    374.09414782940064,
    0.0,
    0.0,
    175.0098083302952,
    0.0,
    2425.3057289721028,
    0.0,
    666.3527980677003,
    540.2773048659902,
    777.5628529879907,
    865.6293992823527,
    2593.787089565949,
    0.0,
    566.023755433395,
    41.80651260992152,
    149.74306720277696,
    200.42928228351244,
    486.54275257487643,
    407.9298548229328,
    74.03836346049347,
    228.96352034449666,
    62.84763775407474,
    225.14350555678558,
    549.7376183097663,
    485.7512324073493,
    381.59901129772777,
    0.0,
    0.0,
    773.2855597381923,
    194.0965208208543,
    167.6318565359291,
    403.6056484239263,
    247.19793039495843,
    219.99085665477176,
    779.5155863693288,
    0.0,
    0.0,
    0.0,
    0.0,
    41.57283471683912,
    18.57583707142531,
    0.0,
    0.0,
    0.0,
    118.50168199706727,
    298.46492333359924,
    750.9255859579891,
    1371.9200314752966,
    181.3034035537618,
    152.09254812728776,
    241.045988317614,
    235.07434644654052,
    214.66904455382127,
    18.84996405555229,
    234.9053844710637,
    275.37054016970393,
    51.5348638180883,
    23.876059887824596,
    252.26245992650803,
    481.8243074429416,
    635.3609308620008,
    0.0,
    0.0,
    295.34563153135133,
    4.624471253147723,
    0.0,
    116.19696259389268,
    4371.786314647975,
    4217.942262995062,
    91.78578868035382,
    0.0,
    42.32944894553627,
    1293.8085350176361,
    1798.6264059363261,
    777.9496377250889,
    1233.8720119645095,
    311.46568024785756,
    1904.8940984071053,
    1302.3595922828642,
    2334.4294125911606,
    13.689374096632159,
    116.43503084721637,
    1063.4621488784185,
    1906.9984220109638,
    1439.2787455671864,
    788.6908227037093,
    562.6219859994535,
    828.4520812729229,
    559.0052407034169,
    358.5814036564069,
    1075.919769163202,
    438.6314113932091,
    635.5563468866235,
    1698.18283441574,
    642.2532951052978,
    1447.9043808481053,
    102.6360207472796,
    99.66401095452115,
    1086.1345320914052,
    1631.7998287361108,
    591.0707324080914,
    417.6979222007258,
    330.692403333659,
    353.13362173742775,
    686.8039191322317,
    813.1811181005166,
    195.26743599924626,
    129.01640878413787,
    76.58071381360774,
    0.0,
    0.0,
    41.866630925999985,
    667.9027804594272,
    222.29166502981676,
    2503.150260692654,
    949.2770896377235,
    58.56563892962849,
    100.09758762927062,
    505.3012044515229,
    561.8697855222955,
    196.94131594129422,
    172.81773264995977,
    116.5679847667563,
    0.0,
    0.0,
    35.90172321531387,
    0.0,
    0.0,
    0.0,
    0.0,
    0.0,
    0.0,
    0.0,
    0.0,
    0.0,
    348.8558056278147,
    352.8686193083407,
    273.5086239918117,
    535.0410164525767,
    448.17719304054503,
    541.5294309974964,
    288.4358043134601,
    601.0009483153489,
    168.11933150838672,
    951.3232727577381,
    213.54142437279853,
    48.74223873735484,
    99.19170855237674,
    425.84704001077483,
    411.5550306609119,
    1046.8598899398237,
    448.552557201687,
    100.29618819555033,
    74.32786172028646,
    218.50421427225552,
    82.99527824298653,
    0.0,
    144.08670861459103,
    967.2261696286605,
    940.15880964611,
    146.15468927319995,
    540.3182829473533,
    194.336433591842,
    402.72706858605596,
    0.0,
    898.3690969386612,
    390.7323681675083,
    676.0270188836411,
    51.56060511538478,
    29.561254546966627,
    233.2139968017394,
    0.0,
    21.892856120487696,
    3.4748408454290804,
    468.0458487255041,
    34.32275678749937,
    187.98906598601278,
    315.9195930642272,
    141.47972282700906,
    129.48579016454448,
    1529.394809219162,
    46.66592070353681,
    693.9619956622013,
    0.0,
    189.95277996429462,
    120.74527634476594,
    220.24465632858104,
    142.68241002963168,
    585.9365457223558,
    514.1457542170825,
    183.24267007291635,
    0.0,
    360.7822507542302,
    303.86765739285335,
    0.0,
    14.697351253176898,
    0.0
  ],