{
  "assortativity": -0.09186220416639211,
  "betweenness_centrality": [
    958.791441053892,
    682.6188762933131,
    554.4554140923713,
    1501.3409143622623,
    298.2843240863059,
    827.2734473448282,
    610.5745215044112,
    305.8596344877821,
    36.94300162394203,
    373.10891957028167,
    976.0458249910638,
    1085.9627006094381,
    3143.7787148279704,
    1541.116072810857,
    257.28867607871103,
    213.77174484746797,
    0.0,
    65.78594614538251,
    681.269113205644,
    388.3879158610668,
    1015.903298712698,
    1544.467582678205,
    27.058833710149496,
    667.2162566273764,
    361.4581555310199,
    59.880987927515235,
    516.7284535560357,
    1047.53779494317,
    147.135854893849,
    0.0,
    283.3869375736629,
    217.9807616650934,
    466.61856224974025,
    73.81407010399197,
    553.473794698708,
    31.347250461863883,
    0.0,
    0.0,
    41.12289813494922,
    997.4643974573503,
    575.3318720942193,
    108.04840084964147,
    128.97031792039658,
    939.6307837759308,
    1288.8048731595097,
    0.0,
    0.0,
    271.1780189340917,
    120.98972374583559,
    153.99809582983335,
    79.50088271134929,
    49.090885415285115,
    565.1737070084486,
    7590.220209953641,
    5387.053851006314,
    1837.1430456067023,
    1793.4697458006665,
    3251.816187892066,
    2223.944928737931,
    2055.8123123068162,
    2449.9906568806045,
    1817.1045078731897,
    1159.89555266013,
    1181.0964411038067,
    1170.0350645557003,
    1092.4992457871506,
    1663.359812437046,
    939.293649908008,
    1422.1126300972173,
    1088.9681714684561,
    753.3077376722987,
    407.86944873610173,
    65.63021233607282,
    781.9533471171904,
    488.78512975016,
    316.8450207025292,
    427.99706091054514,
    460.2892123934542,
    153.21821026758695,
    666.7014089930082,
    582.5133393153541,
    803.6854023679101,
    0.0,
    0.0,
    654.1192448658043,
    588.4377242106995,
    639.5254354965848,
    479.80088218199836,
    219.18889531714257,
    267.6419398401103,
    582.304728725648,
    223.91306677937482,
    22.164482091896158,
    209.03270354603728,
    0.0,
    0.0,
    72.59060219651504,
    30.14222127124405,
    259.78816133552493,
    357.7561766241585,
    160.66014243683017,
    0.0,
    0.0,
    217.15675961258282,
    170.8202347390005,
    344.99698914080693,
    0.0,
    0.0,
    198.4814737786617,
    0.0,
    2617.3669582930625,
    0.0,
    1579.9390212018623,
    461.4390891398905,
    331.67824546546063,
    2201.9498419868282,
    2160.9324894305373,
    0.0,
    254.4646231732338,
    45.36194270260634,
    0.0,
    0.0,
    134.11566245959352,
    628.8373807658915,
    412.1698026331782,
    732.7845486774187,
    81.91570773997243,
    346.94885645679005,
    1211.7657657792572,
    101.92617566001405,
    566.7102163487291,
    0.0,
    0.0,
    134.33934233071037,
    291.73209609172875,
    38.72334759462644,
    312.1662863659502,
    625.2137585021759,
    223.1726537115896,
    762.943675285907,
    0.0,
    0.0,
    0.0,
    0.0,
    57.1702411967118,
    79.31530688338366,
    0.0,
    0.0,
    0.0,
    343.9846975690872,
    387.09982651219,
    134.06217070614198,
    768.8889674544391,
    90.80497666614505,
    204.65406148838994,
    232.93689787466306,
    92.74175627114475,
    663.8168473639649,
    105.87926411824719,
    318.43092438781855,
    444.25191928663367,
    45.691770752433015,
    43.81114473127365,
    59.33001689690535,
    210.48614148093375,
    58.078781306412885,
    0.0,
    0.0,
    261.5130938837302,
    25.3337183082728,
    0.0,
    136.01479620811494,
    2557.4560960183035,
    2686.77676897662,
    107.91539177542812,
    0.0,
    71.64797702365523,
    1449.5949065640825,
    1741.629368512627,
    580.5743541759599,
    1239.717129134201,
    408.01183700487496,
    742.8217926668922,
    960.0769007460043,
    670.1044543053919,
    144.68156105607494,
    101.43056794141944,
    1867.7221695518776,
    2101.801309787202,
    1135.32880045847,
    766.6039081445678,
    1122.7333527211642,
    835.3857502095865,
    164.06356333293985,
    501.30608413488255,
    567.4407669116174,
    1131.4387630879964,
    284.3896731671505,
    1602.7663961127023,
    1324.2147978215437,
    1442.5679278843352,
    302.44453259223513,
    130.46055335415093,
    1141.7401887283265,
    1751.6837440106026,
    279.4081381558736,
    1113.0624038044243,
    403.45601910941076,
    209.84460928699363,
    916.9955206528623,
    897.9835139233822,
    45.369427170269844,
    102.07880163057312,
    113.2638613069124,
    0.0,
    0.0,
    28.115881188055095,
    227.04639038431213,
    137.70140265104112,
    676.7375451328272,
    737.8851989819565,
    44.01637046195722,
    226.3077091980008,
    217.89488881624237,
    820.2989654070299,
    343.87090563497804,
    151.33673590278133,
    105.96125150394559,
    0.0,
    0.0,
    30.344658147150408,
    0.0,
    0.0,
    0.0,
    0.0,
    0.0,
    0.0,
    0.0,
    0.0,
    0.0,
    311.9520182750895,
    161.94791076020385,
    358.8446683026015,
    33.82203473813823,
    582.0156994524875,
    112.3481846997048,
    273.39375129936883,
    622.2384638210732,
    34.8702242086005,
    268.6376104774389,
    134.62503894316683,
    60.175645392026944,
    104.51953487625093,
    493.28619691195183,
    886.7251295291181,
    215.66306849393757,
    128.0456792919352,
    770.2067746724451,
    44.600614540199665,
    154.2560601485095,
    194.9164212521825,
    0.0,
    436.3942120229802,
    651.2389129559157,
    194.32319361292852,
    425.2003740315181,
    387.17356939253796,
    242.45112653237115,
    132.85113024664932,
    120.1789006183067,
    275.02760016565946,
    87.3416459008924,
    278.9924499554266,
    382.2183754227264,
    9.814285714285715,
    157.4294606386074,
    8.190508233596468,
    189.0646729148045,
    274.37378397746045,
    411.7919122378813,
    14.874369048074483,
    192.82001528587594,
    144.30874425114231,
    144.02861198249641,
    291.79075255685825,
    1475.4865804640203,
    18.922319472088976,
    85.15998658412713,
    0.0,
    68.2277653792476,
    39.78169618788006,
    60.27634960384188,
    200.961168922952,
    246.03252307581405,
    240.1391420109887,
    360.6184849933402,
    0.0,
    199.9265069551849,
    441.77666344856635,
    0.0,
    23.21101461340592,
    0.0
  ],