{
  "assortativity": -0.05768798513780816,
  "betweenness_centrality": [
    681.1911479034284,
    659.9210343333702,
    1157.8641444164145,
    556.7546545734698,
    149.78707248498083,
    588.6685096870532,
    641.4098658225618,
    362.79772833766964,
    40.7376047875941,
    45.77845927003067,
    634.4883456136404,
    335.4131832351647,
    1678.2604365865786,
    1737.6699974211774,
    265.4046261334266,
    189.5060878425104,
    64.86550323339355,
    195.33528367651428,
    186.95535797278276,
    231.77339255695543,
    735.365836941364,
    638.91359980106,
    43.780006996993414,
    252.74905741754182,
    36.29753621825421,
    46.41844454808901,
    102.42681728741232,
    652.4082979652189,
    111.92803873588338,
    26.915292625988947,
    63.793131134232105,
    152.94522454641213,
    205.08066840097416,
    85.66397174542733,
    156.3774238297378,
    111.56649759500151,
    32.71813993565073,
    1.966949276401609,
    2.7656643356643364,
    363.13336584894404,
    311.8766363942792,
    57.359945511824435,
    137.33145714895963,
    403.0056615830354,
    416.6517986566654,
    163.20780108110588,
    65.95695910094763,
    34.68372867150222,
    50.50684987041893,
    172.791645001255,
    104.72584701274582,
    153.51012277242748,
    251.6921996015999,
    8732.176968928608,
    9114.174171072145,
    3915.259711720744,
    3461.0022452452904,
    2927.2438882880774,
    3988.136469274294,
    3900.370663324941,
    2867.7777933202437,
    481.6167741697242,
    511.37134486083045,
    617.5790874389946,
    736.386775757335,
    547.3906497383948,
    955.7123039418639,
    1074.9430827815706,
    690.1957170867621,
    376.1516374937678,
    858.143407690292,
    270.75217499783355,
    80.99738229711011,
    193.72953811808554,
    122.65680903542507,
    109.43728917562257,
    299.07217040857034,
    262.29212886693915,
    246.92883415877372,
    111.27598610510094,
    91.18417564121351,
    188.5427906610633,
    0.0,
    0.0,
    435.9561249315589,
    980.257306307151,
    317.249135583218,
    595.7180029263819,
    155.0069062504855,
    194.40841180817088,
    388.44069986533344,
    111.00859872176449,
    96.72578499795624,
    127.05350668985814,
    3.109401709401709,
    70.93601700351546,
    93.9209563876783,
    71.85044152291077,
    148.43610493624863,
    231.2203523859432,
    82.79653431491492,
    23.087173437250634,
    45.74497090602587,
    15.129646073999455,
    375.08295425793006,
    579.9944893878579,
    192.6982921402882,
    69.22450970259236,
    55.146051018320726,
    154.2916951976755,
    2946.1837350415935,
    38.43591171540731,
    820.3475453093074,
    371.38504883448644,
    292.8611748648957,
    782.2896069400288,
    1668.3369584986663,
    124.7438504991933,
    222.49244503512148,
    64.28529558165685,
    50.851172511670484,
    110.37502489645047,
    218.13923195057353,
    160.8638999770551,
    72.90285935416544,
    164.78032975492638,
    116.68322468650342,
    249.6604728790021,
    556.8955683946934,
    89.98884949515006,
    125.35527168658513,
    107.86956829891281,
    100.8138956484204,
    216.75817030578793,
    91.35197973416764,
    195.32862453249612,
    178.37894279553757,
    244.92181839593033,
    141.65355419452757,
    226.4483334109766,
    43.99717937807702,
    17.206157305092905,
    46.877014129017184,
    122.08209100530362,
    29.930977223397495,
    0.0,
    42.17993015167515,
    10.486726484470678,
    43.6476511318742,
    197.7006240632248,
    115.26421775536132,
    276.4900857088783,
    583.1914168119354,
    72.35884553447383,
    143.81906370924327,
    152.40362414645745,
    66.44348138236225,
    78.12465628512754,
    3.00886695004342,
    62.45063511572697,
    189.4574824913915,
    149.36181886021356,
    129.74315582230105,
    87.16279077156825,
    347.9487179663037,
    70.6264328386774,
    81.23977735289867,
    0.0,
    707.1690689087168,
    0.0,
    2.8450044300981183,
    66.72167305905059,
    3423.942634924175,
    3055.697614445441,
    51.49825597047307,
    65.16304837016463,
    83.84406231290976,
    728.789477142411,
    1542.3891521713706,
    340.01166307937285,
    709.391775075478,
    174.44909203433556,
    764.0939088366475,
    1228.097282417554,
    655.7229846861624,
    76.173265232513,
    50.704557917118485,
    1108.255228100911,
    1863.8810889339388,
    886.5747327568364,
    441.530373307719,
    861.3343482453787,
    996.1351975771742,
    245.66787713381174,
    272.7523719582502,
    388.05036397168504,
    800.5472678338721,
    389.6208706330598,
    1388.0807590597974,
    903.1983443914472,
    1030.3755491176955,
    193.90902149227995,
    472.4372282547811,
    500.1144269247364,
    889.2622032231542,
    86.83388462002019,
    210.63082843634118,
    331.88445932469193,
    217.0634206136126,
    609.8868962030517,
    477.7401654917544,
    195.07809320818907,
    351.712412650217,
    36.12532544214774,
    97.76808061178359,
    282.2087526113456,
    130.16131960015383,
    135.98922172139274,
    184.68111620580484,
    724.3871615440547,
    475.84884354749363,
    70.16610119100761,
    127.01929133310364,
    269.26976935972453,
    282.94071172630834,
    136.33051983972396,
    84.30987238143882,
    204.57306769680898,
    86.33108131160867,
    90.73480197707585,
    126.22805392669902,
    104.91810618862333,
    15.17836186891437,
    3.823569505922447,
    59.919600958509236,
    10.812763554497534,
    0.0,
    22.407780836909293,
    13.251539307962272,
    49.89162885155511,
    227.0216187565506,
    347.56066945316013,
    170.25782658745334,
    94.185857375774,
    188.26581196373263,
    425.11554005712304,
    393.1460159573263,
    325.73876855190974,
    26.375352292946772,
    140.33581077101363,
    32.79914854984197,
    65.30090955199192,
    147.12111804788643,
    159.0252491343403,
    226.13300892632992,
    279.9134447889142,
    173.8806332432671,
    83.5740434287903,
    145.77038495444702,
    206.81908422861088,
    38.14721603375726,
    7.818457996489094,
    152.52317862816432,
    561.0005063088635,
    246.79979869498516,
    305.2984295485735,
    81.05448109871539,
    89.03275415889155,
    59.099607502227926,
    19.85111153635345,
    98.21055860793865,
    190.70081045399144,
    374.33243618835775,
    81.98930520973832,
    31.308000703824792,
    71.06184735468231,
    6.896021419241231,
    32.802258492700666,
    9.02025335165668,
    94.50522991613543,
    8.839752551189438,
    62.947566092739265,
    6.326222259395561,
    340.4068393217756,
    365.6511245171172,
    508.5609720220451,
    69.22684067296859,
    73.70125479398226,
    0.0,
    206.19962541489855,
    19.201117457532654,
    42.751840455023064,
    33.64789131055634,
    123.84705419280661,
    346.2891663467817,
    171.88430844682927,
    257.7446140562795,
    927.6198068726973,
    313.52764995823946,
    36.72953227432791,
    0.0,
    3.8870044323769193
  ],