{
  "assortativity": -0.21072429168435075,
  "betweenness_centrality": [
    172.6941123002822,
    130.6969211522926,
    5516.330298537882,
    5512.952094436476,
    1325.1011906987706,
    1404.5473155135187,
    116.62011622700331,
    151.12066439648652,
    16.929580100234144,
    19.441442992150954,
    98.57128852084355,
    40.54613448674289,
    262.8773623041794,
    286.9370751728747,
    59.95870524901649,
    140.76061121484236,
    43.065937437922884,
    34.25530213747599,
    131.30629557422392,
    83.03574309589337,
    215.68915643219702,
    84.34559968254953,
    18.850150897116894,
    81.12996285355725,
    43.52404924183618,
    75.27997590278179,
    38.43072289303677,
    50.673962879114924,
    40.9095408444653,
    36.94628205779732,
    96.9753123682735,
    28.40441462844894,
    23.397885802182394,
    24.757990504042443,
    14.185824921450164,
    20.68595963073605,
    11.837636006824958,
    12.575492112556336,
    12.987166307524944,
    208.74922258669497,
    114.16569122148314,
    49.269689759035515,
    78.95031161016377,
    92.0042128781164,
    199.3336009057181,
    108.26699492744605,
    47.17441558244938,
    16.804275110357313,
    2.8250446927424613,
    58.1729159831079,
    75.58741400240368,
    100.5827471147266,
    43.515746807969236,
    1253.9085393524156,
    1157.9845555498907,
    682.9100213801449,
    849.3949448423589,
    293.81263106611596,
    489.4539521996876,
    419.9984335052749,
    385.7764082208916,
    116.29267342560647,
    50.028835577903294,
    159.28766786678938,
    230.63224862105707,
    249.95463293279144,
    193.5164529095287,
    220.22898352191726,
    127.96115477208389,
    95.56075800384109,
    150.0366273096803,
    91.06006545526407,
    5.279578976534858,
    26.119601993257447,
    83.1985906542983,
    66.32361516706364,
    56.10084651619406,
    46.10907474063423,
    37.70541088091619,
    33.006279581757575,
    50.482887950110566,
    44.65980514450302,
    6.226575029243071,
    6.850975384122983,
    5140.151676675573,
    4905.935008286294,
    5693.758588850445,
    4702.249321460158,
    16.10671780373917,
    105.74181125386609,
    63.939679906905376,
    33.67221445783532,
    69.16087947424235,
    35.48031416637114,
    38.174999944499426,
    149.83282854851672,
    119.05450388788873,
    38.66139650217581,
    56.40694563391689,
    102.03161418112062,
    61.43515374146361,
    27.335969795529305,
    53.32344942861728,
    72.42062366724976,
    234.20861435094437,
    116.5087194744797,
    54.587502529447136,
    54.4158638794631,
    47.151245168277335,
    155.64000352267374,
    748.7108855641798,
    14.52893125016306,
    182.34110794134062,
    36.889787226759466,
    29.208001553561786,
    1434.4599122424281,
    2318.720065089061,
    34.44123823636966,
    38.6702807040944,
    30.873783915224845,
    47.109023263756406,
    12.039471131237091,
    16.534452999443374,
    15.51265312924037,
    17.370648596454615,
    19.6390547115686,
    16.14514646971364,
    27.128555621735437,
    48.45017322540305,
    16.171219993392132,
    17.780758300228932,
    44.974138608426635,
    25.62753269549162,
    70.96976405673712,
    36.27823626220239,
    23.24235997306582,
    52.37568427504651,
    26.549281049017548,
    38.616967228450704,
    9.456948648324836,
    36.04062174999367,
    11.119792807081822,
    17.524974363989212,
    12.167433526427622,
    18.29826002218024,
    18.734050257992774,
    19.026372730640638,
    6.333903587200022,
    17.135277816693833,
    1309.6614361389702,
    1271.6106043256907,
    76.14070866147442,
    92.4411478870679,
    23.749054197905114,
    44.16512967681726,
    30.434549652837713,
    38.63314538917191,
    53.30098478211962,
    7.712114821586744,
    4275.219638794583,
    4501.866134573683,
    49.21552060022895,
    52.68327605033703,
    78.8138628227717,
    51.21714701213916,
    31.205532328304926,
    35.042790382837765,
    12.448611015000827,
    8.74704330832898,
    26.88248017179425,
    7.458122127765562,
    40.700789017478535,
    336.14603067529197,
    496.37426093680165,
    58.52804198688885,
    42.128791049632454,
    4.257335298167217,
    81.70926160839772,
    237.69456455936404,
    155.06653076483758,
    313.47197632553525,
    119.57255618575297,
    268.49354387943947,
    259.0048407780666,
    361.8161196688143,
    27.933930063817634,
    20.163489194105413,
    446.058315502712,
    500.35545650558436,
    278.51043284751603,
    302.17479915371587,
    398.2594084001655,
    376.733570523703,
    162.1090224942505,
    42.19687742551463,
    137.8778929609827,
    100.35186367433877,
    108.34145688487513,
    155.8688999407046,
    2342.200200489255,
    2040.6792981760523,
    44.62656138192984,
    41.96196050564111,
    100.47814450161485,
    175.61917942078873,
    20.51404880032416,
    26.284718658832876,
    119.45694069619744,
    91.67531681429307,
    185.13971067608566,
    176.0750888847946,
    124.60660303751447,
    167.55213131805203,
    38.97083649337656,
    34.47352073939562,
    37.128412970180925,
    117.53600636848589,
    69.74040383188861,
    25.35845105759171,
    206.3695271739623,
    165.4835886544591,
    82.79051466552733,
    53.25521285861253,
    65.64611307726801,
    54.12872910975389,
    101.37539017316253,
    34.31880557770337,
    16.091548420287047,
    7.716558393215288,
    13.409970722823324,
    18.14808166848217,
    53.00884945143359,
    75.63556751735854,
    42.41263261910915,
    44.48731649633468,
    59.61675311262114,
    28.814945644335715,
    30.27816757240016,
    78.33584048652264,
    105.65529993747671,
    66.8585758043961,
    51.75931590783603,
    47.14327237992238,
    54.21021921008594,
    58.27936851248444,
    101.02645273252513,
    69.07914113243497,
    77.47102674743583,
    5.281172060819769,
    2.7321816310567675,
    8.564512238596551,
    14.491404028003306,
    38.20004236184019,
    63.582106976895815,
    61.75934690149662,
    109.76073289195402,
    39.844445102210784,
    66.84506260564318,
    58.38613813974545,
    55.271411250797215,
    26.31323424033274,
    59.60023311859607,
    113.0293860581628,
    143.8112376688088,
    77.77180045989606,
    54.188216181936276,
    42.56467736834056,
    27.882181237644136,
    39.887249872808965,
    23.771896204308053,
    37.20136697272594,
    20.31026311214142,
    98.49398142834612,
    18.97549505188759,
    41.377571462154656,
    39.228499990359715,
    30.53652631868067,
    52.248859293058466,
    23.569207397585622,
    31.167137228424917,
    35.069537258229765,
    39.01868019955001,
    18.31868984577387,
    17.755001562166807,
    38.369401405492745,
    28.806032231346702,
    0.795472948104527,
    3.5715303851232987,
    6.185977514585554,
    81.68640715511344,
    34.72931641591128,
    90.6900311033043,
    166.22935139643718,
    134.6013217505515,
    59.63514793862434,
    103.8989061465753,
    89.85600433727977,
    80.63306028325215,
    110.62726592621321,
    49.74478882590594,
    55.42342493098506,
    77.0908733281567
  ],