{
  "assortativity": -0.2058544825421295,
  "betweenness_centrality": [
    187.54021790157626,
    186.03283214914015,
    6022.608653847125,
    5047.36462906699,
    1508.7052504588441,
    1605.6591330949136,
    70.15505482633858,
    109.2919428901166,
    13.122593679817333,
    24.97557832199371,
    90.1069840217184,
    39.92439958735756,
    253.89608150106315,
    224.02873010026502,
    73.13255003353302,
    122.82457229819065,
    55.86050875148845,
    88.91373541670106,
    87.77950132952292,
    162.64565311101094,
    110.50719909574548,
    127.03742024765965,
    9.291296333193934,
    81.90753163362031,
    23.144035802705286,
    19.83532686149674,
    46.812587079047354,
    70.72160767595892,
    58.34035215247047,
    40.46387107754723,
    74.780165113466,
    66.6310892170785,
    29.202502131338917,
    40.28015385817972,
    25.81843321527123,
    11.564156013688262,
    23.551225371650368,
    20.153897828913163,
    18.557385719485605,
    81.80596820508214,
    154.37460266902502,
    39.64814006806001,
    41.26539414591462,
    63.32712326924186,
    151.47526790658316,
    67.7483194238951,
    52.838908648051216,
    21.353731536942323,
    3.636698526811168,
    45.22852358606163,
    74.3401457727743,
    83.02671480516192,
    60.65909066734863,
    1596.0087170804914,
    1293.8659105678848,
    662.5001373400215,
    709.1657312258741,
    258.81186004072134,
    414.79055296333627,
    380.8370603250714,
    523.9655488327892,
    92.0774090084988,
    50.27368566749261,
    129.5481633709713,
    159.27260249337834,
    220.7972169717186,
    209.52435269901093,
    208.1195313472655,
    136.65334685263514,
    45.59377949274438,
    254.06563131790415,
    78.24501584150805,
    5.8415687803768295,
    38.81120443761208,
    49.334130766815946,
    50.71350417647852,
    27.827730856751828,
    29.061220013602178,
    47.83037068889983,
    22.342138852143325,
    37.50597763964119,
    50.11645541673908,
    3.547546206696609,
    13.591181288160453,
    4996.9093090766155,
    4924.091632102729,
    5128.554315034461,
    5111.007805112983,
    61.883414347940615,
    145.36762788713497,
    64.58898680644927,
    38.65224113745187,
    64.69865530504318,
    33.755919556287964,
    56.630744122290096,
    185.71178534943098,
    119.24849134495913,
    40.80354730257215,
    53.54044149906849,
    75.0459499910686,
    37.92256533347766,
    22.21272647337642,
    33.4856360825768,
    88.98418423731958,
    148.4041640561781,
    125.78990969956072,
    43.740210869563285,
    48.56747513176517,
    77.93376837266729,
    258.72459015635144,
    682.7239529885461,
    10.956998941543368,
    127.83687300807303,
    27.646739495057872,
    52.435313505965325,
    1600.4157875882681,
    1992.8721615845093,
    22.587326474656123,
    45.422256090138994,
    38.88416557140862,
    53.68738661025219,
    21.229671518023718,
    10.312245316571715,
    6.8296397492102985,
    18.041617142323116,
    16.750982695680662,
    16.014237524364663,
    31.873034206558543,
    66.99604157423667,
    30.767975285553078,
    17.85117918834605,
    34.581710169041244,
    60.966031939149595,
    65.67453306325149,
    47.05496513114646,
    33.54233043964553,
    56.51781136324209,
    23.098459488446185,
    25.375548699507593,
    12.194800860469648,
    14.017485535393138,
    4.990415480911527,
    40.21005211891883,
    23.58476554028874,
    22.93259023874513,
    35.23302957154275,
    9.088012577982262,
    6.8268336766847995,
    34.307484432580814,
    1465.6685004981382,
    1143.284124173639,
    52.52377660568212,
    186.45391352144534,
    17.660598732595695,
    27.03399077913718,
    36.70412421196205,
    41.143080960582644,
    25.41993493149789,
    7.7558746548581325,
    4002.031699868639,
    4166.389167270826,
    39.9937676649675,
    43.37364242031377,
    69.34054229686623,
    55.72385536705778,
    56.745037789459154,
    33.58255479513319,
    5.976342540345807,
    8.43192010680281,
    33.39629960609457,
    10.550987999549761,
    42.96218859538039,
    558.48318991827,
    457.3450048630159,
    43.48653301626939,
    56.81540794243259,
    13.710499257824486,
    75.82077089360234,
    199.78815413260435,
    216.7865623193197,
    269.9073705984584,
    148.51212091359088,
    234.13527356564015,
    178.38588955427363,
    395.64154386757593,
    21.368659971390674,
    18.798032496873322,
    244.43734045921482,
    395.52226715235577,
    308.91611301206126,
    276.94732307943804,
    457.10163768025905,
    510.6020337122812,
    188.49636826292968,
    47.525751384384726,
    95.35518555380565,
    159.62156919912323,
    91.17393166607879,
    153.90055312343742,
    2255.2570770132293,
    2257.0814344929945,
    33.08745276805794,
    43.8132380828197,
    107.38637606062193,
    151.67261054667262,
    41.021390212979554,
    33.9454973654549,
    143.7273741438298,
    91.61637031992923,
    264.5012462254369,
    98.38518789890983,
    125.26662412548902,
    148.11221394271482,
    58.90242057442455,
    48.357690275137074,
    52.1186802751354,
    138.38686007462843,
    96.09166983584907,
    39.28964032224566,
    245.6652998570669,
    144.7765372163854,
    87.25237220973041,
    45.22126459042305,
    46.809932127493546,
    38.02982209287848,
    133.5968053432706,
    36.180413895195045,
    18.07897428319984,
    8.1954051911011,
    12.453043504233294,
    28.696621635086757,
    36.66833884726598,
    78.37953499923657,
    61.27412703688886,
    57.50121733988395,
    55.581817317493154,
    34.96183627488249,
    24.415462540759112,
    102.53360849676471,
    92.39727974078625,
    34.49111517757511,
    74.37751927854107,
    31.355016972771075,
    47.6774747789197,
    98.42791781926384,
    141.6410480491251,
    112.11397088706576,
    111.64870641851459,
    2.757204425421647,
    2.3387105899249363,
    11.396803912877475,
    9.190014746903561,
    47.297744156759514,
    62.49758631551841,
    82.80753757055334,
    124.13403239078711,
    40.58421671209075,
    57.104486249144784,
    70.48746024170119,
    63.68516428546027,
    26.432096424945083,
    37.14435013621158,
    176.7244717516145,
    117.26701369280083,
    61.49113626994536,
    71.19365039925084,
    24.130237899539935,
    10.277710741366965,
    61.97080670991614,
    32.46380597697052,
    24.15932686730351,
    18.540895602377326,
    76.4171538957681,
    25.72916834285052,
    71.12106778270893,
    124.0683693298458,
    56.512460394773285,
    42.712294531180795,
    20.720349887356193,
    34.54716978238492,
    30.199167043497667,
    37.08258965971227,
    25.923173545950597,
    28.110469813005803,
    40.754782710057206,
    30.376130466239722,
    0.3938983050847457,
    0.9650689312454017,
    2.0987141702164673,
    63.5610817961926,
    52.892031479916966,
    118.72517475046733,
    157.826095190816,
    120.65165135693246,
    77.6485772757001,
    76.29256953879305,
    86.82445221252404,
    132.23784535094282,
    102.79895416471705,
    65.94135935145218,
    42.045878301350385,
    44.465991717092834
  ],