{
  "assortativity": -0.2053928506178247,
  "betweenness_centrality": [
    138.60919490616845,
    130.1376891010247,
    5804.380787598213,
    5297.399961217226,
    1547.2378215750173,
    1719.0512050102989,
    97.71591625686857,
    119.19411828459094,
    15.822594829582993,
    25.13231521272941,
    67.78205191828637,
    34.44311658881142,
    250.1439552524562,
    371.4641225866971,
    82.50701783143337,
    119.54985862556977,
    35.65101836874174,
    72.70052396452522,
    103.4566682055127,
    109.72251584902648,
    130.37985601126778,
    103.35218664925961,
    20.915034943851044,
    100.47792611062266,
    30.223951071057044,
    31.388639822638808,
    33.98730957165198,
    39.78685138857841,
    61.578261348059804,
    47.799963228423096,
    80.7675795213195,
    38.453947820741135,
    14.52869484834994,
    30.136833381869565,
    23.40077697348515,
    25.13809771619334,
    13.896157285164396,
    13.114556088214822,
    12.274715947023807,
    112.24082287596697,
    105.18887882874084,
    22.79989321623537,
    58.99381373632677,
    95.80607511829943,
    146.04642609474666,
    69.28669656122045,
    62.8662626200573,
    11.266387822029346,
    3.8393701276092695,
    27.559770481404392,
    62.543195438661286,
    77.12146136926899,
    64.59488514428024,
    1265.9770914491685,
    1224.779501028826,
    679.8898122197313,
    722.3023802902522,
    411.84466280873704,
    564.439453784093,
    440.57478056020204,
    528.9653552679928,
    67.48550544252868,
    47.96168340961638,
    151.40055559547937,
    248.6472226235311,
    182.6440170347069,
    200.34835840968486,
    243.65504967953825,
    135.78839031958782,
    93.0489951514509,
    207.8662068396316,
    109.03671441592665,
    2.810458753646741,
    37.75613224038039,
    87.14645866189196,
    53.41984340994684,
    40.32530164002158,
    60.255783722522146,
    66.59771082209754,
    25.019632135510264,
    26.270005125114366,
    54.19251004102062,
    3.2501400096196646,
    7.06388250531704,
    5302.643974619612,
    4910.407232102375,
    4950.130344351636,
    5130.520110977029,
    28.25039044353884,
    81.42881965594732,
    100.99616686393819,
    49.259739883485075,
    41.96054165387683,
    41.88980197117834,
    49.746501155196285,
    178.06667916737183,
    112.86098925629867,
    53.88684581246123,
    66.26882629230286,
    81.96149159381092,
    55.0970983582896,
    23.637995115707962,
    29.92191119415189,
    87.34319805662,
    225.74793718949385,
    94.33759138479859,
    69.38633021040305,
    34.86041194815888,
    81.4754828595544,
    261.87139107680275,
    817.3339527239411,
    12.129869955894193,
    236.671976392927,
    27.869033376694357,
    36.876937410077446,
    1640.0831016915458,
    2003.9475920526108,
    37.66184585912219,
    31.068764187644113,
    30.127658494564006,
    69.1994569709065,
    48.15525582217287,
    8.72919797720804,
    28.410201266696674,
    7.426274374789148,
    9.680740090217276,
    13.090353588653619,
    35.37042953239032,
    45.63065080688161,
    27.346546412973467,
    16.85793881900272,
    25.553242563142536,
    61.7775566736315,
    40.17151266932386,
    34.93519295345583,
    33.334503281286196,
    42.493271810629786,
    22.868776290170224,
    14.490725994594774,
    9.226537842745792,
    17.941856047552008,
    19.967597661349547,
    14.558897624552745,
    19.153665463030027,
    11.251907783469095,
    23.55221446814834,
    17.32576717332406,
    12.397816394121792,
    43.712360430632785,
    1216.1181408308978,
    1007.7643232197995,
    61.30178629027491,
    163.61967775679523,
    37.94737466586609,
    34.885469038526814,
    28.15886226898877,
    34.63441849794248,
    31.444893002844683,
    6.800199912302634,
    4139.734721202273,
    4342.353732085831,
    47.088094850868316,
    39.147384117437646,
    68.5674494381758,
    71.08022225158608,
    49.10696295987672,
    35.371498848662696,
    6.349814708381117,
    10.727336417262823,
    20.572211693124657,
    18.017341182640447,
    73.44794331542562,
    447.14587854019265,
    483.09877027436477,
    49.80218807946017,
    53.65912231290413,
    5.224577834208293,
    56.83656332740226,
    209.46394614212034,
    192.73742390078542,
    272.6884376105859,
    109.1041368882817,
    264.499939060243,
    202.60344417870886,
    372.87134427137937,
    32.01871360143661,
    7.568329093981328,
    231.53870126081523,
    416.8335118353355,
    248.21001531500502,
    291.03409361063586,
    351.5871510744477,
    458.9429734371295,
    169.7770904277,
    73.7054265781715,
    156.1280006307557,
    97.76439712756155,
    103.63697609413029,
    166.84640064008778,
    2233.0205373566596,
    2046.2537030518097,
    34.48248889767681,
    45.040765016869415,
    123.51940902267896,
    198.75590358933513,
    25.42583611903156,
    34.652747036917766,
    177.88035902380545,
    84.16193804117769,
    243.832674339233,
    163.4025865108019,
    86.04691626783293,
    254.4588146484324,
    62.32748152771713,
    48.07697995698635,
    43.00041708476013,
    149.90598129760454,
    73.7984572338964,
    23.624325797766325,
    169.12328215201825,
    204.78833798659016,
    69.59302852692602,
    34.41918954427932,
    37.10017756425343,
    36.35121709163788,
    71.48784304970114,
    22.622769839448086,
    20.323571277469657,
    11.492636862321078,
    13.146148998226657,
    25.526840870634015,
    47.29302526817922,
    92.92167639826356,
    51.53386889371739,
    47.42490637197426,
    55.60015655554484,
    19.86952342231213,
    28.170832165976844,
    202.18091918333172,
    106.59843823269888,
    40.59189908894157,
    51.84546565970831,
    56.00731933902553,
    46.595841484874946,
    74.22908762447153,
    104.00608022333286,
    73.39070244005158,
    76.04897021731912,
    4.322079348583924,
    1.7624183006535945,
    19.84247158900471,
    13.942284234152158,
    54.65318447143149,
    52.63014339820139,
    58.54756728660465,
    115.53474115899012,
    19.967829279619615,
    47.4317703410465,
    53.838850321698686,
    61.22498604469141,
    31.871648627254284,
    62.08220963382704,
    114.32326084448513,
    120.36935962968394,
    63.25930189246151,
    75.37716965985014,
    26.085534723626893,
    33.82777149560464,
    76.49494753485567,
    38.2132404197565,
    20.78205757359698,
    32.21438277513282,
    77.92646596233789,
    28.959579879460634,
    51.23573187639008,
    43.635855384729034,
    30.56643169096186,
    79.39964260670406,
    32.26180622209985,
    41.317911809097325,
    18.93929604728268,
    20.736000400263954,
    19.24659116687207,
    13.736702956893618,
    37.32049200686833,
    26.37645053500534,
    0.20017593050744956,
    1.8338720538720539,
    3.1815874638192945,
    98.55603652196518,
    40.825294103486215,
    167.0662595682927,
    154.395684629024,
    119.93574934626399,
    59.99720920800971,
    94.889975084001,
    101.19864236437122,
    56.49364291806937,
    63.24270075912972,
    64.63267698060035,
    58.22300681073719,
    64.5895154009405
  ],