{
  "assortativity": -0.21082819424270396,
  "betweenness_centrality": [
    109.75383053578278,
    124.14412028104513,
    5481.965649280203,
    5061.486166719212,
    1296.1252404591903,
    1470.028719756349,
    60.210090875279164,
    104.15461712547994,
    21.68368034435107,
    30.879329214518933,
    60.07447444078205,
    52.56898099559621,
    236.14896318198257,
    328.05387224378734,
    64.33154017849543,
    141.08614341773574,
    69.69444201332638,
    40.75518021762232,
    103.82461221782624,
    148.80973979722197,
    132.21071789495866,
    112.21877605207673,
    24.80801635740099,
    85.34293249664495,
    52.85020512950042,
    8.591927988289523,
    44.46183250016511,
    52.605405365174796,
    32.99799650405345,
    43.958256920206146,
    107.08109259577287,
    48.71307234411723,
    17.65286094021395,
    39.99475535054248,
    18.35683564363746,
    18.437246249655786,
    11.72912918775883,
    12.760655933405625,
    20.947949811730783,
    107.06286122698981,
    104.50829496931156,
    46.192126637448126,
    63.60477908444361,
    55.93399256359308,
    192.37978122699565,
    64.8573158944219,
    68.92625181555444,
    24.17623712665555,
    3.8452679546475346,
    31.96016844995581,
    80.27472281995736,
    82.38680008580461,
    50.78314734267941,
    1334.7894162304442,
    1148.1738009765459,
    631.8154283493111,
    924.4392814222963,
    341.8822056941831,
    483.1616544787004,
    495.6680546333532,
    464.28991779436905,
    141.5151953719015,
    47.650764559372504,
    170.09759097469924,
    246.75664837012886,
    280.81156169351436,
    169.50278079680066,
    157.86177932469823,
    167.55930325693956,
    60.0402547814902,
    255.3136833560109,
    99.10089543368072,
    5.839647782706531,
    24.750816700568347,
    68.39660528004136,
    63.55262153146526,
    74.29036809112567,
    24.403723976853165,
    43.89024903285116,
    22.498569811541962,
    37.300400157684344,
    47.943408117597436,
    6.724767300050039,
    8.571474990455734,
    5495.689483418508,
    5021.0676206212265,
    5450.441455411977,
    5515.22066979474,
    26.327303463481183,
    69.64753504601278,
    50.49289161056253,
    39.35451726709944,
    58.51286175982501,
    34.44234379415898,
    73.16652865524932,
    181.40251978810022,
    89.72661768108084,
    37.41369779981384,
    70.04078099922229,
    117.81459410043925,
    59.33485432417084,
    49.74587628139068,
    42.407821296899876,
    86.12777895601388,
    159.58713358294338,
    141.68039852453313,
    41.48629076908322,
    68.23373682080275,
    62.871048139930245,
    165.8366435907595,
    952.1776877828029,
    10.724955916428193,
    134.18302129773278,
    27.028648827449295,
    29.74343623345542,
    1520.1493608392057,
    1718.3787263266015,
    23.206441327462088,
    52.16424787323549,
    39.609359877039445,
    70.55115694773885,
    35.02378207799456,
    12.274733000729098,
    13.725872520956438,
    7.879908155451633,
    16.206117362892957,
    28.794885596635282,
    23.58352219293886,
    31.76743585838695,
    37.56858848017309,
    21.86223606295822,
    53.27356273300814,
    31.978695148991903,
    66.72701277810725,
    70.40001788373776,
    39.23878658205549,
    44.561440450510965,
    28.26418094579216,
    25.33388534766434,
    7.1519295619803716,
    12.379479583078826,
    7.2098456643742574,
    18.257840143977322,
    9.239442817146864,
    12.248644400181723,
    12.528947674236473,
    6.729143374902116,
    6.518676927291916,
    28.748858194901516,
    910.4824271024278,
    1082.8889136296207,
    83.43245670376999,
    142.12621257830023,
    13.333512427825475,
    39.630474759141315,
    29.532046537572587,
    25.53967045028164,
    33.66198422968946,
    7.686825187414513,
    4441.127607861916,
    4364.538958950311,
    45.17802082186277,
    38.551343547940284,
    96.34787029312645,
    66.2255262140814,
    46.07021488043583,
    36.77211787112263,
    7.176198618036659,
    6.827416843006137,
    16.694045467533883,
    14.397586041715556,
    49.22929668925867,
    459.34558496604154,
    423.1628352791624,
    37.195787283542074,
    48.27797834271305,
    6.115083247008184,
    69.57678825354195,
    177.1720807754453,
    212.97542403108804,
    252.14422684718903,
    100.28313953958805,
    271.04680871027796,
    265.7487169960452,
    369.7245405298605,
    30.480773051393218,
    19.88609094410323,
    272.121499980422,
    300.8345927073273,
    293.553551842975,
    239.6884006925811,
    359.07874531446345,
    536.2674602819872,
    160.26274952410193,
    34.77552793594293,
    162.42169159302924,
    140.94022646544417,
    113.98529916939891,
    116.27923806614133,
    2249.8466559563576,
    2437.7970023484218,
    35.145719605653746,
    44.66348138865432,
    97.21516171720246,
    171.99078463347274,
    42.524115780837505,
    47.60103277655791,
    134.04902282345557,
    141.23660918744847,
    184.91551205285108,
    167.79115890331673,
    126.35512536494005,
    166.62752336670508,
    71.95851366615629,
    57.10779629930098,
    59.55718225998741,
    104.49260956179657,
    51.956314092405364,
    26.426063088537056,
    193.02996145955902,
    113.61732606511421,
    103.78755494976599,
    66.37928210262527,
    58.663987925343235,
    52.813369450921755,
    105.24238824578003,
    21.761862480355532,
    20.79385812387375,
    11.1190368553031,
    4.510699451148314,
    58.71475772324809,
    36.813439732114034,
    76.37143917617549,
    45.5348711331563,
    34.05922962069178,
    51.520963527707835,
    57.23908693571923,
    24.339211100045965,
    119.72623723171256,
    85.26318759814438,
    46.188836353759385,
    80.11079187976775,
    57.18021194807967,
    31.4567988123259,
    75.53046744882882,
    79.48549361080185,
    96.26314944046887,
    91.10083387526439,
    5.833558924735395,
    2.9590952462726112,
    18.13737818466785,
    25.62308295704492,
    54.49089368512101,
    70.61481106339804,
    73.85886012629841,
    78.9512959263357,
    51.95894790954777,
    60.95393302080424,
    64.10128448633363,
    68.48499317522625,
    26.40349205945932,
    36.69401187157724,
    88.92020309264922,
    93.82431646724018,
    62.08231802148579,
    92.68636603219885,
    51.318620103363266,
    21.373654237148124,
    63.84743192232736,
    28.748030003667363,
    29.824356852454912,
    50.82169817336391,
    71.93890236364939,
    20.498874671254903,
    31.46113618469028,
    30.27003427984954,
    29.848067019656156,
    56.95242842739863,
    14.770778669733915,
    33.73256540639144,
    19.500032862534592,
    16.364839012920093,
    26.054906982816977,
    26.662334935539864,
    26.31171706985134,
    24.849357163180635,
    0.11669172932330826,
    4.105897032871282,
    5.285362519480367,
    71.00569774103676,
    37.8724863505009,
    110.58044368081616,
    119.90209080010303,
    91.53668470261792,
    96.34529783073098,
    81.40667216510076,
    102.30751570323163,
    83.88731844472832,
    61.0823165202098,
    30.01826530508715,
    48.235819667262525,
    67.46034770646096
  ],