{
  "assortativity": -0.21007674963381526,
  "betweenness_centrality": [
    127.7332397421433,
    141.34745308466216,
    5473.055469409013,
    4625.422600519699,
    1509.8811113284387,
    1616.994825344029,
    69.83891079070455,
    95.4347349751574,
    27.252643126961686,
    12.605992630824193,
    86.66805096433758,
    35.94903505405893,
    259.0557832163847,
    288.6618509966439,
    89.63024231399928,
    77.69287452598941,
    27.730583413434527,
    65.459680574221,
    131.0779478200523,
    134.45322755409822,
    135.14190498846267,
    112.73703392424451,
    16.80424976303479,
    53.92935312986226,
    54.22133736264835,
    22.004381748242743,
    37.982361822653196,
    74.13170182861778,
    45.93075166926971,
    42.6622386103783,
    231.76373629181364,
    30.708819176652895,
    15.150859324255398,
    21.247641613836013,
    33.42212370528306,
    15.94081773332777,
    15.05815189353413,
    9.506251119298458,
    13.012143203806474,
    104.59356833525503,
    88.75143172086027,
    47.44791209800073,
    56.765416670258546,
    91.98021592478044,
    179.53681624892866,
    69.46276730171198,
    43.54458916686049,
    12.938128495817473,
    1.761347905451752,
    36.33241172186384,
    55.46260120644699,
    68.91599456702932,
    57.99981157644869,
    1083.333486140018,
    1127.185237966074,
    656.2174013734037,
    971.4190007782618,
    262.0981458086151,
    445.90467485533827,
    471.96860724947965,
    473.1662648656499,
    111.56772332161897,
    70.31203516356271,
    124.27382742250283,
    226.26165501061206,
    218.23745615126026,
    164.69043355810905,
    213.94275830747475,
    113.77031625985988,
    55.21036733548621,
    199.32993779717359,
    76.52733544264721,
    5.2867909513711595,
    24.280221603024913,
    64.43386776836304,
    166.7811102873103,
    36.54456886384047,
    24.487501014085225,
    100.2902038991497,
    35.73544009052031,
    37.1067855947123,
    40.87259806204346,
    2.596551569217007,
    1.6877985739750445,
    5903.500361810989,
    4904.153136209947,
    4994.727196166729,
    5448.940322455726,
    30.914214752723108,
    102.53451982540396,
    73.63759253405634,
    29.618047520292016,
    44.52054530287409,
    34.72657066317019,
    36.326358886840225,
    151.05743945093553,
    69.97676043255323,
    20.48419001919624,
    72.26737847324392,
    115.3720808229728,
    68.19501203471145,
    45.36419076907412,
    17.54617254707777,
    72.17583707474479,
    181.44971339321998,
    93.36165371885505,
    53.162006703217784,
    54.17017805898247,
    57.09113084047369,
    187.40846979549923,
    799.3687293406987,
    25.07444770113952,
    366.58589797994046,
    19.32302821695996,
    40.08808871776701,
    1394.8765994145317,
    1895.2141582559707,
    29.13527877262578,
    49.15100738239903,
    50.29570010952875,
    57.482330779441554,
    13.447945634130594,
    22.395106825377276,
    13.904410773574845,
    8.322349232381958,
    6.967788874030328,
    21.845537986301863,
    20.812393943071477,
    17.29630215803263,
    18.77045971299588,
    12.500755887778375,
    31.650864050677306,
    38.830897990667296,
    49.198523383729984,
    47.24069144701738,
    29.592389586318728,
    76.60440884340301,
    19.225201693139777,
    21.898429487562762,
    3.47318065657005,
    15.259134790573727,
    10.205711639889973,
    25.12470332999808,
    27.544729374067508,
    30.81234403199428,
    22.052419592013237,
    6.540360288122151,
    18.22238657090005,
    16.990819680002286,
    1171.1282371501009,
    1122.0521286069848,
    68.95545969568222,
    79.4748091057603,
    16.372395177118328,
    39.04617982763158,
    52.43101851116287,
    44.82650170839404,
    25.746690438116907,
    6.394952484735765,
    4176.800822938207,
    4356.755667474027,
    44.92635010971758,
    55.27283553495364,
    66.94362509691142,
    71.27616834664812,
    37.90171781937058,
    40.852250556005096,
    4.84885600646558,
    10.101870141727796,
    27.44240969244184,
    21.75606350118441,
    60.33239916312115,
    388.3778631159466,
    477.6984795011643,
    66.10611834432765,
    20.85216198182033,
    2.595447768288801,
    104.20497228760166,
    177.37750465441232,
    204.01170090650217,
    279.01055727499136,
    133.7734705615767,
    293.82914008009953,
    231.0427532103524,
    314.41488664411787,
    21.41266787622163,
    26.598327354308804,
    311.1338529137611,
    333.16640650856306,
    178.6661927894795,
    317.7240275051336,
    383.1049128336408,
    550.6898659676615,
    165.30159782490634,
    56.58399844426303,
    194.13108549595015,
    125.99721835780153,
    101.24310161535914,
    120.79950034397046,
    2598.680975428078,
    2563.613168355276,
    38.89590801137664,
    56.304740998519655,
    94.20325011888207,
    195.84449057951653,
    28.735794461586398,
    43.10087185188002,
    111.30433953561368,
    65.01100561447419,
    168.5180187526641,
    196.55567753829484,
    325.16249064658183,
    154.19621860372112,
    47.67063682208474,
    44.437662201799704,
    65.37462670375287,
    101.59707261049795,
    56.33143130999633,
    26.485234725154985,
    218.04746943607006,
    117.25392501352184,
    97.22784921644413,
    50.00055557658027,
    60.94896387842115,
    32.0277220873767,
    109.52532724546937,
    22.705250207002038,
    26.46941839708894,
    13.895672200548724,
    15.517854869510744,
    31.086980994205113,
    30.954006556146908,
    68.14294313682566,
    51.40473397287088,
    56.88600865308147,
    69.8697789104043,
    31.323241026762332,
    27.66784272245508,
    90.47721419605237,
    92.75656931700631,
    53.213575489261395,
    67.64349503860761,
    35.42861655424912,
    55.222950116994745,
    98.50539825853912,
    105.3055849828229,
    95.06072822805842,
    85.45960429157631,
    1.1119837369837369,
    3.8631880069671047,
    12.402253427946345,
    10.95386419434857,
    51.167644003368366,
    60.75998337549511,
    55.31123843652584,
    135.21437807365828,
    25.357346728086533,
    48.67754995520695,
    96.62474008454504,
    93.67129164127927,
    20.740583688208535,
    58.71672074205339,
    104.20975931321618,
    106.99778267178843,
    69.39565334152714,
    49.64335458189415,
    38.95602918761385,
    18.40999770921691,
    67.52309979441543,
    16.371999509790083,
    38.53313432949069,
    38.48061110550832,
    102.10219420138723,
    42.49642090591893,
    31.134032115622677,
    52.49164150251649,
    20.676810250004905,
    54.73325492082194,
    14.219892662655862,
    39.67094179607303,
    26.423050024799647,
    23.387126573946375,
    29.821744435702993,
    11.15734049419977,
    23.417311674181615,
    26.46427964137789,
    1.6904761904761905,
    2.1079824686711346,
    7.3315215821369195,
    107.43114744602548,
    60.05334603727374,
    93.26549176038185,
    151.58465439830383,
    148.85707253827826,
    89.90511048602993,
    75.1583456078963,
    78.03330104039989,
    119.12712666906776,
    77.69483283877283,
    61.999762341262,
    61.654649761068264,
    54.95300658581028
  ],