{
  "assortativity": -0.2071946512401009,
  "betweenness_centrality": [
    122.96956486343005,
    130.07799757337972,
    5389.446164828321,
    5196.735362632782,
    1516.7132453974273,
    1630.4749321085928,
    137.49455222597825,
    143.40847426303762,
    21.366950947556035,
    11.066534445573293,
    70.07010772306676,
    31.178540506588014,
    254.58347529366895,
    254.15164826647526,
    78.01091814652696,
    93.59534618364665,
    46.74785521072343,
    55.31388017191455,
    120.33922578054221,
    164.82460184440146,
    138.3998686087344,
    104.7466135010253,
    12.694147296882415,
    74.59636249328564,
    35.548855899720024,
    14.809107546785409,
    51.55575271206997,
    35.832136233979234,
    58.3566471793228,
    36.149552930442184,
    90.71581838119256,
    74.11742484331585,
    12.464452579913644,
    34.0277780385803,
    25.250612632084998,
    20.03437299829183,
    11.274856996282065,
    13.441933492154035,
    14.817977428329513,
    87.84430541274588,
    125.04551906665405,
    35.62643930820488,
    45.86585848917271,
    91.56899169377175,
    149.48314800502945,
    122.6416399583966,
    98.76008834966649,
    21.250517578709626,
    0.3583333333333333,
    35.56724467015868,
    111.5506112039913,
    60.280040719262004,
    57.70451346652752,
    1287.7440077752942,
    1304.265602727271,
    556.8895736443435,
    752.8145529941637,
    310.6010966454248,
    382.8709086804364,
    596.0395481594235,
    389.62511055604926,
    107.02513671300946,
    47.683532623403885,
    130.85097905569623,
    157.92025329517722,
    268.70528748455865,
    179.9169096334791,
    205.99916347572199,
    80.4036568019566,
    76.3769703412486,
    176.2621671163106,
    128.8861678202217,
    4.543251740141345,
    19.95192825248244,
    63.222265086840984,
    74.13320576914155,
    55.7834531799359,
    40.157813896161706,
    51.2537860077872,
    33.5955996626641,
    29.934642922749248,
    48.489281042659584,
    6.146247246514625,
    8.631304952187087,
    5251.610122157817,
    4823.450017690431,
    5043.808445259515,
    5553.333719859705,
    38.20000594496737,
    136.04743744865962,
    58.62680343075374,
    39.52344532749629,
    53.25087628017823,
    36.36949876400789,
    49.179206746142675,
    223.35131833015276,
    98.51978337448226,
    52.93904747056419,
    76.86092656220039,
    96.56723486721235,
    52.06267432569432,
    27.66667840905947,
    40.20509866923581,
    73.37385834660621,
    146.6328157165605,
    113.40326236382572,
    63.50953398364935,
    38.22993174821271,
    48.07808428023439,
    179.3232302208142,
    836.0016354256843,
    12.870399003157841,
    128.3019080892242,
    31.994308717010238,
    74.55120765204772,
    1405.1125421833055,
    1762.3156662412864,
    29.520308594343845,
    39.29575305748415,
    20.91715620995385,
    48.978286679979384,
    15.350211040532551,
    28.963285613181977,
    28.525714093290446,
    20.042463097675054,
    24.757175377057095,
    10.76335411309098,
    31.36292557601299,
    37.23161697992086,
    9.554215411331146,
    27.286593880857065,
    25.571866607371692,
    34.932452867611254,
    51.12594414094215,
    23.347791705417233,
    39.45869593041638,
    39.92931247491849,
    27.84602671398117,
    15.316222687135042,
    18.78560462643312,
    27.840581077648707,
    10.202512498512037,
    23.477790279249696,
    22.17681096608013,
    32.38361922860349,
    16.52388128524705,
    15.195330619909704,
    9.540693460882931,
    17.26271481516974,
    1160.9737774495918,
    1263.8376541641544,
    71.66853230035674,
    184.4414615214338,
    12.411794114077594,
    25.243632388880453,
    40.21976618512623,
    36.39632913613581,
    38.094346965791225,
    3.9490720864862743,
    4420.548093098659,
    4077.516132687122,
    23.398820668787373,
    55.53303892916498,
    73.26693052086564,
    80.25014053218048,
    23.858727589686875,
    38.823805199669295,
    7.03431685421625,
    9.155725189505251,
    27.78616762249106,
    4.849945464071108,
    52.45899294935088,
    340.67180732648586,
    516.0445125175386,
    55.93447285190151,
    40.47142012745923,
    4.90523868253238,
    91.28575096060236,
    214.0098650473187,
    155.78477672330948,
    242.50903358414405,
    124.05602398512156,
    191.22090482377158,
    151.28720603741772,
    382.4589063822248,
    18.078651882517,
    14.995998951293409,
    257.8511777712945,
    326.72592209678834,
    194.5180489199178,
    240.19017766542612,
    374.12761072413,
    502.1756142083314,
    119.69998585186484,
    57.748199358598384,
    209.90466567333084,
    148.1291597302083,
    127.81201014257026,
    98.91457749236042,
    2506.3370042476595,
    3132.6064203663573,
    35.82486841979798,
    49.255340514759475,
    104.24514712162036,
    191.52673625137172,
    20.218547629063988,
    32.003312322259184,
    199.28820919268898,
    88.3784628948372,
    208.75327481446882,
    140.92586246120254,
    149.64029373731873,
    167.63150258536348,
    47.74043745952769,
    51.60061246810661,
    59.71508366896814,
    109.75109648033738,
    60.991388161669725,
    23.059699788710137,
    212.0652403560272,
    146.29873064987368,
    75.31680945748472,
    48.014691794788305,
    61.78853932604016,
    37.592986295606565,
    87.92384132979167,
    34.50404431506373,
    11.540204420429367,
    10.328901659058623,
    7.179688347992532,
    33.09553316412591,
    37.023709757708524,
    63.18161017629339,
    76.7212076317536,
    50.662337353720595,
    61.91908670883957,
    32.79746349925212,
    46.520800228086195,
    116.31075657630629,
    59.352373870034974,
    55.34826893688153,
    60.26618312128171,
    47.399168962909116,
    43.19658786928968,
    91.6270430595231,
    101.28973948006272,
    76.20238062217699,
    57.2764954923255,
    7.00060439557482,
    6.822537300673465,
    16.028263143688957,
    20.12849693591312,
    70.69178047148033,
    70.9274097236251,
    68.30948470614122,
    87.61356694797279,
    51.506654677262105,
    40.308266069503105,
    49.07873803887753,
    61.57261330941334,
    23.342492048162704,
    58.58671449945945,
    114.13724683519467,
    133.02650380019372,
    72.66792565486985,
    73.8848516623485,
    27.152876033643693,
    16.21574381688203,
    65.59625724633726,
    20.083049615260624,
    35.665119096976255,
    31.17709079683814,
    69.41891713841783,
    21.803601559482292,
    42.93800889908472,
    38.15075186166865,
    31.666436556652883,
    59.76336569415174,
    8.659092960794709,
    34.37435316497714,
    27.273285829902687,
    16.478543786384584,
    30.272974644948455,
    22.977541400324437,
    30.22726295017053,
    35.91658709318376,
    0.7517218006579708,
    1.3643802877549007,
    11.493167707669025,
    81.31998793187793,
    38.47564544260767,
    96.71704618819021,
    147.36449283137284,
    133.01290821638048,
    85.0899693006484,
    94.75756492747982,
    59.016482765790556,
    90.30317525107141,
    79.8077818109872,
    63.648404230348305,
    66.26537321401877,
    113.28829617736677
  ],