{
  "assortativity": -0.27992047113978025,
  "betweenness_centrality": [
    0.0,
    0.0,
    0.0,
    0.0,
    456.4021379050792,
    512.8364684346826,
    229.8011753840473,
    490.9818042650834,
    0.0,
    0.0,
    65.10202555583486,
    47.15091533582152,
    0.0,
    0.0,
    0.0,
    0.0,
    0.0,
    0.0,
    318.07436487521187,
    248.14082753621122,
    0.0,
    0.0,
    0.0,
    0.0,
    0.0,
    0.0,
    0.0,
    235.8940684622359,
    0.0,
    0.0,
    0.0,
    0.0,
    0.0,
    0.0,
    0.0,
    0.0,
    0.0,
    0.0,
    0.0,
    650.391837224389,
    597.5481529923301,
    530.4888282804152,
    650.5189127625815,
    623.1449943496837,
    519.4026838175265,
    311.7768509308833,
    443.94608221957003,
    280.8096862751943,
    250.93506348653992,
    479.54328555086994,
    356.3533184271818,
    12.510714398575754,
    21.12679491931381,
    354.56849771882275,
    403.5284113764622,
    0.0,
    0.0,
    186.71946116696157,
    188.79434762251995,
    18.530527491854826,
    30.653813820312582,
    0.0,
    0.0,
    0.0,
    0.0,
    0.0,
    0.0,
    0.0,
    0.0,
    0.0,
    0.0,
    40.17661909107,
    0.0,
    0.0,
    0.0,
    0.0,
    0.0,
    0.0,
    58.21647985488223,
    56.31052024380325,
    259.82381675536703,
    425.3502956367934,
    0.0,
    0.0,
    0.0,
    0.0,
    0.0,
    0.0,
    0.0,
    0.0,
    0.0,
    0.0,
    0.0,
    0.0,
    0.0,
    0.0,
    0.0,
    0.0,
    0.0,
    0.0,
    0.0,
    0.0,
    0.0,
    0.0,
    98.27351973940908,
    179.6540791689809,
    88.74702627056323,
    91.34979473864955,
    128.34419311595525,
    122.81331147742301,
    262.14102979760156,
    0.0,
    0.0,
    312.18033353554983,
    393.7741847466372,
    10.914333413157857,
    7.823143607605675,
    0.0,
    0.0,
    207.13911577182887,
    191.61967939283076,
    0.0,
    0.0,
    0.0,
    0.0,
    0.0,
    0.0,
    0.0,
    0.0,
    0.0,
    0.0,
    0.0,
    0.0,
    0.0,
    0.0,
    0.0,
    0.0,
    0.0,
    0.0,
    0.0,
    0.0,
    0.0,
    377.19698769099756,
    329.2979105404782,
    0.0,
    0.0,
    0.0,
    0.0,
    0.0,
    0.0,
    0.0,
    0.0,
    0.0,
    0.0,
    0.0,
    0.0,
    0.0,
    0.0,
    0.0,
    0.0,
    0.0,
    433.89187365579016,
    381.4442242077155,
    291.5543024106484,
    241.7451841152284,
    0.0,
    0.0,
    0.0,
    0.0,
    0.0,
    0.0,
    244.21844773792284,
    0.0,
    0.0,
    0.0,
    0.0,
    0.0,
    0.0,
    0.0,
    0.0,
    0.0,
    0.0,
    0.0,
    19.763324776798054,
    0.0,
    0.0,
    0.0,
    0.0,
    0.0,
    0.0,
    0.0,
    72.3051220312794,
    42.35477162242447,
    0.0,
    0.0,
    0.0,
    225.9625857507875,
    307.6396250735382,
    0.0,
    0.0,
    0.0,
    0.0,
    0.0,
    0.0,
    0.0,
    0.0,
    0.0,
    0.0,
    0.0,
    0.0,
    0.0,
    0.0,
    0.0,
    291.3268249474217,
    202.40233204860388,
    227.2231607544124,
    244.45480632775025,
    0.0,
    0.0,
    444.4755295797487,
    552.545853850076,
    0.0,
    0.0,
    191.32545516059685,
    213.3286631607963,
    0.0,
    0.0,
    0.0,
    0.0,
    0.0,
    0.0,
    0.0,
    0.0,
    0.0,
    0.0,
    0.0,
    0.0,
    0.0,
    0.0,
    0.0,
    0.0,
    0.0,
    0.0,
    0.0,
    0.0,
    0.0,
    0.0,
    0.0,
    0.0,
    0.0,
    0.0,
    0.0,
    0.0,
    0.0,
    371.3984784738712,
    543.7094264298074,
    0.0,
    0.0,
    0.0,
    0.0,
    0.0,
    0.0,
    0.0,
    0.0,
    0.0,
    0.0,
    0.0,
    0.0,
    0.0,
    0.0,
    0.0,
    0.0,
    0.0,
    0.0,
    0.0,
    0.0,
    0.0,
    0.0,
    0.0,
    0.0,
    0.0,
    0.0,
    0.0,
    0.0,
    0.0,
    0.0,
    0.0,
    0.0,
    0.0,
    134.51223145261486,
    77.92166811465762,
    97.23618383112574,
    89.60654894942425,
    63.42864657529124,
    99.03022819257964,
    71.6053696852275,
    119.77773483841649,
    54.52391915127232,
    91.33466641069705,
    98.17122005310613,
    96.6854638919946,
    64.27369956259348
  ],
  "clustering": [
    0.18181818181818182,
    0.21881606765327696,
    0.2404862579281184,
    0.18181818181818182,
    0.22075320512820512,
    0.2037778667734615,
    0.21069045546852336,
    0.21132315521628497,
    0.13617767387492694,
    0.24196376388077148,
    0.2434640522875817,
    0.25360954174513495,
    0.0,
    0.0,
    0.19302721088435373,
    0.2261904761904762,
    0.0,
    0.0,
    0.2329758256724549,
    0.24010835659169266,
    0.18157894736842106,
    0.15,
    0.2857142857142857,
    0.31402439024390244,
    0.2945121951219512,
    0.0,
    0.0,
    0.2374031007751938,
    0.36363636363636365,
    0.5087719298245614,
    0.3055555555555556,
    0.3547619047619048,
    0.25757575757575757,
    0.4269005847953216,
    0.3,
    0.25,
    0.3961693548387097,
    0.3901098901098901,
    0.2875,
    0.210043409629045,
    0.20423143350604492,
    0.20638646288209608,
    0.21437782076079948,
    0.19389476051270518,
    0.21546491866958,
    0.22057862809146056,
    0.21106198765773235,
    0.2436574152903116,
    0.2232435981615233,
    0.21675543525713786,
    0.21653045339560226,
    0.33299595141700405,
    0.2618881118881119,
    0.22398952095808383,
    0.2020682862770847,
    0.19080338266384778,
    0.15961945031712474,
    0.277504105090312,
    0.22008379156847344,
    0.31687014428412874,
    0.26893453145057766,
    0.266156462585034,
    0.2898936170212766,
    0.2167019027484144,
    0.0,
    0.0,
    0.0,
    0.0,
    0.17011494252873563,
    0.1528735632183908,
    0.0,
    0.24225599064874342,
    0.2764876632801161,
    0.29082125603864734,
    0.22626262626262628,
    0.29603174603174603,
    0.23076923076923078,
    0.16025641025641027,
    0.28094968908988127,
    0.24955516014234874,
    0.2359408445222806,
    0.21904686510449653,
    0.0,
    0.0,
    0.0,
    0.0,
    0.0,
    0.0,
    0.2,
    0.3,
    0.35,
    0.4365942028985507,
    0.32857142857142857,
    0.3006535947712418,
    0.3967741935483871,
    0.15,
    0.4523809523809524,
    0.48157894736842105,
    0.19796484736355227,
    0.4090909090909091,
    0.31225296442687744,
    0.4666666666666667,
    0.4714285714285714,
    0.3611111111111111,
    0.24668082846521508,
    0.27206747744213416,
    0.24673202614379086,
    0.24875415282392027,
    0.24055666003976142,
    0.2381511946729338,
    0.23649433633459194,
    0.25,
    0.0,
    0.19526265779828966,
    0.1837646131616971,
    0.3123123123123123,
    0.27608695652173915,
    0.25398936170212766,
    0.24056603773584906,
    0.22236559139784945,
    0.21686602870813398,
    0.0,
    0.08333333333333333,
    0.20955882352941177,
    0.125,
    0.0,
    0.0,
    0.0,
    0.0,
    0.0,
    0.0,
    0.29343971631205673,
    0.2564102564102564,
    0.27615248226950356,
    0.2724252491694352,
    0.28294573643410853,
    0.22474747474747475,
    0.19978858350951373,
    0.18710359408033828,
    0.0,
    0.14102564102564102,
    0.19604024667315806,
    0.23286482734686795,
    0.19958228905597328,
    0.18018018018018017,
    0.21602787456445993,
    0.1953957382039574,
    0.216324200913242,
    0.0,
    0.19384615384615383,
    0.15538461538461537,
    0.2945121951219512,
    0.22624434389140272,
    0.24202127659574468,
    0.1777482269503546,
    0.2223639455782313,
    0.27253668763102723,
    0.0,
    0.0,
    0.0,
    0.0,
    0.2075875486381323,
    0.19396887159533074,
    0.21609434616718695,
    0.21586931155192532,
    0.0,
    0.0,
    0.29833487511563367,
    0.22525252525252526,
    0.0,
    0.0,
    0.23335357215138636,
    0.24329268292682926,
    0.2398049645390071,
    0.20833333333333334,
    0.1527777777777778,
    0.2251131221719457,
    0.20983086680761098,
    0.23890063424947147,
    0.20507399577167018,
    0.1686046511627907,
    0.20487012987012987,
    0.2198581560283688,
    0.21891651865008882,
    0.2149822695035461,
    0.21010928961748634,
    0.18760958503798947,
    0.2985739750445633,
    0.2516869095816464,
    0.0,
    0.0,
    0.2585160989267382,
