{
  "assortativity": -0.29250752653458956,
  "betweenness_centrality": [
    0.0,
    0.0,
    0.0,
    0.0,
    464.88660383368926,
    253.66622738845456,
    306.3354253711128,
    513.9734605999414,
    0.0,
    0.0,
    46.186483973521284,
    48.071145813304895,
    0.0,
    0.0,
    0.0,
    0.0,
    0.0,
    0.0,
    288.2738766406115,
    352.22118291823085,
    0.0,
    0.0,
    0.0,
    0.0,
    0.0,
    0.0,
    0.0,
    160.7525226719033,
    0.0,
    0.0,
    0.0,
    0.0,
    0.0,
    0.0,
    0.0,
    0.0,
    0.0,
    0.0,
    0.0,
    401.48783057833526,
    511.0382896079926,
    367.4670337713579,
    504.5683228810886,
    545.4006733432611,
    372.72822132591494,
    507.5050088566394,
    484.762573832636,
    406.68801247549476,
    445.53504519923206,
    396.58291074637657,
    305.1239062995,
    16.948090544870396,
    20.754488574938332,
    240.42206543310581,
    325.0466106899192,
    0.0,
    0.0,
    128.77331557982404,
    230.41615094127044,
    27.288629136866195,
    93.29036288410248,
    0.0,
    0.0,
    0.0,
    0.0,
    0.0,
    0.0,
    0.0,
    0.0,
    0.0,
    0.0,
    39.82818998070505,
    0.0,
    0.0,
    0.0,
    0.0,
    0.0,
    0.0,
    76.77231892225781,
    154.10711210016217,
    216.19217363847483,
    243.87647993643947,
    0.0,
    0.0,
    0.0,
    0.0,
    0.0,
    0.0,
    0.0,
    0.0,
    0.0,
    0.0,
    0.0,
    0.0,
    0.0,
    0.0,
    0.0,
    0.0,
    0.0,
    0.0,
    0.0,
    0.0,
    0.0,
    0.0,
    130.15895024655566,
    103.68707948241317,
    103.37578089447595,
    104.77041348088721,
    111.41482362645313,
    114.90514022260868,
    280.09806768913614,
    0.0,
    0.0,
    526.8143258226168,
    403.3739133553464,
    7.730023799705274,
    16.512921270188105,
    0.0,
    0.0,
    155.30947964211893,
    160.36922195496868,
    0.0,
    0.0,
    0.0,
    0.0,
    0.0,
    0.0,
    0.0,
    0.0,
    0.0,
    0.0,
    0.0,
    0.0,
    0.0,
    0.0,
    0.0,
    0.0,
    0.0,
    0.0,
    0.0,
    0.0,
    0.0,
    237.1298647346769,
    191.5331136548446,
    0.0,
    0.0,
    0.0,
    0.0,
    0.0,
    0.0,
    0.0,
    0.0,
    0.0,
    0.0,
    0.0,
    0.0,
    0.0,
    0.0,
    0.0,
    0.0,
    0.0,
    577.534575023641,
    517.0415276558365,
    352.9915119710137,
    292.4439130600604,
    0.0,
    0.0,
    0.0,
    0.0,
    0.0,
    0.0,
    244.6583332117421,
    0.0,
    0.0,
    0.0,
    0.0,
    0.0,
    0.0,
    0.0,
    0.0,
    0.0,
    0.0,
    0.0,
    20.874119913650926,
    0.0,
    0.0,
    0.0,
    0.0,
    0.0,
    0.0,
    0.0,
    124.07329665560613,
    115.36818462334506,
    0.0,
    0.0,
    0.0,
    220.94878770051332,
    325.3312242450233,
    0.0,
    0.0,
    0.0,
    0.0,
    0.0,
    0.0,
    0.0,
    0.0,
    0.0,
    0.0,
    0.0,
    0.0,
    0.0,
    0.0,
    0.0,
    142.65067829083267,
    237.67226507620185,
    187.95946537517568,
    131.0748510600408,
    0.0,
    0.0,
    531.6884301580315,
    746.7890898452673,
    0.0,
    0.0,
    161.03748935983148,
    320.27958690313784,
    0.0,
    0.0,
    0.0,
    0.0,
    0.0,
    0.0,
    0.0,
    0.0,
    0.0,
    0.0,
    0.0,
    0.0,
    0.0,
    0.0,
    0.0,
    0.0,
    0.0,
    0.0,
    0.0,
    0.0,
    0.0,
    0.0,
    0.0,
    0.0,
    0.0,
    0.0,
    0.0,
    0.0,
    0.0,
    692.1911568005502,
    615.0481379116161,
    0.0,
    0.0,
    0.0,
    0.0,
    0.0,
    0.0,
    0.0,
    0.0,
    0.0,
    0.0,
    0.0,
    0.0,
    0.0,
    0.0,
    0.0,
    0.0,
    0.0,
    0.0,
    0.0,
    0.0,
    0.0,
    0.0,
    0.0,
    0.0,
    0.0,
    0.0,
    0.0,
    0.0,
    0.0,
    0.0,
    0.0,
    0.0,
    0.0,
    64.61813187996972,
    101.87184300921453,
    78.60178685662419,
    141.29424189583526,
    90.3133660264478,
    122.77613898693362,
    119.6412947142326,
    116.23758145225838,
    75.33137594578035,
    75.30437634984078,
    61.59941044157785,
    66.64975338876273,
    77.95020784287074
  ],
  "clustering": [
    0.20348837209302326,
    0.23890063424947147,
    0.21511627906976744,
    0.20084566596194503,
    0.20529676934635613,
    0.23051859896823243,
    0.20317386771690027,
    0.2139248305606901,
    0.18497954412624196,
    0.2060198714202221,
    0.2661530815109344,
    0.2618069815195072,
    0.0,
    0.0,
    0.21598639455782312,
    0.19600340136054423,
    0.0,
    0.0,
    0.2219626168224299,
    0.19683857294242318,
    0.19210526315789472,
    0.18157894736842106,
    0.17857142857142858,
    0.25853658536585367,
    0.2205128205128205,
    0.0,
    0.0,
    0.24872057318321392,
    0.38333333333333336,
    0.23214285714285715,
    0.19047619047619047,
    0.41228070175438597,
    0.27205882352941174,
    0.35,
    0.43333333333333335,
    0.3115530303030303,
    0.25,
    0.42063492063492064,
    0.3641304347826087,
    0.20931689993733027,
    0.21352826109338,
    0.18199190647482014,
    0.19702052091554853,
    0.18695330787236664,
    0.21288384512683578,
    0.1960405156537753,
    0.19463117732558138,
    0.22514902529402286,
    0.1960306920466283,
    0.1884711298676386,
    0.2118114707552527,
    0.25555555555555554,
    0.24598183088749126,
    0.2273562834224599,
    0.23208510638297872,
    0.18340380549682875,
    0.21088794926004228,
    0.26508820798514393,
    0.2398929049531459,
    0.28438228438228436,
    0.23256802721088435,
    0.3011100832562442,
    0.3125,
    0.17124735729386892,
    0.0,
    0.0,
    0.0,
    0.0,
    0.17701149425287357,
    0.21149425287356322,
    0.0,
    0.25378558449424593,
    0.2958748221906117,
    0.30179704016913317,
    0.2823529411764706,
    0.3588235294117647,
    0.27564102564102566,
    0.28205128205128205,
    0.2597902097902098,
    0.2427556041552761,
    0.21586931155192532,
    0.21836572788575961,
    0.0,
    0.0,
    0.0,
    0.0,
    0.0,
    0.0,
    0.3333333333333333,
    0.3787878787878788,
    0.2857142857142857,
    0.16071428571428573,
    0.2,
    0.12222222222222222,
    0.5,
    0.4583333333333333,
    0.25,
    0.32142857142857145,
    0.2453231292517007,
    0.3699596774193548,
    0.3769230769230769,
    0.43333333333333335,
    0.45,
    0.4308300395256917,
    0.22736030828516376,
    0.21309314586994726,
    0.23962468422952002,
    0.25773014757554463,
    0.23114158935054457,
    0.22962226640159045,
    0.201651376146789,
    0.2,
    0.0,
    0.20180759432245543,
    0.20190689848569826,
    0.35714285714285715,
    0.35714285714285715,
    0.2028301886792453,
    0.2323671497584541,
    0.2342029679272379,
    0.2537958667229017,
    0.0,
    0.08333333333333333,
    0.23161764705882354,
    0.2222222222222222,
    0.0,
    0.0,
    0.0,
    0.0,
    0.0,
    0.0,
    0.2724039829302987,
    0.28279569892473116,
    0.2567067530064755,
    0.30369843527738266,
    0.2677119628339141,
    0.2688734030197445,
    0.2463002114164905,
    0.2510570824524313,
    0.0,
    0.18971113274910742,
    0.17543005517689061,
    0.2235222742243023,
    0.2189413035649982,
    0.16594594594594594,
    0.19802555168408828,
    0.17294520547945205,
    0.1649543378995434,
    0.0,
    0.2630769230769231,
    0.1123076923076923,
    0.23265993265993265,
    0.26464646464646463,
    0.2614795918367347,
    0.20153061224489796,
    0.28147163120567376,
    0.2309725158562368,
    0.0,
    0.0,
    0.0,
    0.0,
    0.18680343229115298,
    0.19384041063929072,
    0.20050476724621424,
    0.20371105378051202,
    0.0,
    0.0,
    0.25064102564102564,
    0.25158562367864695,
    0.0,
    0.0,
    0.2231018695154521,
    0.2167019027484144,
    0.2992599444958372,
    0.16666666666666666,
    0.18055555555555555,
    0.2377104377104377,
    0.18657505285412262,
    0.19767441860465115,
    0.17653276955602537,
    0.18023255813953487,
    0.24898989898989898,
    0.2154255319148936,
    0.2696078431372549,
    0.24867021276595744,
    0.2059322033898305,
    0.2192156862745098,
    0.32661290322580644,
    0.37126436781609196,
    0.0,
    0.0,
