{
  "assortativity": -0.28208470419232023,
  "betweenness_centrality": [
    0.0,
    0.0,
    0.0,
    0.0,
    284.28466327529543,
    466.367946777494,
    318.2782498262241,
    398.05461794027804,
    0.0,
    0.0,
    94.03765316620397,
    65.09254028860488,
    0.0,
    0.0,
    0.0,
    0.0,
    0.0,
    0.0,
    261.88449241404845,
    254.96040585384605,
    0.0,
    0.0,
    0.0,
    0.0,
    0.0,
    0.0,
    0.0,
    136.61975172395404,
    0.0,
    0.0,
    0.0,
    0.0,
    0.0,
    0.0,
    0.0,
    0.0,
    0.0,
    0.0,
    0.0,
    842.7878705964299,
    465.8202445480696,
    300.26149299120186,
    351.1664430054963,
    395.6383638228512,
    331.12692506050433,
    560.8052061199508,
    844.5836785307349,
    307.47641803660895,
    266.07148259171674,
    559.2666265405875,
    463.7283280014117,
    13.398250677030147,
    25.81841694614028,
    304.79987093411705,
    318.72969975297354,
    0.0,
    0.0,
    185.22124304463935,
    188.7561110334999,
    100.18553739165247,
    34.166711392745185,
    0.0,
    0.0,
    0.0,
    0.0,
    0.0,
    0.0,
    0.0,
    0.0,
    0.0,
    0.0,
    34.0438430911289,
    0.0,
    0.0,
    0.0,
    0.0,
    0.0,
    0.0,
    61.26940040774093,
    36.018839615426,
    209.51299019477415,
    298.10233128189805,
    0.0,
    0.0,
    0.0,
    0.0,
    0.0,
    0.0,
    0.0,
    0.0,
    0.0,
    0.0,
    0.0,
    0.0,
    0.0,
    0.0,
    0.0,
    0.0,
    0.0,
    0.0,
    0.0,
    0.0,
    0.0,
    0.0,
    127.92768939821988,
    143.28963619029358,
    114.75766887015108,
    93.70402933059391,
    111.81887864693746,
    169.18427524841252,
    281.71656878030655,
    0.0,
    0.0,
    365.28588058493267,
    331.0488141001375,
    16.353118544400175,
    10.238366206265209,
    0.0,
    0.0,
    293.6364252314006,
    370.1502454491122,
    0.0,
    0.0,
    0.0,
    0.0,
    0.0,
    0.0,
    0.0,
    0.0,
    0.0,
    0.0,
    0.0,
    0.0,
    0.0,
    0.0,
    0.0,
    0.0,
    0.0,
    0.0,
    0.0,
    0.0,
    0.0,
    473.4815358334192,
    346.1229307741332,
    0.0,
    0.0,
    0.0,
    0.0,
    0.0,
    0.0,
    0.0,
    0.0,
    0.0,
    0.0,
    0.0,
    0.0,
    0.0,
    0.0,
    0.0,
    0.0,
    0.0,
    581.1306096293689,
    660.6398724952214,
    380.25895335785674,
    239.44846508259934,
    0.0,
    0.0,
    0.0,
    0.0,
    0.0,
    0.0,
    358.3389615228559,
    0.0,
    0.0,
    0.0,
    0.0,
    0.0,
    0.0,
    0.0,
    0.0,
    0.0,
    0.0,
    0.0,
    28.273019757837474,
    0.0,
    0.0,
    0.0,
    0.0,
    0.0,
    0.0,
    0.0,
    76.10137019928719,
    54.35404327134774,
    0.0,
    0.0,
    0.0,
    335.54351768716856,
    340.7569336878739,
    0.0,
    0.0,
    0.0,
    0.0,
    0.0,
    0.0,
    0.0,
    0.0,
    0.0,
    0.0,
    0.0,
    0.0,
    0.0,
    0.0,
    0.0,
    154.74029877156372,
    218.20552315238345,
    296.8427923992939,
    116.4889664509184,
    0.0,
    0.0,
    457.8688215098084,
    413.5107021185895,
    0.0,
    0.0,
    215.89625585471182,
    153.78389836007793,
    0.0,
    0.0,
    0.0,
    0.0,
    0.0,
    0.0,
    0.0,
    0.0,
    0.0,
    0.0,
    0.0,
    0.0,
    0.0,
    0.0,
    0.0,
    0.0,
    0.0,
    0.0,
    0.0,
    0.0,
    0.0,
    0.0,
    0.0,
    0.0,
    0.0,
    0.0,
    0.0,
    0.0,
    0.0,
    336.71091533975795,
    268.1911230577673,
    0.0,
    0.0,
    0.0,
    0.0,
    0.0,
    0.0,
    0.0,
    0.0,
    0.0,
    0.0,
    0.0,
    0.0,
    0.0,
    0.0,
    0.0,
    0.0,
    0.0,
    0.0,
    0.0,
    0.0,
    0.0,
    0.0,
    0.0,
    0.0,
    0.0,
    0.0,
    0.0,
    0.0,
    0.0,
    0.0,
    0.0,
    0.0,
    0.0,
    118.18957885154349,
    74.98414025588266,
    110.22403082936327,
    122.77743203665207,
    54.864868193026176,
    110.56581092090904,
    109.77129839120622,
    92.60548764793216,
    85.31275684273393,
    92.05040455489004,
    82.03320469403312,
    90.20234596901496,
    146.28088704253005
  ],
  "clustering": [
    0.20243128964059195,
    0.19397463002114165,
    0.20507399577167018,
    0.20824524312896406,
    0.21293327225530614,
    0.19845964263709182,
    0.23452348628835187,
    0.2077241981234999,
    0.2136177673874927,
    0.1940385739333723,
    0.21425024826216485,
    0.24253075571177504,
    0.0,
    0.0,
    0.2495748299319728,
    0.17304421768707484,
    0.0,
    0.0,
    0.2351290684624018,
    0.20575396825396824,
    0.24210526315789474,
    0.24473684210526317,
    0.375,
    0.2726063829787234,
    0.28603603603603606,
    0.0,
    0.0,
    0.24841772151898733,
    0.20833333333333334,
    0.3,
    0.43166666666666664,
    0.34705882352941175,
    0.2777777777777778,
    0.3333333333333333,
    0.3,
    0.39814814814814814,
    0.2,
    0.5,
    0.4444444444444444,
    0.19254423313463903,
    0.20025854316546762,
    0.2182046247818499,
    0.20159726183685112,
    0.1923578886310905,
    0.20244171609877223,
    0.19371028639837923,
    0.19700111660551922,
    0.24930202003613072,
    0.23332331730769232,
    0.20576481591701387,
    0.1868258178603006,
    0.2851851851851852,
    0.23372093023255813,
    0.22382108183079058,
    0.22765469824293355,
    0.16173361522198731,
    0.19503171247357293,
    0.2524140012070006,
    0.22770091256991462,
    0.27618737800910864,
    0.3388804841149773,
    0.25158562367864695,
    0.24379432624113476,
    0.2568710359408034,
    0.0,
    0.0,
    0.0,
    0.0,
    0.22413793103448276,
    0.22758620689655173,
    0.0,
    0.23309492847854357,
    0.2746938775510204,
    0.256006006006006,
    0.21875,
    0.25806451612903225,
    0.14102564102564102,
    0.1346153846153846,
    0.23499662845583277,
    0.2128654970760234,
    0.20631438382296832,
    0.2487424111014744,
    0.0,
    0.0,
    0.0,
    0.0,
    0.0,
    0.0,
    0.35714285714285715,
    0.5,
    0.36174242424242425,
    0.2727272727272727,
    0.42833333333333334,
    0.5,
    0.38181818181818183,
    0.3954248366013072,
    0.25,
    0.3787878787878788,
    0.2630624092888244,
    0.5888888888888889,
    0.45,
    0.33636363636363636,
    0.15,
    0.08333333333333333,
    0.2672734026745914,
    0.2634388105223027,
    0.2210065645514223,
    0.26409052092228863,
    0.23497720679651884,
    0.23330990864371048,
    0.21402668987525383,
    0.15,
    0.0,
    0.22252140292736813,
    0.23369022127052105,
    0.32381413359148115,
    0.328159645232816,
    0.2897793263646922,
    0.2681422351233672,
    0.2506735518634935,
    0.21518987341772153,
    0.0,
    0.16666666666666666,
    0.15808823529411764,
    0.2222222222222222,
    0.0,
    0.0,
    0.0,
    0.0,
    0.0,
    0.0,
    0.33205128205128204,
    0.24358974358974358,
    0.23404255319148937,
    0.276219512195122,
    0.33167220376522705,
    0.260797342192691,
    0.2521141649048626,
    0.2510570824524313,
    0.0,
    0.18597857838364168,
    0.1976630963972736,
    0.20811678385814736,
    0.21686372121966396,
    0.17657657657657658,
    0.19279907084785133,
    0.16875951293759514,
    0.17294520547945205,
    0.0,
    0.14923076923076922,
    0.2153846153846154,
    0.30930930930930933,
    0.28118393234672306,
    0.2135265700483092,
    0.22853107344632767,
    0.2145550527903469,
    0.2806763285024155,
    0.0,
    0.0,
    0.0,
    0.0,
    0.21336300951383433,
    0.213888639827849,
    0.24272151898734176,
    0.23566610455311973,
    0.0,
    0.0,
    0.23080481036077705,
    0.2768627450980392,
    0.0,
    0.0,
    0.21350554785020803,
    0.23202959830866807,
    0.24646464646464647,
    0.08333333333333333,
    0.3194444444444444,
    0.2453115547489413,
    0.24682875264270612,
    0.1897463002114165,
    0.19608879492600423,
    0.1569767441860465,
    0.242368177613321,
    0.2642512077294686,
    0.22351097178683385,
    0.17952127659574468,
    0.2211038961038961,
    0.2422867513611615,
    0.30158730158730157,
    0.23908045977011494,
    0.0,
    0.0,
    0.2746689448953439,
    0.2572237960339943,
