{
  "assortativity": -0.2838690566130585,
  "betweenness_centrality": [
    0.0,
    0.0,
    0.0,
    0.0,
    415.9220370885693,
    427.02189798422967,
    521.7146378191271,
    503.36578843497176,
    0.0,
    0.0,
    47.42903146082773,
    34.693568838161816,
    0.0,
    0.0,
    0.0,
    0.0,
    0.0,
    0.0,
    309.7993680661417,
    283.62683578443045,
    0.0,
    0.0,
    0.0,
    0.0,
    0.0,
    0.0,
    0.0,
    225.99270994564512,
    0.0,
    0.0,
    0.0,
    0.0,
    0.0,
    0.0,
    0.0,
    0.0,
    0.0,
    0.0,
    0.0,
    691.1601171530818,
    504.6875763186991,
    316.35211312274123,
    350.34891632496715,
    497.6363406214,
    572.0175182857269,
    388.90602557187646,
    398.16330720210243,
    293.93714061515175,
    232.24536263317466,
    487.9278533724327,
    460.7148002411547,
    12.47967439727597,
    25.59612591862231,
    213.4795927826665,
    299.2397284042825,
    0.0,
    0.0,
    168.84896066888265,
    265.96744430008454,
    51.35877836290904,
    42.96861541373422,
    0.0,
    0.0,
    0.0,
    0.0,
    0.0,
    0.0,
    0.0,
    0.0,
    0.0,
    0.0,
    37.14601927597657,
    0.0,
    0.0,
    0.0,
    0.0,
    0.0,
    0.0,
    52.73806754696777,
    58.863050001842204,
    344.31197846396515,
    315.8834218582956,
    0.0,
    0.0,
    0.0,
    0.0,
    0.0,
    0.0,
    0.0,
    0.0,
    0.0,
    0.0,
    0.0,
    0.0,
    0.0,
    0.0,
    0.0,
    0.0,
    0.0,
    0.0,
    0.0,
    0.0,
    0.0,
    0.0,
    134.02678623768472,
    144.56743471215628,
    98.00734989741846,
    113.79065614898971,
    151.43228713022845,
    134.5465382561492,
    226.72030286727437,
    0.0,
    0.0,
    340.09863329770775,
    488.033982595312,
    17.291793583346163,
    14.58648369564362,
    0.0,
    0.0,
    295.9693614499085,
    278.65469425374687,
    0.0,
    0.0,
    0.0,
    0.0,
    0.0,
    0.0,
    0.0,
    0.0,
    0.0,
    0.0,
    0.0,
    0.0,
    0.0,
    0.0,
    0.0,
    0.0,
    0.0,
    0.0,
    0.0,
    0.0,
    0.0,
    363.6816624383748,
    247.0188993790511,
    0.0,
    0.0,
    0.0,
    0.0,
    0.0,
    0.0,
    0.0,
    0.0,
    0.0,
    0.0,
    0.0,
    0.0,
    0.0,
    0.0,
    0.0,
    0.0,
    0.0,
    416.1269409163468,
    539.1773647277844,
    305.3031869166123,
    472.7239944798563,
    0.0,
    0.0,
    0.0,
    0.0,
    0.0,
    0.0,
    174.6322414464304,
    0.0,
    0.0,
    0.0,
    0.0,
    0.0,
    0.0,
    0.0,
    0.0,
    0.0,
    0.0,
    0.0,
    19.41580437207843,
    0.0,
    0.0,
    0.0,
    0.0,
    0.0,
    0.0,
    0.0,
    81.68800039606597,
    70.92569453771917,
    0.0,
    0.0,
    0.0,
    347.851866967263,
    202.55125394526732,
    0.0,
    0.0,
    0.0,
    0.0,
    0.0,
    0.0,
    0.0,
    0.0,
    0.0,
    0.0,
    0.0,
    0.0,
    0.0,
    0.0,
    0.0,
    120.7442919123773,
    172.1611763309544,
    200.71495718633582,
    175.8237300093171,
    0.0,
    0.0,
    469.4035118937542,
    451.2358976035163,
    0.0,
    0.0,
    254.8521031249277,
    354.5154968181337,
    0.0,
    0.0,
    0.0,
    0.0,
    0.0,
    0.0,
    0.0,
    0.0,
    0.0,
    0.0,
    0.0,
    0.0,
    0.0,
    0.0,
    0.0,
    0.0,
    0.0,
    0.0,
    0.0,
    0.0,
    0.0,
    0.0,
    0.0,
    0.0,
    0.0,
    0.0,
    0.0,
    0.0,
    0.0,
    450.5463067606712,
    401.4916507467372,
    0.0,
    0.0,
    0.0,
    0.0,
    0.0,
    0.0,
    0.0,
    0.0,
    0.0,
    0.0,
    0.0,
    0.0,
    0.0,
    0.0,
    0.0,
    0.0,
    0.0,
    0.0,
    0.0,
    0.0,
    0.0,
    0.0,
    0.0,
    0.0,
    0.0,
    0.0,
    0.0,
    0.0,
    0.0,
    0.0,
    0.0,
    0.0,
    0.0,
    55.35299159167144,
    73.30027908559306,
    113.52014329675656,
    97.89594041698524,
    57.087132401877284,
    74.81317818012253,
    143.19997096732828,
    108.88213406963972,
    82.16445890731872,
    56.95663331030744,
    112.36408781756498,
    136.87801288088727,
    138.72829575868795
  ],
  "clustering": [
    0.19978858350951373,
    0.19767441860465115,
    0.17230443974630022,
    0.1569767441860465,
    0.20537532238360257,
    0.191823499491353,
    0.21917104361726422,
    0.2066777041942605,
    0.19053185271770895,
    0.18001168907071888,
    0.2517263025737602,
    0.28314238952536824,
    0.0,
    0.0,
    0.19982993197278912,
    0.20620748299319727,
    0.0,
    0.0,
    0.22776377385667987,
    0.20753353973168215,
    0.16052631578947368,
    0.18947368421052632,
    0.42857142857142855,
    0.27213352685050796,
    0.24154589371980675,
    0.0,
    0.0,
    0.24768468662502693,
    0.3,
    0.5,
    0.4583333333333333,
    0.4095238095238095,
    0.3736842105263158,
    0.3366013071895425,
    0.5,
    0.3464052287581699,
    0.30952380952380953,
    0.25,
    0.34444444444444444,
    0.20803052325581395,
    0.216258218768679,
    0.21851946069702366,
    0.20438000485319097,
    0.20869451011294982,
    0.2004190804881055,
    0.1944471841404478,
    0.2075245147088253,
    0.22088046468969735,
    0.24646946564885497,
    0.21079613992762364,
    0.19730238393977415,
    0.22151162790697673,
    0.24215070643642073,
    0.22522438294689603,
    0.23250468244508768,
    0.21458773784355178,
    0.1982029598308668,
    0.2647887323943662,
    0.2232849604221636,
    0.26163182737693863,
    0.28862478777589134,
    0.19450980392156864,
    0.241921768707483,
    0.25898520084566595,
    0.0,
    0.0,
    0.0,
    0.0,
    0.19425287356321838,
    0.1367816091954023,
    0.0,
    0.2602040816326531,
    0.2851605758582503,
    0.28907563025210087,
    0.27177700348432055,
    0.2955665024630542,
    0.20512820512820512,
    0.08974358974358974,
    0.24469375379017586,
    0.24472727272727274,
    0.21973376506565928,
    0.18642483171278984,
    0.0,
    0.0,
    0.0,
    0.0,
    0.0,
    0.0,
    0.5833333333333334,
    0.35714285714285715,
    0.25757575757575757,
    0.43333333333333335,
    0.18055555555555555,
    0.32679738562091504,
    0.3241106719367589,
    0.4528985507246377,
    0.3333333333333333,
    0.5,
    0.2938443670150987,
    0.2545454545454545,
    0.316025641025641,
    0.45588235294117646,
    0.32142857142857145,
    0.2,
    0.25279966818747407,
    0.2159006671608599,
    0.24813084112149533,
    0.22770634591455827,
    0.23339191564147627,
    0.2145602049530316,
    0.24552820669622383,
    0.2,
    0.0,
    0.22873578076525336,
    0.20426977195536147,
    0.31214421252371916,
    0.2553495007132668,
    0.25404040404040407,
    0.22704918032786886,
    0.22104323681078936,
    0.2461453744493392,
    0.0,
    0.08333333333333333,
    0.2426470588235294,
    0.1527777777777778,
    0.0,
    0.0,
    0.0,
    0.0,
    0.0,
    0.0,
    0.3178294573643411,
    0.24761904761904763,
    0.2637411347517731,
    0.2119487908961593,
    0.31721194879089615,
    0.24468085106382978,
    0.20930232558139536,
    0.19027484143763213,
    0.0,
    0.18419344368711457,
    0.18889970788704966,
    0.23051839464882942,
    0.23586572438162545,
    0.16414414414414413,
    0.22009291521486643,
    0.1797945205479452,
    0.1598173515981735,
    0.0,
    0.16307692307692306,
    0.21846153846153846,
    0.2159709618874773,
    0.21987179487179487,
    0.2631313131313131,
    0.23577235772357724,
    0.21428571428571427,
    0.21244886031560492,
    0.0,
    0.0,
    0.0,
    0.0,
    0.18937575030012005,
    0.1863252519749387,
    0.24682413656212782,
    0.23586142322097378,
    0.0,
    0.0,
    0.26262626262626265,
    0.24634146341463414,
    0.0,
    0.0,
    0.2334894613583138,
    0.221256038647343,
    0.24426450742240216,
    0.20833333333333334,
    0.25,
    0.2358490566037736,
    0.1828752642706131,
    0.16279069767441862,
    0.16701902748414377,
    0.23150105708245244,
    0.23169993950393225,
    0.24773139745916514,
    0.26978939724037765,
    0.1879432624113475,
    0.2188235294117647,
    0.23803191489361702,
    0.30105105105105107,
    0.3215725806451613,
    0.0,
    0.0,
