{
  "assortativity": -0.2774141634104889,
  "betweenness_centrality": [
    0.0,
    0.0,
    0.0,
    0.0,
    493.65322907770167,
    439.09223825861585,
    330.1449328817699,
    449.05748478643403,
    0.0,
    0.0,
    74.78606251223782,
    45.61981667396004,
    0.0,
    0.0,
    0.0,
    0.0,
    0.0,
    0.0,
    199.8611040907138,
    278.4370353936113,
    0.0,
    0.0,
    0.0,
    0.0,
    0.0,
    0.0,
    0.0,
    249.0332661163334,
    0.0,
    0.0,
    0.0,
    0.0,
    0.0,
    0.0,
    0.0,
    0.0,
    0.0,
    0.0,
    0.0,
    466.6393535438405,
    354.65435601632777,
    474.13375981598426,
    445.17577331231956,
    239.590389641942,
    450.0871334714508,
    468.14711186440945,
    388.4671467942312,
    406.1295023157696,
    223.40530553047793,
    509.0602177361548,
    513.1675550235781,
    21.203214892758744,
    21.958653367657938,
    243.958512684128,
    287.5112667573562,
    0.0,
    0.0,
    270.77024502842056,
    285.63056605895235,
    21.01770747884293,
    55.090560723877296,
    0.0,
    0.0,
    0.0,
    0.0,
    0.0,
    0.0,
    0.0,
    0.0,
    0.0,
    0.0,
    34.13804374114448,
    0.0,
    0.0,
    0.0,
    0.0,
    0.0,
    0.0,
    35.60004121074039,
    22.3253073315382,
    510.7608271497041,
    373.85041576179583,
    0.0,
    0.0,
    0.0,
    0.0,
    0.0,
    0.0,
    0.0,
    0.0,
    0.0,
    0.0,
    0.0,
    0.0,
    0.0,
    0.0,
    0.0,
    0.0,
    0.0,
    0.0,
    0.0,
    0.0,
    0.0,
    0.0,
    156.08567702529615,
    140.3509319148216,
    87.1822787100711,
    99.18734778077325,
    100.52010564491151,
    81.7844582408896,
    254.90691254221298,
    0.0,
    0.0,
    499.3843064948638,
    293.97764271337655,
    12.876136395719719,
    16.289470197592927,
    0.0,
    0.0,
    187.66845241331683,
    246.72865270815646,
    0.0,
    0.0,
    0.0,
    0.0,
    0.0,
    0.0,
    0.0,
    0.0,
    0.0,
    0.0,
    0.0,
    0.0,
    0.0,
    0.0,
    0.0,
    0.0,
    0.0,
    0.0,
    0.0,
    0.0,
    0.0,
    318.63695182214826,
    338.2606990729988,
    0.0,
    0.0,
    0.0,
    0.0,
    0.0,
    0.0,
    0.0,
    0.0,
    0.0,
    0.0,
    0.0,
    0.0,
    0.0,
    0.0,
    0.0,
    0.0,
    0.0,
    538.7727029193617,
    629.6338258496013,
    352.94794472910684,
    452.50757488181534,
    0.0,
    0.0,
    0.0,
    0.0,
    0.0,
    0.0,
    205.24043261217548,
    0.0,
    0.0,
    0.0,
    0.0,
    0.0,
    0.0,
    0.0,
    0.0,
    0.0,
    0.0,
    0.0,
    33.602643074020534,
    0.0,
    0.0,
    0.0,
    0.0,
    0.0,
    0.0,
    0.0,
    67.43017047721702,
    83.5565255818081,
    0.0,
    0.0,
    0.0,
    330.28840413890595,
    285.50948971489066,
    0.0,
    0.0,
    0.0,
    0.0,
    0.0,
    0.0,
    0.0,
    0.0,
    0.0,
    0.0,
    0.0,
    0.0,
    0.0,
    0.0,
    0.0,
    319.0347968751404,
    138.10731291659025,
    180.27598126979197,
    165.60185225139622,
    0.0,
    0.0,
    591.0978752553737,
    319.1002424653652,
    0.0,
    0.0,
    246.00226753549228,
    174.0656938399396,
    0.0,
    0.0,
    0.0,
    0.0,
    0.0,
    0.0,
    0.0,
    0.0,
    0.0,
    0.0,
    0.0,
    0.0,
    0.0,
    0.0,
    0.0,
    0.0,
    0.0,
    0.0,
    0.0,
    0.0,
    0.0,
    0.0,
    0.0,
    0.0,
    0.0,
    0.0,
    0.0,
    0.0,
    0.0,
    368.8502138074101,
    643.7118263524067,
    0.0,
    0.0,
    0.0,
    0.0,
    0.0,
    0.0,
    0.0,
    0.0,
    0.0,
    0.0,
    0.0,
    0.0,
    0.0,
    0.0,
    0.0,
    0.0,
    0.0,
    0.0,
    0.0,
    0.0,
    0.0,
    0.0,
    0.0,
    0.0,
    0.0,
    0.0,
    0.0,
    0.0,
    0.0,
    0.0,
    0.0,
    0.0,
    0.0,
    84.28458086282309,
    80.8733654998393,
    92.97897352534811,
    99.78733104067213,
    64.58946589742334,
    91.39792680645883,
    96.96948473125777,
    116.2858512577856,
    89.49611911512024,
    131.7931819871879,
    106.09295342716639,
    99.53354464386048,
    96.58128393531373
  ],
  "clustering": [
    0.17706131078224102,
    0.2087737843551797,
    0.21987315010570824,
    0.2029598308668076,
    0.21606929510155318,
    0.1998665534392818,
    0.23452768729641693,
    0.23057593045368108,
    0.16101694915254236,
    0.22793687901811807,
    0.21618852459016394,
    0.23973727422003285,
    0.0,
    0.0,
    0.22534013605442177,
    0.20578231292517007,
    0.0,
    0.0,
    0.22652148551429127,
    0.23802092895171653,
    0.1763157894736842,
    0.15526315789473685,
    0.17857142857142858,
    0.24872448979591838,
    0.21343537414965985,
    0.0,
    0.0,
    0.2221441947565543,
    0.21212121212121213,
    0.6666666666666666,
    0.36428571428571427,
    0.2857142857142857,
    0.2636363636363636,
    0.2636363636363636,
    0.35714285714285715,
    0.09523809523809523,
    0.3952380952380952,
    0.3888888888888889,
    0.3706896551724138,
    0.19983535706935585,
    0.1931135726678233,
    0.20628851860305866,
    0.21054006058706778,
    0.20592350746268656,
    0.2002095144195218,
    0.20093679031037093,
    0.1895687584838676,
    0.20907663764806622,
    0.23802612481857766,
    0.19343850842595914,
    0.19033513131134494,
    0.274132730015083,
    0.24901074053137365,
    0.2276064610866373,
    0.215244656421127,
    0.19238900634249473,
    0.17494714587737845,
    0.22050905531081744,
    0.24041774332472007,
    0.36535859269282817,
    0.34346754313886607,
    0.2732732732732733,
    0.2541062801932367,
    0.22568710359408034,
    0.0,
    0.0,
    0.0,
    0.0,
    0.17126436781609194,
    0.2689655172413793,
    0.0,
    0.25520156046814046,
    0.32868757259001163,
    0.2700348432055749,
    0.3340840840840841,
    0.2694541231126597,
    0.358974358974359,
    0.14102564102564102,
    0.2680546519193234,
    0.3076550387596899,
    0.20444180051556612,
    0.22981092065735995,
    0.0,
    0.0,
    0.0,
    0.0,
    0.0,
    0.0,
    0.3333333333333333,
    0.44565217391304346,
    0.3333333333333333,
    0.25,
    0.3974358974358974,
    0.3713450292397661,
    0.32142857142857145,
    0.3362573099415205,
    0.2196969696969697,
    0.3292307692307692,
    0.2931785195936139,
    0.32407407407407407,
    0.4407114624505929,
    0.36538461538461536,
    0.4288537549407115,
    0.3,
    0.21172393007836046,
    0.23300090661831369,
    0.22466137319009807,
    0.23860427591770875,
    0.2237556561085973,
    0.28428022212729603,
    0.2315650280024891,
    0.1,
    0.0,
    0.2031408952187182,
    0.2561383117826529,
    0.35555555555555557,
    0.28,
    0.19512987012987013,
    0.25202020202020203,
    0.22813599062133647,
    0.23723628691983123,
    0.0,
    0.3333333333333333,
    0.22426470588235295,
    0.05555555555555555,
    0.0,
    0.0,
    0.0,
    0.0,
    0.0,
    0.0,
    0.31893687707641194,
    0.290009250693802,
    0.24182076813655762,
    0.2398190045248869,
    0.24474474474474475,
    0.2772727272727273,
    0.19556025369978858,
    0.12156448202959831,
    0.0,
    0.17851346965271017,
    0.1522233041220383,
    0.2098384030418251,
    0.23996265172735762,
    0.1854054054054054,
    0.1840882694541231,
    0.2254566210045662,
    0.16400304414003045,
    0.0,
    0.19230769230769232,
    0.10923076923076923,
    0.2969472710453284,
    0.2642512077294686,
    0.23866790009250693,
    0.20079787234042554,
    0.2128205128205128,
    0.20300489168413696,
    0.0,
    0.0,
    0.0,
    0.0,
    0.20462478184991273,
    0.19923800986104886,
    0.2095373308835811,
    0.19931874483897605,
    0.0,
    0.0,
    0.2027450980392157,
    0.26306620209059234,
    0.0,
    0.0,
    0.23089545241443976,
    0.2758985200845666,
    0.2391304347826087,
    0.18055555555555555,
    0.2638888888888889,
    0.26519916142557654,
    0.2463002114164905,
    0.2299154334038055,
    0.2182875264270613,
    0.20560253699788583,
    0.21918367346938775,
    0.20606060606060606,
    0.26255886970172687,
    0.1976950354609929,
    0.21945701357466063,
    0.22201665124884365,
    0.34789915966386553,
