{
  "assortativity": -0.16887134174160676,
  "betweenness_centrality": [
    140.77890087292803,
    202.70830567838289,
    2199.2513964332943,
    1975.36426768026,
    1042.8153523970961,
    1114.0466673874917,
    356.71462993613966,
    487.5516616581411,
    103.66420076487763,
    95.6904518142017,
    169.33537209450006,
    129.46274145745488,
    52.12716984822183,
    65.9731249925645,
    165.85126247271646,
    154.28915358943402,
    10.645456014177245,
    15.127045767785665,
    483.868315285001,
    313.2022151216064,
    52.996427918650234,
    41.39909402623252,
    6.534950307560475,
    118.94015865195826,
    118.62902135818318,
    3.3316395804797923,
    2.4665583560115234,
    403.6632621236204,
    13.696467032851114,
    22.59533446316429,
    30.47180148887868,
    7.130929988122489,
    9.417318622420083,
    19.29961816232096,
    4.407300272585903,
    5.478849613443385,
    4.178129206147175,
    8.238727586303863,
    2.579716813312837,
    637.2707022754812,
    730.025453017056,
    584.0852016353409,
    612.4295937698939,
    560.4509201194041,
    612.6832190811963,
    711.4933230848194,
    748.8166939145137,
    206.24233949500132,
    181.15537304983846,
    702.710590376762,
    794.5870675072716,
    116.61195156033898,
    90.64448931719338,
    1004.1385348735929,
    1211.1100218446886,
    309.78510687368464,
    444.9308375044091,
    578.1439127139724,
    425.8174634571021,
    167.58731953157746,
    200.95882599131528,
    220.92276759834027,
    90.21626398890838,
    120.61130532569454,
    55.37244028592746,
    39.464858228708934,
    52.93107767990121,
    44.94797152463115,
    87.13730675353214,
    58.75800898128634,
    68.1885138316636,
    139.0081532548899,
    39.23991414122598,
    24.85576653211488,
    94.14272214166031,
    74.45097630974668,
    28.02138499366139,
    15.64034742768938,
    133.2090089843758,
    56.3089560440222,
    679.964608308163,
    489.27878288917367,
    1.7675574401455738,
    1.0153562795660303,
    1395.4186969763684,
    1373.8962772697862,
    1622.817683673775,
    1576.822740837649,
    10.85047145733376,
    16.188124158629716,
    18.219980427380936,
    16.12479245137755,
    30.496026251679258,
    17.013926896313468,
    23.145289487845723,
    34.283511340754075,
    26.20909855472972,
    18.660214582666136,
    128.71655689125885,
    21.88943284577731,
    11.756180192027575,
    22.059309123880023,
    11.521926999252047,
    23.516510534107454,
    302.6917361402326,
    308.5143924934888,
    236.15143421341537,
    227.7994656773923,
    172.78652092819024,
    317.04600066138727,
    1285.3792206477626,
    5.4804633974033665,
    29.26782972338817,
    463.72517039746737,
    536.1218441462695,
    366.852985838683,
    606.2031428756891,
    169.24426254215362,
    273.0094349201777,
    483.95304468278107,
    425.4334804727443,
    7.483700580984953,
    6.929424459439788,
    21.872456955183583,
    11.998475068507414,
    4.919150394636625,
    4.211609747196932,
    5.159234841754518,
    7.552854171896765,
    3.100958654914314,
    1.875293947048837,
    78.08595395316452,
    46.16377828651362,
    143.96002033908923,
    97.6041559628331,
    90.79761766573229,
    63.10116791240539,
    96.2473414124564,
    54.613212004494706,
    3.911621396400579,
    190.36516901826857,
    227.06955701343477,
    365.1637785163173,
    318.27344602621446,
    225.5062385386315,
    56.018824744788056,
    192.34815121774025,
    180.91273688890266,
    2.530421380108719,
    368.56227694763487,
    371.88247656738304,
    116.18730445246075,
    143.53312286981193,
    273.5959508650846,
    279.78487940141406,
    374.6167040752026,
    303.5508909160587,
    24.302317684320784,
    2.263587372826142,
    1166.2116320072405,
    1171.4819493430575,
    1462.304244308535,
    1358.9752169077894,
    580.8495398849624,
    631.3493320688411,
    9.256662053880664,
    7.072179529633294,
    95.79560358306085,
    75.04352933978204,
    8.277734706129642,
    1.1666957219331107,
    1133.9929773502852,
    280.0576582261131,
    333.267471199233,
    28.259061232260198,
    18.4932711013304,
    187.06291613031559,
    154.99210055099402,
    160.25781126273768,
    123.55375383757301,
    171.82988192575476,
    426.27719764270574,
    324.0699248572607,
    175.81689952853176,
    384.70699602619396,
    318.7126682426932,
    297.9795578774102,
    124.20172298233481,
    130.46568547370057,
    44.9638481580172,
    81.60752739909064,
    438.09626104514916,
    357.9291921525886,
    202.47936170701377,
    84.22633311530252,
    120.78370464463731,
    348.5182673597741,
    443.0133776764329,
    24.818550929826383,
    1688.7428976390067,
    1580.158121256417,
    7.2853447879266655,
    7.017015251505943,
    45.00582681566468,
    237.42950944706686,
    141.8825451663296,
    145.86990724364512,
    27.639024173423824,
    20.316357129305924,
    35.76448308993129,
    28.048273540700446,
    32.94894848657734,
    22.669375674307595,
    260.5524856217058,
    316.05935996344397,
    232.65615667056932,
    452.60088576091465,
    14.848995345361665,
    7.114874281964781,
    972.536088911168,
    918.9695393199283,
    20.61487835475574,
    17.714851607488814,
    348.8250598032555,
    338.13343004073266,
    118.15139818957407,
    102.44583602001094,
    3.002791861376761,
    4.022528357542124,
    1.5544250833853868,
    178.17821282765343,
    136.59746527209566,
    123.20956797456729,
    129.5988442705975,
    108.84807803090149,
    129.86619419356404,
    8.91098155230474,
    6.290518284962951,
    24.93493990842002,
    11.3890850213639,
    97.47531809161742,
    104.71340077764263,
    10.444642315156583,
    7.428097230664208,
    30.53273719383068,
    26.502473272269377,
    13.721878043491346,
    27.29580216232211,
    191.6840306711236,
    285.6227366927912,
    189.60800820255193,
    192.0454901741826,
    11.920076069766177,
    12.211097081559728,
    629.7737965851456,
    686.0819850174151,
    150.51265431375205,
    136.13526113551478,
    156.18568064096817,
    113.47934146692575,
    6.498037047229983,
    27.43485433937667,
    48.33774072156496,
    42.972704746271404,
    28.582816954700807,
    31.757809915367332,
    7.646286813093557,
    11.799736297604309,
    21.24690299136041,
    12.494781842064365,
    14.55189413096232,
    7.541612973392648,
    36.284551096835514,
    10.274936163155939,
    6.592337782635365,
    11.17810640830263,
    18.628431145687113,
    19.94061983584815,
    5.445613261667229,
    14.152164684628914,
    9.688226557348212,
    8.79223982180379,
    9.547352017455907,
    53.330690970059706,
    24.32296902005561,
    29.428945696353043,
    14.794383681976555,
    15.816412636676294,
    27.40432139608499,
    134.5366216442175,
    152.16202796703402,
    247.75187475090308,
    247.8898337900135,
    213.33724839645,
    184.2360679310608,
    240.20329652262515,
    229.1988473644609,
    258.53294008740323,
    164.54168042207758,
    127.70550692516451,
    142.61207012263958,
    166.4275649256614
  ],