{
  "assortativity": -0.1689855058165318,
  "betweenness_centrality": [
    146.0419860603724,
    118.27308414239224,
    2041.8956428147176,
    2162.5178144393217,
    1060.813568134747,
    977.2750647279332,
    421.76148176821636,
    560.0984590530721,
    171.1851507591854,
    176.45366171476147,
    148.52058938063587,
    110.37938788028353,
    84.71509214427019,
    78.48026129032894,
    131.0884965839216,
    155.70964523647206,
    8.390416111068852,
    11.134839390792065,
    346.4525361199022,
    343.2552200852399,
    57.842209103589106,
    64.04497867988864,
    3.238421372656032,
    139.64432607117166,
    108.37225246361452,
    10.604764311673527,
    11.697853914617088,
    212.778799675075,
    18.429341063115455,
    9.117395834867203,
    21.43913337793161,
    12.574491385480458,
    10.377590079522875,
    8.181240610255246,
    6.24795619732623,
    2.173748570411527,
    7.896066001570729,
    9.260308096868876,
    5.66029235239778,
    669.4565891701612,
    582.3478910065481,
    553.47316782003,
    541.7919481472208,
    457.22526764262034,
    624.5956954225077,
    746.8093507469003,
    719.7696260821325,
    264.61415803310507,
    200.13890647787593,
    643.0224202088408,
    596.3856140093455,
    101.82183769201761,
    141.4369852800836,
    1189.568190393356,
    1004.6688994039536,
    286.3860731252303,
    397.26649844348424,
    389.81008490124475,
    353.65917424196203,
    207.26121246929299,
    241.92017782002424,
    116.60007132483516,
    129.59661795784706,
    131.45361185151728,
    25.201803749979348,
    61.8353528392149,
    54.93038609081269,
    63.7571978199344,
    142.3987636116784,
    98.84977236469965,
    34.76757447119727,
    177.92623625889127,
    26.850026545819805,
    38.14786341655769,
    74.5446795174274,
    45.515170097411584,
    14.640063860796069,
    29.5245987630715,
    106.70533409506774,
    55.084059864823246,
    686.4193823974908,
    652.6691840774969,
    4.67664312203399,
    3.56555601273333,
    1525.7276397336977,
    1303.8028973995722,
    1376.0649462840931,
    1454.6694273169187,
    10.864214606956171,
    40.90865269854224,
    15.860932181001944,
    26.056156128138237,
    28.45545517214061,
    11.639452730922624,
    17.92043821484359,
    55.021784446575765,
    18.826957149162023,
    9.435428116256743,
    139.67770011748627,
    32.52710350518189,
    8.193038744862527,
    18.20627317666636,
    26.40435645676495,
    20.51288379528655,
    236.9793402828032,
    279.2234285040389,
    189.45292466904624,
    165.18176577440173,
    186.34947603978097,
    329.7734423790331,
    1157.4227304792173,
    4.357756653931557,
    42.68104617834787,
    490.52207257585235,
    667.9412563913721,
    472.1370915250533,
    685.3990361721643,
    215.54212610570934,
    166.5066837049405,
    375.8501022213891,
    487.44539231677015,
    3.1582834032745244,
    8.448001259573763,
    11.974259886000839,
    10.149639848549482,
    3.756016140759264,
    8.344358035067062,
    5.182067057095336,
    17.453161841001567,
    4.377784985431283,
    1.2840788342914993,
    88.56898854715541,
    60.42177235648888,
    145.52042696639447,
    80.10275845655184,
    39.18907294226966,
    51.1124531264312,
    65.76524352889139,
    58.34111412031564,
    2.1700778390335653,
    201.62872361812842,
    304.9980619454341,
    294.72126975247517,
    353.13554049121194,
    201.35861691965212,
    54.396248844828676,
    226.36769600597628,
    192.62947041655397,
    9.500500936774712,
    527.2188647792724,
    386.84662311921477,
    142.76241503486898,
    142.31501449575973,
    305.3471095504195,
    325.85572094479295,
    258.63267169259535,
    329.1808116938413,
    4.051959841753105,
    1.6493317217345882,
    1248.800489843694,
    1328.2485823425693,
    1551.3620927427926,
    1585.943465326991,
    698.9475156053447,
    736.6522380249492,
    8.421555942339715,
    6.581616176844067,
    80.53126472795442,
    77.61291834244216,
    5.099351691485757,
    1.2731280612562985,
    1414.749947486659,
    258.9872963567349,
    303.05457485794415,
    26.475009014243653,
    14.714588054508228,
    184.55224046573932,
    65.08985596692095,
    135.10920016058344,
    137.87397623469127,
    168.6572580023837,
    316.7377683781372,
    527.1974003320718,
    254.88767365192072,
    302.1654546739201,
    279.8397359303603,
    311.8510253427032,
    130.04390208864342,
    197.70039835642046,
    50.972335019609886,
    77.27218542195672,
    266.54172079637345,
    395.27399647827747,
    170.40807714825524,
    112.55130371856292,
    142.4518591602982,
    423.28954175437303,
    299.37443079271856,
    36.80271012981626,
    1659.5052630665464,
    1525.55422937188,
    6.037732825857587,
    5.502952351097307,
    37.35110982501416,
    182.88538349816508,
    197.40069195878746,
    186.84047410127516,
    38.05547304672977,
    29.557774523776292,
    39.59224527290688,
    36.14580574000583,
    30.544021493832943,
    54.3412308641419,
    397.5640195435897,
    259.3835972670391,
    324.2169267509744,
    506.99607798169075,
    9.186521374472607,
    3.790227288182213,
    1053.7344894509727,
    941.0907818003205,
    42.28963920201182,
    20.614973660192078,
    359.23483525851304,
    277.0376613124342,
    158.4144572462146,
    107.8815248344588,
    12.18307365013852,
    0.8053173846069897,
    3.258588682894963,
    126.4984237498301,
    143.57883143024765,
    133.70620600678942,
    102.52668477936315,
    133.38128128986222,
    145.88361532523746,
    5.60943661105726,
    11.583134573799654,
    35.50580455548119,
    25.94661649525218,
    86.46021437770729,
    112.59563547874465,
    6.02842003328543,
    14.431471841677512,
    26.623687612997127,
    14.524467095004784,
    22.857130511440502,
    27.058850535442094,
    152.9611493858279,
    253.3205960984841,
    187.82919516087205,
    256.91383559277966,
    3.364936416311336,
    8.38822266023893,
    720.5605339680037,
    687.3614422043215,
    160.9911888325741,
    114.74769591319689,
    127.70885967952468,
    148.13152190834396,
    12.348187406794548,
    12.883492331037207,
    30.939778715373535,
    21.066202938691653,
    39.31602572866939,
    19.07256212407741,
    11.009882346460063,
    5.496242521245138,
    13.383673797625466,
    8.892364609297681,
    8.921970460744532,
    14.202283258004362,
    13.563653901839524,
    15.487828941175815,
    16.868570161182067,
    18.024244638558027,
    9.263329644800328,
    19.677446606183363,
    8.188567937849461,
    11.531374070665798,
    3.9840150237859913,
    10.996719627231473,
    6.079984208865648,
    31.883508022423726,
    49.96087896366069,
    28.96328201004225,
    26.851681178814125,
    11.987028687311232,
    17.83539234760559,
    148.89865642835048,
    127.77729319497303,
    205.6819843081932,
    190.77294854775366,
    224.43888084369308,
    168.85806676840517,
    209.93730326574982,
    151.61481343729676,
    184.09815434540886,
    117.56943683107062,
    185.8290889208457,
    113.21490968224578,
    137.88150928232926
  ],