{
  "assortativity": -0.17816274569578025,
  "betweenness_centrality": [
    174.34142704422845,
    176.07029058652975,
    2139.14036304069,
    1801.5266384668398,
    1062.0156487169627,
    1272.2406233735658,
    490.2862959836927,
    552.6257453098931,
    141.7609385976432,
    113.86083436011883,
    154.69774893637845,
    118.29485141723721,
    62.212247477379684,
    55.714380402606196,
    96.95605770246603,
    159.47971836431225,
    13.189988157724542,
    13.657620755471914,
    382.29964330627206,
    372.03007463073277,
    54.80406496061108,
    66.39547011665111,
    2.5623814812845103,
    101.47947173344495,
    68.547898521214,
    7.178730222404207,
    9.661416755595912,
    260.7312899382396,
    11.042110877523609,
    22.62666042604057,
    15.73819004107843,
    6.771579426244001,
    9.881578297222392,
    11.108311417754265,
    7.139024303257235,
    10.45031290676363,
    13.424638216257732,
    8.187444460301414,
    6.6106341113156715,
    770.9443283284464,
    495.413708334158,
    560.8109314300796,
    472.02284185928744,
    542.50081129739,
    513.7566263025683,
    818.4410221250795,
    754.7267765582957,
    246.3136241211275,
    276.10496352470756,
    690.639938746802,
    682.4359820274026,
    71.70826581098055,
    142.8504256568618,
    996.6867842263133,
    1182.6679122374533,
    390.38619753723964,
    429.97096314183017,
    430.75676642658385,
    423.6398460301057,
    161.64285142601923,
    202.71036137682634,
    131.6546314810674,
    104.27460818143686,
    145.9768468241001,
    41.519915740918265,
    54.69418015239838,
    65.45522439034667,
    31.23002186136974,
    111.14988740489976,
    75.05087473478714,
    34.41556377256005,
    132.58336432421672,
    31.44721288383701,
    27.087271653720745,
    44.64948869697538,
    59.08008264881324,
    30.69551025195047,
    16.242821027295037,
    137.67411437254995,
    103.58598903262998,
    688.4998565923335,
    568.1017571295079,
    2.271341324670213,
    1.4365105950533072,
    1618.965664878314,
    1411.009659035161,
    1623.5378971797077,
    1519.2268960900205,
    11.344870368652677,
    40.105439068646994,
    37.44181639136586,
    12.700782664235362,
    26.970933637920233,
    5.399374944260751,
    16.6777937843629,
    36.430782760503455,
    28.94351433674078,
    11.520610251648186,
    147.592817942851,
    16.59087968823832,
    14.953475470281173,
    13.72467325329438,
    17.311375745903177,
    24.379017934498027,
    318.85723777846215,
    293.89704444562864,
    210.1415796964154,
    309.5169928159925,
    278.17275076956844,
    280.9721990275413,
    1307.9332527157123,
    12.796725055082753,
    50.09506101054979,
    514.2263903817096,
    600.8885080172024,
    625.9254191160886,
    708.9115662827563,
    224.11507355988644,
    140.38024029497203,
    439.5238803265958,
    431.30430467948855,
    3.060609273459832,
    11.010188864593939,
    16.542721095183413,
    10.564183146916156,
    9.838684703336716,
    3.7651386955511033,
    6.0804770573720655,
    5.710808807601287,
    3.9904479307464604,
    7.696734204483077,
    46.04642050152374,
    35.54802108142757,
    120.34703436318084,
    46.56949928391132,
    53.26321046296557,
    55.502869003907655,
    91.16610622620456,
    61.26644911233725,
    1.6361831472126638,
    217.59302091894494,
    286.7304396583138,
    292.2538363758319,
    340.87931412454,
    160.51064397668438,
    68.2613860622197,
    289.35933032488646,
    176.1932883330948,
    5.537440491628744,
    399.39431305119933,
    447.5913723700515,
    118.64697317836593,
    139.31950413942644,
    261.96857528462226,
    244.4500808688789,
    377.79402737571075,
    369.212753844865,
    4.478213709573864,
    1.180493122381915,
    1219.9013649439999,
    1304.9947000286766,
    1416.5650697965962,
    1461.6554066146682,
    585.9830689269468,
    536.9452079369777,
    5.59167525320101,
    11.677223369212454,
    60.10502243189998,
    75.3204454002637,
    2.3249464320330677,
    1.1912590864267654,
    986.9570553621979,
    232.59420197604922,
    244.25587105745848,
    16.83878151526737,
    15.20837176454046,
    161.7181474858945,
    90.44567759832091,
    203.46612877151136,
    193.25549978467566,
    280.84599095125657,
    369.6483127145663,
    448.09484067468503,
    237.2718382244798,
    327.2787853522075,
    319.78963039712613,
    268.71994747557267,
    201.63113229124647,
    146.61553411454722,
    35.49074887277006,
    85.520763927811,
    323.54648426466656,
    328.83248457182634,
    185.22985639682537,
    138.0067800952064,
    181.4176808487363,
    409.23617355991723,
    354.7613374554581,
    27.91441210012806,
    1476.6940125758326,
    1954.9286366013991,
    7.963645662431149,
    6.585047560421715,
    27.16817356454393,
    246.6141338382962,
    185.86308763293658,
    209.24127883022024,
    44.96502570533177,
    15.062165450574524,
    39.035799213261605,
    32.81055362286611,
    22.43451391422124,
    36.392764402107815,
    271.61823499737676,
    367.563702561007,
    327.431930167983,
    292.8396059031821,
    15.523738937359461,
    5.588249009368553,
    836.9399930142131,
    847.1153816941165,
    15.772768144189481,
    15.319464842814812,
    278.03710842935305,
    221.1012015424979,
    131.35972434734745,
    98.1903610486092,
    3.1020781391369114,
    1.0477073379653947,
    1.6877350448079076,
    141.65109353227885,
    128.93348429413862,
    117.35714231284928,
    112.83910115500386,
    141.4650780172952,
    123.6540085745515,
    2.647596411049444,
    3.946271737197653,
    20.79982287200017,
    13.815635639502041,
    95.54863056800835,
    95.7543361597626,
    10.380359454351659,
    6.281078553636462,
    26.642676279422158,
    41.73724187011425,
    16.74504475934673,
    24.45166601689438,
    207.4682564700669,
    172.64535339941048,
    209.4217234848968,
    188.55286676334057,
    9.966924741095665,
    10.552993492492758,
    772.8979382372946,
    787.3559818509287,
    106.60107477863735,
    93.71885176392513,
    147.60027168803165,
    127.53381330269482,
    9.977206577764075,
    15.011080054803449,
    19.038029759941068,
    21.885754871850754,
    12.991736814361671,
    22.682663163499182,
    7.2114349595754055,
    5.578253294866833,
    9.908011069718636,
    7.730833229012215,
    11.215380489572963,
    26.480494584667248,
    30.242078489175732,
    13.462354258416832,
    8.131062955322555,
    13.461978661993223,
    4.920403892019488,
    28.871250688906112,
    2.6372646830814177,
    16.323809437474424,
    7.816161115654092,
    8.30378264795365,
    12.269237721386705,
    40.23265978678705,
    17.121337417225778,
    21.039023455077615,
    24.28322036586125,
    14.814864088693488,
    18.705465402880222,
    161.45800513737555,
    202.97466163742092,
    220.6552490818341,
    181.23033524395626,
    163.63900638058337,
    150.83069695542542,
    157.7807569912898,
    131.19820404950403,
    197.65767867062996,
    202.27464454676357,
    202.73540319621227,
    181.0960112198201,
    158.21186718943227
  ],