{
  "assortativity": -0.16982366963651369,
  "betweenness_centrality": [
    185.74294122885868,
    141.75858487477262,
    2017.0979133394817,
    1971.926310679185,
    975.5721858020578,
    1089.02471141163,
    451.42787636052134,
    484.45173473036704,
    125.71706794440612,
    130.61589761942204,
    149.4722583593857,
    159.8459265053091,
    77.62219513537167,
    58.43170889349254,
    83.86711421967159,
    163.70770678363644,
    10.049810633928196,
    10.80960515112862,
    405.20193504634085,
    268.32482913710953,
    87.95977222893927,
    56.76812082637825,
    2.9966915839046524,
    99.72561138758401,
    76.77643215967227,
    5.848230163148399,
    20.092375559568968,
    275.33828993818946,
    19.757234170807003,
    18.227274148142893,
    47.89332030593404,
    10.36466603459866,
    8.902451347773171,
    15.446900059718747,
    4.19957867562411,
    8.594961073314625,
    4.12162920332871,
    4.910010096544799,
    5.851329545849912,
    719.1938375751491,
    653.1890643915672,
    516.251068950392,
    574.6661878941642,
    530.6951093721494,
    502.3160888483193,
    808.9168294456085,
    788.6247492440059,
    293.6118213131043,
    304.50781529393066,
    689.631572873019,
    611.7384325939867,
    140.50620272564683,
    106.39858061276185,
    1072.919347018546,
    1108.959344049745,
    378.97262303314636,
    473.05384103916447,
    443.81117359719764,
    554.3929507255039,
    282.6792116074532,
    235.26222758254985,
    242.51923307270548,
    84.37429848489717,
    86.90850288355365,
    27.874533598410878,
    52.42942815261927,
    38.56762651049132,
    51.78487083694409,
    71.54239775164025,
    96.56456024930458,
    58.10033171153677,
    152.48303164553442,
    45.499074114747266,
    37.67739165541012,
    63.87585364136389,
    69.09137572970998,
    36.56045486387131,
    18.85574495050004,
    116.53462728603648,
    104.69303280074767,
    564.2700410966644,
    636.6546286893667,
    2.901035677107501,
    1.690504475593464,
    1512.9139720107626,
    1316.7761577349127,
    1674.911129364424,
    1734.2711415689992,
    11.843377390480352,
    36.76020725973503,
    22.382414017002958,
    10.069160701104709,
    42.09193537797081,
    10.181077593159387,
    12.612408709677698,
    47.727337089954304,
    33.74194145040466,
    10.170632585277495,
    145.0118420739537,
    23.81083556255762,
    21.29716997885877,
    6.547092868218336,
    14.58224550669669,
    15.520957371328617,
    281.9924033011336,
    264.3979823135972,
    195.9772900913939,
    248.41976361558906,
    174.51835947383333,
    260.46683519492296,
    917.3502993546397,
    6.610009755722916,
    44.192382944829696,
    553.955821833197,
    475.50168674930575,
    422.86504511898306,
    673.1056164947687,
    154.33360240309952,
    206.39030416643612,
    363.35183263954684,
    553.9174108136868,
    4.101974486725721,
    7.1088047603085425,
    16.528576857101378,
    11.134237637070967,
    6.512711124790643,
    3.8902842145640726,
    5.095044514480882,
    7.710287125403164,
    3.0953700171873133,
    1.2175402521375642,
    72.47696101481017,
    53.423167372373534,
    103.61179093016631,
    59.523871048883755,
    76.82927368399119,
    56.80527936501815,
    86.81541927816711,
    65.82776460416031,
    2.419157815786974,
    215.9457391714299,
    257.03489275913137,
    381.3989835385499,
    272.18555519072885,
    165.66304755957214,
    59.8570978178268,
    156.03249086066836,
    175.62793761297092,
    10.9807627041383,
    374.57192165176605,
    412.3441075866711,
    102.65360180632665,
    204.51226541541774,
    313.4896933000222,
    351.2954925187672,
    264.11778837787585,
    340.7009585523504,
    12.848379933865358,
    1.2001805921166921,
    1144.9302164471515,
    1221.5031331767727,
    1347.706350578096,
    1687.4229264943774,
    623.1251962768553,
    615.6520382138428,
    7.463693399652012,
    11.928048356955179,
    105.47107350210845,
    75.2173713940955,
    7.3760508607033035,
    1.236560790680763,
    1192.929746479696,
    318.86895085706027,
    239.91341578416507,
    28.985648399538867,
    14.889585143639723,
    223.2309090944846,
    83.47231051461964,
    186.78447248473688,
    131.3454479447469,
    208.3554260098705,
    445.5528581775274,
    428.5948465309545,
    200.5854619131591,
    317.3811048638114,
    287.4791674166957,
    335.6671911997558,
    129.95036559635378,
    157.2678036355562,
    48.35182324696238,
    60.58891020531463,
    305.3897083344892,
    404.53764733373976,
    122.76226779140498,
    86.37093982492263,
    149.33826413156712,
    341.6094610007552,
    465.5969615976818,
    11.885613772930226,
    1892.120970267908,
    1613.4205168434064,
    6.963232605968651,
    7.7027835047120625,
    24.864831372637642,
    136.01049874292715,
    133.0687879111604,
    171.47227841783092,
    44.79709340458285,
    38.283901036882675,
    34.00595314975174,
    38.85398944728694,
    18.727886018724135,
    41.34804607948159,
    280.9897146024031,
    296.43791459525545,
    245.71440937751166,
    271.82209254340574,
    20.593859935088012,
    4.392536217920421,
    1083.2006531440604,
    861.0660000593532,
    15.742152463571104,
    7.17901483621171,
    342.38089559779513,
    262.5606631705046,
    130.5608216149483,
    111.57328776220308,
    6.648988513391827,
    1.1521263807061326,
    2.3789331962774836,
    139.74110729712032,
    82.97740447895694,
    106.80235891513989,
    136.4658274454688,
    64.32796105093067,
    153.87777706873965,
    10.418330611626812,
    6.288013267226216,
    14.872370849746193,
    12.474274240020508,
    103.6497267269845,
    182.7253305778399,
    15.770564975333237,
    5.1405820377914075,
    16.383966208048573,
    27.908916097945923,
    23.93342937595938,
    21.954784250065597,
    163.29621721054664,
    219.62708998784615,
    224.05347762957055,
    173.41358792696784,
    10.680387480224073,
    16.689411548192318,
    907.9900096915466,
    809.0137791252638,
    116.64065314744617,
    85.03406133617932,
    163.14767423869222,
    117.36803419949558,
    6.7598509912835425,
    18.26391819269149,
    27.36913360579109,
    31.355616101515988,
    13.337450635018165,
    20.783795146971883,
    16.23903456747024,
    10.027860625984829,
    18.191636028394313,
    11.339084777977842,
    15.989405169542211,
    8.1421749922179,
    16.719495426313976,
    7.093226448510559,
    15.308494978010872,
    32.762056380987204,
    8.26065246860056,
    28.280935681763907,
    9.040496172278962,
    17.143506569394994,
    6.23165181991767,
    7.150987299307807,
    10.341357407283423,
    17.14551176053232,
    23.35667322278859,
    49.16564655753979,
    15.168478154126298,
    22.454323768514943,
    23.894541617115934,
    170.81444906358433,
    126.44956442112081,
    153.12222694759905,
    225.61612515169054,
    195.5024031091099,
    230.47424850121106,
    232.12550495124077,
    145.1619505999912,
    166.06049811373765,
    217.30508109159132,
    183.49132504637254,
    113.05419140047054,
    230.7325768817366
  ],