{
  "assortativity": -0.17775281907956503,
  "betweenness_centrality": [
    115.8199241879095,
    147.2645314947578,
    2032.6843931924905,
    1847.8378658487563,
    1166.9962356193955,
    1191.0487088584155,
    489.38073684011704,
    606.154615062106,
    191.53792330856913,
    169.25525240682637,
    81.67610670091948,
    81.90443660277359,
    84.81791919129759,
    97.17187351675331,
    117.25500359357811,
    209.13789027999917,
    12.34105767668121,
    16.069709201997068,
    401.81996900566423,
    284.3084458615958,
    54.48761864483516,
    55.354474981983316,
    2.9385869630116432,
    76.19406011393015,
    124.89714137335345,
    8.490674332478077,
    4.632332481862196,
    234.39142259508725,
    12.154291468548312,
    17.714202039237673,
    23.972964919617468,
    14.684102359160057,
    10.280316460822903,
    7.713742182837319,
    6.8558291990724,
    7.338861710496697,
    5.498621639755384,
    2.6405282490508086,
    4.910899237165524,
    567.6945731258537,
    559.3261009796962,
    432.05593139302823,
    714.4666730609814,
    502.9524729127628,
    645.0589057815502,
    751.6043285676617,
    692.7916556744838,
    278.83165599586613,
    219.41258125438472,
    736.7686790681479,
    664.6146079699653,
    129.23176939474067,
    79.39150060977067,
    1054.9990956110357,
    1216.6100125608002,
    445.267437330136,
    483.6183092003336,
    444.6919827695972,
    370.34214556548045,
    199.30578797343856,
    285.4470060969628,
    126.03892743013476,
    94.29669864905425,
    81.1338704056425,
    36.697647634034965,
    52.89377727706496,
    55.36398919846935,
    28.954871691299054,
    100.30165952349319,
    118.96142680862081,
    54.19342964374146,
    130.81859549819788,
    23.106081879030267,
    53.24384630952521,
    59.9431438671043,
    77.5565270978143,
    23.582384314667845,
    15.526431339102473,
    85.58611682024764,
    88.3173898902959,
    576.9933636768134,
    694.2345194822528,
    1.0401490572676009,
    1.27245430246862,
    1491.2497694415276,
    1637.5649471053746,
    1719.4197708672275,
    1129.6599867138334,
    16.205279206699007,
    24.735762680644264,
    23.4912442881206,
    20.965260156477893,
    13.021279954118846,
    6.323071331534624,
    21.88315339843032,
    35.77290959613248,
    20.37911394658764,
    13.000379813773261,
    147.5079774876384,
    30.975305532216158,
    12.234849195046086,
    22.048118219428673,
    17.622947524238263,
    32.22184551368498,
    240.1415135607366,
    237.0689306482996,
    173.46363021122505,
    192.5160708386252,
    269.62674192333884,
    256.81734333467716,
    875.0271176481532,
    3.9129796734306743,
    55.648520087560215,
    551.335259319968,
    460.0561602755213,
    426.657521231339,
    637.4898746792264,
    194.46865541401252,
    221.27511419403046,
    361.51896115840765,
    411.901806715509,
    3.566302745076086,
    4.4614724932924155,
    30.12699908431425,
    14.189918926529808,
    2.525897064991862,
    2.0164494529887413,
    12.751593206207152,
    4.439867262148881,
    9.234247686771553,
    3.2238665783812075,
    78.9944925315284,
    64.52954263311726,
    100.21357082687815,
    64.22363902172027,
    41.912133714400575,
    42.80141490405122,
    113.74144814710236,
    77.10723071684252,
    3.0107318873099835,
    329.98819494215303,
    245.6020669324786,
    383.1123499033381,
    326.73982549774513,
    212.9302665061526,
    50.6730562116714,
    188.20167412622064,
    229.02280567434028,
    7.620244744210261,
    512.3247461242638,
    582.5567297670964,
    184.9082195161794,
    104.88849533068431,
    318.3337778378171,
    229.82583026734758,
    185.63515399267442,
    218.24940973336152,
    13.79300663130946,
    1.858523916148166,
    1579.743824573755,
    1223.9353307707222,
    1610.6380704993808,
    1526.5001452328518,
    729.9831120185098,
    658.3361443476341,
    7.040265199682477,
    5.330792097409443,
    79.2027985279225,
    94.74884823864538,
    2.967003150444877,
    5.682203319792027,
    1180.3995728920277,
    188.75886383913186,
    246.54783501962325,
    18.217313908920303,
    15.255455810523223,
    216.4974499220064,
    84.22697233195863,
    151.40549166046873,
    206.58467398391846,
    188.6933598523171,
    315.040315260458,
    413.16577859055,
    206.86707403190505,
    313.18375059775803,
    242.56040087555925,
    332.62353664237963,
    135.35262599226323,
    129.27939618358747,
    59.85506696352063,
    66.07328523570604,
    248.39036515314376,
    333.3353825773417,
    214.40621423023282,
    85.75505876395937,
    165.2716716030822,
    332.2928392504248,
    430.4070661963231,
    32.95435440773993,
    1851.4660376904703,
    1599.8821216050019,
    10.936245907649234,
    8.820470723114605,
    17.615009773557905,
    242.56290025330856,
    151.82114586015476,
    205.34638217203167,
    26.389724483078286,
    12.468253154889695,
    43.36819628692482,
    54.505006585255686,
    34.432610117767695,
    28.28251312878027,
    265.8564224527061,
    227.43262669931372,
    306.98620505412646,
    353.4467689884363,
    14.453750085376756,
    4.502004656892394,
    1108.398131131659,
    893.6942030846191,
    29.473352259319423,
    9.624952943271614,
    348.05867250397114,
    389.91790216505416,
    143.651572878365,
    76.00532520827277,
    4.963186382305077,
    0.5236346146641704,
    1.7528790891799748,
    116.71824460582833,
    104.87176948043896,
    123.12357982287205,
    144.6304880299919,
    105.53063736409318,
    94.00279588270685,
    7.051125167022143,
    4.045338437348625,
    31.406967051235384,
    20.358850084907772,
    110.60973379257315,
    147.126337984446,
    9.202322872614172,
    5.169280037466521,
    20.666747372297163,
    19.40159039563778,
    10.326710149114772,
    21.189435390521727,
    200.8986359860828,
    185.5698658425855,
    241.81909402312652,
    158.2770223164245,
    6.95621818884525,
    12.378261250576047,
    661.2461292407078,
    691.2511794063804,
    156.16709890876425,
    163.53566390654518,
    86.24853125673438,
    143.46582310367688,
    4.020279961076905,
    21.657398067210153,
    22.819643318391236,
    53.666848026753804,
    19.329140289558865,
    21.27482551005467,
    13.405576066697003,
    9.076848187913987,
    14.36996461298225,
    10.684890029759584,
    11.045286349419598,
    16.804074241127754,
    23.125909581706917,
    7.544135403066143,
    12.30891868788057,
    14.2000835109791,
    5.893507084818547,
    20.418069821717545,
    8.553907926657951,
    14.123908735480217,
    7.127974500795863,
    14.720366776562575,
    10.569052664461557,
    27.391951965149623,
    20.34634485870512,
    59.80431963409946,
    14.146486394975593,
    12.216471285028764,
    26.147846129291366,
    139.59418530575303,
    127.33351791269934,
    212.49428475017308,
    220.53415771065156,
    183.950223689265,
    218.4950128137998,
    194.47684421056056,
    164.91108734732904,
    168.15184268590517,
    187.0436549473977,
    164.11225334562437,
    174.8059674205438,
    229.19138967171196
  ],