{
  "assortativity": -0.17277562009734704,
  "betweenness_centrality": [
    127.28612389644668,
    107.33857312728765,
    2125.2469379580302,
    2498.114462237231,
    1093.3900935843678,
    1006.777547296729,
    349.31683482015546,
    465.1263711334444,
    128.4923359390725,
    142.275334264967,
    161.64145572907117,
    131.04998892814598,
    51.70041794410499,
    72.8656876266727,
    145.4125213321406,
    154.1724507644357,
    10.72324537459153,
    12.350553162684655,
    376.7703674090298,
    384.68700846804245,
    64.14893161247002,
    86.7871666829434,
    8.315989602175861,
    108.07483994172956,
    89.07487706508365,
    3.3508745450629394,
    7.278297562296143,
    294.8156277484133,
    10.300451926263385,
    18.496345145645865,
    15.822059102001596,
    21.001197203055472,
    6.379854742426845,
    15.843613447333386,
    3.242201652491652,
    8.416910932707783,
    5.5083215396201,
    3.9439060524652114,
    4.764937136720744,
    651.4919090712864,
    511.0356422274323,
    499.40395920734716,
    471.1418228304662,
    480.2626810566266,
    590.0909352041856,
    913.9552956447634,
    620.1096420642795,
    249.41940183576654,
    212.88208839194357,
    635.3474953427226,
    789.2934601171613,
    135.8498385416941,
    82.7186776653588,
    1039.622349786454,
    961.148106863669,
    438.91653025527944,
    385.22723042542583,
    446.35551381627386,
    483.4597259488363,
    249.10070979392754,
    193.908916685022,
    154.57984924883596,
    97.27292232009208,
    159.92316964497343,
    42.45132840448903,
    37.78462054012992,
    59.134300761661834,
    56.51966437282628,
    116.90203131354036,
    80.82620751097436,
    45.45447372199231,
    170.91703991104126,
    27.037001350008108,
    33.2917829931824,
    60.05355265441094,
    69.60992415955424,
    35.40156277578597,
    23.061516976009017,
    87.89525611525075,
    88.77555537732654,
    567.550755060363,
    694.2293108161489,
    0.6414035814567307,
    1.1624394872062986,
    1407.0754228620501,
    1372.7579488449437,
    1549.8483394059456,
    1661.1205979634155,
    15.850248007613441,
    33.307372660565626,
    16.669942851831824,
    16.096512932907032,
    16.028810481636448,
    8.025602875634267,
    15.005092482057863,
    44.51466421131591,
    28.9909129184032,
    18.830449028404395,
    212.12055076025038,
    36.763341849568945,
    10.367105603780683,
    7.044458999200902,
    10.49098464734064,
    27.04141520463907,
    340.3542483667398,
    232.60331283355447,
    230.8150638929857,
    200.1275620787636,
    216.0854053391365,
    378.82702794350615,
    1162.7235035381805,
    6.809962922197698,
    35.43684838412183,
    504.2107275327397,
    529.8122512925572,
    584.1410743883272,
    585.161202150033,
    193.22580654269612,
    148.9203441731167,
    326.6110969982218,
    452.0492383178519,
    2.853931523110084,
    5.158136001595133,
    9.122981172148377,
    3.6270453646336343,
    2.6430911470841174,
    4.468605341637731,
    5.466796050133549,
    9.547983411495238,
    2.261502731152459,
    3.5221489670294845,
    63.32260622270464,
    55.78606318683386,
    92.67531025743395,
    86.43694051543241,
    47.97182985338349,
    70.98685467816732,
    59.328155880139356,
    92.6945647141939,
    3.568936723949533,
    282.8580915730728,
    240.11969478253778,
    263.31031280854626,
    384.6345562583618,
    319.8462012938504,
    74.26134494998942,
    204.0785654905892,
    235.946255945829,
    7.674383608294303,
    369.72940662960326,
    332.4695986084723,
    189.39360717222195,
    142.17303431014477,
    230.89776045176902,
    357.7971764888219,
    240.4174687424595,
    283.1823403464244,
    4.983687085010922,
    0.6000723437931481,
    1307.201467577933,
    1222.4844498971006,
    1374.67553293598,
    1384.7998453659204,
    563.5042910905208,
    595.9854511147709,
    9.523059881884484,
    7.519576728352459,
    143.423543033779,
    97.09199041129382,
    6.479910395143784,
    4.609149270409249,
    1469.4467987294936,
    211.87375598098345,
    252.29084681379976,
    12.309677242807707,
    23.830021280269534,
    142.73374579604024,
    96.86343873477021,
    185.9514879269878,
    144.34475769871207,
    231.42724717971475,
    319.1104951176129,
    552.5410681981534,
    197.84844964350484,
    341.9262511410071,
    277.4419342984164,
    268.3293185853766,
    112.402986568307,
    128.536916959714,
    42.07711406779934,
    43.010969209982,
    355.78808840683206,
    365.09710052689627,
    146.85349135585088,
    107.25865428792741,
    168.8613480602768,
    363.238015198844,
    526.1112046963609,
    35.49602351946578,
    1513.187090685596,
    1800.6987921896534,
    5.163172241523254,
    11.756095947565973,
    18.420385989483254,
    167.52031105211336,
    188.96845008138058,
    186.69815798245233,
    31.995695881503092,
    32.974523990538145,
    31.615574010171223,
    26.75862127588469,
    25.013787717415852,
    39.95032174521854,
    345.02569643926813,
    320.39406640429,
    230.9541613896451,
    494.11480761994767,
    13.772742793619486,
    8.347528149078247,
    1013.7659698485345,
    853.2760255108822,
    35.23537878734149,
    8.747961791148164,
    322.544857807262,
    201.98049857013692,
    153.31659176238153,
    64.94438142261973,
    4.308901774682571,
    3.31856038061739,
    1.005503939407068,
    144.89166150999043,
    103.91689960884969,
    156.1717804721525,
    142.1998509241741,
    105.5966936816897,
    121.81798045702534,
    5.484457213131289,
    10.426615068333982,
    26.93662396119692,
    19.067680876623843,
    104.58427192451575,
    144.24941744474404,
    10.243703115365074,
    13.548668088050615,
    17.8810580612625,
    21.76078358335415,
    15.336851425654764,
    12.986756370241466,
    161.91432352213508,
    217.047214613715,
    199.01239268701872,
    250.42545060240417,
    11.478783023227942,
    20.166419215623588,
    771.694191549812,
    864.8174799083541,
    137.55783588930723,
    118.89775258907994,
    115.63374840355021,
    139.94839653145652,
    16.396116978837586,
    20.77169060235303,
    13.621778658552993,
    23.29328851459234,
    21.89782158557607,
    25.563529457638015,
    10.310895464540858,
    9.952666597984893,
    10.74753909206862,
    15.435164261567209,
    9.245516579930372,
    30.334591647106315,
    16.435216796825888,
    7.926256624856657,
    12.361086356181147,
    28.685401292115593,
    11.83459884332887,
    29.323781720883346,
    5.283527634202215,
    18.4074857750428,
    6.871853349523011,
    12.665486932155746,
    3.006510687921226,
    28.133632684042603,
    28.056808957654997,
    25.785388879113025,
    12.776035075699731,
    11.58270375385249,
    21.766261784525128,
    115.65364130253256,
    168.29005101642642,
    197.72795541862473,
    235.86013270084285,
    149.00956149607535,
    137.18271893083292,
    124.20366616081036,
    145.23989301173918,
    160.75029923702712,
    161.93337061298155,
    173.38869386519016,
    149.580674895791,
    217.73306190099666
  ],