{
  "assortativity": -0.17718838302602408,
  "betweenness_centrality": [
    214.45784428592262,
    117.62305965907478,
    2553.6524119931487,
    2303.9712446179224,
    1101.4934224998317,
    1264.148546141924,
    411.3856904371578,
    484.0301535773934,
    145.01250781446274,
    133.49539051383823,
    136.71013166488117,
    97.31151156635377,
    78.77449745486382,
    84.31118109943012,
    140.1449810423323,
    119.07740293527092,
    6.180636200120237,
    17.651039832299855,
    465.35844717032063,
    369.97218765128054,
    67.49934902842527,
    62.887040616024784,
    5.627450434116366,
    159.35002603105085,
    104.6148136180992,
    6.351216010552837,
    4.1527262644596865,
    346.54929932748854,
    14.70732907903775,
    5.7221113015699965,
    22.581468438776714,
    20.12429753379707,
    7.0899579602033045,
    18.87333807311531,
    5.567018844452981,
    10.901954293983499,
    7.378867100959168,
    8.816739979467217,
    11.269199835506637,
    565.5830093229607,
    705.7959169328678,
    456.61213571808827,
    406.89083723181426,
    417.65965394716955,
    587.5165551339279,
    659.4152452284005,
    703.4221678229816,
    155.11885230705272,
    194.76975793421295,
    623.5234332309914,
    699.8597291602279,
    123.6270661661348,
    95.60294716858343,
    1166.4459705169938,
    1014.257425746618,
    221.09127409859374,
    337.2945488564484,
    369.73990632720137,
    514.6523826702611,
    209.01265929738594,
    233.32247315141112,
    142.14930828881907,
    93.75366753906391,
    100.59546347654538,
    72.00892113468996,
    55.78676536286577,
    41.494826719216334,
    55.438633147896695,
    113.28480030032357,
    53.55558394137266,
    42.427896758033285,
    95.2504419442844,
    34.64134375256385,
    33.168080500747756,
    50.55027995751718,
    76.51486756282026,
    18.193070703745533,
    22.199044787617257,
    147.94764137061583,
    98.59834752587561,
    717.0766922693432,
    784.6411540598216,
    1.3372054793829438,
    1.0618257185753233,
    1606.6530175414468,
    1565.985622878081,
    1342.3205024604626,
    1669.441646479667,
    14.92457267425487,
    27.31738691649102,
    23.265331235295964,
    10.167957844222927,
    10.012364648087056,
    8.248758900880405,
    24.79473543494536,
    23.81875562009251,
    29.15978773324857,
    18.339077875617143,
    136.98119108524648,
    29.70646860349777,
    25.49847426916993,
    5.366600440511385,
    19.369002079718555,
    34.67676008195259,
    352.35245557504743,
    280.1781500232533,
    156.2963253466015,
    185.1568041003035,
    191.12701290853096,
    408.43428114585754,
    1030.238322734096,
    5.881789167501622,
    51.51112417614778,
    503.60568094530504,
    498.50233573513947,
    402.87881895725286,
    646.7135137841271,
    215.24605291943266,
    185.0742154195686,
    577.4994005471934,
    465.61560171631186,
    8.057958193456797,
    6.001232257791278,
    23.193628225525543,
    13.378722892207032,
    7.73109224588208,
    2.6040384012044773,
    6.5141533026793175,
    13.402498410068626,
    3.2582367215655914,
    2.4420980470113793,
    61.271698835096224,
    51.64576877753693,
    97.68691891249844,
    107.84550538326617,
    49.32567902695561,
    58.42962408471133,
    83.58758606627028,
    89.45327133827504,
    3.7103321391929174,
    235.29646846010942,
    211.53631792314212,
    314.70483968785686,
    338.9034706754563,
    242.6750449948947,
    82.57450178974666,
    225.01030031199198,
    175.3853399224301,
    4.336898158791616,
    407.516904337963,
    404.47719934665446,
    121.36607473256899,
    109.67550401915517,
    289.11344652186017,
    313.47525091146474,
    304.4336048181697,
    293.9427660770721,
    3.6908648576949603,
    2.191218060678588,
    1234.9244158620943,
    1461.0879916167605,
    1165.587774916443,
    1450.5972077958502,
    701.1800836926558,
    635.1743468374337,
    6.851460706515011,
    7.651072087562183,
    83.69494901165598,
    70.85422236973311,
    6.680320229040118,
    3.063510461532626,
    1246.7651488594643,
    275.45036754643047,
    292.89647227164306,
    11.977145482102262,
    12.984062917932556,
    162.02039740321712,
    150.73981410045045,
    153.5429514570313,
    191.26025463810822,
    202.780141784059,
    299.93994600046045,
    414.0718781890112,
    140.0235025584782,
    333.45164960460363,
    270.69874668390196,
    274.8101153213496,
    133.47592311648444,
    148.74264901364273,
    50.10117502064373,
    98.04229233957761,
    307.7403115838209,
    284.28596849439384,
    162.67556380733265,
    85.20539140212689,
    142.58894631731042,
    332.43030494212724,
    388.541121632118,
    18.261560188634817,
    1596.3036992089485,
    1694.584662138662,
    17.276179691274127,
    6.154453370053325,
    33.713179808995314,
    176.85551323528637,
    139.61835106728145,
    166.5547739961342,
    26.75088967543689,
    15.297972553483678,
    51.7628218227618,
    46.736728467200265,
    31.045606552169673,
    32.22811498386319,
    315.8043879231093,
    323.8069358091409,
    295.93794928748383,
    325.21716160287326,
    20.43455645110744,
    5.801828452344069,
    991.4542881520172,
    895.7729281347616,
    35.877844939209055,
    23.324761995681488,
    375.02899880149397,
    317.0031157010548,
    161.09612806899702,
    74.86969141001852,
    4.924237358124987,
    1.1357517639581474,
    1.8974624405511442,
    150.76021891353543,
    121.61731212845731,
    134.2041815248822,
    185.83391426571535,
    77.92488314642188,
    80.7633753370517,
    5.41257413996959,
    12.412919190880569,
    32.24413653692055,
    27.24412922815973,
    90.6215486247278,
    70.66994774859124,
    12.004242027970657,
    8.244038038833313,
    19.927309744204976,
    26.9119842466519,
    21.26987772431511,
    11.537780026051593,
    191.9547523048864,
    228.31842773544264,
    174.427259789073,
    191.41911276437256,
    8.077865528659451,
    16.510784789973627,
    826.8138527319159,
    668.5790520825238,
    162.8425460034957,
    127.70626501062854,
    148.32560915743883,
    153.4218270652282,
    7.846664952254307,
    19.571025291398065,
    28.51558504375272,
    18.9014711522825,
    28.457605139054277,
    23.968034773117935,
    17.422630857361145,
    6.896618081898214,
    23.040933392546663,
    12.137397783790899,
    19.0625554030857,
    19.714510067459184,
    20.170538340015973,
    13.213675250544568,
    12.993936701514812,
    16.02626240587637,
    14.223310008926429,
    16.283345407928305,
    7.372924224087842,
    17.69223640190797,
    9.019535474946913,
    9.802723675301063,
    4.139057095239904,
    23.213668281835748,
    31.090163095283643,
    35.362585296821926,
    9.249348860116662,
    15.50093084285337,
    14.37316642834786,
    168.0365507612888,
    108.52385632205721,
    177.21505849199042,
    238.2388354624718,
    245.00553912200812,
    171.91204839053327,
    187.29514002222942,
    155.06766042549867,
    153.15973902080987,
    122.10152160247605,
    113.04193524065218,
    182.02691996537263,
    160.06663368440954
  ],