{
  "assortativity": -0.1716630191419144,
  "betweenness_centrality": [
    183.05970341251353,
    128.68728826116575,
    2418.057938572141,
    2105.181567251624,
    1224.4108528009774,
    1183.0255021298424,
    444.37209795089615,
    479.81059699395814,
    131.03196539264982,
    117.82940395061964,
    158.42189819345708,
    104.42758295737474,
    40.85302015281592,
    49.9558804524371,
    111.01114907258604,
    118.13649738522514,
    16.234644823792863,
    10.872102240415042,
    399.414785402373,
    319.1610531581382,
    70.59142798055461,
    50.58242828248201,
    4.619507613770508,
    125.73157237396049,
    117.00312057115818,
    10.282644920386701,
    14.060479830468324,
    211.9291182008749,
    13.697709205412425,
    32.30410072092014,
    34.20550434845252,
    14.913436401090706,
    5.8678372366470954,
    14.559147178885937,
    7.79683757922031,
    3.1751673048285847,
    7.416488848402788,
    3.297182464428455,
    6.532174213768044,
    670.3999390157082,
    571.9815091611633,
    538.1391383112018,
    516.6923078541879,
    507.41754153780045,
    552.3671410580937,
    894.3421028837272,
    640.4420507593553,
    213.99152886470318,
    274.7887829468851,
    578.4583543456199,
    812.6332699834597,
    89.92241170869715,
    83.28200623855747,
    828.1812615735852,
    1095.9656116220754,
    360.083584914687,
    368.4290389443455,
    482.36757452567736,
    418.93280401759216,
    187.72756842361267,
    236.45322239573565,
    159.17068450129722,
    118.24529489261542,
    132.88674270869063,
    64.30657280536134,
    29.20452327322197,
    33.42134317282717,
    49.988338395750134,
    133.3683434307845,
    79.71005586271055,
    43.88615167106146,
    141.20710952320567,
    31.963434589859524,
    32.53353053868656,
    66.21307966661979,
    78.01023611761863,
    21.237232612629263,
    32.345327922781166,
    117.49602580894377,
    101.50883566031114,
    509.24473542659507,
    480.0475066268939,
    1.2804622964984,
    3.036385906164301,
    1531.7941416479912,
    1633.984838756418,
    1604.1849047779563,
    1477.0489010026097,
    15.294493051006715,
    35.960660393924954,
    27.12230805332047,
    12.908534189909702,
    25.713883683194464,
    14.02095444049486,
    10.375151006761149,
    61.56816393518521,
    29.16571504031227,
    13.805336445201625,
    209.62094044414437,
    16.251514649234977,
    17.19225483644658,
    9.441512741332701,
    11.759785058259196,
    35.5183085687775,
    231.62449197303553,
    228.83142525726043,
    225.48201727733058,
    228.6799006191917,
    209.7776412843762,
    297.43445051267327,
    1050.007768988127,
    8.32829544282317,
    28.42484557319967,
    401.46224057565826,
    490.7464873026889,
    478.88147630397356,
    601.0740994543969,
    175.2341447013073,
    279.10854595972853,
    402.96007671111744,
    483.70443432611887,
    6.48883907725732,
    2.850561131737514,
    23.36891156435419,
    6.49388478140519,
    5.641462251471327,
    2.8452575300551746,
    12.056230840310176,
    5.75238732242818,
    4.07636821251354,
    4.44267985948972,
    38.633872606088964,
    94.44068247148687,
    98.56311337232955,
    66.62994036540788,
    45.22631210401769,
    90.6578937645803,
    79.52898985696338,
    100.74622918257259,
    2.5642171165204397,
    234.5562823068746,
    180.7221467451006,
    313.0932081243571,
    293.94465279207964,
    223.17940100642357,
    73.40735747218203,
    201.62359399580689,
    225.64604179147204,
    12.109268306836414,
    453.1769835719303,
    434.66911944257936,
    126.32188495409784,
    132.9153203897265,
    340.8267883433794,
    258.1708555192514,
    247.29237815309804,
    253.1061168035276,
    14.051551501387392,
    3.4034206069780217,
    1482.21751575171,
    1213.4977690315693,
    1608.5303700732593,
    1503.2269315503377,
    556.9957365116928,
    685.6941817190109,
    18.384496782981262,
    7.08916965828296,
    68.08172615315135,
    115.70618830000598,
    6.454252409977314,
    2.624976145044225,
    1206.272534507794,
    229.77965876563886,
    239.45640325517923,
    12.88029480152702,
    25.76653547001191,
    133.9447642409307,
    124.27516732645343,
    173.3296016082972,
    197.03554780641034,
    167.7511998553538,
    426.2529127750246,
    477.746548879748,
    195.8746431750985,
    232.99738312624748,
    315.4989860852464,
    245.77297748538393,
    130.63413336012914,
    164.92001856769437,
    41.16932889575444,
    49.50767026330223,
    346.5510360638238,
    399.6987561615873,
    173.0580344851355,
    120.68497279701745,
    168.50975392043983,
    357.14185085203195,
    400.29080222647406,
    27.917746540736267,
    1489.091473832847,
    1768.7069186008828,
    12.469375471188217,
    6.037418468843087,
    32.2225025058991,
    173.68824574347602,
    93.82010391401818,
    175.8334932998218,
    26.73360723924423,
    19.55678804343756,
    51.10707332170133,
    18.84160822813966,
    30.774845139599897,
    36.29007758548323,
    359.3795554387138,
    307.09573369439835,
    250.87018917815973,
    423.6182489928559,
    8.617343807987499,
    4.479454902328742,
    954.8302056101486,
    831.519174160263,
    22.387879795362327,
    19.487446375389467,
    386.2070415318123,
    271.7994027467597,
    174.88714792240222,
    93.5196475977301,
    5.249049353265684,
    1.415563941686632,
    2.993301221081279,
    121.56647042146987,
    135.42432623782605,
    197.35722619550373,
    104.41060940184865,
    128.00735163530243,
    107.67045498375393,
    5.040975026766386,
    8.020353873428506,
    17.18579934845768,
    11.001783087752372,
    81.78955149002351,
    113.06691963736705,
    8.560179782724223,
    7.642063747150996,
    20.37110912775745,
    12.00556434244941,
    20.023073954444015,
    28.26010605847933,
    193.6924768471028,
    165.52815022231505,
    297.95771998543154,
    265.18210167602774,
    9.083906218792162,
    7.427090976558377,
    714.9844213078956,
    789.2147678165629,
    124.34919143917674,
    152.96174650766264,
    167.15787912663095,
    105.38161087040244,
    9.536896762551136,
    45.252265977797805,
    22.159238404444572,
    29.990986586074055,
    25.629398847048762,
    30.58361128396647,
    27.916317566767017,
    22.89396940837754,
    12.009075563791377,
    10.344049808384604,
    12.096950984957079,
    16.516051431303747,
    18.97602494088221,
    16.245629389866494,
    15.818483664651561,
    12.718255395115063,
    8.42196129825211,
    11.141101048351643,
    8.994164763198668,
    14.347964523964059,
    12.321396332355839,
    12.679083222117887,
    8.023653537943714,
    23.808446053785165,
    34.80349757429803,
    31.8566574190463,
    8.609225162803774,
    12.281273937332946,
    13.001546978089408,
    143.45217734973357,
    121.0595933205905,
    232.06883075755198,
    202.34902281317196,
    193.66347335836485,
    186.00778172318076,
    139.75625866044484,
    209.52758287573107,
    303.14624050191935,
    204.0554974355285,
    140.180506470229,
    135.59769521806712,
    197.52971469857317
  ],