{
  "assortativity": -0.6284669136168776,
  "betweenness_centrality": [
    0.025974025974025976,
    0.0,
    4368.827826733559,
    4881.29147946167,
    763.1369844335642,
    707.5561946618457,
    0.0,
    0.0,
    0.0,
    0.09090909090909091,
    2.7229698631321346,
    0.025974025974025976,
    0.22549019607843135,
    8.246636645536903,
    914.7850246168505,
    835.8441375206473,
    0.9497076023391813,
    0.0,
    22.733079913748707,
    2.7640336204936258,
    0.806995866044677,
    1.929655005219098,
    0.0,
    0.16666666666666666,
    0.18333333333333332,
    2.358008658008658,
    0.18181818181818182,
    0.0,
    0.0,
    0.0,
    0.3333333333333333,
    0.5029284441049147,
    0.0,
    0.07692307692307693,
    0.0,
    0.0,
    0.8105263157894734,
    0.0,
    0.0,
    0.08333333333333333,
    0.0,
    681.1206762531772,
    909.1282536791235,
    0.28322040278562016,
    6.378108186166658,
    0.025974025974025976,
    95.84973472630506,
    0.0,
    0.0,
    0.0,
    0.7702204228520018,
    0.0,
    0.0,
    0.0,
    0.0,
    0.0,
    0.0,
    0.0,
    0.0,
    0.0,
    0.0,
    0.0,
    0.0,
    0.0,
    0.0,
    0.0,
    2.4505060194686092,
    1.1622922091612793,
    0.0,
    0.0,
    0.0,
    0.025974025974025976,
    0.0,
    0.0,
    9.364051988094973,
    7.873931517032037,
    0.0,
    0.0,
    0.16666666666666666,
    0.0,
    0.0,
    0.4070112893642306,
    0.025974025974025976,
    0.6105263157894736,
    4901.474745199226,
    4695.922298686198,
    5426.133467427694,
    4767.585700614232,
    0.0,
    0.13140096618357489,
    0.0,
    0.0,
    0.0,
    0.0,
    0.0,
    0.30568124685771747,
    0.0,
    0.025974025974025976,
    0.0,
    0.0,
    0.0,
    0.0,
    0.0,
    0.0,
    9.806990264436386,
    3.588610898905016,
    4.244618058366579,
    15.798211950334487,
    7.734980378973144,
    2.2220110631122942,
    8.916213978290445,
    0.0,
    1.0256387403446228,
    0.0,
    0.0,
    849.6991900958947,
    893.7582039608326,
    0.0,
    0.0,
    2.700406107106874,
    1.9857264814556634,
    0.3214062825046806,
    1.3664782276546983,
    545.5790930483303,
    0.0,
    0.0,
    0.0,
    0.0,
    0.0,
    0.0,
    0.0,
    0.0,
    0.0,
    0.0,
    0.0,
    0.0,
    0.8716972682489924,
    0.0,
    0.0,
    0.9837162837162837,
    0.5896103896103897,
    6.3780011377837456,
    0.31384615384615383,
    0.9019607843137257,
    1.3341966998616615,
    2.445819070528017,
    0.27310370788631655,
    1.7293871303462096,
    0.13333333333333333,
    1250.5290279054439,
    1146.3519225170564,
    0.3658026755852843,
    0.0,
    0.0,
    0.0,
    0.0,
    0.0,
    0.0,
    0.0,
    4540.748721451903,
    5838.961204784152,
    0.0,
    2.1259096459096454,
    962.3316560396788,
    1424.0824453328896,
    0.0,
    0.0,
    0.025974025974025976,
    0.0,
    0.025974025974025976,
    0.0,
    0.025974025974025976,
    0.0,
    0.0,
    3.259905095878211,
    0.0,
    0.0,
    0.0,
    0.0,
    0.0,
    0.0,
    13.784037322281407,
    3.4328596894307464,
    0.0,
    4.736991809692798,
    0.0,
    0.0,
    9.916982146153726,
    2.3120124738485215,
    4.855338489959914,
    1.9308328462790705,
    70.19469266578267,
    95.99060102137322,
    174.8965563623151,
    0.0,
    0.025974025974025976,
    0.0,
    0.0,
    725.3336157083959,
    1566.5024914014857,
    1958.8391131991596,
    0.0,
    0.0,
    0.0,
    10.736605351767283,
    0.0,
    0.0,
    6.013369963369963,
    1.0352150537634408,
    5.448537108834047,
    3.6824379988776275,
    0.025974025974025976,
    2.0411117920192328,
    5.709828094610703,
    0.36363636363636365,
    0.493939393939394,
    7.924373054013022,
    0.19523809523809524,
    1.857213743914511,
    0.0,
    0.0,
    0.025974025974025976,
    1.2520824003582625,
    0.0,
    0.0,
    0.0,
    0.0,
    0.0,
    0.0,
    0.0,
    0.0,
    0.3833333333333333,
    0.18181818181818182,
    0.0,
    0.0,
    0.0,
    2.3611877667807137,
    0.13333333333333333,
    0.0,
    0.0,
    0.0,
    0.0,
    0.0,
    0.0,
    0.0,
    0.0,
    0.0,
    0.0,
    0.0,
    0.0,
    0.0,
    0.0,
    0.0,
    0.0,
    0.0,
    0.0,
    0.3572808586762075,
    7.7990820962543905,
    0.583372005568802,
    0.7406064949543211,
    0.0,
    0.0,
    0.0,
    0.0,
    0.0,
    0.0,
    0.0,
    44.907969786313295,
    0.0,
    0.0,
    0.6633333333333333,
    0.6285714285714286,
    0.0,
    0.025974025974025976,
    0.5360380711424355,
    0.0,
    0.0,
    0.0,
    0.0,
    0.0,
    0.0,
    0.1111111111111111,
    0.0,
    0.0,
    0.0,
    0.0,
    559.1470314399045,
    659.9298128818152,
    0.0,
    4.437936721524687,
    5.7203838958785775,
    2.056827981623378,
    1.4032800532800538,
    0.5641644593442039,
    17.830382863699292,
    3.3358380848298745,
    6.372740541640797,
    10.749002745132774,
    8.1866411398078,
    5.324024947273328,
    3.496706869980115,
    7.055274349074509
  ],