{
  "assortativity": -0.6288341260693109,
  "betweenness_centrality": [
    0.0,
    0.0,
    4355.351910978915,
    5291.56800161106,
    798.7561449886819,
    857.7773705876126,
    0.0,
    0.028169014084507043,
    0.0,
    0.0,
    75.58231507216223,
    0.8332948532948532,
    1.4079950050869685,
    3.8870091896407692,
    726.6659807070108,
    858.7411891715632,
    0.0,
    0.028169014084507043,
    13.790094152847715,
    13.803171913158645,
    7.063395815326132,
    0.5743753322700691,
    0.0,
    0.0,
    0.0,
    1.3048943270300333,
    0.0,
    0.0,
    2.1333333333333333,
    0.17786561264822134,
    0.14285714285714285,
    0.17786561264822134,
    0.125,
    0.18181818181818182,
    0.0,
    1.0245216463907165,
    0.0,
    0.0,
    0.0,
    0.2901449275362319,
    0.18614718614718614,
    861.7787709426344,
    843.6964128011094,
    0.028169014084507043,
    4.4580134215886,
    0.23227752639517346,
    0.0,
    0.0,
    0.0,
    0.24387959866220738,
    0.0,
    0.0,
    0.0,
    0.0,
    0.0,
    0.0,
    0.0,
    0.0,
    0.0,
    0.0,
    0.0,
    0.0,
    0.0,
    0.0,
    0.0,
    0.0,
    0.43148880105401843,
    0.1984588691569708,
    0.0,
    0.0,
    0.0,
    0.0,
    0.0,
    0.0,
    0.0,
    9.33761542147142,
    0.0,
    0.0,
    0.0,
    0.0,
    0.0,
    0.18181818181818182,
    0.0,
    0.35634238869751017,
    4660.148611966966,
    5657.424220993004,
    4539.780862691479,
    5222.903338021136,
    0.25,
    0.17786561264822134,
    0.0,
    0.10526315789473684,
    2.776685298582403,
    3.30625987545311,
    0.0,
    0.0,
    0.0,
    0.0,
    0.0,
    0.028169014084507043,
    0.0,
    0.0,
    0.08695652173913043,
    0.0,
    2.138842519323229,
    0.4923982630963648,
    8.653322879761355,
    4.030857444579842,
    5.5588559137758216,
    3.8142825483037774,
    10.167226686250283,
    0.0,
    0.4090649297630314,
    0.0,
    0.0,
    880.2001850139117,
    825.8135625422698,
    0.0,
    2.7152418982614663,
    14.563940275392138,
    14.41964771082636,
    5.9554312887790015,
    0.05405405405405406,
    500.26019452867087,
    0.21835748792270532,
    0.0,
    0.0,
    0.0,
    0.0,
    0.0,
    0.0,
    1.2666666666666666,
    0.19047619047619047,
    0.0,
    1.6666666666666665,
    0.0,
    0.0,
    0.0,
    0.0,
    9.821499620629886,
    0.2899868247694335,
    2.6268465939823007,
    1.7362987012987015,
    0.25028985507246376,
    0.9260184764500983,
    7.423818481414389,
    0.9994588744588743,
    0.989275881073727,
    0.0,
    1226.0998194448891,
    1119.6158225818713,
    1.0748224338697485,
    0.028169014084507043,
    0.0,
    0.0,
    0.0,
    0.0,
    0.23795367273628143,
    0.0,
    5249.471047704627,
    5041.552453537875,
    0.08333333333333333,
    0.0,
    1238.39116165207,
    704.6379248703787,
    0.45166666666666666,
    0.27806763285024155,
    0.6954099821746881,
    0.0,
    0.5359377749621652,
    0.47848932676518885,
    0.0,
    0.0,
    0.0,
    0.028169014084507043,
    0.0,
    0.0,
    0.0,
    0.0,
    0.0,
    0.0,
    11.487299080702961,
    12.635352891228683,
    0.0,
    8.043477810720534,
    0.0,
    0.0,
    19.424575215072963,
    13.48648630345243,
    20.34425493750789,
    2.207443362924073,
    107.44961428872399,
    211.33829710559777,
    16.112073641189983,
    0.0,
    0.0,
    0.0,
    0.0,
    563.6327907880807,
    1494.2596339689794,
    1749.8994143991679,
    0.0,
    0.0,
    0.0,
    6.931577199442117,
    0.0,
    0.0,
    0.03636363636363636,
    0.06453265044814341,
    1.271594869275068,
    4.2566534914361,
    0.573247558728269,
    7.738913824829318,
    6.842649575763179,
    0.028169014084507043,
    0.028169014084507043,
    1.005442942942943,
    1.237406519873737,
    0.9731581192477268,
    0.0,
    0.0,
    1.4273809523809522,
    4.559591125043079,
    0.0,
    0.0,
    0.0,
    0.0,
    0.0,
    0.0,
    0.0,
    0.0,
    0.0,
    0.028169014084507043,
    0.0,
    0.33695652173913043,
    0.2648221343873518,
    0.0,
    0.0,
    0.0,
    0.18859649122807015,
    0.0,
    0.0,
    0.0,
    0.0,
    0.0,
    0.0,
    0.0,
    0.0,
    0.0,
    0.0,
    0.0,
    0.0,
    0.0,
    0.0,
    0.0,
    0.0,
    0.5695846126025155,
    0.028169014084507043,
    0.06453265044814341,
    4.000759385541994,
    1.7268817204301075,
    0.0,
    0.0,
    0.0,
    0.0,
    0.0,
    0.0,
    0.5147610559375265,
    0.0,
    0.0,
    0.0,
    0.0,
    0.0,
    0.36358974358974355,
    0.0,
    0.0,
    0.0,
    0.0,
    0.42707749766573294,
    0.0,
    1.4333333333333333,
    0.0,
    0.09090909090909091,
    0.0,
    0.0,
    0.0,
    507.12432394127126,
    605.007852011565,
    0.0,
    3.839757192884962,
    5.234580763756965,
    14.382896072919198,
    8.33263570170707,
    12.041200167744789,
    14.063585399541482,
    4.293983314213492,
    0.5704238606871797,
    4.9743953796815825,
    1.539264704043991,
    4.087760383267008,
    7.787227136555191,
    0.5388744588744588
  ],