{
  "assortativity": -0.6294002747800755,
  "betweenness_centrality": [
    0.0,
    0.0,
    5038.667774793377,
    4846.915919831142,
    1111.5599073033218,
    1317.5379735075942,
    0.0,
    0.0,
    0.0,
    0.0,
    4.0611626829146115,
    1.002468902989878,
    2.6942157900103663,
    0.034482758620689655,
    826.2793637567122,
    858.1082802191319,
    0.027777777777777776,
    1.3824561403508775,
    6.142990443219456,
    5.987840406254729,
    7.539358010410643,
    7.418237277324961,
    0.0,
    0.0,
    0.03636363636363636,
    0.09523809523809523,
    0.027777777777777776,
    0.0,
    0.0,
    0.03333333333333333,
    0.0,
    2.292857142857143,
    2.1728116710875334,
    0.0,
    0.0,
    0.0,
    2.8195149677908296,
    0.0,
    0.027777777777777776,
    90.47591836343685,
    0.4305028462998103,
    1022.307660779186,
    808.2755770384166,
    1.8617257216008372,
    3.714146730090084,
    0.09523809523809523,
    0.0,
    0.0,
    0.0,
    0.3365198912585673,
    0.0,
    0.4387573211102622,
    2.0103896103896104,
    0.0,
    0.0,
    0.0,
    0.0,
    0.0,
    0.0,
    0.0,
    0.0,
    0.0,
    0.0,
    0.0,
    0.0,
    0.0,
    0.517461572244181,
    6.304624305862695,
    0.0,
    0.0,
    0.0,
    0.41354723707664887,
    0.0,
    0.0,
    84.94233962735862,
    6.8165594467713175,
    0.0,
    0.0,
    0.0,
    0.0,
    0.5385281385281385,
    0.0,
    0.03636363636363636,
    0.0,
    4342.153084626131,
    4296.164856788129,
    5875.460942395689,
    5225.5311159071325,
    0.0,
    0.0,
    0.0,
    1.0591093117408907,
    0.0,
    0.0,
    0.0,
    0.0,
    0.8568100358422939,
    0.0,
    0.8149414311179017,
    0.6064814814814814,
    0.03636363636363636,
    0.027777777777777776,
    0.0,
    0.08333333333333333,
    0.694935108203474,
    2.0522208156499886,
    11.445291883535713,
    5.806555204044415,
    0.25132090132090135,
    12.364808966080458,
    16.794421903547732,
    0.0,
    0.027777777777777776,
    0.0,
    0.0,
    1266.8716391702806,
    692.3248146000793,
    0.0,
    0.0,
    3.386661195927622,
    9.470623385791159,
    0.5349206349206349,
    0.8470147606688209,
    796.1631351099799,
    0.41309041835357624,
    0.0,
    0.0,
    0.0,
    0.0,
    0.0,
    0.0,
    0.38805704099821753,
    0.0,
    0.08695652173913043,
    0.28936423054070115,
    0.0,
    0.0,
    0.30526315789473685,
    0.0,
    0.3436458177837488,
    0.7261494252873564,
    1.2244776173890293,
    0.2255938697318008,
    0.4875662440600901,
    1.4601657215509207,
    7.014569338707269,
    6.4195906432748515,
    0.6913332181027281,
    0.21172541743970313,
    1291.8933058105563,
    1099.7269007926966,
    0.0,
    0.0,
    0.0,
    0.0,
    0.0,
    0.0,
    0.0,
    0.0,
    5035.511723666115,
    4192.137461960969,
    0.0,
    0.034482758620689655,
    1004.1952403942696,
    749.964347791733,
    0.0,
    0.0,
    0.0,
    0.0,
    0.0,
    0.0,
    0.0,
    0.0,
    0.0,
    2.764519388657321,
    0.0,
    0.0,
    0.0,
    0.0,
    0.0,
    0.03636363636363636,
    7.0958582386546585,
    18.81595896435138,
    0.0,
    5.463927805412156,
    0.0,
    0.0,
    4.553879530171926,
    13.29753008044541,
    4.269131439677528,
    6.908411591197448,
    69.7807363443894,
    89.04795478224229,
    13.673509888051186,
    0.0,
    0.0,
    0.0,
    0.0,
    961.1428240651917,
    1707.9607334959578,
    1426.1198464135061,
    0.0,
    0.0,
    0.0,
    5.071302340633272,
    0.0,
    0.0,
    7.904233809835618,
    1.2946969696969697,
    3.365341142508455,
    5.165502313778176,
    7.389809069080977,
    1.394093869093869,
    4.058391536511162,
    2.3654816667625016,
    5.79723023085757,
    2.0073998869701595,
    2.7052631578947377,
    0.0986241727621038,
    0.0,
    0.0,
    0.03636363636363636,
    0.2056433904259991,
    0.0,
    0.0,
    0.0,
    0.0,
    0.0,
    0.0,
    0.0,
    0.0,
    0.0,
    0.0,
    0.0,
    0.0,
    0.41944444444444445,
    0.0,
    0.0,
    0.0,
    0.0,
    0.0,
    0.0,
    0.0,
    0.0,
    0.0,
    0.0,
    0.0,
    0.0,
    0.0,
    0.0,
    0.0,
    0.0,
    0.0,
    0.0,
    0.0,
    0.0,
    0.6816132337871468,
    0.03636363636363636,
    0.5156701146525383,
    0.034482758620689655,
    0.10526315789473684,
    0.0,
    0.47244503862150916,
    0.0,
    0.08695652173913043,
    0.12081632653061225,
    0.027777777777777776,
    0.09523809523809523,
    0.0,
    0.0,
    0.034482758620689655,
    0.4558356676003734,
    0.0,
    0.0,
    0.0,
    0.0,
    1.5499999999999998,
    0.027777777777777776,
    0.0,
    0.20098039215686275,
    0.0,
    0.2503260397591044,
    0.0,
    0.0,
    0.0,
    0.0,
    752.1721179564098,
    570.283527426676,
    0.0,
    0.5643170838823013,
    2.215787210799999,
    94.39502808991548,
    5.176886086470328,
    10.513533658116538,
    6.946540518763087,
    0.9179575003134155,
    12.53533209451849,
    2.5343070266076504,
    2.7337651835325563,
    1.961841593430963,
    9.31333599911606,
    12.86597160743905
  ],