{
  "assortativity": -0.6343410976165038,
  "betweenness_centrality": [
    0.0,
    0.0,
    4529.838680583909,
    4689.879131745449,
    840.5054181340993,
    727.8120843493881,
    0.0,
    0.0,
    0.0,
    0.0,
    0.25786561264822133,
    1.0109447004608294,
    0.1982905982905983,
    0.4052631578947369,
    1017.6300356969656,
    660.9530159394283,
    0.0,
    0.0,
    8.860253856984908,
    12.39638157541383,
    4.50930402930403,
    0.1709090909090909,
    0.0,
    0.0,
    0.4805555555555555,
    0.0,
    0.0,
    0.0,
    0.0,
    0.0,
    0.0,
    0.17391304347826086,
    0.0,
    0.0,
    0.0,
    0.0,
    0.0,
    0.16333333333333333,
    0.23384615384615387,
    0.0,
    0.0,
    989.8624061566969,
    898.7059272839343,
    2.1375757575757577,
    1.2524509803921569,
    0.5671152518978605,
    4.542857142857143,
    0.0,
    0.0,
    0.0,
    0.6519230769230769,
    0.0,
    0.0,
    0.0,
    0.0,
    0.0,
    0.0,
    0.0,
    0.0,
    0.0,
    0.0,
    0.0,
    0.0,
    0.0,
    0.0,
    0.0,
    0.5501599849425938,
    1.375,
    0.0,
    0.0,
    0.0,
    0.0,
    0.0,
    0.0,
    0.3481554677206851,
    0.17028985507246375,
    0.0,
    0.0,
    0.0,
    0.0,
    0.0,
    0.0,
    0.0,
    0.0,
    4520.642591017023,
    5468.515644254245,
    4798.9075868454065,
    5160.912714149907,
    0.0,
    0.0,
    0.0,
    0.0,
    0.09090909090909091,
    0.1111111111111111,
    0.0,
    0.0,
    0.0,
    0.0,
    0.0,
    0.0,
    0.5084816462736373,
    0.0,
    0.0,
    0.0,
    1.521439205955335,
    100.69004958951155,
    1.7394259920575708,
    2.6778610850321627,
    10.309599013492395,
    105.13559550891149,
    9.487518348608084,
    0.0,
    0.21794871794871792,
    0.0,
    0.0,
    904.0104269427446,
    723.5894002862001,
    0.0,
    0.0,
    0.29405405405405405,
    8.201453065413222,
    5.5,
    5.439635854341736,
    611.7659943354548,
    0.0,
    0.0,
    0.0,
    0.0,
    0.0,
    0.0,
    0.0,
    2.7189265536723157,
    0.0,
    0.0,
    0.0,
    0.0,
    0.0,
    0.0,
    0.0,
    0.5908583479158254,
    0.933634843417452,
    1.7848251705668585,
    2.9286283891547056,
    0.5113675213675214,
    0.6316465318514172,
    2.4000582750582753,
    2.265209673852127,
    0.38257575757575757,
    0.0,
    973.8803832968092,
    1486.2551157747032,
    0.0,
    0.16,
    0.0,
    0.0,
    0.0,
    0.0,
    0.0,
    0.0,
    4607.410912391891,
    5403.450569352398,
    0.0,
    0.17028985507246375,
    820.1462852155335,
    996.183111565927,
    0.0,
    0.0,
    0.0,
    0.0,
    0.22332015810276679,
    0.0,
    0.0,
    0.0,
    0.0,
    0.0,
    0.09090909090909091,
    0.0,
    0.0,
    0.0,
    0.0,
    0.0,
    11.677409881317756,
    8.420303605542035,
    0.0,
    13.616787068394201,
    0.0,
    0.0,
    10.54274670105872,
    1.5379743119999962,
    4.666592585104672,
    12.917495065321148,
    77.16312076412908,
    59.45527191194304,
    13.76109118793039,
    0.0,
    0.0,
    0.0,
    0.0,
    550.543253237038,
    1742.4393418636269,
    2351.6146918587538,
    0.0,
    0.0,
    0.0,
    11.169911987326174,
    0.0,
    0.0,
    1.18264221158958,
    0.05714285714285714,
    4.474259598330806,
    0.5601119894598156,
    0.7853010905642486,
    0.2631578947368421,
    0.0,
    5.917818049709332,
    1.107162728339199,
    1.457994408953488,
    1.5052631578947369,
    1.1923797068958357,
    0.0,
    0.0,
    2.599823198096443,
    0.24025641025641026,
    0.0,
    0.0,
    0.0,
    0.0,
    0.0,
    0.0,
    0.0,
    0.0,
    0.0,
    4.352686332816631,
    0.5822740696882572,
    0.0,
    0.0,
    0.0,
    0.11692307692307694,
    0.0,
    0.0,
    0.0,
    0.0,
    0.0,
    0.0,
    0.0,
    0.0,
    0.0,
    0.0,
    0.0,
    0.0,
    0.0,
    0.0,
    0.0,
    0.0,
    0.0,
    0.0,
    0.0,
    1.3292232557678783,
    0.17028985507246375,
    0.75,
    0.0,
    0.0,
    0.0,
    0.7869565217391304,
    0.0,
    0.0,
    0.0,
    0.3916666666666666,
    0.0,
    0.0,
    0.0,
    0.08333333333333333,
    0.0,
    0.0,
    0.0,
    0.0,
    0.2889767237593325,
    0.4031746031746032,
    0.0,
    0.8451515151515152,
    1.4,
    0.08695652173913043,
    0.0,
    0.0,
    0.0,
    0.0,
    451.02731520931184,
    617.0596593082902,
    0.0,
    18.27680414904819,
    16.492190504433065,
    9.960288228880373,
    10.205563856227473,
    6.717408644112908,
    7.829128757005994,
    12.821569496137391,
    7.137637095810242,
    8.412971059592582,
    4.518451580736047,
    7.538294343815947,
    4.323685147598193,
    2.1909588159588163
  ],