{
  "assortativity": -0.6348172760802189,
  "betweenness_centrality": [
    0.0,
    0.0,
    4828.336531193195,
    4647.519586393291,
    580.7154074937533,
    662.0510127167576,
    0.0,
    0.0,
    0.0,
    0.0,
    3.0510614772224676,
    4.265839785368158,
    0.27514325646401117,
    2.4250988142292487,
    928.7275005425114,
    719.5425624482004,
    0.0,
    0.08695652173913043,
    15.319108050861567,
    41.931887652215835,
    1.2928571428571427,
    6.115921315046619,
    0.0,
    0.10526315789473684,
    0.0,
    0.22878048780487803,
    0.0,
    0.0,
    0.0,
    0.0,
    0.1869565217391304,
    0.0,
    0.0,
    0.125,
    0.08695652173913043,
    0.0,
    0.0,
    0.09090909090909091,
    0.16025641025641024,
    0.0,
    0.0,
    668.0426237398301,
    833.543139214253,
    1.2623655913978493,
    0.0,
    0.8222222222222223,
    1.1427692484618481,
    0.0,
    0.0,
    0.3396825396825397,
    0.0,
    0.08695652173913043,
    0.0,
    0.0,
    0.0,
    0.0,
    0.0,
    0.0,
    0.0,
    0.0,
    0.0,
    0.0,
    0.0,
    0.0,
    0.0,
    0.0,
    0.5860038986354775,
    0.3494805194805195,
    0.0,
    0.0,
    0.0,
    0.15740740740740738,
    0.0,
    0.0,
    0.7009775307996731,
    0.03508771929824561,
    0.0,
    0.0,
    0.0,
    0.0,
    0.0,
    0.08,
    0.3194805194805195,
    5.154093055564055,
    5035.019472721778,
    4962.427899403893,
    5587.265112120872,
    4767.797576386584,
    0.0,
    0.0,
    0.0,
    0.0,
    0.0,
    0.0,
    0.0,
    0.17028985507246375,
    6.693461148191445,
    0.0,
    0.0,
    0.0,
    0.7134739374101076,
    0.0,
    0.0,
    0.0,
    2.6361038247977984,
    0.32311342342731314,
    22.258144798108876,
    5.2837150120090595,
    6.727492754232269,
    11.757716353694457,
    7.308817982593726,
    0.0,
    0.0,
    0.0,
    0.0,
    687.2081641661665,
    695.0370348920804,
    0.0,
    0.6403940886699506,
    1.6475601528266413,
    1.6781539443672457,
    0.07282356835484938,
    0.8153381642512076,
    605.7756231775768,
    3.276190476190476,
    0.0,
    0.0,
    0.0,
    0.0,
    0.0,
    0.0,
    0.0,
    0.0,
    0.0,
    0.42692766171027036,
    0.16783216783216784,
    0.0,
    0.0,
    0.0,
    11.785125364733318,
    1.9414289470577504,
    0.0,
    0.7113323402846741,
    0.16498316498316498,
    0.19842105263157894,
    2.6299179962755574,
    0.0,
    2.232364664455394,
    0.03508771929824561,
    1002.5275093999091,
    1050.778563466428,
    0.0,
    0.03773584905660377,
    0.0,
    0.0,
    0.0,
    0.0,
    3.1758776089464944,
    0.0,
    5158.023048265751,
    4342.702225828019,
    0.0,
    0.0,
    1419.419342836361,
    669.3414686644492,
    0.0,
    0.21211382113821137,
    0.0,
    0.0,
    0.0,
    0.0,
    0.0,
    0.0,
    0.0,
    0.435441370223979,
    0.0,
    0.0,
    0.0,
    0.0,
    0.0,
    0.0,
    3.1753245424793834,
    16.83123497958296,
    0.0,
    3.630103493472235,
    0.0,
    0.0,
    9.82917953605639,
    14.739260147803021,
    166.1981996557118,
    10.021473554482416,
    49.6641723458756,
    82.77213005379471,
    16.668940499682186,
    0.0,
    0.0,
    0.0,
    0.0,
    570.9607291257872,
    2289.447564749875,
    2189.3856611207916,
    0.0,
    0.0,
    0.0,
    4.681696589704152,
    0.0,
    0.0,
    2.4888888888888894,
    0.09960384833050367,
    5.041171435605028,
    0.7973856209150327,
    6.73218520609825,
    0.0,
    0.03773584905660377,
    0.9488700438222581,
    0.07282356835484938,
    0.6774514190790792,
    6.341871921182268,
    0.4239130434782608,
    0.0,
    0.0,
    0.27777777777777773,
    0.03773584905660377,
    0.0,
    0.0,
    0.0,
    0.0,
    0.0,
    0.0,
    0.0,
    0.0,
    0.0,
    0.0,
    0.0,
    0.0,
    0.6666666666666666,
    0.0,
    0.0,
    0.0,
    0.0,
    0.0,
    0.0,
    0.0,
    0.0,
    0.0,
    0.0,
    0.0,
    0.0,
    0.0,
    0.0,
    0.0,
    0.0,
    0.0,
    0.0,
    0.0,
    0.0,
    2.636068782027861,
    0.0,
    0.0,
    0.368421052631579,
    0.0,
    0.08333333333333333,
    0.0,
    0.0,
    0.0,
    0.09523809523809523,
    0.11947626841243864,
    0.1801470588235294,
    0.16025641025641024,
    0.0,
    0.0,
    0.0,
    0.0,
    0.0,
    0.0,
    0.0,
    0.0,
    0.0,
    0.125,
    0.0,
    0.0,
    0.0,
    0.0,
    0.0,
    0.0,
    0.0,
    615.3524659403029,
    893.5973783325097,
    0.0,
    13.599753064980174,
    10.22459521145212,
    6.505772246484572,
    6.358957597528745,
    5.08130827407404,
    6.6839459255298355,
    6.965432592943275,
    1.7966849396304083,
    9.380627229742185,
    8.795533234283402,
    5.99622976455394,
    2.246590980852912,
    10.253724865998098
  ],